major_code,major_name,job_code,job_name,unit_code,unit_name,level,ksa_type,item
01,사업관리,010101,프로젝트관리(PM),010101_L1,프로젝트관리(PM) 기초 입문 및 업무 환경 지원,1,Knowledge(지식),프로젝트관리(PM) 개론
01,사업관리,010101,프로젝트관리(PM),010101_L1,프로젝트관리(PM) 기초 입문 및 업무 환경 지원,1,Knowledge(지식),표준 작업 지침서
01,사업관리,010101,프로젝트관리(PM),010101_L1,프로젝트관리(PM) 기초 입문 및 업무 환경 지원,1,Knowledge(지식),기초 법령/규정
01,사업관리,010101,프로젝트관리(PM),010101_L1,프로젝트관리(PM) 기초 입문 및 업무 환경 지원,1,Skill(기술/도구),기초 전산 툴 조작
01,사업관리,010101,프로젝트관리(PM),010101_L1,프로젝트관리(PM) 기초 입문 및 업무 환경 지원,1,Skill(기술/도구),문서 서식 작성
01,사업관리,010101,프로젝트관리(PM),010101_L1,프로젝트관리(PM) 기초 입문 및 업무 환경 지원,1,Skill(기술/도구),자료 검색 및 분류
01,사업관리,010101,프로젝트관리(PM),010101_L1,프로젝트관리(PM) 기초 입문 및 업무 환경 지원,1,Attitude(태도),규정 준수 의식
01,사업관리,010101,프로젝트관리(PM),010101_L1,프로젝트관리(PM) 기초 입문 및 업무 환경 지원,1,Attitude(태도),성실한 업무 지원 태도
01,사업관리,010101,프로젝트관리(PM),010101_L2,프로젝트관리(PM) 초급 실무 및 정형 과업 수행,2,Knowledge(지식),프로젝트관리(PM) 실무 프로세스
01,사업관리,010101,프로젝트관리(PM),010101_L2,프로젝트관리(PM) 초급 실무 및 정형 과업 수행,2,Knowledge(지식),단위 업무 품질 기준
01,사업관리,010101,프로젝트관리(PM),010101_L2,프로젝트관리(PM) 초급 실무 및 정형 과업 수행,2,Knowledge(지식),데이터 검증 기법
01,사업관리,010101,프로젝트관리(PM),010101_L2,프로젝트관리(PM) 초급 실무 및 정형 과업 수행,2,Skill(기술/도구),실무 도구/SW 조작
01,사업관리,010101,프로젝트관리(PM),010101_L2,프로젝트관리(PM) 초급 실무 및 정형 과업 수행,2,Skill(기술/도구),데이터 정제 및 가공
01,사업관리,010101,프로젝트관리(PM),010101_L2,프로젝트관리(PM) 초급 실무 및 정형 과업 수행,2,Skill(기술/도구),단위 결과물 산출
01,사업관리,010101,프로젝트관리(PM),010101_L2,프로젝트관리(PM) 초급 실무 및 정형 과업 수행,2,Attitude(태도),정확성과 꼼꼼함
01,사업관리,010101,프로젝트관리(PM),010101_L2,프로젝트관리(PM) 초급 실무 및 정형 과업 수행,2,Attitude(태도),기한 준수 책임감
01,사업관리,010101,프로젝트관리(PM),010101_L3,프로젝트관리(PM) 중급 독립 실무 및 문제해결 엔지니어링,3,Knowledge(지식),심화 모델링/설계 이론
01,사업관리,010101,프로젝트관리(PM),010101_L3,프로젝트관리(PM) 중급 독립 실무 및 문제해결 엔지니어링,3,Knowledge(지식),성능 지표(KPI) 분석법
01,사업관리,010101,프로젝트관리(PM),010101_L3,프로젝트관리(PM) 중급 독립 실무 및 문제해결 엔지니어링,3,Knowledge(지식),이슈 해결 방법론
01,사업관리,010101,프로젝트관리(PM),010101_L3,프로젝트관리(PM) 중급 독립 실무 및 문제해결 엔지니어링,3,Skill(기술/도구),고급 도구/코드/기기 활용
01,사업관리,010101,프로젝트관리(PM),010101_L3,프로젝트관리(PM) 중급 독립 실무 및 문제해결 엔지니어링,3,Skill(기술/도구),원인 분석 및 조치
01,사업관리,010101,프로젝트관리(PM),010101_L3,프로젝트관리(PM) 중급 독립 실무 및 문제해결 엔지니어링,3,Skill(기술/도구),성과 분석 리포팅
01,사업관리,010101,프로젝트관리(PM),010101_L3,프로젝트관리(PM) 중급 독립 실무 및 문제해결 엔지니어링,3,Attitude(태도),분석적 사고력
01,사업관리,010101,프로젝트관리(PM),010101_L3,프로젝트관리(PM) 중급 독립 실무 및 문제해결 엔지니어링,3,Attitude(태도),타 부서와의 원활한 협업 소통
01,사업관리,010101,프로젝트관리(PM),010101_L4,프로젝트관리(PM) 고급 전문화 및 프로젝트/팀 리딩,4,Knowledge(지식),신기술 융합 아키텍처
01,사업관리,010101,프로젝트관리(PM),010101_L4,프로젝트관리(PM) 고급 전문화 및 프로젝트/팀 리딩,4,Knowledge(지식),프로젝트 관리론(PMBOK/Agile)
01,사업관리,010101,프로젝트관리(PM),010101_L4,프로젝트관리(PM) 고급 전문화 및 프로젝트/팀 리딩,4,Knowledge(지식),품질보증(QA) 거버넌스
01,사업관리,010101,프로젝트관리(PM),010101_L4,프로젝트관리(PM) 고급 전문화 및 프로젝트/팀 리딩,4,Skill(기술/도구),전체 시스템 아키텍처 설계
01,사업관리,010101,프로젝트관리(PM),010101_L4,프로젝트관리(PM) 고급 전문화 및 프로젝트/팀 리딩,4,Skill(기술/도구),애자일 스프린트 리딩
01,사업관리,010101,프로젝트관리(PM),010101_L4,프로젝트관리(PM) 고급 전문화 및 프로젝트/팀 리딩,4,Skill(기술/도구),신기술 PoC 검증
01,사업관리,010101,프로젝트관리(PM),010101_L4,프로젝트관리(PM) 고급 전문화 및 프로젝트/팀 리딩,4,Attitude(태도),혁신 지향 리더십
01,사업관리,010101,프로젝트관리(PM),010101_L4,프로젝트관리(PM) 고급 전문화 및 프로젝트/팀 리딩,4,Attitude(태도),동료 성장 멘토링 마인드
01,사업관리,010101,프로젝트관리(PM),010101_L5,프로젝트관리(PM) 전략 기획 및 전사 거버넌스 총괄,5,Knowledge(지식),경영 전략 및 자본 예산 배분
01,사업관리,010101,프로젝트관리(PM),010101_L5,프로젝트관리(PM) 전략 기획 및 전사 거버넌스 총괄,5,Knowledge(지식),국내외 규제 컴플라이언스
01,사업관리,010101,프로젝트관리(PM),010101_L5,프로젝트관리(PM) 전략 기획 및 전사 거버넌스 총괄,5,Knowledge(지식),엔터프라이즈 거버넌스
01,사업관리,010101,프로젝트관리(PM),010101_L5,프로젝트관리(PM) 전략 기획 및 전사 거버넌스 총괄,5,Skill(기술/도구),전사 로드맵 수립
01,사업관리,010101,프로젝트관리(PM),010101_L5,프로젝트관리(PM) 전략 기획 및 전사 거버넌스 총괄,5,Skill(기술/도구),투자 대비 성과(ROI) 모델링
01,사업관리,010101,프로젝트관리(PM),010101_L5,프로젝트관리(PM) 전략 기획 및 전사 거버넌스 총괄,5,Skill(기술/도구),최고 의사결정 전략 제언
01,사업관리,010101,프로젝트관리(PM),010101_L5,프로젝트관리(PM) 전략 기획 및 전사 거버넌스 총괄,5,Attitude(태도),거시적 통찰력
01,사업관리,010101,프로젝트관리(PM),010101_L5,프로젝트관리(PM) 전략 기획 및 전사 거버넌스 총괄,5,Attitude(태도),전략적 윤리 리더십
01,사업관리,010102,해외프로젝트관리,010102_L1,해외프로젝트관리 기초 입문 및 업무 환경 지원,1,Knowledge(지식),해외프로젝트관리 개론
01,사업관리,010102,해외프로젝트관리,010102_L1,해외프로젝트관리 기초 입문 및 업무 환경 지원,1,Knowledge(지식),표준 작업 지침서
01,사업관리,010102,해외프로젝트관리,010102_L1,해외프로젝트관리 기초 입문 및 업무 환경 지원,1,Knowledge(지식),기초 법령/규정
01,사업관리,010102,해외프로젝트관리,010102_L1,해외프로젝트관리 기초 입문 및 업무 환경 지원,1,Skill(기술/도구),기초 전산 툴 조작
01,사업관리,010102,해외프로젝트관리,010102_L1,해외프로젝트관리 기초 입문 및 업무 환경 지원,1,Skill(기술/도구),문서 서식 작성
01,사업관리,010102,해외프로젝트관리,010102_L1,해외프로젝트관리 기초 입문 및 업무 환경 지원,1,Skill(기술/도구),자료 검색 및 분류
01,사업관리,010102,해외프로젝트관리,010102_L1,해외프로젝트관리 기초 입문 및 업무 환경 지원,1,Attitude(태도),규정 준수 의식
01,사업관리,010102,해외프로젝트관리,010102_L1,해외프로젝트관리 기초 입문 및 업무 환경 지원,1,Attitude(태도),성실한 업무 지원 태도
01,사업관리,010102,해외프로젝트관리,010102_L2,해외프로젝트관리 초급 실무 및 정형 과업 수행,2,Knowledge(지식),해외프로젝트관리 실무 프로세스
01,사업관리,010102,해외프로젝트관리,010102_L2,해외프로젝트관리 초급 실무 및 정형 과업 수행,2,Knowledge(지식),단위 업무 품질 기준
01,사업관리,010102,해외프로젝트관리,010102_L2,해외프로젝트관리 초급 실무 및 정형 과업 수행,2,Knowledge(지식),데이터 검증 기법
01,사업관리,010102,해외프로젝트관리,010102_L2,해외프로젝트관리 초급 실무 및 정형 과업 수행,2,Skill(기술/도구),실무 도구/SW 조작
01,사업관리,010102,해외프로젝트관리,010102_L2,해외프로젝트관리 초급 실무 및 정형 과업 수행,2,Skill(기술/도구),데이터 정제 및 가공
01,사업관리,010102,해외프로젝트관리,010102_L2,해외프로젝트관리 초급 실무 및 정형 과업 수행,2,Skill(기술/도구),단위 결과물 산출
01,사업관리,010102,해외프로젝트관리,010102_L2,해외프로젝트관리 초급 실무 및 정형 과업 수행,2,Attitude(태도),정확성과 꼼꼼함
01,사업관리,010102,해외프로젝트관리,010102_L2,해외프로젝트관리 초급 실무 및 정형 과업 수행,2,Attitude(태도),기한 준수 책임감
01,사업관리,010102,해외프로젝트관리,010102_L3,해외프로젝트관리 중급 독립 실무 및 문제해결 엔지니어링,3,Knowledge(지식),심화 모델링/설계 이론
01,사업관리,010102,해외프로젝트관리,010102_L3,해외프로젝트관리 중급 독립 실무 및 문제해결 엔지니어링,3,Knowledge(지식),성능 지표(KPI) 분석법
01,사업관리,010102,해외프로젝트관리,010102_L3,해외프로젝트관리 중급 독립 실무 및 문제해결 엔지니어링,3,Knowledge(지식),이슈 해결 방법론
01,사업관리,010102,해외프로젝트관리,010102_L3,해외프로젝트관리 중급 독립 실무 및 문제해결 엔지니어링,3,Skill(기술/도구),고급 도구/코드/기기 활용
01,사업관리,010102,해외프로젝트관리,010102_L3,해외프로젝트관리 중급 독립 실무 및 문제해결 엔지니어링,3,Skill(기술/도구),원인 분석 및 조치
01,사업관리,010102,해외프로젝트관리,010102_L3,해외프로젝트관리 중급 독립 실무 및 문제해결 엔지니어링,3,Skill(기술/도구),성과 분석 리포팅
01,사업관리,010102,해외프로젝트관리,010102_L3,해외프로젝트관리 중급 독립 실무 및 문제해결 엔지니어링,3,Attitude(태도),분석적 사고력
01,사업관리,010102,해외프로젝트관리,010102_L3,해외프로젝트관리 중급 독립 실무 및 문제해결 엔지니어링,3,Attitude(태도),타 부서와의 원활한 협업 소통
01,사업관리,010102,해외프로젝트관리,010102_L4,해외프로젝트관리 고급 전문화 및 프로젝트/팀 리딩,4,Knowledge(지식),신기술 융합 아키텍처
01,사업관리,010102,해외프로젝트관리,010102_L4,해외프로젝트관리 고급 전문화 및 프로젝트/팀 리딩,4,Knowledge(지식),프로젝트 관리론(PMBOK/Agile)
01,사업관리,010102,해외프로젝트관리,010102_L4,해외프로젝트관리 고급 전문화 및 프로젝트/팀 리딩,4,Knowledge(지식),품질보증(QA) 거버넌스
01,사업관리,010102,해외프로젝트관리,010102_L4,해외프로젝트관리 고급 전문화 및 프로젝트/팀 리딩,4,Skill(기술/도구),전체 시스템 아키텍처 설계
01,사업관리,010102,해외프로젝트관리,010102_L4,해외프로젝트관리 고급 전문화 및 프로젝트/팀 리딩,4,Skill(기술/도구),애자일 스프린트 리딩
01,사업관리,010102,해외프로젝트관리,010102_L4,해외프로젝트관리 고급 전문화 및 프로젝트/팀 리딩,4,Skill(기술/도구),신기술 PoC 검증
01,사업관리,010102,해외프로젝트관리,010102_L4,해외프로젝트관리 고급 전문화 및 프로젝트/팀 리딩,4,Attitude(태도),혁신 지향 리더십
01,사업관리,010102,해외프로젝트관리,010102_L4,해외프로젝트관리 고급 전문화 및 프로젝트/팀 리딩,4,Attitude(태도),동료 성장 멘토링 마인드
01,사업관리,010102,해외프로젝트관리,010102_L5,해외프로젝트관리 전략 기획 및 전사 거버넌스 총괄,5,Knowledge(지식),경영 전략 및 자본 예산 배분
01,사업관리,010102,해외프로젝트관리,010102_L5,해외프로젝트관리 전략 기획 및 전사 거버넌스 총괄,5,Knowledge(지식),국내외 규제 컴플라이언스
01,사업관리,010102,해외프로젝트관리,010102_L5,해외프로젝트관리 전략 기획 및 전사 거버넌스 총괄,5,Knowledge(지식),엔터프라이즈 거버넌스
01,사업관리,010102,해외프로젝트관리,010102_L5,해외프로젝트관리 전략 기획 및 전사 거버넌스 총괄,5,Skill(기술/도구),전사 로드맵 수립
01,사업관리,010102,해외프로젝트관리,010102_L5,해외프로젝트관리 전략 기획 및 전사 거버넌스 총괄,5,Skill(기술/도구),투자 대비 성과(ROI) 모델링
01,사업관리,010102,해외프로젝트관리,010102_L5,해외프로젝트관리 전략 기획 및 전사 거버넌스 총괄,5,Skill(기술/도구),최고 의사결정 전략 제언
01,사업관리,010102,해외프로젝트관리,010102_L5,해외프로젝트관리 전략 기획 및 전사 거버넌스 총괄,5,Attitude(태도),거시적 통찰력
01,사업관리,010102,해외프로젝트관리,010102_L5,해외프로젝트관리 전략 기획 및 전사 거버넌스 총괄,5,Attitude(태도),전략적 윤리 리더십
01,사업관리,010103,사업기획,010103_L1,사업기획 기초 입문 및 업무 환경 지원,1,Knowledge(지식),사업기획 개론
01,사업관리,010103,사업기획,010103_L1,사업기획 기초 입문 및 업무 환경 지원,1,Knowledge(지식),표준 작업 지침서
01,사업관리,010103,사업기획,010103_L1,사업기획 기초 입문 및 업무 환경 지원,1,Knowledge(지식),기초 법령/규정
01,사업관리,010103,사업기획,010103_L1,사업기획 기초 입문 및 업무 환경 지원,1,Skill(기술/도구),기초 전산 툴 조작
01,사업관리,010103,사업기획,010103_L1,사업기획 기초 입문 및 업무 환경 지원,1,Skill(기술/도구),문서 서식 작성
01,사업관리,010103,사업기획,010103_L1,사업기획 기초 입문 및 업무 환경 지원,1,Skill(기술/도구),자료 검색 및 분류
01,사업관리,010103,사업기획,010103_L1,사업기획 기초 입문 및 업무 환경 지원,1,Attitude(태도),규정 준수 의식
01,사업관리,010103,사업기획,010103_L1,사업기획 기초 입문 및 업무 환경 지원,1,Attitude(태도),성실한 업무 지원 태도
01,사업관리,010103,사업기획,010103_L2,사업기획 초급 실무 및 정형 과업 수행,2,Knowledge(지식),사업기획 실무 프로세스
01,사업관리,010103,사업기획,010103_L2,사업기획 초급 실무 및 정형 과업 수행,2,Knowledge(지식),단위 업무 품질 기준
01,사업관리,010103,사업기획,010103_L2,사업기획 초급 실무 및 정형 과업 수행,2,Knowledge(지식),데이터 검증 기법
01,사업관리,010103,사업기획,010103_L2,사업기획 초급 실무 및 정형 과업 수행,2,Skill(기술/도구),실무 도구/SW 조작
01,사업관리,010103,사업기획,010103_L2,사업기획 초급 실무 및 정형 과업 수행,2,Skill(기술/도구),데이터 정제 및 가공
01,사업관리,010103,사업기획,010103_L2,사업기획 초급 실무 및 정형 과업 수행,2,Skill(기술/도구),단위 결과물 산출
01,사업관리,010103,사업기획,010103_L2,사업기획 초급 실무 및 정형 과업 수행,2,Attitude(태도),정확성과 꼼꼼함
01,사업관리,010103,사업기획,010103_L2,사업기획 초급 실무 및 정형 과업 수행,2,Attitude(태도),기한 준수 책임감
01,사업관리,010103,사업기획,010103_L3,사업기획 중급 독립 실무 및 문제해결 엔지니어링,3,Knowledge(지식),심화 모델링/설계 이론
01,사업관리,010103,사업기획,010103_L3,사업기획 중급 독립 실무 및 문제해결 엔지니어링,3,Knowledge(지식),성능 지표(KPI) 분석법
01,사업관리,010103,사업기획,010103_L3,사업기획 중급 독립 실무 및 문제해결 엔지니어링,3,Knowledge(지식),이슈 해결 방법론
01,사업관리,010103,사업기획,010103_L3,사업기획 중급 독립 실무 및 문제해결 엔지니어링,3,Skill(기술/도구),고급 도구/코드/기기 활용
01,사업관리,010103,사업기획,010103_L3,사업기획 중급 독립 실무 및 문제해결 엔지니어링,3,Skill(기술/도구),원인 분석 및 조치
01,사업관리,010103,사업기획,010103_L3,사업기획 중급 독립 실무 및 문제해결 엔지니어링,3,Skill(기술/도구),성과 분석 리포팅
01,사업관리,010103,사업기획,010103_L3,사업기획 중급 독립 실무 및 문제해결 엔지니어링,3,Attitude(태도),분석적 사고력
01,사업관리,010103,사업기획,010103_L3,사업기획 중급 독립 실무 및 문제해결 엔지니어링,3,Attitude(태도),타 부서와의 원활한 협업 소통
01,사업관리,010103,사업기획,010103_L4,사업기획 고급 전문화 및 프로젝트/팀 리딩,4,Knowledge(지식),신기술 융합 아키텍처
01,사업관리,010103,사업기획,010103_L4,사업기획 고급 전문화 및 프로젝트/팀 리딩,4,Knowledge(지식),프로젝트 관리론(PMBOK/Agile)
01,사업관리,010103,사업기획,010103_L4,사업기획 고급 전문화 및 프로젝트/팀 리딩,4,Knowledge(지식),품질보증(QA) 거버넌스
01,사업관리,010103,사업기획,010103_L4,사업기획 고급 전문화 및 프로젝트/팀 리딩,4,Skill(기술/도구),전체 시스템 아키텍처 설계
01,사업관리,010103,사업기획,010103_L4,사업기획 고급 전문화 및 프로젝트/팀 리딩,4,Skill(기술/도구),애자일 스프린트 리딩
01,사업관리,010103,사업기획,010103_L4,사업기획 고급 전문화 및 프로젝트/팀 리딩,4,Skill(기술/도구),신기술 PoC 검증
01,사업관리,010103,사업기획,010103_L4,사업기획 고급 전문화 및 프로젝트/팀 리딩,4,Attitude(태도),혁신 지향 리더십
01,사업관리,010103,사업기획,010103_L4,사업기획 고급 전문화 및 프로젝트/팀 리딩,4,Attitude(태도),동료 성장 멘토링 마인드
01,사업관리,010103,사업기획,010103_L5,사업기획 전략 기획 및 전사 거버넌스 총괄,5,Knowledge(지식),경영 전략 및 자본 예산 배분
01,사업관리,010103,사업기획,010103_L5,사업기획 전략 기획 및 전사 거버넌스 총괄,5,Knowledge(지식),국내외 규제 컴플라이언스
01,사업관리,010103,사업기획,010103_L5,사업기획 전략 기획 및 전사 거버넌스 총괄,5,Knowledge(지식),엔터프라이즈 거버넌스
01,사업관리,010103,사업기획,010103_L5,사업기획 전략 기획 및 전사 거버넌스 총괄,5,Skill(기술/도구),전사 로드맵 수립
01,사업관리,010103,사업기획,010103_L5,사업기획 전략 기획 및 전사 거버넌스 총괄,5,Skill(기술/도구),투자 대비 성과(ROI) 모델링
01,사업관리,010103,사업기획,010103_L5,사업기획 전략 기획 및 전사 거버넌스 총괄,5,Skill(기술/도구),최고 의사결정 전략 제언
01,사업관리,010103,사업기획,010103_L5,사업기획 전략 기획 및 전사 거버넌스 총괄,5,Attitude(태도),거시적 통찰력
01,사업관리,010103,사업기획,010103_L5,사업기획 전략 기획 및 전사 거버넌스 총괄,5,Attitude(태도),전략적 윤리 리더십
01,사업관리,010104,경영평가,010104_L1,경영평가 기초 입문 및 업무 환경 지원,1,Knowledge(지식),경영평가 개론
01,사업관리,010104,경영평가,010104_L1,경영평가 기초 입문 및 업무 환경 지원,1,Knowledge(지식),표준 작업 지침서
01,사업관리,010104,경영평가,010104_L1,경영평가 기초 입문 및 업무 환경 지원,1,Knowledge(지식),기초 법령/규정
01,사업관리,010104,경영평가,010104_L1,경영평가 기초 입문 및 업무 환경 지원,1,Skill(기술/도구),기초 전산 툴 조작
01,사업관리,010104,경영평가,010104_L1,경영평가 기초 입문 및 업무 환경 지원,1,Skill(기술/도구),문서 서식 작성
01,사업관리,010104,경영평가,010104_L1,경영평가 기초 입문 및 업무 환경 지원,1,Skill(기술/도구),자료 검색 및 분류
01,사업관리,010104,경영평가,010104_L1,경영평가 기초 입문 및 업무 환경 지원,1,Attitude(태도),규정 준수 의식
01,사업관리,010104,경영평가,010104_L1,경영평가 기초 입문 및 업무 환경 지원,1,Attitude(태도),성실한 업무 지원 태도
01,사업관리,010104,경영평가,010104_L2,경영평가 초급 실무 및 정형 과업 수행,2,Knowledge(지식),경영평가 실무 프로세스
01,사업관리,010104,경영평가,010104_L2,경영평가 초급 실무 및 정형 과업 수행,2,Knowledge(지식),단위 업무 품질 기준
01,사업관리,010104,경영평가,010104_L2,경영평가 초급 실무 및 정형 과업 수행,2,Knowledge(지식),데이터 검증 기법
01,사업관리,010104,경영평가,010104_L2,경영평가 초급 실무 및 정형 과업 수행,2,Skill(기술/도구),실무 도구/SW 조작
01,사업관리,010104,경영평가,010104_L2,경영평가 초급 실무 및 정형 과업 수행,2,Skill(기술/도구),데이터 정제 및 가공
01,사업관리,010104,경영평가,010104_L2,경영평가 초급 실무 및 정형 과업 수행,2,Skill(기술/도구),단위 결과물 산출
01,사업관리,010104,경영평가,010104_L2,경영평가 초급 실무 및 정형 과업 수행,2,Attitude(태도),정확성과 꼼꼼함
01,사업관리,010104,경영평가,010104_L2,경영평가 초급 실무 및 정형 과업 수행,2,Attitude(태도),기한 준수 책임감
01,사업관리,010104,경영평가,010104_L3,경영평가 중급 독립 실무 및 문제해결 엔지니어링,3,Knowledge(지식),심화 모델링/설계 이론
01,사업관리,010104,경영평가,010104_L3,경영평가 중급 독립 실무 및 문제해결 엔지니어링,3,Knowledge(지식),성능 지표(KPI) 분석법
01,사업관리,010104,경영평가,010104_L3,경영평가 중급 독립 실무 및 문제해결 엔지니어링,3,Knowledge(지식),이슈 해결 방법론
01,사업관리,010104,경영평가,010104_L3,경영평가 중급 독립 실무 및 문제해결 엔지니어링,3,Skill(기술/도구),고급 도구/코드/기기 활용
01,사업관리,010104,경영평가,010104_L3,경영평가 중급 독립 실무 및 문제해결 엔지니어링,3,Skill(기술/도구),원인 분석 및 조치
01,사업관리,010104,경영평가,010104_L3,경영평가 중급 독립 실무 및 문제해결 엔지니어링,3,Skill(기술/도구),성과 분석 리포팅
01,사업관리,010104,경영평가,010104_L3,경영평가 중급 독립 실무 및 문제해결 엔지니어링,3,Attitude(태도),분석적 사고력
01,사업관리,010104,경영평가,010104_L3,경영평가 중급 독립 실무 및 문제해결 엔지니어링,3,Attitude(태도),타 부서와의 원활한 협업 소통
01,사업관리,010104,경영평가,010104_L4,경영평가 고급 전문화 및 프로젝트/팀 리딩,4,Knowledge(지식),신기술 융합 아키텍처
01,사업관리,010104,경영평가,010104_L4,경영평가 고급 전문화 및 프로젝트/팀 리딩,4,Knowledge(지식),프로젝트 관리론(PMBOK/Agile)
01,사업관리,010104,경영평가,010104_L4,경영평가 고급 전문화 및 프로젝트/팀 리딩,4,Knowledge(지식),품질보증(QA) 거버넌스
01,사업관리,010104,경영평가,010104_L4,경영평가 고급 전문화 및 프로젝트/팀 리딩,4,Skill(기술/도구),전체 시스템 아키텍처 설계
01,사업관리,010104,경영평가,010104_L4,경영평가 고급 전문화 및 프로젝트/팀 리딩,4,Skill(기술/도구),애자일 스프린트 리딩
01,사업관리,010104,경영평가,010104_L4,경영평가 고급 전문화 및 프로젝트/팀 리딩,4,Skill(기술/도구),신기술 PoC 검증
01,사업관리,010104,경영평가,010104_L4,경영평가 고급 전문화 및 프로젝트/팀 리딩,4,Attitude(태도),혁신 지향 리더십
01,사업관리,010104,경영평가,010104_L4,경영평가 고급 전문화 및 프로젝트/팀 리딩,4,Attitude(태도),동료 성장 멘토링 마인드
01,사업관리,010104,경영평가,010104_L5,경영평가 전략 기획 및 전사 거버넌스 총괄,5,Knowledge(지식),경영 전략 및 자본 예산 배분
01,사업관리,010104,경영평가,010104_L5,경영평가 전략 기획 및 전사 거버넌스 총괄,5,Knowledge(지식),국내외 규제 컴플라이언스
01,사업관리,010104,경영평가,010104_L5,경영평가 전략 기획 및 전사 거버넌스 총괄,5,Knowledge(지식),엔터프라이즈 거버넌스
01,사업관리,010104,경영평가,010104_L5,경영평가 전략 기획 및 전사 거버넌스 총괄,5,Skill(기술/도구),전사 로드맵 수립
01,사업관리,010104,경영평가,010104_L5,경영평가 전략 기획 및 전사 거버넌스 총괄,5,Skill(기술/도구),투자 대비 성과(ROI) 모델링
01,사업관리,010104,경영평가,010104_L5,경영평가 전략 기획 및 전사 거버넌스 총괄,5,Skill(기술/도구),최고 의사결정 전략 제언
01,사업관리,010104,경영평가,010104_L5,경영평가 전략 기획 및 전사 거버넌스 총괄,5,Attitude(태도),거시적 통찰력
01,사업관리,010104,경영평가,010104_L5,경영평가 전략 기획 및 전사 거버넌스 총괄,5,Attitude(태도),전략적 윤리 리더십
01,사업관리,010105,성과관리,010105_L1,성과관리 기초 입문 및 업무 환경 지원,1,Knowledge(지식),성과관리 개론
01,사업관리,010105,성과관리,010105_L1,성과관리 기초 입문 및 업무 환경 지원,1,Knowledge(지식),표준 작업 지침서
01,사업관리,010105,성과관리,010105_L1,성과관리 기초 입문 및 업무 환경 지원,1,Knowledge(지식),기초 법령/규정
01,사업관리,010105,성과관리,010105_L1,성과관리 기초 입문 및 업무 환경 지원,1,Skill(기술/도구),기초 전산 툴 조작
01,사업관리,010105,성과관리,010105_L1,성과관리 기초 입문 및 업무 환경 지원,1,Skill(기술/도구),문서 서식 작성
01,사업관리,010105,성과관리,010105_L1,성과관리 기초 입문 및 업무 환경 지원,1,Skill(기술/도구),자료 검색 및 분류
01,사업관리,010105,성과관리,010105_L1,성과관리 기초 입문 및 업무 환경 지원,1,Attitude(태도),규정 준수 의식
01,사업관리,010105,성과관리,010105_L1,성과관리 기초 입문 및 업무 환경 지원,1,Attitude(태도),성실한 업무 지원 태도
01,사업관리,010105,성과관리,010105_L2,성과관리 초급 실무 및 정형 과업 수행,2,Knowledge(지식),성과관리 실무 프로세스
01,사업관리,010105,성과관리,010105_L2,성과관리 초급 실무 및 정형 과업 수행,2,Knowledge(지식),단위 업무 품질 기준
01,사업관리,010105,성과관리,010105_L2,성과관리 초급 실무 및 정형 과업 수행,2,Knowledge(지식),데이터 검증 기법
01,사업관리,010105,성과관리,010105_L2,성과관리 초급 실무 및 정형 과업 수행,2,Skill(기술/도구),실무 도구/SW 조작
01,사업관리,010105,성과관리,010105_L2,성과관리 초급 실무 및 정형 과업 수행,2,Skill(기술/도구),데이터 정제 및 가공
01,사업관리,010105,성과관리,010105_L2,성과관리 초급 실무 및 정형 과업 수행,2,Skill(기술/도구),단위 결과물 산출
01,사업관리,010105,성과관리,010105_L2,성과관리 초급 실무 및 정형 과업 수행,2,Attitude(태도),정확성과 꼼꼼함
01,사업관리,010105,성과관리,010105_L2,성과관리 초급 실무 및 정형 과업 수행,2,Attitude(태도),기한 준수 책임감
01,사업관리,010105,성과관리,010105_L3,성과관리 중급 독립 실무 및 문제해결 엔지니어링,3,Knowledge(지식),심화 모델링/설계 이론
01,사업관리,010105,성과관리,010105_L3,성과관리 중급 독립 실무 및 문제해결 엔지니어링,3,Knowledge(지식),성능 지표(KPI) 분석법
01,사업관리,010105,성과관리,010105_L3,성과관리 중급 독립 실무 및 문제해결 엔지니어링,3,Knowledge(지식),이슈 해결 방법론
01,사업관리,010105,성과관리,010105_L3,성과관리 중급 독립 실무 및 문제해결 엔지니어링,3,Skill(기술/도구),고급 도구/코드/기기 활용
01,사업관리,010105,성과관리,010105_L3,성과관리 중급 독립 실무 및 문제해결 엔지니어링,3,Skill(기술/도구),원인 분석 및 조치
01,사업관리,010105,성과관리,010105_L3,성과관리 중급 독립 실무 및 문제해결 엔지니어링,3,Skill(기술/도구),성과 분석 리포팅
01,사업관리,010105,성과관리,010105_L3,성과관리 중급 독립 실무 및 문제해결 엔지니어링,3,Attitude(태도),분석적 사고력
01,사업관리,010105,성과관리,010105_L3,성과관리 중급 독립 실무 및 문제해결 엔지니어링,3,Attitude(태도),타 부서와의 원활한 협업 소통
01,사업관리,010105,성과관리,010105_L4,성과관리 고급 전문화 및 프로젝트/팀 리딩,4,Knowledge(지식),신기술 융합 아키텍처
01,사업관리,010105,성과관리,010105_L4,성과관리 고급 전문화 및 프로젝트/팀 리딩,4,Knowledge(지식),프로젝트 관리론(PMBOK/Agile)
01,사업관리,010105,성과관리,010105_L4,성과관리 고급 전문화 및 프로젝트/팀 리딩,4,Knowledge(지식),품질보증(QA) 거버넌스
01,사업관리,010105,성과관리,010105_L4,성과관리 고급 전문화 및 프로젝트/팀 리딩,4,Skill(기술/도구),전체 시스템 아키텍처 설계
01,사업관리,010105,성과관리,010105_L4,성과관리 고급 전문화 및 프로젝트/팀 리딩,4,Skill(기술/도구),애자일 스프린트 리딩
01,사업관리,010105,성과관리,010105_L4,성과관리 고급 전문화 및 프로젝트/팀 리딩,4,Skill(기술/도구),신기술 PoC 검증
01,사업관리,010105,성과관리,010105_L4,성과관리 고급 전문화 및 프로젝트/팀 리딩,4,Attitude(태도),혁신 지향 리더십
01,사업관리,010105,성과관리,010105_L4,성과관리 고급 전문화 및 프로젝트/팀 리딩,4,Attitude(태도),동료 성장 멘토링 마인드
01,사업관리,010105,성과관리,010105_L5,성과관리 전략 기획 및 전사 거버넌스 총괄,5,Knowledge(지식),경영 전략 및 자본 예산 배분
01,사업관리,010105,성과관리,010105_L5,성과관리 전략 기획 및 전사 거버넌스 총괄,5,Knowledge(지식),국내외 규제 컴플라이언스
01,사업관리,010105,성과관리,010105_L5,성과관리 전략 기획 및 전사 거버넌스 총괄,5,Knowledge(지식),엔터프라이즈 거버넌스
01,사업관리,010105,성과관리,010105_L5,성과관리 전략 기획 및 전사 거버넌스 총괄,5,Skill(기술/도구),전사 로드맵 수립
01,사업관리,010105,성과관리,010105_L5,성과관리 전략 기획 및 전사 거버넌스 총괄,5,Skill(기술/도구),투자 대비 성과(ROI) 모델링
01,사업관리,010105,성과관리,010105_L5,성과관리 전략 기획 및 전사 거버넌스 총괄,5,Skill(기술/도구),최고 의사결정 전략 제언
01,사업관리,010105,성과관리,010105_L5,성과관리 전략 기획 및 전사 거버넌스 총괄,5,Attitude(태도),거시적 통찰력
01,사업관리,010105,성과관리,010105_L5,성과관리 전략 기획 및 전사 거버넌스 총괄,5,Attitude(태도),전략적 윤리 리더십
01,사업관리,010106,리스크관리,010106_L1,리스크관리 기초 입문 및 업무 환경 지원,1,Knowledge(지식),리스크관리 개론
01,사업관리,010106,리스크관리,010106_L1,리스크관리 기초 입문 및 업무 환경 지원,1,Knowledge(지식),표준 작업 지침서
01,사업관리,010106,리스크관리,010106_L1,리스크관리 기초 입문 및 업무 환경 지원,1,Knowledge(지식),기초 법령/규정
01,사업관리,010106,리스크관리,010106_L1,리스크관리 기초 입문 및 업무 환경 지원,1,Skill(기술/도구),기초 전산 툴 조작
01,사업관리,010106,리스크관리,010106_L1,리스크관리 기초 입문 및 업무 환경 지원,1,Skill(기술/도구),문서 서식 작성
01,사업관리,010106,리스크관리,010106_L1,리스크관리 기초 입문 및 업무 환경 지원,1,Skill(기술/도구),자료 검색 및 분류
01,사업관리,010106,리스크관리,010106_L1,리스크관리 기초 입문 및 업무 환경 지원,1,Attitude(태도),규정 준수 의식
01,사업관리,010106,리스크관리,010106_L1,리스크관리 기초 입문 및 업무 환경 지원,1,Attitude(태도),성실한 업무 지원 태도
01,사업관리,010106,리스크관리,010106_L2,리스크관리 초급 실무 및 정형 과업 수행,2,Knowledge(지식),리스크관리 실무 프로세스
01,사업관리,010106,리스크관리,010106_L2,리스크관리 초급 실무 및 정형 과업 수행,2,Knowledge(지식),단위 업무 품질 기준
01,사업관리,010106,리스크관리,010106_L2,리스크관리 초급 실무 및 정형 과업 수행,2,Knowledge(지식),데이터 검증 기법
01,사업관리,010106,리스크관리,010106_L2,리스크관리 초급 실무 및 정형 과업 수행,2,Skill(기술/도구),실무 도구/SW 조작
01,사업관리,010106,리스크관리,010106_L2,리스크관리 초급 실무 및 정형 과업 수행,2,Skill(기술/도구),데이터 정제 및 가공
01,사업관리,010106,리스크관리,010106_L2,리스크관리 초급 실무 및 정형 과업 수행,2,Skill(기술/도구),단위 결과물 산출
01,사업관리,010106,리스크관리,010106_L2,리스크관리 초급 실무 및 정형 과업 수행,2,Attitude(태도),정확성과 꼼꼼함
01,사업관리,010106,리스크관리,010106_L2,리스크관리 초급 실무 및 정형 과업 수행,2,Attitude(태도),기한 준수 책임감
01,사업관리,010106,리스크관리,010106_L3,리스크관리 중급 독립 실무 및 문제해결 엔지니어링,3,Knowledge(지식),심화 모델링/설계 이론
01,사업관리,010106,리스크관리,010106_L3,리스크관리 중급 독립 실무 및 문제해결 엔지니어링,3,Knowledge(지식),성능 지표(KPI) 분석법
01,사업관리,010106,리스크관리,010106_L3,리스크관리 중급 독립 실무 및 문제해결 엔지니어링,3,Knowledge(지식),이슈 해결 방법론
01,사업관리,010106,리스크관리,010106_L3,리스크관리 중급 독립 실무 및 문제해결 엔지니어링,3,Skill(기술/도구),고급 도구/코드/기기 활용
01,사업관리,010106,리스크관리,010106_L3,리스크관리 중급 독립 실무 및 문제해결 엔지니어링,3,Skill(기술/도구),원인 분석 및 조치
01,사업관리,010106,리스크관리,010106_L3,리스크관리 중급 독립 실무 및 문제해결 엔지니어링,3,Skill(기술/도구),성과 분석 리포팅
01,사업관리,010106,리스크관리,010106_L3,리스크관리 중급 독립 실무 및 문제해결 엔지니어링,3,Attitude(태도),분석적 사고력
01,사업관리,010106,리스크관리,010106_L3,리스크관리 중급 독립 실무 및 문제해결 엔지니어링,3,Attitude(태도),타 부서와의 원활한 협업 소통
01,사업관리,010106,리스크관리,010106_L4,리스크관리 고급 전문화 및 프로젝트/팀 리딩,4,Knowledge(지식),신기술 융합 아키텍처
01,사업관리,010106,리스크관리,010106_L4,리스크관리 고급 전문화 및 프로젝트/팀 리딩,4,Knowledge(지식),프로젝트 관리론(PMBOK/Agile)
01,사업관리,010106,리스크관리,010106_L4,리스크관리 고급 전문화 및 프로젝트/팀 리딩,4,Knowledge(지식),품질보증(QA) 거버넌스
01,사업관리,010106,리스크관리,010106_L4,리스크관리 고급 전문화 및 프로젝트/팀 리딩,4,Skill(기술/도구),전체 시스템 아키텍처 설계
01,사업관리,010106,리스크관리,010106_L4,리스크관리 고급 전문화 및 프로젝트/팀 리딩,4,Skill(기술/도구),애자일 스프린트 리딩
01,사업관리,010106,리스크관리,010106_L4,리스크관리 고급 전문화 및 프로젝트/팀 리딩,4,Skill(기술/도구),신기술 PoC 검증
01,사업관리,010106,리스크관리,010106_L4,리스크관리 고급 전문화 및 프로젝트/팀 리딩,4,Attitude(태도),혁신 지향 리더십
01,사업관리,010106,리스크관리,010106_L4,리스크관리 고급 전문화 및 프로젝트/팀 리딩,4,Attitude(태도),동료 성장 멘토링 마인드
01,사업관리,010106,리스크관리,010106_L5,리스크관리 전략 기획 및 전사 거버넌스 총괄,5,Knowledge(지식),경영 전략 및 자본 예산 배분
01,사업관리,010106,리스크관리,010106_L5,리스크관리 전략 기획 및 전사 거버넌스 총괄,5,Knowledge(지식),국내외 규제 컴플라이언스
01,사업관리,010106,리스크관리,010106_L5,리스크관리 전략 기획 및 전사 거버넌스 총괄,5,Knowledge(지식),엔터프라이즈 거버넌스
01,사업관리,010106,리스크관리,010106_L5,리스크관리 전략 기획 및 전사 거버넌스 총괄,5,Skill(기술/도구),전사 로드맵 수립
01,사업관리,010106,리스크관리,010106_L5,리스크관리 전략 기획 및 전사 거버넌스 총괄,5,Skill(기술/도구),투자 대비 성과(ROI) 모델링
01,사업관리,010106,리스크관리,010106_L5,리스크관리 전략 기획 및 전사 거버넌스 총괄,5,Skill(기술/도구),최고 의사결정 전략 제언
01,사업관리,010106,리스크관리,010106_L5,리스크관리 전략 기획 및 전사 거버넌스 총괄,5,Attitude(태도),거시적 통찰력
01,사업관리,010106,리스크관리,010106_L5,리스크관리 전략 기획 및 전사 거버넌스 총괄,5,Attitude(태도),전략적 윤리 리더십
01,사업관리,010107,PMO운영,010107_L1,PMO운영 기초 입문 및 업무 환경 지원,1,Knowledge(지식),PMO운영 개론
01,사업관리,010107,PMO운영,010107_L1,PMO운영 기초 입문 및 업무 환경 지원,1,Knowledge(지식),표준 작업 지침서
01,사업관리,010107,PMO운영,010107_L1,PMO운영 기초 입문 및 업무 환경 지원,1,Knowledge(지식),기초 법령/규정
01,사업관리,010107,PMO운영,010107_L1,PMO운영 기초 입문 및 업무 환경 지원,1,Skill(기술/도구),기초 전산 툴 조작
01,사업관리,010107,PMO운영,010107_L1,PMO운영 기초 입문 및 업무 환경 지원,1,Skill(기술/도구),문서 서식 작성
01,사업관리,010107,PMO운영,010107_L1,PMO운영 기초 입문 및 업무 환경 지원,1,Skill(기술/도구),자료 검색 및 분류
01,사업관리,010107,PMO운영,010107_L1,PMO운영 기초 입문 및 업무 환경 지원,1,Attitude(태도),규정 준수 의식
01,사업관리,010107,PMO운영,010107_L1,PMO운영 기초 입문 및 업무 환경 지원,1,Attitude(태도),성실한 업무 지원 태도
01,사업관리,010107,PMO운영,010107_L2,PMO운영 초급 실무 및 정형 과업 수행,2,Knowledge(지식),PMO운영 실무 프로세스
01,사업관리,010107,PMO운영,010107_L2,PMO운영 초급 실무 및 정형 과업 수행,2,Knowledge(지식),단위 업무 품질 기준
01,사업관리,010107,PMO운영,010107_L2,PMO운영 초급 실무 및 정형 과업 수행,2,Knowledge(지식),데이터 검증 기법
01,사업관리,010107,PMO운영,010107_L2,PMO운영 초급 실무 및 정형 과업 수행,2,Skill(기술/도구),실무 도구/SW 조작
01,사업관리,010107,PMO운영,010107_L2,PMO운영 초급 실무 및 정형 과업 수행,2,Skill(기술/도구),데이터 정제 및 가공
01,사업관리,010107,PMO운영,010107_L2,PMO운영 초급 실무 및 정형 과업 수행,2,Skill(기술/도구),단위 결과물 산출
01,사업관리,010107,PMO운영,010107_L2,PMO운영 초급 실무 및 정형 과업 수행,2,Attitude(태도),정확성과 꼼꼼함
01,사업관리,010107,PMO운영,010107_L2,PMO운영 초급 실무 및 정형 과업 수행,2,Attitude(태도),기한 준수 책임감
01,사업관리,010107,PMO운영,010107_L3,PMO운영 중급 독립 실무 및 문제해결 엔지니어링,3,Knowledge(지식),심화 모델링/설계 이론
01,사업관리,010107,PMO운영,010107_L3,PMO운영 중급 독립 실무 및 문제해결 엔지니어링,3,Knowledge(지식),성능 지표(KPI) 분석법
01,사업관리,010107,PMO운영,010107_L3,PMO운영 중급 독립 실무 및 문제해결 엔지니어링,3,Knowledge(지식),이슈 해결 방법론
01,사업관리,010107,PMO운영,010107_L3,PMO운영 중급 독립 실무 및 문제해결 엔지니어링,3,Skill(기술/도구),고급 도구/코드/기기 활용
01,사업관리,010107,PMO운영,010107_L3,PMO운영 중급 독립 실무 및 문제해결 엔지니어링,3,Skill(기술/도구),원인 분석 및 조치
01,사업관리,010107,PMO운영,010107_L3,PMO운영 중급 독립 실무 및 문제해결 엔지니어링,3,Skill(기술/도구),성과 분석 리포팅
01,사업관리,010107,PMO운영,010107_L3,PMO운영 중급 독립 실무 및 문제해결 엔지니어링,3,Attitude(태도),분석적 사고력
01,사업관리,010107,PMO운영,010107_L3,PMO운영 중급 독립 실무 및 문제해결 엔지니어링,3,Attitude(태도),타 부서와의 원활한 협업 소통
01,사업관리,010107,PMO운영,010107_L4,PMO운영 고급 전문화 및 프로젝트/팀 리딩,4,Knowledge(지식),신기술 융합 아키텍처
01,사업관리,010107,PMO운영,010107_L4,PMO운영 고급 전문화 및 프로젝트/팀 리딩,4,Knowledge(지식),프로젝트 관리론(PMBOK/Agile)
01,사업관리,010107,PMO운영,010107_L4,PMO운영 고급 전문화 및 프로젝트/팀 리딩,4,Knowledge(지식),품질보증(QA) 거버넌스
01,사업관리,010107,PMO운영,010107_L4,PMO운영 고급 전문화 및 프로젝트/팀 리딩,4,Skill(기술/도구),전체 시스템 아키텍처 설계
01,사업관리,010107,PMO운영,010107_L4,PMO운영 고급 전문화 및 프로젝트/팀 리딩,4,Skill(기술/도구),애자일 스프린트 리딩
01,사업관리,010107,PMO운영,010107_L4,PMO운영 고급 전문화 및 프로젝트/팀 리딩,4,Skill(기술/도구),신기술 PoC 검증
01,사업관리,010107,PMO운영,010107_L4,PMO운영 고급 전문화 및 프로젝트/팀 리딩,4,Attitude(태도),혁신 지향 리더십
01,사업관리,010107,PMO운영,010107_L4,PMO운영 고급 전문화 및 프로젝트/팀 리딩,4,Attitude(태도),동료 성장 멘토링 마인드
01,사업관리,010107,PMO운영,010107_L5,PMO운영 전략 기획 및 전사 거버넌스 총괄,5,Knowledge(지식),경영 전략 및 자본 예산 배분
01,사업관리,010107,PMO운영,010107_L5,PMO운영 전략 기획 및 전사 거버넌스 총괄,5,Knowledge(지식),국내외 규제 컴플라이언스
01,사업관리,010107,PMO운영,010107_L5,PMO운영 전략 기획 및 전사 거버넌스 총괄,5,Knowledge(지식),엔터프라이즈 거버넌스
01,사업관리,010107,PMO운영,010107_L5,PMO운영 전략 기획 및 전사 거버넌스 총괄,5,Skill(기술/도구),전사 로드맵 수립
01,사업관리,010107,PMO운영,010107_L5,PMO운영 전략 기획 및 전사 거버넌스 총괄,5,Skill(기술/도구),투자 대비 성과(ROI) 모델링
01,사업관리,010107,PMO운영,010107_L5,PMO운영 전략 기획 및 전사 거버넌스 총괄,5,Skill(기술/도구),최고 의사결정 전략 제언
01,사업관리,010107,PMO운영,010107_L5,PMO운영 전략 기획 및 전사 거버넌스 총괄,5,Attitude(태도),거시적 통찰력
01,사업관리,010107,PMO운영,010107_L5,PMO운영 전략 기획 및 전사 거버넌스 총괄,5,Attitude(태도),전략적 윤리 리더십
01,사업관리,010108,입찰계약관리,010108_L1,입찰계약관리 기초 입문 및 업무 환경 지원,1,Knowledge(지식),입찰계약관리 개론
01,사업관리,010108,입찰계약관리,010108_L1,입찰계약관리 기초 입문 및 업무 환경 지원,1,Knowledge(지식),표준 작업 지침서
01,사업관리,010108,입찰계약관리,010108_L1,입찰계약관리 기초 입문 및 업무 환경 지원,1,Knowledge(지식),기초 법령/규정
01,사업관리,010108,입찰계약관리,010108_L1,입찰계약관리 기초 입문 및 업무 환경 지원,1,Skill(기술/도구),기초 전산 툴 조작
01,사업관리,010108,입찰계약관리,010108_L1,입찰계약관리 기초 입문 및 업무 환경 지원,1,Skill(기술/도구),문서 서식 작성
01,사업관리,010108,입찰계약관리,010108_L1,입찰계약관리 기초 입문 및 업무 환경 지원,1,Skill(기술/도구),자료 검색 및 분류
01,사업관리,010108,입찰계약관리,010108_L1,입찰계약관리 기초 입문 및 업무 환경 지원,1,Attitude(태도),규정 준수 의식
01,사업관리,010108,입찰계약관리,010108_L1,입찰계약관리 기초 입문 및 업무 환경 지원,1,Attitude(태도),성실한 업무 지원 태도
01,사업관리,010108,입찰계약관리,010108_L2,입찰계약관리 초급 실무 및 정형 과업 수행,2,Knowledge(지식),입찰계약관리 실무 프로세스
01,사업관리,010108,입찰계약관리,010108_L2,입찰계약관리 초급 실무 및 정형 과업 수행,2,Knowledge(지식),단위 업무 품질 기준
01,사업관리,010108,입찰계약관리,010108_L2,입찰계약관리 초급 실무 및 정형 과업 수행,2,Knowledge(지식),데이터 검증 기법
01,사업관리,010108,입찰계약관리,010108_L2,입찰계약관리 초급 실무 및 정형 과업 수행,2,Skill(기술/도구),실무 도구/SW 조작
01,사업관리,010108,입찰계약관리,010108_L2,입찰계약관리 초급 실무 및 정형 과업 수행,2,Skill(기술/도구),데이터 정제 및 가공
01,사업관리,010108,입찰계약관리,010108_L2,입찰계약관리 초급 실무 및 정형 과업 수행,2,Skill(기술/도구),단위 결과물 산출
01,사업관리,010108,입찰계약관리,010108_L2,입찰계약관리 초급 실무 및 정형 과업 수행,2,Attitude(태도),정확성과 꼼꼼함
01,사업관리,010108,입찰계약관리,010108_L2,입찰계약관리 초급 실무 및 정형 과업 수행,2,Attitude(태도),기한 준수 책임감
01,사업관리,010108,입찰계약관리,010108_L3,입찰계약관리 중급 독립 실무 및 문제해결 엔지니어링,3,Knowledge(지식),심화 모델링/설계 이론
01,사업관리,010108,입찰계약관리,010108_L3,입찰계약관리 중급 독립 실무 및 문제해결 엔지니어링,3,Knowledge(지식),성능 지표(KPI) 분석법
01,사업관리,010108,입찰계약관리,010108_L3,입찰계약관리 중급 독립 실무 및 문제해결 엔지니어링,3,Knowledge(지식),이슈 해결 방법론
01,사업관리,010108,입찰계약관리,010108_L3,입찰계약관리 중급 독립 실무 및 문제해결 엔지니어링,3,Skill(기술/도구),고급 도구/코드/기기 활용
01,사업관리,010108,입찰계약관리,010108_L3,입찰계약관리 중급 독립 실무 및 문제해결 엔지니어링,3,Skill(기술/도구),원인 분석 및 조치
01,사업관리,010108,입찰계약관리,010108_L3,입찰계약관리 중급 독립 실무 및 문제해결 엔지니어링,3,Skill(기술/도구),성과 분석 리포팅
01,사업관리,010108,입찰계약관리,010108_L3,입찰계약관리 중급 독립 실무 및 문제해결 엔지니어링,3,Attitude(태도),분석적 사고력
01,사업관리,010108,입찰계약관리,010108_L3,입찰계약관리 중급 독립 실무 및 문제해결 엔지니어링,3,Attitude(태도),타 부서와의 원활한 협업 소통
01,사업관리,010108,입찰계약관리,010108_L4,입찰계약관리 고급 전문화 및 프로젝트/팀 리딩,4,Knowledge(지식),신기술 융합 아키텍처
01,사업관리,010108,입찰계약관리,010108_L4,입찰계약관리 고급 전문화 및 프로젝트/팀 리딩,4,Knowledge(지식),프로젝트 관리론(PMBOK/Agile)
01,사업관리,010108,입찰계약관리,010108_L4,입찰계약관리 고급 전문화 및 프로젝트/팀 리딩,4,Knowledge(지식),품질보증(QA) 거버넌스
01,사업관리,010108,입찰계약관리,010108_L4,입찰계약관리 고급 전문화 및 프로젝트/팀 리딩,4,Skill(기술/도구),전체 시스템 아키텍처 설계
01,사업관리,010108,입찰계약관리,010108_L4,입찰계약관리 고급 전문화 및 프로젝트/팀 리딩,4,Skill(기술/도구),애자일 스프린트 리딩
01,사업관리,010108,입찰계약관리,010108_L4,입찰계약관리 고급 전문화 및 프로젝트/팀 리딩,4,Skill(기술/도구),신기술 PoC 검증
01,사업관리,010108,입찰계약관리,010108_L4,입찰계약관리 고급 전문화 및 프로젝트/팀 리딩,4,Attitude(태도),혁신 지향 리더십
01,사업관리,010108,입찰계약관리,010108_L4,입찰계약관리 고급 전문화 및 프로젝트/팀 리딩,4,Attitude(태도),동료 성장 멘토링 마인드
01,사업관리,010108,입찰계약관리,010108_L5,입찰계약관리 전략 기획 및 전사 거버넌스 총괄,5,Knowledge(지식),경영 전략 및 자본 예산 배분
01,사업관리,010108,입찰계약관리,010108_L5,입찰계약관리 전략 기획 및 전사 거버넌스 총괄,5,Knowledge(지식),국내외 규제 컴플라이언스
01,사업관리,010108,입찰계약관리,010108_L5,입찰계약관리 전략 기획 및 전사 거버넌스 총괄,5,Knowledge(지식),엔터프라이즈 거버넌스
01,사업관리,010108,입찰계약관리,010108_L5,입찰계약관리 전략 기획 및 전사 거버넌스 총괄,5,Skill(기술/도구),전사 로드맵 수립
01,사업관리,010108,입찰계약관리,010108_L5,입찰계약관리 전략 기획 및 전사 거버넌스 총괄,5,Skill(기술/도구),투자 대비 성과(ROI) 모델링
01,사업관리,010108,입찰계약관리,010108_L5,입찰계약관리 전략 기획 및 전사 거버넌스 총괄,5,Skill(기술/도구),최고 의사결정 전략 제언
01,사업관리,010108,입찰계약관리,010108_L5,입찰계약관리 전략 기획 및 전사 거버넌스 총괄,5,Attitude(태도),거시적 통찰력
01,사업관리,010108,입찰계약관리,010108_L5,입찰계약관리 전략 기획 및 전사 거버넌스 총괄,5,Attitude(태도),전략적 윤리 리더십
02,경영·회계·사무,020101,경영기획,020101_L1,경영기획 기초 입문 및 업무 환경 지원,1,Knowledge(지식),경영기획 개론
02,경영·회계·사무,020101,경영기획,020101_L1,경영기획 기초 입문 및 업무 환경 지원,1,Knowledge(지식),표준 작업 지침서
02,경영·회계·사무,020101,경영기획,020101_L1,경영기획 기초 입문 및 업무 환경 지원,1,Knowledge(지식),기초 법령/규정
02,경영·회계·사무,020101,경영기획,020101_L1,경영기획 기초 입문 및 업무 환경 지원,1,Skill(기술/도구),기초 전산 툴 조작
02,경영·회계·사무,020101,경영기획,020101_L1,경영기획 기초 입문 및 업무 환경 지원,1,Skill(기술/도구),문서 서식 작성
02,경영·회계·사무,020101,경영기획,020101_L1,경영기획 기초 입문 및 업무 환경 지원,1,Skill(기술/도구),자료 검색 및 분류
02,경영·회계·사무,020101,경영기획,020101_L1,경영기획 기초 입문 및 업무 환경 지원,1,Attitude(태도),규정 준수 의식
02,경영·회계·사무,020101,경영기획,020101_L1,경영기획 기초 입문 및 업무 환경 지원,1,Attitude(태도),성실한 업무 지원 태도
02,경영·회계·사무,020101,경영기획,020101_L2,경영기획 초급 실무 및 정형 과업 수행,2,Knowledge(지식),경영기획 실무 프로세스
02,경영·회계·사무,020101,경영기획,020101_L2,경영기획 초급 실무 및 정형 과업 수행,2,Knowledge(지식),단위 업무 품질 기준
02,경영·회계·사무,020101,경영기획,020101_L2,경영기획 초급 실무 및 정형 과업 수행,2,Knowledge(지식),데이터 검증 기법
02,경영·회계·사무,020101,경영기획,020101_L2,경영기획 초급 실무 및 정형 과업 수행,2,Skill(기술/도구),실무 도구/SW 조작
02,경영·회계·사무,020101,경영기획,020101_L2,경영기획 초급 실무 및 정형 과업 수행,2,Skill(기술/도구),데이터 정제 및 가공
02,경영·회계·사무,020101,경영기획,020101_L2,경영기획 초급 실무 및 정형 과업 수행,2,Skill(기술/도구),단위 결과물 산출
02,경영·회계·사무,020101,경영기획,020101_L2,경영기획 초급 실무 및 정형 과업 수행,2,Attitude(태도),정확성과 꼼꼼함
02,경영·회계·사무,020101,경영기획,020101_L2,경영기획 초급 실무 및 정형 과업 수행,2,Attitude(태도),기한 준수 책임감
02,경영·회계·사무,020101,경영기획,020101_L3,경영기획 중급 독립 실무 및 문제해결 엔지니어링,3,Knowledge(지식),심화 모델링/설계 이론
02,경영·회계·사무,020101,경영기획,020101_L3,경영기획 중급 독립 실무 및 문제해결 엔지니어링,3,Knowledge(지식),성능 지표(KPI) 분석법
02,경영·회계·사무,020101,경영기획,020101_L3,경영기획 중급 독립 실무 및 문제해결 엔지니어링,3,Knowledge(지식),이슈 해결 방법론
02,경영·회계·사무,020101,경영기획,020101_L3,경영기획 중급 독립 실무 및 문제해결 엔지니어링,3,Skill(기술/도구),고급 도구/코드/기기 활용
02,경영·회계·사무,020101,경영기획,020101_L3,경영기획 중급 독립 실무 및 문제해결 엔지니어링,3,Skill(기술/도구),원인 분석 및 조치
02,경영·회계·사무,020101,경영기획,020101_L3,경영기획 중급 독립 실무 및 문제해결 엔지니어링,3,Skill(기술/도구),성과 분석 리포팅
02,경영·회계·사무,020101,경영기획,020101_L3,경영기획 중급 독립 실무 및 문제해결 엔지니어링,3,Attitude(태도),분석적 사고력
02,경영·회계·사무,020101,경영기획,020101_L3,경영기획 중급 독립 실무 및 문제해결 엔지니어링,3,Attitude(태도),타 부서와의 원활한 협업 소통
02,경영·회계·사무,020101,경영기획,020101_L4,경영기획 고급 전문화 및 프로젝트/팀 리딩,4,Knowledge(지식),신기술 융합 아키텍처
02,경영·회계·사무,020101,경영기획,020101_L4,경영기획 고급 전문화 및 프로젝트/팀 리딩,4,Knowledge(지식),프로젝트 관리론(PMBOK/Agile)
02,경영·회계·사무,020101,경영기획,020101_L4,경영기획 고급 전문화 및 프로젝트/팀 리딩,4,Knowledge(지식),품질보증(QA) 거버넌스
02,경영·회계·사무,020101,경영기획,020101_L4,경영기획 고급 전문화 및 프로젝트/팀 리딩,4,Skill(기술/도구),전체 시스템 아키텍처 설계
02,경영·회계·사무,020101,경영기획,020101_L4,경영기획 고급 전문화 및 프로젝트/팀 리딩,4,Skill(기술/도구),애자일 스프린트 리딩
02,경영·회계·사무,020101,경영기획,020101_L4,경영기획 고급 전문화 및 프로젝트/팀 리딩,4,Skill(기술/도구),신기술 PoC 검증
02,경영·회계·사무,020101,경영기획,020101_L4,경영기획 고급 전문화 및 프로젝트/팀 리딩,4,Attitude(태도),혁신 지향 리더십
02,경영·회계·사무,020101,경영기획,020101_L4,경영기획 고급 전문화 및 프로젝트/팀 리딩,4,Attitude(태도),동료 성장 멘토링 마인드
02,경영·회계·사무,020101,경영기획,020101_L5,경영기획 전략 기획 및 전사 거버넌스 총괄,5,Knowledge(지식),경영 전략 및 자본 예산 배분
02,경영·회계·사무,020101,경영기획,020101_L5,경영기획 전략 기획 및 전사 거버넌스 총괄,5,Knowledge(지식),국내외 규제 컴플라이언스
02,경영·회계·사무,020101,경영기획,020101_L5,경영기획 전략 기획 및 전사 거버넌스 총괄,5,Knowledge(지식),엔터프라이즈 거버넌스
02,경영·회계·사무,020101,경영기획,020101_L5,경영기획 전략 기획 및 전사 거버넌스 총괄,5,Skill(기술/도구),전사 로드맵 수립
02,경영·회계·사무,020101,경영기획,020101_L5,경영기획 전략 기획 및 전사 거버넌스 총괄,5,Skill(기술/도구),투자 대비 성과(ROI) 모델링
02,경영·회계·사무,020101,경영기획,020101_L5,경영기획 전략 기획 및 전사 거버넌스 총괄,5,Skill(기술/도구),최고 의사결정 전략 제언
02,경영·회계·사무,020101,경영기획,020101_L5,경영기획 전략 기획 및 전사 거버넌스 총괄,5,Attitude(태도),거시적 통찰력
02,경영·회계·사무,020101,경영기획,020101_L5,경영기획 전략 기획 및 전사 거버넌스 총괄,5,Attitude(태도),전략적 윤리 리더십
02,경영·회계·사무,020102,경영평가,020102_L1,경영평가 기초 입문 및 업무 환경 지원,1,Knowledge(지식),경영평가 개론
02,경영·회계·사무,020102,경영평가,020102_L1,경영평가 기초 입문 및 업무 환경 지원,1,Knowledge(지식),표준 작업 지침서
02,경영·회계·사무,020102,경영평가,020102_L1,경영평가 기초 입문 및 업무 환경 지원,1,Knowledge(지식),기초 법령/규정
02,경영·회계·사무,020102,경영평가,020102_L1,경영평가 기초 입문 및 업무 환경 지원,1,Skill(기술/도구),기초 전산 툴 조작
02,경영·회계·사무,020102,경영평가,020102_L1,경영평가 기초 입문 및 업무 환경 지원,1,Skill(기술/도구),문서 서식 작성
02,경영·회계·사무,020102,경영평가,020102_L1,경영평가 기초 입문 및 업무 환경 지원,1,Skill(기술/도구),자료 검색 및 분류
02,경영·회계·사무,020102,경영평가,020102_L1,경영평가 기초 입문 및 업무 환경 지원,1,Attitude(태도),규정 준수 의식
02,경영·회계·사무,020102,경영평가,020102_L1,경영평가 기초 입문 및 업무 환경 지원,1,Attitude(태도),성실한 업무 지원 태도
02,경영·회계·사무,020102,경영평가,020102_L2,경영평가 초급 실무 및 정형 과업 수행,2,Knowledge(지식),경영평가 실무 프로세스
02,경영·회계·사무,020102,경영평가,020102_L2,경영평가 초급 실무 및 정형 과업 수행,2,Knowledge(지식),단위 업무 품질 기준
02,경영·회계·사무,020102,경영평가,020102_L2,경영평가 초급 실무 및 정형 과업 수행,2,Knowledge(지식),데이터 검증 기법
02,경영·회계·사무,020102,경영평가,020102_L2,경영평가 초급 실무 및 정형 과업 수행,2,Skill(기술/도구),실무 도구/SW 조작
02,경영·회계·사무,020102,경영평가,020102_L2,경영평가 초급 실무 및 정형 과업 수행,2,Skill(기술/도구),데이터 정제 및 가공
02,경영·회계·사무,020102,경영평가,020102_L2,경영평가 초급 실무 및 정형 과업 수행,2,Skill(기술/도구),단위 결과물 산출
02,경영·회계·사무,020102,경영평가,020102_L2,경영평가 초급 실무 및 정형 과업 수행,2,Attitude(태도),정확성과 꼼꼼함
02,경영·회계·사무,020102,경영평가,020102_L2,경영평가 초급 실무 및 정형 과업 수행,2,Attitude(태도),기한 준수 책임감
02,경영·회계·사무,020102,경영평가,020102_L3,경영평가 중급 독립 실무 및 문제해결 엔지니어링,3,Knowledge(지식),심화 모델링/설계 이론
02,경영·회계·사무,020102,경영평가,020102_L3,경영평가 중급 독립 실무 및 문제해결 엔지니어링,3,Knowledge(지식),성능 지표(KPI) 분석법
02,경영·회계·사무,020102,경영평가,020102_L3,경영평가 중급 독립 실무 및 문제해결 엔지니어링,3,Knowledge(지식),이슈 해결 방법론
02,경영·회계·사무,020102,경영평가,020102_L3,경영평가 중급 독립 실무 및 문제해결 엔지니어링,3,Skill(기술/도구),고급 도구/코드/기기 활용
02,경영·회계·사무,020102,경영평가,020102_L3,경영평가 중급 독립 실무 및 문제해결 엔지니어링,3,Skill(기술/도구),원인 분석 및 조치
02,경영·회계·사무,020102,경영평가,020102_L3,경영평가 중급 독립 실무 및 문제해결 엔지니어링,3,Skill(기술/도구),성과 분석 리포팅
02,경영·회계·사무,020102,경영평가,020102_L3,경영평가 중급 독립 실무 및 문제해결 엔지니어링,3,Attitude(태도),분석적 사고력
02,경영·회계·사무,020102,경영평가,020102_L3,경영평가 중급 독립 실무 및 문제해결 엔지니어링,3,Attitude(태도),타 부서와의 원활한 협업 소통
02,경영·회계·사무,020102,경영평가,020102_L4,경영평가 고급 전문화 및 프로젝트/팀 리딩,4,Knowledge(지식),신기술 융합 아키텍처
02,경영·회계·사무,020102,경영평가,020102_L4,경영평가 고급 전문화 및 프로젝트/팀 리딩,4,Knowledge(지식),프로젝트 관리론(PMBOK/Agile)
02,경영·회계·사무,020102,경영평가,020102_L4,경영평가 고급 전문화 및 프로젝트/팀 리딩,4,Knowledge(지식),품질보증(QA) 거버넌스
02,경영·회계·사무,020102,경영평가,020102_L4,경영평가 고급 전문화 및 프로젝트/팀 리딩,4,Skill(기술/도구),전체 시스템 아키텍처 설계
02,경영·회계·사무,020102,경영평가,020102_L4,경영평가 고급 전문화 및 프로젝트/팀 리딩,4,Skill(기술/도구),애자일 스프린트 리딩
02,경영·회계·사무,020102,경영평가,020102_L4,경영평가 고급 전문화 및 프로젝트/팀 리딩,4,Skill(기술/도구),신기술 PoC 검증
02,경영·회계·사무,020102,경영평가,020102_L4,경영평가 고급 전문화 및 프로젝트/팀 리딩,4,Attitude(태도),혁신 지향 리더십
02,경영·회계·사무,020102,경영평가,020102_L4,경영평가 고급 전문화 및 프로젝트/팀 리딩,4,Attitude(태도),동료 성장 멘토링 마인드
02,경영·회계·사무,020102,경영평가,020102_L5,경영평가 전략 기획 및 전사 거버넌스 총괄,5,Knowledge(지식),경영 전략 및 자본 예산 배분
02,경영·회계·사무,020102,경영평가,020102_L5,경영평가 전략 기획 및 전사 거버넌스 총괄,5,Knowledge(지식),국내외 규제 컴플라이언스
02,경영·회계·사무,020102,경영평가,020102_L5,경영평가 전략 기획 및 전사 거버넌스 총괄,5,Knowledge(지식),엔터프라이즈 거버넌스
02,경영·회계·사무,020102,경영평가,020102_L5,경영평가 전략 기획 및 전사 거버넌스 총괄,5,Skill(기술/도구),전사 로드맵 수립
02,경영·회계·사무,020102,경영평가,020102_L5,경영평가 전략 기획 및 전사 거버넌스 총괄,5,Skill(기술/도구),투자 대비 성과(ROI) 모델링
02,경영·회계·사무,020102,경영평가,020102_L5,경영평가 전략 기획 및 전사 거버넌스 총괄,5,Skill(기술/도구),최고 의사결정 전략 제언
02,경영·회계·사무,020102,경영평가,020102_L5,경영평가 전략 기획 및 전사 거버넌스 총괄,5,Attitude(태도),거시적 통찰력
02,경영·회계·사무,020102,경영평가,020102_L5,경영평가 전략 기획 및 전사 거버넌스 총괄,5,Attitude(태도),전략적 윤리 리더십
02,경영·회계·사무,020103,홍보·PR,020103_L1,홍보·PR 기초 입문 및 업무 환경 지원,1,Knowledge(지식),홍보·PR 개론
02,경영·회계·사무,020103,홍보·PR,020103_L1,홍보·PR 기초 입문 및 업무 환경 지원,1,Knowledge(지식),표준 작업 지침서
02,경영·회계·사무,020103,홍보·PR,020103_L1,홍보·PR 기초 입문 및 업무 환경 지원,1,Knowledge(지식),기초 법령/규정
02,경영·회계·사무,020103,홍보·PR,020103_L1,홍보·PR 기초 입문 및 업무 환경 지원,1,Skill(기술/도구),기초 전산 툴 조작
02,경영·회계·사무,020103,홍보·PR,020103_L1,홍보·PR 기초 입문 및 업무 환경 지원,1,Skill(기술/도구),문서 서식 작성
02,경영·회계·사무,020103,홍보·PR,020103_L1,홍보·PR 기초 입문 및 업무 환경 지원,1,Skill(기술/도구),자료 검색 및 분류
02,경영·회계·사무,020103,홍보·PR,020103_L1,홍보·PR 기초 입문 및 업무 환경 지원,1,Attitude(태도),규정 준수 의식
02,경영·회계·사무,020103,홍보·PR,020103_L1,홍보·PR 기초 입문 및 업무 환경 지원,1,Attitude(태도),성실한 업무 지원 태도
02,경영·회계·사무,020103,홍보·PR,020103_L2,홍보·PR 초급 실무 및 정형 과업 수행,2,Knowledge(지식),홍보·PR 실무 프로세스
02,경영·회계·사무,020103,홍보·PR,020103_L2,홍보·PR 초급 실무 및 정형 과업 수행,2,Knowledge(지식),단위 업무 품질 기준
02,경영·회계·사무,020103,홍보·PR,020103_L2,홍보·PR 초급 실무 및 정형 과업 수행,2,Knowledge(지식),데이터 검증 기법
02,경영·회계·사무,020103,홍보·PR,020103_L2,홍보·PR 초급 실무 및 정형 과업 수행,2,Skill(기술/도구),실무 도구/SW 조작
02,경영·회계·사무,020103,홍보·PR,020103_L2,홍보·PR 초급 실무 및 정형 과업 수행,2,Skill(기술/도구),데이터 정제 및 가공
02,경영·회계·사무,020103,홍보·PR,020103_L2,홍보·PR 초급 실무 및 정형 과업 수행,2,Skill(기술/도구),단위 결과물 산출
02,경영·회계·사무,020103,홍보·PR,020103_L2,홍보·PR 초급 실무 및 정형 과업 수행,2,Attitude(태도),정확성과 꼼꼼함
02,경영·회계·사무,020103,홍보·PR,020103_L2,홍보·PR 초급 실무 및 정형 과업 수행,2,Attitude(태도),기한 준수 책임감
02,경영·회계·사무,020103,홍보·PR,020103_L3,홍보·PR 중급 독립 실무 및 문제해결 엔지니어링,3,Knowledge(지식),심화 모델링/설계 이론
02,경영·회계·사무,020103,홍보·PR,020103_L3,홍보·PR 중급 독립 실무 및 문제해결 엔지니어링,3,Knowledge(지식),성능 지표(KPI) 분석법
02,경영·회계·사무,020103,홍보·PR,020103_L3,홍보·PR 중급 독립 실무 및 문제해결 엔지니어링,3,Knowledge(지식),이슈 해결 방법론
02,경영·회계·사무,020103,홍보·PR,020103_L3,홍보·PR 중급 독립 실무 및 문제해결 엔지니어링,3,Skill(기술/도구),고급 도구/코드/기기 활용
02,경영·회계·사무,020103,홍보·PR,020103_L3,홍보·PR 중급 독립 실무 및 문제해결 엔지니어링,3,Skill(기술/도구),원인 분석 및 조치
02,경영·회계·사무,020103,홍보·PR,020103_L3,홍보·PR 중급 독립 실무 및 문제해결 엔지니어링,3,Skill(기술/도구),성과 분석 리포팅
02,경영·회계·사무,020103,홍보·PR,020103_L3,홍보·PR 중급 독립 실무 및 문제해결 엔지니어링,3,Attitude(태도),분석적 사고력
02,경영·회계·사무,020103,홍보·PR,020103_L3,홍보·PR 중급 독립 실무 및 문제해결 엔지니어링,3,Attitude(태도),타 부서와의 원활한 협업 소통
02,경영·회계·사무,020103,홍보·PR,020103_L4,홍보·PR 고급 전문화 및 프로젝트/팀 리딩,4,Knowledge(지식),신기술 융합 아키텍처
02,경영·회계·사무,020103,홍보·PR,020103_L4,홍보·PR 고급 전문화 및 프로젝트/팀 리딩,4,Knowledge(지식),프로젝트 관리론(PMBOK/Agile)
02,경영·회계·사무,020103,홍보·PR,020103_L4,홍보·PR 고급 전문화 및 프로젝트/팀 리딩,4,Knowledge(지식),품질보증(QA) 거버넌스
02,경영·회계·사무,020103,홍보·PR,020103_L4,홍보·PR 고급 전문화 및 프로젝트/팀 리딩,4,Skill(기술/도구),전체 시스템 아키텍처 설계
02,경영·회계·사무,020103,홍보·PR,020103_L4,홍보·PR 고급 전문화 및 프로젝트/팀 리딩,4,Skill(기술/도구),애자일 스프린트 리딩
02,경영·회계·사무,020103,홍보·PR,020103_L4,홍보·PR 고급 전문화 및 프로젝트/팀 리딩,4,Skill(기술/도구),신기술 PoC 검증
02,경영·회계·사무,020103,홍보·PR,020103_L4,홍보·PR 고급 전문화 및 프로젝트/팀 리딩,4,Attitude(태도),혁신 지향 리더십
02,경영·회계·사무,020103,홍보·PR,020103_L4,홍보·PR 고급 전문화 및 프로젝트/팀 리딩,4,Attitude(태도),동료 성장 멘토링 마인드
02,경영·회계·사무,020103,홍보·PR,020103_L5,홍보·PR 전략 기획 및 전사 거버넌스 총괄,5,Knowledge(지식),경영 전략 및 자본 예산 배분
02,경영·회계·사무,020103,홍보·PR,020103_L5,홍보·PR 전략 기획 및 전사 거버넌스 총괄,5,Knowledge(지식),국내외 규제 컴플라이언스
02,경영·회계·사무,020103,홍보·PR,020103_L5,홍보·PR 전략 기획 및 전사 거버넌스 총괄,5,Knowledge(지식),엔터프라이즈 거버넌스
02,경영·회계·사무,020103,홍보·PR,020103_L5,홍보·PR 전략 기획 및 전사 거버넌스 총괄,5,Skill(기술/도구),전사 로드맵 수립
02,경영·회계·사무,020103,홍보·PR,020103_L5,홍보·PR 전략 기획 및 전사 거버넌스 총괄,5,Skill(기술/도구),투자 대비 성과(ROI) 모델링
02,경영·회계·사무,020103,홍보·PR,020103_L5,홍보·PR 전략 기획 및 전사 거버넌스 총괄,5,Skill(기술/도구),최고 의사결정 전략 제언
02,경영·회계·사무,020103,홍보·PR,020103_L5,홍보·PR 전략 기획 및 전사 거버넌스 총괄,5,Attitude(태도),거시적 통찰력
02,경영·회계·사무,020103,홍보·PR,020103_L5,홍보·PR 전략 기획 및 전사 거버넌스 총괄,5,Attitude(태도),전략적 윤리 리더십
02,경영·회계·사무,020104,광고기획,020104_L1,광고기획 기초 입문 및 업무 환경 지원,1,Knowledge(지식),광고기획 개론
02,경영·회계·사무,020104,광고기획,020104_L1,광고기획 기초 입문 및 업무 환경 지원,1,Knowledge(지식),표준 작업 지침서
02,경영·회계·사무,020104,광고기획,020104_L1,광고기획 기초 입문 및 업무 환경 지원,1,Knowledge(지식),기초 법령/규정
02,경영·회계·사무,020104,광고기획,020104_L1,광고기획 기초 입문 및 업무 환경 지원,1,Skill(기술/도구),기초 전산 툴 조작
02,경영·회계·사무,020104,광고기획,020104_L1,광고기획 기초 입문 및 업무 환경 지원,1,Skill(기술/도구),문서 서식 작성
02,경영·회계·사무,020104,광고기획,020104_L1,광고기획 기초 입문 및 업무 환경 지원,1,Skill(기술/도구),자료 검색 및 분류
02,경영·회계·사무,020104,광고기획,020104_L1,광고기획 기초 입문 및 업무 환경 지원,1,Attitude(태도),규정 준수 의식
02,경영·회계·사무,020104,광고기획,020104_L1,광고기획 기초 입문 및 업무 환경 지원,1,Attitude(태도),성실한 업무 지원 태도
02,경영·회계·사무,020104,광고기획,020104_L2,광고기획 초급 실무 및 정형 과업 수행,2,Knowledge(지식),광고기획 실무 프로세스
02,경영·회계·사무,020104,광고기획,020104_L2,광고기획 초급 실무 및 정형 과업 수행,2,Knowledge(지식),단위 업무 품질 기준
02,경영·회계·사무,020104,광고기획,020104_L2,광고기획 초급 실무 및 정형 과업 수행,2,Knowledge(지식),데이터 검증 기법
02,경영·회계·사무,020104,광고기획,020104_L2,광고기획 초급 실무 및 정형 과업 수행,2,Skill(기술/도구),실무 도구/SW 조작
02,경영·회계·사무,020104,광고기획,020104_L2,광고기획 초급 실무 및 정형 과업 수행,2,Skill(기술/도구),데이터 정제 및 가공
02,경영·회계·사무,020104,광고기획,020104_L2,광고기획 초급 실무 및 정형 과업 수행,2,Skill(기술/도구),단위 결과물 산출
02,경영·회계·사무,020104,광고기획,020104_L2,광고기획 초급 실무 및 정형 과업 수행,2,Attitude(태도),정확성과 꼼꼼함
02,경영·회계·사무,020104,광고기획,020104_L2,광고기획 초급 실무 및 정형 과업 수행,2,Attitude(태도),기한 준수 책임감
02,경영·회계·사무,020104,광고기획,020104_L3,광고기획 중급 독립 실무 및 문제해결 엔지니어링,3,Knowledge(지식),심화 모델링/설계 이론
02,경영·회계·사무,020104,광고기획,020104_L3,광고기획 중급 독립 실무 및 문제해결 엔지니어링,3,Knowledge(지식),성능 지표(KPI) 분석법
02,경영·회계·사무,020104,광고기획,020104_L3,광고기획 중급 독립 실무 및 문제해결 엔지니어링,3,Knowledge(지식),이슈 해결 방법론
02,경영·회계·사무,020104,광고기획,020104_L3,광고기획 중급 독립 실무 및 문제해결 엔지니어링,3,Skill(기술/도구),고급 도구/코드/기기 활용
02,경영·회계·사무,020104,광고기획,020104_L3,광고기획 중급 독립 실무 및 문제해결 엔지니어링,3,Skill(기술/도구),원인 분석 및 조치
02,경영·회계·사무,020104,광고기획,020104_L3,광고기획 중급 독립 실무 및 문제해결 엔지니어링,3,Skill(기술/도구),성과 분석 리포팅
02,경영·회계·사무,020104,광고기획,020104_L3,광고기획 중급 독립 실무 및 문제해결 엔지니어링,3,Attitude(태도),분석적 사고력
02,경영·회계·사무,020104,광고기획,020104_L3,광고기획 중급 독립 실무 및 문제해결 엔지니어링,3,Attitude(태도),타 부서와의 원활한 협업 소통
02,경영·회계·사무,020104,광고기획,020104_L4,광고기획 고급 전문화 및 프로젝트/팀 리딩,4,Knowledge(지식),신기술 융합 아키텍처
02,경영·회계·사무,020104,광고기획,020104_L4,광고기획 고급 전문화 및 프로젝트/팀 리딩,4,Knowledge(지식),프로젝트 관리론(PMBOK/Agile)
02,경영·회계·사무,020104,광고기획,020104_L4,광고기획 고급 전문화 및 프로젝트/팀 리딩,4,Knowledge(지식),품질보증(QA) 거버넌스
02,경영·회계·사무,020104,광고기획,020104_L4,광고기획 고급 전문화 및 프로젝트/팀 리딩,4,Skill(기술/도구),전체 시스템 아키텍처 설계
02,경영·회계·사무,020104,광고기획,020104_L4,광고기획 고급 전문화 및 프로젝트/팀 리딩,4,Skill(기술/도구),애자일 스프린트 리딩
02,경영·회계·사무,020104,광고기획,020104_L4,광고기획 고급 전문화 및 프로젝트/팀 리딩,4,Skill(기술/도구),신기술 PoC 검증
02,경영·회계·사무,020104,광고기획,020104_L4,광고기획 고급 전문화 및 프로젝트/팀 리딩,4,Attitude(태도),혁신 지향 리더십
02,경영·회계·사무,020104,광고기획,020104_L4,광고기획 고급 전문화 및 프로젝트/팀 리딩,4,Attitude(태도),동료 성장 멘토링 마인드
02,경영·회계·사무,020104,광고기획,020104_L5,광고기획 전략 기획 및 전사 거버넌스 총괄,5,Knowledge(지식),경영 전략 및 자본 예산 배분
02,경영·회계·사무,020104,광고기획,020104_L5,광고기획 전략 기획 및 전사 거버넌스 총괄,5,Knowledge(지식),국내외 규제 컴플라이언스
02,경영·회계·사무,020104,광고기획,020104_L5,광고기획 전략 기획 및 전사 거버넌스 총괄,5,Knowledge(지식),엔터프라이즈 거버넌스
02,경영·회계·사무,020104,광고기획,020104_L5,광고기획 전략 기획 및 전사 거버넌스 총괄,5,Skill(기술/도구),전사 로드맵 수립
02,경영·회계·사무,020104,광고기획,020104_L5,광고기획 전략 기획 및 전사 거버넌스 총괄,5,Skill(기술/도구),투자 대비 성과(ROI) 모델링
02,경영·회계·사무,020104,광고기획,020104_L5,광고기획 전략 기획 및 전사 거버넌스 총괄,5,Skill(기술/도구),최고 의사결정 전략 제언
02,경영·회계·사무,020104,광고기획,020104_L5,광고기획 전략 기획 및 전사 거버넌스 총괄,5,Attitude(태도),거시적 통찰력
02,경영·회계·사무,020104,광고기획,020104_L5,광고기획 전략 기획 및 전사 거버넌스 총괄,5,Attitude(태도),전략적 윤리 리더십
02,경영·회계·사무,020105,마케팅전략,020105_L1,마케팅전략 기초 입문 및 업무 환경 지원,1,Knowledge(지식),마케팅전략 개론
02,경영·회계·사무,020105,마케팅전략,020105_L1,마케팅전략 기초 입문 및 업무 환경 지원,1,Knowledge(지식),표준 작업 지침서
02,경영·회계·사무,020105,마케팅전략,020105_L1,마케팅전략 기초 입문 및 업무 환경 지원,1,Knowledge(지식),기초 법령/규정
02,경영·회계·사무,020105,마케팅전략,020105_L1,마케팅전략 기초 입문 및 업무 환경 지원,1,Skill(기술/도구),기초 전산 툴 조작
02,경영·회계·사무,020105,마케팅전략,020105_L1,마케팅전략 기초 입문 및 업무 환경 지원,1,Skill(기술/도구),문서 서식 작성
02,경영·회계·사무,020105,마케팅전략,020105_L1,마케팅전략 기초 입문 및 업무 환경 지원,1,Skill(기술/도구),자료 검색 및 분류
02,경영·회계·사무,020105,마케팅전략,020105_L1,마케팅전략 기초 입문 및 업무 환경 지원,1,Attitude(태도),규정 준수 의식
02,경영·회계·사무,020105,마케팅전략,020105_L1,마케팅전략 기초 입문 및 업무 환경 지원,1,Attitude(태도),성실한 업무 지원 태도
02,경영·회계·사무,020105,마케팅전략,020105_L2,마케팅전략 초급 실무 및 정형 과업 수행,2,Knowledge(지식),마케팅전략 실무 프로세스
02,경영·회계·사무,020105,마케팅전략,020105_L2,마케팅전략 초급 실무 및 정형 과업 수행,2,Knowledge(지식),단위 업무 품질 기준
02,경영·회계·사무,020105,마케팅전략,020105_L2,마케팅전략 초급 실무 및 정형 과업 수행,2,Knowledge(지식),데이터 검증 기법
02,경영·회계·사무,020105,마케팅전략,020105_L2,마케팅전략 초급 실무 및 정형 과업 수행,2,Skill(기술/도구),실무 도구/SW 조작
02,경영·회계·사무,020105,마케팅전략,020105_L2,마케팅전략 초급 실무 및 정형 과업 수행,2,Skill(기술/도구),데이터 정제 및 가공
02,경영·회계·사무,020105,마케팅전략,020105_L2,마케팅전략 초급 실무 및 정형 과업 수행,2,Skill(기술/도구),단위 결과물 산출
02,경영·회계·사무,020105,마케팅전략,020105_L2,마케팅전략 초급 실무 및 정형 과업 수행,2,Attitude(태도),정확성과 꼼꼼함
02,경영·회계·사무,020105,마케팅전략,020105_L2,마케팅전략 초급 실무 및 정형 과업 수행,2,Attitude(태도),기한 준수 책임감
02,경영·회계·사무,020105,마케팅전략,020105_L3,마케팅전략 중급 독립 실무 및 문제해결 엔지니어링,3,Knowledge(지식),심화 모델링/설계 이론
02,경영·회계·사무,020105,마케팅전략,020105_L3,마케팅전략 중급 독립 실무 및 문제해결 엔지니어링,3,Knowledge(지식),성능 지표(KPI) 분석법
02,경영·회계·사무,020105,마케팅전략,020105_L3,마케팅전략 중급 독립 실무 및 문제해결 엔지니어링,3,Knowledge(지식),이슈 해결 방법론
02,경영·회계·사무,020105,마케팅전략,020105_L3,마케팅전략 중급 독립 실무 및 문제해결 엔지니어링,3,Skill(기술/도구),고급 도구/코드/기기 활용
02,경영·회계·사무,020105,마케팅전략,020105_L3,마케팅전략 중급 독립 실무 및 문제해결 엔지니어링,3,Skill(기술/도구),원인 분석 및 조치
02,경영·회계·사무,020105,마케팅전략,020105_L3,마케팅전략 중급 독립 실무 및 문제해결 엔지니어링,3,Skill(기술/도구),성과 분석 리포팅
02,경영·회계·사무,020105,마케팅전략,020105_L3,마케팅전략 중급 독립 실무 및 문제해결 엔지니어링,3,Attitude(태도),분석적 사고력
02,경영·회계·사무,020105,마케팅전략,020105_L3,마케팅전략 중급 독립 실무 및 문제해결 엔지니어링,3,Attitude(태도),타 부서와의 원활한 협업 소통
02,경영·회계·사무,020105,마케팅전략,020105_L4,마케팅전략 고급 전문화 및 프로젝트/팀 리딩,4,Knowledge(지식),신기술 융합 아키텍처
02,경영·회계·사무,020105,마케팅전략,020105_L4,마케팅전략 고급 전문화 및 프로젝트/팀 리딩,4,Knowledge(지식),프로젝트 관리론(PMBOK/Agile)
02,경영·회계·사무,020105,마케팅전략,020105_L4,마케팅전략 고급 전문화 및 프로젝트/팀 리딩,4,Knowledge(지식),품질보증(QA) 거버넌스
02,경영·회계·사무,020105,마케팅전략,020105_L4,마케팅전략 고급 전문화 및 프로젝트/팀 리딩,4,Skill(기술/도구),전체 시스템 아키텍처 설계
02,경영·회계·사무,020105,마케팅전략,020105_L4,마케팅전략 고급 전문화 및 프로젝트/팀 리딩,4,Skill(기술/도구),애자일 스프린트 리딩
02,경영·회계·사무,020105,마케팅전략,020105_L4,마케팅전략 고급 전문화 및 프로젝트/팀 리딩,4,Skill(기술/도구),신기술 PoC 검증
02,경영·회계·사무,020105,마케팅전략,020105_L4,마케팅전략 고급 전문화 및 프로젝트/팀 리딩,4,Attitude(태도),혁신 지향 리더십
02,경영·회계·사무,020105,마케팅전략,020105_L4,마케팅전략 고급 전문화 및 프로젝트/팀 리딩,4,Attitude(태도),동료 성장 멘토링 마인드
02,경영·회계·사무,020105,마케팅전략,020105_L5,마케팅전략 전략 기획 및 전사 거버넌스 총괄,5,Knowledge(지식),경영 전략 및 자본 예산 배분
02,경영·회계·사무,020105,마케팅전략,020105_L5,마케팅전략 전략 기획 및 전사 거버넌스 총괄,5,Knowledge(지식),국내외 규제 컴플라이언스
02,경영·회계·사무,020105,마케팅전략,020105_L5,마케팅전략 전략 기획 및 전사 거버넌스 총괄,5,Knowledge(지식),엔터프라이즈 거버넌스
02,경영·회계·사무,020105,마케팅전략,020105_L5,마케팅전략 전략 기획 및 전사 거버넌스 총괄,5,Skill(기술/도구),전사 로드맵 수립
02,경영·회계·사무,020105,마케팅전략,020105_L5,마케팅전략 전략 기획 및 전사 거버넌스 총괄,5,Skill(기술/도구),투자 대비 성과(ROI) 모델링
02,경영·회계·사무,020105,마케팅전략,020105_L5,마케팅전략 전략 기획 및 전사 거버넌스 총괄,5,Skill(기술/도구),최고 의사결정 전략 제언
02,경영·회계·사무,020105,마케팅전략,020105_L5,마케팅전략 전략 기획 및 전사 거버넌스 총괄,5,Attitude(태도),거시적 통찰력
02,경영·회계·사무,020105,마케팅전략,020105_L5,마케팅전략 전략 기획 및 전사 거버넌스 총괄,5,Attitude(태도),전략적 윤리 리더십
02,경영·회계·사무,020106,시장조사,020106_L1,시장조사 기초 입문 및 업무 환경 지원,1,Knowledge(지식),시장조사 개론
02,경영·회계·사무,020106,시장조사,020106_L1,시장조사 기초 입문 및 업무 환경 지원,1,Knowledge(지식),표준 작업 지침서
02,경영·회계·사무,020106,시장조사,020106_L1,시장조사 기초 입문 및 업무 환경 지원,1,Knowledge(지식),기초 법령/규정
02,경영·회계·사무,020106,시장조사,020106_L1,시장조사 기초 입문 및 업무 환경 지원,1,Skill(기술/도구),기초 전산 툴 조작
02,경영·회계·사무,020106,시장조사,020106_L1,시장조사 기초 입문 및 업무 환경 지원,1,Skill(기술/도구),문서 서식 작성
02,경영·회계·사무,020106,시장조사,020106_L1,시장조사 기초 입문 및 업무 환경 지원,1,Skill(기술/도구),자료 검색 및 분류
02,경영·회계·사무,020106,시장조사,020106_L1,시장조사 기초 입문 및 업무 환경 지원,1,Attitude(태도),규정 준수 의식
02,경영·회계·사무,020106,시장조사,020106_L1,시장조사 기초 입문 및 업무 환경 지원,1,Attitude(태도),성실한 업무 지원 태도
02,경영·회계·사무,020106,시장조사,020106_L2,시장조사 초급 실무 및 정형 과업 수행,2,Knowledge(지식),시장조사 실무 프로세스
02,경영·회계·사무,020106,시장조사,020106_L2,시장조사 초급 실무 및 정형 과업 수행,2,Knowledge(지식),단위 업무 품질 기준
02,경영·회계·사무,020106,시장조사,020106_L2,시장조사 초급 실무 및 정형 과업 수행,2,Knowledge(지식),데이터 검증 기법
02,경영·회계·사무,020106,시장조사,020106_L2,시장조사 초급 실무 및 정형 과업 수행,2,Skill(기술/도구),실무 도구/SW 조작
02,경영·회계·사무,020106,시장조사,020106_L2,시장조사 초급 실무 및 정형 과업 수행,2,Skill(기술/도구),데이터 정제 및 가공
02,경영·회계·사무,020106,시장조사,020106_L2,시장조사 초급 실무 및 정형 과업 수행,2,Skill(기술/도구),단위 결과물 산출
02,경영·회계·사무,020106,시장조사,020106_L2,시장조사 초급 실무 및 정형 과업 수행,2,Attitude(태도),정확성과 꼼꼼함
02,경영·회계·사무,020106,시장조사,020106_L2,시장조사 초급 실무 및 정형 과업 수행,2,Attitude(태도),기한 준수 책임감
02,경영·회계·사무,020106,시장조사,020106_L3,시장조사 중급 독립 실무 및 문제해결 엔지니어링,3,Knowledge(지식),심화 모델링/설계 이론
02,경영·회계·사무,020106,시장조사,020106_L3,시장조사 중급 독립 실무 및 문제해결 엔지니어링,3,Knowledge(지식),성능 지표(KPI) 분석법
02,경영·회계·사무,020106,시장조사,020106_L3,시장조사 중급 독립 실무 및 문제해결 엔지니어링,3,Knowledge(지식),이슈 해결 방법론
02,경영·회계·사무,020106,시장조사,020106_L3,시장조사 중급 독립 실무 및 문제해결 엔지니어링,3,Skill(기술/도구),고급 도구/코드/기기 활용
02,경영·회계·사무,020106,시장조사,020106_L3,시장조사 중급 독립 실무 및 문제해결 엔지니어링,3,Skill(기술/도구),원인 분석 및 조치
02,경영·회계·사무,020106,시장조사,020106_L3,시장조사 중급 독립 실무 및 문제해결 엔지니어링,3,Skill(기술/도구),성과 분석 리포팅
02,경영·회계·사무,020106,시장조사,020106_L3,시장조사 중급 독립 실무 및 문제해결 엔지니어링,3,Attitude(태도),분석적 사고력
02,경영·회계·사무,020106,시장조사,020106_L3,시장조사 중급 독립 실무 및 문제해결 엔지니어링,3,Attitude(태도),타 부서와의 원활한 협업 소통
02,경영·회계·사무,020106,시장조사,020106_L4,시장조사 고급 전문화 및 프로젝트/팀 리딩,4,Knowledge(지식),신기술 융합 아키텍처
02,경영·회계·사무,020106,시장조사,020106_L4,시장조사 고급 전문화 및 프로젝트/팀 리딩,4,Knowledge(지식),프로젝트 관리론(PMBOK/Agile)
02,경영·회계·사무,020106,시장조사,020106_L4,시장조사 고급 전문화 및 프로젝트/팀 리딩,4,Knowledge(지식),품질보증(QA) 거버넌스
02,경영·회계·사무,020106,시장조사,020106_L4,시장조사 고급 전문화 및 프로젝트/팀 리딩,4,Skill(기술/도구),전체 시스템 아키텍처 설계
02,경영·회계·사무,020106,시장조사,020106_L4,시장조사 고급 전문화 및 프로젝트/팀 리딩,4,Skill(기술/도구),애자일 스프린트 리딩
02,경영·회계·사무,020106,시장조사,020106_L4,시장조사 고급 전문화 및 프로젝트/팀 리딩,4,Skill(기술/도구),신기술 PoC 검증
02,경영·회계·사무,020106,시장조사,020106_L4,시장조사 고급 전문화 및 프로젝트/팀 리딩,4,Attitude(태도),혁신 지향 리더십
02,경영·회계·사무,020106,시장조사,020106_L4,시장조사 고급 전문화 및 프로젝트/팀 리딩,4,Attitude(태도),동료 성장 멘토링 마인드
02,경영·회계·사무,020106,시장조사,020106_L5,시장조사 전략 기획 및 전사 거버넌스 총괄,5,Knowledge(지식),경영 전략 및 자본 예산 배분
02,경영·회계·사무,020106,시장조사,020106_L5,시장조사 전략 기획 및 전사 거버넌스 총괄,5,Knowledge(지식),국내외 규제 컴플라이언스
02,경영·회계·사무,020106,시장조사,020106_L5,시장조사 전략 기획 및 전사 거버넌스 총괄,5,Knowledge(지식),엔터프라이즈 거버넌스
02,경영·회계·사무,020106,시장조사,020106_L5,시장조사 전략 기획 및 전사 거버넌스 총괄,5,Skill(기술/도구),전사 로드맵 수립
02,경영·회계·사무,020106,시장조사,020106_L5,시장조사 전략 기획 및 전사 거버넌스 총괄,5,Skill(기술/도구),투자 대비 성과(ROI) 모델링
02,경영·회계·사무,020106,시장조사,020106_L5,시장조사 전략 기획 및 전사 거버넌스 총괄,5,Skill(기술/도구),최고 의사결정 전략 제언
02,경영·회계·사무,020106,시장조사,020106_L5,시장조사 전략 기획 및 전사 거버넌스 총괄,5,Attitude(태도),거시적 통찰력
02,경영·회계·사무,020106,시장조사,020106_L5,시장조사 전략 기획 및 전사 거버넌스 총괄,5,Attitude(태도),전략적 윤리 리더십
02,경영·회계·사무,020107,브랜드관리,020107_L1,브랜드관리 기초 입문 및 업무 환경 지원,1,Knowledge(지식),브랜드관리 개론
02,경영·회계·사무,020107,브랜드관리,020107_L1,브랜드관리 기초 입문 및 업무 환경 지원,1,Knowledge(지식),표준 작업 지침서
02,경영·회계·사무,020107,브랜드관리,020107_L1,브랜드관리 기초 입문 및 업무 환경 지원,1,Knowledge(지식),기초 법령/규정
02,경영·회계·사무,020107,브랜드관리,020107_L1,브랜드관리 기초 입문 및 업무 환경 지원,1,Skill(기술/도구),기초 전산 툴 조작
02,경영·회계·사무,020107,브랜드관리,020107_L1,브랜드관리 기초 입문 및 업무 환경 지원,1,Skill(기술/도구),문서 서식 작성
02,경영·회계·사무,020107,브랜드관리,020107_L1,브랜드관리 기초 입문 및 업무 환경 지원,1,Skill(기술/도구),자료 검색 및 분류
02,경영·회계·사무,020107,브랜드관리,020107_L1,브랜드관리 기초 입문 및 업무 환경 지원,1,Attitude(태도),규정 준수 의식
02,경영·회계·사무,020107,브랜드관리,020107_L1,브랜드관리 기초 입문 및 업무 환경 지원,1,Attitude(태도),성실한 업무 지원 태도
02,경영·회계·사무,020107,브랜드관리,020107_L2,브랜드관리 초급 실무 및 정형 과업 수행,2,Knowledge(지식),브랜드관리 실무 프로세스
02,경영·회계·사무,020107,브랜드관리,020107_L2,브랜드관리 초급 실무 및 정형 과업 수행,2,Knowledge(지식),단위 업무 품질 기준
02,경영·회계·사무,020107,브랜드관리,020107_L2,브랜드관리 초급 실무 및 정형 과업 수행,2,Knowledge(지식),데이터 검증 기법
02,경영·회계·사무,020107,브랜드관리,020107_L2,브랜드관리 초급 실무 및 정형 과업 수행,2,Skill(기술/도구),실무 도구/SW 조작
02,경영·회계·사무,020107,브랜드관리,020107_L2,브랜드관리 초급 실무 및 정형 과업 수행,2,Skill(기술/도구),데이터 정제 및 가공
02,경영·회계·사무,020107,브랜드관리,020107_L2,브랜드관리 초급 실무 및 정형 과업 수행,2,Skill(기술/도구),단위 결과물 산출
02,경영·회계·사무,020107,브랜드관리,020107_L2,브랜드관리 초급 실무 및 정형 과업 수행,2,Attitude(태도),정확성과 꼼꼼함
02,경영·회계·사무,020107,브랜드관리,020107_L2,브랜드관리 초급 실무 및 정형 과업 수행,2,Attitude(태도),기한 준수 책임감
02,경영·회계·사무,020107,브랜드관리,020107_L3,브랜드관리 중급 독립 실무 및 문제해결 엔지니어링,3,Knowledge(지식),심화 모델링/설계 이론
02,경영·회계·사무,020107,브랜드관리,020107_L3,브랜드관리 중급 독립 실무 및 문제해결 엔지니어링,3,Knowledge(지식),성능 지표(KPI) 분석법
02,경영·회계·사무,020107,브랜드관리,020107_L3,브랜드관리 중급 독립 실무 및 문제해결 엔지니어링,3,Knowledge(지식),이슈 해결 방법론
02,경영·회계·사무,020107,브랜드관리,020107_L3,브랜드관리 중급 독립 실무 및 문제해결 엔지니어링,3,Skill(기술/도구),고급 도구/코드/기기 활용
02,경영·회계·사무,020107,브랜드관리,020107_L3,브랜드관리 중급 독립 실무 및 문제해결 엔지니어링,3,Skill(기술/도구),원인 분석 및 조치
02,경영·회계·사무,020107,브랜드관리,020107_L3,브랜드관리 중급 독립 실무 및 문제해결 엔지니어링,3,Skill(기술/도구),성과 분석 리포팅
02,경영·회계·사무,020107,브랜드관리,020107_L3,브랜드관리 중급 독립 실무 및 문제해결 엔지니어링,3,Attitude(태도),분석적 사고력
02,경영·회계·사무,020107,브랜드관리,020107_L3,브랜드관리 중급 독립 실무 및 문제해결 엔지니어링,3,Attitude(태도),타 부서와의 원활한 협업 소통
02,경영·회계·사무,020107,브랜드관리,020107_L4,브랜드관리 고급 전문화 및 프로젝트/팀 리딩,4,Knowledge(지식),신기술 융합 아키텍처
02,경영·회계·사무,020107,브랜드관리,020107_L4,브랜드관리 고급 전문화 및 프로젝트/팀 리딩,4,Knowledge(지식),프로젝트 관리론(PMBOK/Agile)
02,경영·회계·사무,020107,브랜드관리,020107_L4,브랜드관리 고급 전문화 및 프로젝트/팀 리딩,4,Knowledge(지식),품질보증(QA) 거버넌스
02,경영·회계·사무,020107,브랜드관리,020107_L4,브랜드관리 고급 전문화 및 프로젝트/팀 리딩,4,Skill(기술/도구),전체 시스템 아키텍처 설계
02,경영·회계·사무,020107,브랜드관리,020107_L4,브랜드관리 고급 전문화 및 프로젝트/팀 리딩,4,Skill(기술/도구),애자일 스프린트 리딩
02,경영·회계·사무,020107,브랜드관리,020107_L4,브랜드관리 고급 전문화 및 프로젝트/팀 리딩,4,Skill(기술/도구),신기술 PoC 검증
02,경영·회계·사무,020107,브랜드관리,020107_L4,브랜드관리 고급 전문화 및 프로젝트/팀 리딩,4,Attitude(태도),혁신 지향 리더십
02,경영·회계·사무,020107,브랜드관리,020107_L4,브랜드관리 고급 전문화 및 프로젝트/팀 리딩,4,Attitude(태도),동료 성장 멘토링 마인드
02,경영·회계·사무,020107,브랜드관리,020107_L5,브랜드관리 전략 기획 및 전사 거버넌스 총괄,5,Knowledge(지식),경영 전략 및 자본 예산 배분
02,경영·회계·사무,020107,브랜드관리,020107_L5,브랜드관리 전략 기획 및 전사 거버넌스 총괄,5,Knowledge(지식),국내외 규제 컴플라이언스
02,경영·회계·사무,020107,브랜드관리,020107_L5,브랜드관리 전략 기획 및 전사 거버넌스 총괄,5,Knowledge(지식),엔터프라이즈 거버넌스
02,경영·회계·사무,020107,브랜드관리,020107_L5,브랜드관리 전략 기획 및 전사 거버넌스 총괄,5,Skill(기술/도구),전사 로드맵 수립
02,경영·회계·사무,020107,브랜드관리,020107_L5,브랜드관리 전략 기획 및 전사 거버넌스 총괄,5,Skill(기술/도구),투자 대비 성과(ROI) 모델링
02,경영·회계·사무,020107,브랜드관리,020107_L5,브랜드관리 전략 기획 및 전사 거버넌스 총괄,5,Skill(기술/도구),최고 의사결정 전략 제언
02,경영·회계·사무,020107,브랜드관리,020107_L5,브랜드관리 전략 기획 및 전사 거버넌스 총괄,5,Attitude(태도),거시적 통찰력
02,경영·회계·사무,020107,브랜드관리,020107_L5,브랜드관리 전략 기획 및 전사 거버넌스 총괄,5,Attitude(태도),전략적 윤리 리더십
02,경영·회계·사무,020208,인사관리(HRM),020208_L1,인사관리(HRM) 기초 입문 및 업무 환경 지원,1,Knowledge(지식),인사관리(HRM) 개론
02,경영·회계·사무,020208,인사관리(HRM),020208_L1,인사관리(HRM) 기초 입문 및 업무 환경 지원,1,Knowledge(지식),표준 작업 지침서
02,경영·회계·사무,020208,인사관리(HRM),020208_L1,인사관리(HRM) 기초 입문 및 업무 환경 지원,1,Knowledge(지식),기초 법령/규정
02,경영·회계·사무,020208,인사관리(HRM),020208_L1,인사관리(HRM) 기초 입문 및 업무 환경 지원,1,Skill(기술/도구),기초 전산 툴 조작
02,경영·회계·사무,020208,인사관리(HRM),020208_L1,인사관리(HRM) 기초 입문 및 업무 환경 지원,1,Skill(기술/도구),문서 서식 작성
02,경영·회계·사무,020208,인사관리(HRM),020208_L1,인사관리(HRM) 기초 입문 및 업무 환경 지원,1,Skill(기술/도구),자료 검색 및 분류
02,경영·회계·사무,020208,인사관리(HRM),020208_L1,인사관리(HRM) 기초 입문 및 업무 환경 지원,1,Attitude(태도),규정 준수 의식
02,경영·회계·사무,020208,인사관리(HRM),020208_L1,인사관리(HRM) 기초 입문 및 업무 환경 지원,1,Attitude(태도),성실한 업무 지원 태도
02,경영·회계·사무,020208,인사관리(HRM),020208_L2,인사관리(HRM) 초급 실무 및 정형 과업 수행,2,Knowledge(지식),인사관리(HRM) 실무 프로세스
02,경영·회계·사무,020208,인사관리(HRM),020208_L2,인사관리(HRM) 초급 실무 및 정형 과업 수행,2,Knowledge(지식),단위 업무 품질 기준
02,경영·회계·사무,020208,인사관리(HRM),020208_L2,인사관리(HRM) 초급 실무 및 정형 과업 수행,2,Knowledge(지식),데이터 검증 기법
02,경영·회계·사무,020208,인사관리(HRM),020208_L2,인사관리(HRM) 초급 실무 및 정형 과업 수행,2,Skill(기술/도구),실무 도구/SW 조작
02,경영·회계·사무,020208,인사관리(HRM),020208_L2,인사관리(HRM) 초급 실무 및 정형 과업 수행,2,Skill(기술/도구),데이터 정제 및 가공
02,경영·회계·사무,020208,인사관리(HRM),020208_L2,인사관리(HRM) 초급 실무 및 정형 과업 수행,2,Skill(기술/도구),단위 결과물 산출
02,경영·회계·사무,020208,인사관리(HRM),020208_L2,인사관리(HRM) 초급 실무 및 정형 과업 수행,2,Attitude(태도),정확성과 꼼꼼함
02,경영·회계·사무,020208,인사관리(HRM),020208_L2,인사관리(HRM) 초급 실무 및 정형 과업 수행,2,Attitude(태도),기한 준수 책임감
02,경영·회계·사무,020208,인사관리(HRM),020208_L3,인사관리(HRM) 중급 독립 실무 및 문제해결 엔지니어링,3,Knowledge(지식),심화 모델링/설계 이론
02,경영·회계·사무,020208,인사관리(HRM),020208_L3,인사관리(HRM) 중급 독립 실무 및 문제해결 엔지니어링,3,Knowledge(지식),성능 지표(KPI) 분석법
02,경영·회계·사무,020208,인사관리(HRM),020208_L3,인사관리(HRM) 중급 독립 실무 및 문제해결 엔지니어링,3,Knowledge(지식),이슈 해결 방법론
02,경영·회계·사무,020208,인사관리(HRM),020208_L3,인사관리(HRM) 중급 독립 실무 및 문제해결 엔지니어링,3,Skill(기술/도구),고급 도구/코드/기기 활용
02,경영·회계·사무,020208,인사관리(HRM),020208_L3,인사관리(HRM) 중급 독립 실무 및 문제해결 엔지니어링,3,Skill(기술/도구),원인 분석 및 조치
02,경영·회계·사무,020208,인사관리(HRM),020208_L3,인사관리(HRM) 중급 독립 실무 및 문제해결 엔지니어링,3,Skill(기술/도구),성과 분석 리포팅
02,경영·회계·사무,020208,인사관리(HRM),020208_L3,인사관리(HRM) 중급 독립 실무 및 문제해결 엔지니어링,3,Attitude(태도),분석적 사고력
02,경영·회계·사무,020208,인사관리(HRM),020208_L3,인사관리(HRM) 중급 독립 실무 및 문제해결 엔지니어링,3,Attitude(태도),타 부서와의 원활한 협업 소통
02,경영·회계·사무,020208,인사관리(HRM),020208_L4,인사관리(HRM) 고급 전문화 및 프로젝트/팀 리딩,4,Knowledge(지식),신기술 융합 아키텍처
02,경영·회계·사무,020208,인사관리(HRM),020208_L4,인사관리(HRM) 고급 전문화 및 프로젝트/팀 리딩,4,Knowledge(지식),프로젝트 관리론(PMBOK/Agile)
02,경영·회계·사무,020208,인사관리(HRM),020208_L4,인사관리(HRM) 고급 전문화 및 프로젝트/팀 리딩,4,Knowledge(지식),품질보증(QA) 거버넌스
02,경영·회계·사무,020208,인사관리(HRM),020208_L4,인사관리(HRM) 고급 전문화 및 프로젝트/팀 리딩,4,Skill(기술/도구),전체 시스템 아키텍처 설계
02,경영·회계·사무,020208,인사관리(HRM),020208_L4,인사관리(HRM) 고급 전문화 및 프로젝트/팀 리딩,4,Skill(기술/도구),애자일 스프린트 리딩
02,경영·회계·사무,020208,인사관리(HRM),020208_L4,인사관리(HRM) 고급 전문화 및 프로젝트/팀 리딩,4,Skill(기술/도구),신기술 PoC 검증
02,경영·회계·사무,020208,인사관리(HRM),020208_L4,인사관리(HRM) 고급 전문화 및 프로젝트/팀 리딩,4,Attitude(태도),혁신 지향 리더십
02,경영·회계·사무,020208,인사관리(HRM),020208_L4,인사관리(HRM) 고급 전문화 및 프로젝트/팀 리딩,4,Attitude(태도),동료 성장 멘토링 마인드
02,경영·회계·사무,020208,인사관리(HRM),020208_L5,인사관리(HRM) 전략 기획 및 전사 거버넌스 총괄,5,Knowledge(지식),경영 전략 및 자본 예산 배분
02,경영·회계·사무,020208,인사관리(HRM),020208_L5,인사관리(HRM) 전략 기획 및 전사 거버넌스 총괄,5,Knowledge(지식),국내외 규제 컴플라이언스
02,경영·회계·사무,020208,인사관리(HRM),020208_L5,인사관리(HRM) 전략 기획 및 전사 거버넌스 총괄,5,Knowledge(지식),엔터프라이즈 거버넌스
02,경영·회계·사무,020208,인사관리(HRM),020208_L5,인사관리(HRM) 전략 기획 및 전사 거버넌스 총괄,5,Skill(기술/도구),전사 로드맵 수립
02,경영·회계·사무,020208,인사관리(HRM),020208_L5,인사관리(HRM) 전략 기획 및 전사 거버넌스 총괄,5,Skill(기술/도구),투자 대비 성과(ROI) 모델링
02,경영·회계·사무,020208,인사관리(HRM),020208_L5,인사관리(HRM) 전략 기획 및 전사 거버넌스 총괄,5,Skill(기술/도구),최고 의사결정 전략 제언
02,경영·회계·사무,020208,인사관리(HRM),020208_L5,인사관리(HRM) 전략 기획 및 전사 거버넌스 총괄,5,Attitude(태도),거시적 통찰력
02,경영·회계·사무,020208,인사관리(HRM),020208_L5,인사관리(HRM) 전략 기획 및 전사 거버넌스 총괄,5,Attitude(태도),전략적 윤리 리더십
02,경영·회계·사무,020209,인력개발(HRD),020209_L1,인력개발(HRD) 기초 입문 및 업무 환경 지원,1,Knowledge(지식),인력개발(HRD) 개론
02,경영·회계·사무,020209,인력개발(HRD),020209_L1,인력개발(HRD) 기초 입문 및 업무 환경 지원,1,Knowledge(지식),표준 작업 지침서
02,경영·회계·사무,020209,인력개발(HRD),020209_L1,인력개발(HRD) 기초 입문 및 업무 환경 지원,1,Knowledge(지식),기초 법령/규정
02,경영·회계·사무,020209,인력개발(HRD),020209_L1,인력개발(HRD) 기초 입문 및 업무 환경 지원,1,Skill(기술/도구),기초 전산 툴 조작
02,경영·회계·사무,020209,인력개발(HRD),020209_L1,인력개발(HRD) 기초 입문 및 업무 환경 지원,1,Skill(기술/도구),문서 서식 작성
02,경영·회계·사무,020209,인력개발(HRD),020209_L1,인력개발(HRD) 기초 입문 및 업무 환경 지원,1,Skill(기술/도구),자료 검색 및 분류
02,경영·회계·사무,020209,인력개발(HRD),020209_L1,인력개발(HRD) 기초 입문 및 업무 환경 지원,1,Attitude(태도),규정 준수 의식
02,경영·회계·사무,020209,인력개발(HRD),020209_L1,인력개발(HRD) 기초 입문 및 업무 환경 지원,1,Attitude(태도),성실한 업무 지원 태도
02,경영·회계·사무,020209,인력개발(HRD),020209_L2,인력개발(HRD) 초급 실무 및 정형 과업 수행,2,Knowledge(지식),인력개발(HRD) 실무 프로세스
02,경영·회계·사무,020209,인력개발(HRD),020209_L2,인력개발(HRD) 초급 실무 및 정형 과업 수행,2,Knowledge(지식),단위 업무 품질 기준
02,경영·회계·사무,020209,인력개발(HRD),020209_L2,인력개발(HRD) 초급 실무 및 정형 과업 수행,2,Knowledge(지식),데이터 검증 기법
02,경영·회계·사무,020209,인력개발(HRD),020209_L2,인력개발(HRD) 초급 실무 및 정형 과업 수행,2,Skill(기술/도구),실무 도구/SW 조작
02,경영·회계·사무,020209,인력개발(HRD),020209_L2,인력개발(HRD) 초급 실무 및 정형 과업 수행,2,Skill(기술/도구),데이터 정제 및 가공
02,경영·회계·사무,020209,인력개발(HRD),020209_L2,인력개발(HRD) 초급 실무 및 정형 과업 수행,2,Skill(기술/도구),단위 결과물 산출
02,경영·회계·사무,020209,인력개발(HRD),020209_L2,인력개발(HRD) 초급 실무 및 정형 과업 수행,2,Attitude(태도),정확성과 꼼꼼함
02,경영·회계·사무,020209,인력개발(HRD),020209_L2,인력개발(HRD) 초급 실무 및 정형 과업 수행,2,Attitude(태도),기한 준수 책임감
02,경영·회계·사무,020209,인력개발(HRD),020209_L3,인력개발(HRD) 중급 독립 실무 및 문제해결 엔지니어링,3,Knowledge(지식),심화 모델링/설계 이론
02,경영·회계·사무,020209,인력개발(HRD),020209_L3,인력개발(HRD) 중급 독립 실무 및 문제해결 엔지니어링,3,Knowledge(지식),성능 지표(KPI) 분석법
02,경영·회계·사무,020209,인력개발(HRD),020209_L3,인력개발(HRD) 중급 독립 실무 및 문제해결 엔지니어링,3,Knowledge(지식),이슈 해결 방법론
02,경영·회계·사무,020209,인력개발(HRD),020209_L3,인력개발(HRD) 중급 독립 실무 및 문제해결 엔지니어링,3,Skill(기술/도구),고급 도구/코드/기기 활용
02,경영·회계·사무,020209,인력개발(HRD),020209_L3,인력개발(HRD) 중급 독립 실무 및 문제해결 엔지니어링,3,Skill(기술/도구),원인 분석 및 조치
02,경영·회계·사무,020209,인력개발(HRD),020209_L3,인력개발(HRD) 중급 독립 실무 및 문제해결 엔지니어링,3,Skill(기술/도구),성과 분석 리포팅
02,경영·회계·사무,020209,인력개발(HRD),020209_L3,인력개발(HRD) 중급 독립 실무 및 문제해결 엔지니어링,3,Attitude(태도),분석적 사고력
02,경영·회계·사무,020209,인력개발(HRD),020209_L3,인력개발(HRD) 중급 독립 실무 및 문제해결 엔지니어링,3,Attitude(태도),타 부서와의 원활한 협업 소통
02,경영·회계·사무,020209,인력개발(HRD),020209_L4,인력개발(HRD) 고급 전문화 및 프로젝트/팀 리딩,4,Knowledge(지식),신기술 융합 아키텍처
02,경영·회계·사무,020209,인력개발(HRD),020209_L4,인력개발(HRD) 고급 전문화 및 프로젝트/팀 리딩,4,Knowledge(지식),프로젝트 관리론(PMBOK/Agile)
02,경영·회계·사무,020209,인력개발(HRD),020209_L4,인력개발(HRD) 고급 전문화 및 프로젝트/팀 리딩,4,Knowledge(지식),품질보증(QA) 거버넌스
02,경영·회계·사무,020209,인력개발(HRD),020209_L4,인력개발(HRD) 고급 전문화 및 프로젝트/팀 리딩,4,Skill(기술/도구),전체 시스템 아키텍처 설계
02,경영·회계·사무,020209,인력개발(HRD),020209_L4,인력개발(HRD) 고급 전문화 및 프로젝트/팀 리딩,4,Skill(기술/도구),애자일 스프린트 리딩
02,경영·회계·사무,020209,인력개발(HRD),020209_L4,인력개발(HRD) 고급 전문화 및 프로젝트/팀 리딩,4,Skill(기술/도구),신기술 PoC 검증
02,경영·회계·사무,020209,인력개발(HRD),020209_L4,인력개발(HRD) 고급 전문화 및 프로젝트/팀 리딩,4,Attitude(태도),혁신 지향 리더십
02,경영·회계·사무,020209,인력개발(HRD),020209_L4,인력개발(HRD) 고급 전문화 및 프로젝트/팀 리딩,4,Attitude(태도),동료 성장 멘토링 마인드
02,경영·회계·사무,020209,인력개발(HRD),020209_L5,인력개발(HRD) 전략 기획 및 전사 거버넌스 총괄,5,Knowledge(지식),경영 전략 및 자본 예산 배분
02,경영·회계·사무,020209,인력개발(HRD),020209_L5,인력개발(HRD) 전략 기획 및 전사 거버넌스 총괄,5,Knowledge(지식),국내외 규제 컴플라이언스
02,경영·회계·사무,020209,인력개발(HRD),020209_L5,인력개발(HRD) 전략 기획 및 전사 거버넌스 총괄,5,Knowledge(지식),엔터프라이즈 거버넌스
02,경영·회계·사무,020209,인력개발(HRD),020209_L5,인력개발(HRD) 전략 기획 및 전사 거버넌스 총괄,5,Skill(기술/도구),전사 로드맵 수립
02,경영·회계·사무,020209,인력개발(HRD),020209_L5,인력개발(HRD) 전략 기획 및 전사 거버넌스 총괄,5,Skill(기술/도구),투자 대비 성과(ROI) 모델링
02,경영·회계·사무,020209,인력개발(HRD),020209_L5,인력개발(HRD) 전략 기획 및 전사 거버넌스 총괄,5,Skill(기술/도구),최고 의사결정 전략 제언
02,경영·회계·사무,020209,인력개발(HRD),020209_L5,인력개발(HRD) 전략 기획 및 전사 거버넌스 총괄,5,Attitude(태도),거시적 통찰력
02,경영·회계·사무,020209,인력개발(HRD),020209_L5,인력개발(HRD) 전략 기획 및 전사 거버넌스 총괄,5,Attitude(태도),전략적 윤리 리더십
02,경영·회계·사무,020210,노무관리,020210_L1,노무관리 기초 입문 및 업무 환경 지원,1,Knowledge(지식),노무관리 개론
02,경영·회계·사무,020210,노무관리,020210_L1,노무관리 기초 입문 및 업무 환경 지원,1,Knowledge(지식),표준 작업 지침서
02,경영·회계·사무,020210,노무관리,020210_L1,노무관리 기초 입문 및 업무 환경 지원,1,Knowledge(지식),기초 법령/규정
02,경영·회계·사무,020210,노무관리,020210_L1,노무관리 기초 입문 및 업무 환경 지원,1,Skill(기술/도구),기초 전산 툴 조작
02,경영·회계·사무,020210,노무관리,020210_L1,노무관리 기초 입문 및 업무 환경 지원,1,Skill(기술/도구),문서 서식 작성
02,경영·회계·사무,020210,노무관리,020210_L1,노무관리 기초 입문 및 업무 환경 지원,1,Skill(기술/도구),자료 검색 및 분류
02,경영·회계·사무,020210,노무관리,020210_L1,노무관리 기초 입문 및 업무 환경 지원,1,Attitude(태도),규정 준수 의식
02,경영·회계·사무,020210,노무관리,020210_L1,노무관리 기초 입문 및 업무 환경 지원,1,Attitude(태도),성실한 업무 지원 태도
02,경영·회계·사무,020210,노무관리,020210_L2,노무관리 초급 실무 및 정형 과업 수행,2,Knowledge(지식),노무관리 실무 프로세스
02,경영·회계·사무,020210,노무관리,020210_L2,노무관리 초급 실무 및 정형 과업 수행,2,Knowledge(지식),단위 업무 품질 기준
02,경영·회계·사무,020210,노무관리,020210_L2,노무관리 초급 실무 및 정형 과업 수행,2,Knowledge(지식),데이터 검증 기법
02,경영·회계·사무,020210,노무관리,020210_L2,노무관리 초급 실무 및 정형 과업 수행,2,Skill(기술/도구),실무 도구/SW 조작
02,경영·회계·사무,020210,노무관리,020210_L2,노무관리 초급 실무 및 정형 과업 수행,2,Skill(기술/도구),데이터 정제 및 가공
02,경영·회계·사무,020210,노무관리,020210_L2,노무관리 초급 실무 및 정형 과업 수행,2,Skill(기술/도구),단위 결과물 산출
02,경영·회계·사무,020210,노무관리,020210_L2,노무관리 초급 실무 및 정형 과업 수행,2,Attitude(태도),정확성과 꼼꼼함
02,경영·회계·사무,020210,노무관리,020210_L2,노무관리 초급 실무 및 정형 과업 수행,2,Attitude(태도),기한 준수 책임감
02,경영·회계·사무,020210,노무관리,020210_L3,노무관리 중급 독립 실무 및 문제해결 엔지니어링,3,Knowledge(지식),심화 모델링/설계 이론
02,경영·회계·사무,020210,노무관리,020210_L3,노무관리 중급 독립 실무 및 문제해결 엔지니어링,3,Knowledge(지식),성능 지표(KPI) 분석법
02,경영·회계·사무,020210,노무관리,020210_L3,노무관리 중급 독립 실무 및 문제해결 엔지니어링,3,Knowledge(지식),이슈 해결 방법론
02,경영·회계·사무,020210,노무관리,020210_L3,노무관리 중급 독립 실무 및 문제해결 엔지니어링,3,Skill(기술/도구),고급 도구/코드/기기 활용
02,경영·회계·사무,020210,노무관리,020210_L3,노무관리 중급 독립 실무 및 문제해결 엔지니어링,3,Skill(기술/도구),원인 분석 및 조치
02,경영·회계·사무,020210,노무관리,020210_L3,노무관리 중급 독립 실무 및 문제해결 엔지니어링,3,Skill(기술/도구),성과 분석 리포팅
02,경영·회계·사무,020210,노무관리,020210_L3,노무관리 중급 독립 실무 및 문제해결 엔지니어링,3,Attitude(태도),분석적 사고력
02,경영·회계·사무,020210,노무관리,020210_L3,노무관리 중급 독립 실무 및 문제해결 엔지니어링,3,Attitude(태도),타 부서와의 원활한 협업 소통
02,경영·회계·사무,020210,노무관리,020210_L4,노무관리 고급 전문화 및 프로젝트/팀 리딩,4,Knowledge(지식),신기술 융합 아키텍처
02,경영·회계·사무,020210,노무관리,020210_L4,노무관리 고급 전문화 및 프로젝트/팀 리딩,4,Knowledge(지식),프로젝트 관리론(PMBOK/Agile)
02,경영·회계·사무,020210,노무관리,020210_L4,노무관리 고급 전문화 및 프로젝트/팀 리딩,4,Knowledge(지식),품질보증(QA) 거버넌스
02,경영·회계·사무,020210,노무관리,020210_L4,노무관리 고급 전문화 및 프로젝트/팀 리딩,4,Skill(기술/도구),전체 시스템 아키텍처 설계
02,경영·회계·사무,020210,노무관리,020210_L4,노무관리 고급 전문화 및 프로젝트/팀 리딩,4,Skill(기술/도구),애자일 스프린트 리딩
02,경영·회계·사무,020210,노무관리,020210_L4,노무관리 고급 전문화 및 프로젝트/팀 리딩,4,Skill(기술/도구),신기술 PoC 검증
02,경영·회계·사무,020210,노무관리,020210_L4,노무관리 고급 전문화 및 프로젝트/팀 리딩,4,Attitude(태도),혁신 지향 리더십
02,경영·회계·사무,020210,노무관리,020210_L4,노무관리 고급 전문화 및 프로젝트/팀 리딩,4,Attitude(태도),동료 성장 멘토링 마인드
02,경영·회계·사무,020210,노무관리,020210_L5,노무관리 전략 기획 및 전사 거버넌스 총괄,5,Knowledge(지식),경영 전략 및 자본 예산 배분
02,경영·회계·사무,020210,노무관리,020210_L5,노무관리 전략 기획 및 전사 거버넌스 총괄,5,Knowledge(지식),국내외 규제 컴플라이언스
02,경영·회계·사무,020210,노무관리,020210_L5,노무관리 전략 기획 및 전사 거버넌스 총괄,5,Knowledge(지식),엔터프라이즈 거버넌스
02,경영·회계·사무,020210,노무관리,020210_L5,노무관리 전략 기획 및 전사 거버넌스 총괄,5,Skill(기술/도구),전사 로드맵 수립
02,경영·회계·사무,020210,노무관리,020210_L5,노무관리 전략 기획 및 전사 거버넌스 총괄,5,Skill(기술/도구),투자 대비 성과(ROI) 모델링
02,경영·회계·사무,020210,노무관리,020210_L5,노무관리 전략 기획 및 전사 거버넌스 총괄,5,Skill(기술/도구),최고 의사결정 전략 제언
02,경영·회계·사무,020210,노무관리,020210_L5,노무관리 전략 기획 및 전사 거버넌스 총괄,5,Attitude(태도),거시적 통찰력
02,경영·회계·사무,020210,노무관리,020210_L5,노무관리 전략 기획 및 전사 거버넌스 총괄,5,Attitude(태도),전략적 윤리 리더십
02,경영·회계·사무,020211,총무,020211_L1,총무 기초 입문 및 업무 환경 지원,1,Knowledge(지식),총무 개론
02,경영·회계·사무,020211,총무,020211_L1,총무 기초 입문 및 업무 환경 지원,1,Knowledge(지식),표준 작업 지침서
02,경영·회계·사무,020211,총무,020211_L1,총무 기초 입문 및 업무 환경 지원,1,Knowledge(지식),기초 법령/규정
02,경영·회계·사무,020211,총무,020211_L1,총무 기초 입문 및 업무 환경 지원,1,Skill(기술/도구),기초 전산 툴 조작
02,경영·회계·사무,020211,총무,020211_L1,총무 기초 입문 및 업무 환경 지원,1,Skill(기술/도구),문서 서식 작성
02,경영·회계·사무,020211,총무,020211_L1,총무 기초 입문 및 업무 환경 지원,1,Skill(기술/도구),자료 검색 및 분류
02,경영·회계·사무,020211,총무,020211_L1,총무 기초 입문 및 업무 환경 지원,1,Attitude(태도),규정 준수 의식
02,경영·회계·사무,020211,총무,020211_L1,총무 기초 입문 및 업무 환경 지원,1,Attitude(태도),성실한 업무 지원 태도
02,경영·회계·사무,020211,총무,020211_L2,총무 초급 실무 및 정형 과업 수행,2,Knowledge(지식),총무 실무 프로세스
02,경영·회계·사무,020211,총무,020211_L2,총무 초급 실무 및 정형 과업 수행,2,Knowledge(지식),단위 업무 품질 기준
02,경영·회계·사무,020211,총무,020211_L2,총무 초급 실무 및 정형 과업 수행,2,Knowledge(지식),데이터 검증 기법
02,경영·회계·사무,020211,총무,020211_L2,총무 초급 실무 및 정형 과업 수행,2,Skill(기술/도구),실무 도구/SW 조작
02,경영·회계·사무,020211,총무,020211_L2,총무 초급 실무 및 정형 과업 수행,2,Skill(기술/도구),데이터 정제 및 가공
02,경영·회계·사무,020211,총무,020211_L2,총무 초급 실무 및 정형 과업 수행,2,Skill(기술/도구),단위 결과물 산출
02,경영·회계·사무,020211,총무,020211_L2,총무 초급 실무 및 정형 과업 수행,2,Attitude(태도),정확성과 꼼꼼함
02,경영·회계·사무,020211,총무,020211_L2,총무 초급 실무 및 정형 과업 수행,2,Attitude(태도),기한 준수 책임감
02,경영·회계·사무,020211,총무,020211_L3,총무 중급 독립 실무 및 문제해결 엔지니어링,3,Knowledge(지식),심화 모델링/설계 이론
02,경영·회계·사무,020211,총무,020211_L3,총무 중급 독립 실무 및 문제해결 엔지니어링,3,Knowledge(지식),성능 지표(KPI) 분석법
02,경영·회계·사무,020211,총무,020211_L3,총무 중급 독립 실무 및 문제해결 엔지니어링,3,Knowledge(지식),이슈 해결 방법론
02,경영·회계·사무,020211,총무,020211_L3,총무 중급 독립 실무 및 문제해결 엔지니어링,3,Skill(기술/도구),고급 도구/코드/기기 활용
02,경영·회계·사무,020211,총무,020211_L3,총무 중급 독립 실무 및 문제해결 엔지니어링,3,Skill(기술/도구),원인 분석 및 조치
02,경영·회계·사무,020211,총무,020211_L3,총무 중급 독립 실무 및 문제해결 엔지니어링,3,Skill(기술/도구),성과 분석 리포팅
02,경영·회계·사무,020211,총무,020211_L3,총무 중급 독립 실무 및 문제해결 엔지니어링,3,Attitude(태도),분석적 사고력
02,경영·회계·사무,020211,총무,020211_L3,총무 중급 독립 실무 및 문제해결 엔지니어링,3,Attitude(태도),타 부서와의 원활한 협업 소통
02,경영·회계·사무,020211,총무,020211_L4,총무 고급 전문화 및 프로젝트/팀 리딩,4,Knowledge(지식),신기술 융합 아키텍처
02,경영·회계·사무,020211,총무,020211_L4,총무 고급 전문화 및 프로젝트/팀 리딩,4,Knowledge(지식),프로젝트 관리론(PMBOK/Agile)
02,경영·회계·사무,020211,총무,020211_L4,총무 고급 전문화 및 프로젝트/팀 리딩,4,Knowledge(지식),품질보증(QA) 거버넌스
02,경영·회계·사무,020211,총무,020211_L4,총무 고급 전문화 및 프로젝트/팀 리딩,4,Skill(기술/도구),전체 시스템 아키텍처 설계
02,경영·회계·사무,020211,총무,020211_L4,총무 고급 전문화 및 프로젝트/팀 리딩,4,Skill(기술/도구),애자일 스프린트 리딩
02,경영·회계·사무,020211,총무,020211_L4,총무 고급 전문화 및 프로젝트/팀 리딩,4,Skill(기술/도구),신기술 PoC 검증
02,경영·회계·사무,020211,총무,020211_L4,총무 고급 전문화 및 프로젝트/팀 리딩,4,Attitude(태도),혁신 지향 리더십
02,경영·회계·사무,020211,총무,020211_L4,총무 고급 전문화 및 프로젝트/팀 리딩,4,Attitude(태도),동료 성장 멘토링 마인드
02,경영·회계·사무,020211,총무,020211_L5,총무 전략 기획 및 전사 거버넌스 총괄,5,Knowledge(지식),경영 전략 및 자본 예산 배분
02,경영·회계·사무,020211,총무,020211_L5,총무 전략 기획 및 전사 거버넌스 총괄,5,Knowledge(지식),국내외 규제 컴플라이언스
02,경영·회계·사무,020211,총무,020211_L5,총무 전략 기획 및 전사 거버넌스 총괄,5,Knowledge(지식),엔터프라이즈 거버넌스
02,경영·회계·사무,020211,총무,020211_L5,총무 전략 기획 및 전사 거버넌스 총괄,5,Skill(기술/도구),전사 로드맵 수립
02,경영·회계·사무,020211,총무,020211_L5,총무 전략 기획 및 전사 거버넌스 총괄,5,Skill(기술/도구),투자 대비 성과(ROI) 모델링
02,경영·회계·사무,020211,총무,020211_L5,총무 전략 기획 및 전사 거버넌스 총괄,5,Skill(기술/도구),최고 의사결정 전략 제언
02,경영·회계·사무,020211,총무,020211_L5,총무 전략 기획 및 전사 거버넌스 총괄,5,Attitude(태도),거시적 통찰력
02,경영·회계·사무,020211,총무,020211_L5,총무 전략 기획 및 전사 거버넌스 총괄,5,Attitude(태도),전략적 윤리 리더십
02,경영·회계·사무,020212,비서,020212_L1,비서 기초 입문 및 업무 환경 지원,1,Knowledge(지식),비서 개론
02,경영·회계·사무,020212,비서,020212_L1,비서 기초 입문 및 업무 환경 지원,1,Knowledge(지식),표준 작업 지침서
02,경영·회계·사무,020212,비서,020212_L1,비서 기초 입문 및 업무 환경 지원,1,Knowledge(지식),기초 법령/규정
02,경영·회계·사무,020212,비서,020212_L1,비서 기초 입문 및 업무 환경 지원,1,Skill(기술/도구),기초 전산 툴 조작
02,경영·회계·사무,020212,비서,020212_L1,비서 기초 입문 및 업무 환경 지원,1,Skill(기술/도구),문서 서식 작성
02,경영·회계·사무,020212,비서,020212_L1,비서 기초 입문 및 업무 환경 지원,1,Skill(기술/도구),자료 검색 및 분류
02,경영·회계·사무,020212,비서,020212_L1,비서 기초 입문 및 업무 환경 지원,1,Attitude(태도),규정 준수 의식
02,경영·회계·사무,020212,비서,020212_L1,비서 기초 입문 및 업무 환경 지원,1,Attitude(태도),성실한 업무 지원 태도
02,경영·회계·사무,020212,비서,020212_L2,비서 초급 실무 및 정형 과업 수행,2,Knowledge(지식),비서 실무 프로세스
02,경영·회계·사무,020212,비서,020212_L2,비서 초급 실무 및 정형 과업 수행,2,Knowledge(지식),단위 업무 품질 기준
02,경영·회계·사무,020212,비서,020212_L2,비서 초급 실무 및 정형 과업 수행,2,Knowledge(지식),데이터 검증 기법
02,경영·회계·사무,020212,비서,020212_L2,비서 초급 실무 및 정형 과업 수행,2,Skill(기술/도구),실무 도구/SW 조작
02,경영·회계·사무,020212,비서,020212_L2,비서 초급 실무 및 정형 과업 수행,2,Skill(기술/도구),데이터 정제 및 가공
02,경영·회계·사무,020212,비서,020212_L2,비서 초급 실무 및 정형 과업 수행,2,Skill(기술/도구),단위 결과물 산출
02,경영·회계·사무,020212,비서,020212_L2,비서 초급 실무 및 정형 과업 수행,2,Attitude(태도),정확성과 꼼꼼함
02,경영·회계·사무,020212,비서,020212_L2,비서 초급 실무 및 정형 과업 수행,2,Attitude(태도),기한 준수 책임감
02,경영·회계·사무,020212,비서,020212_L3,비서 중급 독립 실무 및 문제해결 엔지니어링,3,Knowledge(지식),심화 모델링/설계 이론
02,경영·회계·사무,020212,비서,020212_L3,비서 중급 독립 실무 및 문제해결 엔지니어링,3,Knowledge(지식),성능 지표(KPI) 분석법
02,경영·회계·사무,020212,비서,020212_L3,비서 중급 독립 실무 및 문제해결 엔지니어링,3,Knowledge(지식),이슈 해결 방법론
02,경영·회계·사무,020212,비서,020212_L3,비서 중급 독립 실무 및 문제해결 엔지니어링,3,Skill(기술/도구),고급 도구/코드/기기 활용
02,경영·회계·사무,020212,비서,020212_L3,비서 중급 독립 실무 및 문제해결 엔지니어링,3,Skill(기술/도구),원인 분석 및 조치
02,경영·회계·사무,020212,비서,020212_L3,비서 중급 독립 실무 및 문제해결 엔지니어링,3,Skill(기술/도구),성과 분석 리포팅
02,경영·회계·사무,020212,비서,020212_L3,비서 중급 독립 실무 및 문제해결 엔지니어링,3,Attitude(태도),분석적 사고력
02,경영·회계·사무,020212,비서,020212_L3,비서 중급 독립 실무 및 문제해결 엔지니어링,3,Attitude(태도),타 부서와의 원활한 협업 소통
02,경영·회계·사무,020212,비서,020212_L4,비서 고급 전문화 및 프로젝트/팀 리딩,4,Knowledge(지식),신기술 융합 아키텍처
02,경영·회계·사무,020212,비서,020212_L4,비서 고급 전문화 및 프로젝트/팀 리딩,4,Knowledge(지식),프로젝트 관리론(PMBOK/Agile)
02,경영·회계·사무,020212,비서,020212_L4,비서 고급 전문화 및 프로젝트/팀 리딩,4,Knowledge(지식),품질보증(QA) 거버넌스
02,경영·회계·사무,020212,비서,020212_L4,비서 고급 전문화 및 프로젝트/팀 리딩,4,Skill(기술/도구),전체 시스템 아키텍처 설계
02,경영·회계·사무,020212,비서,020212_L4,비서 고급 전문화 및 프로젝트/팀 리딩,4,Skill(기술/도구),애자일 스프린트 리딩
02,경영·회계·사무,020212,비서,020212_L4,비서 고급 전문화 및 프로젝트/팀 리딩,4,Skill(기술/도구),신기술 PoC 검증
02,경영·회계·사무,020212,비서,020212_L4,비서 고급 전문화 및 프로젝트/팀 리딩,4,Attitude(태도),혁신 지향 리더십
02,경영·회계·사무,020212,비서,020212_L4,비서 고급 전문화 및 프로젝트/팀 리딩,4,Attitude(태도),동료 성장 멘토링 마인드
02,경영·회계·사무,020212,비서,020212_L5,비서 전략 기획 및 전사 거버넌스 총괄,5,Knowledge(지식),경영 전략 및 자본 예산 배분
02,경영·회계·사무,020212,비서,020212_L5,비서 전략 기획 및 전사 거버넌스 총괄,5,Knowledge(지식),국내외 규제 컴플라이언스
02,경영·회계·사무,020212,비서,020212_L5,비서 전략 기획 및 전사 거버넌스 총괄,5,Knowledge(지식),엔터프라이즈 거버넌스
02,경영·회계·사무,020212,비서,020212_L5,비서 전략 기획 및 전사 거버넌스 총괄,5,Skill(기술/도구),전사 로드맵 수립
02,경영·회계·사무,020212,비서,020212_L5,비서 전략 기획 및 전사 거버넌스 총괄,5,Skill(기술/도구),투자 대비 성과(ROI) 모델링
02,경영·회계·사무,020212,비서,020212_L5,비서 전략 기획 및 전사 거버넌스 총괄,5,Skill(기술/도구),최고 의사결정 전략 제언
02,경영·회계·사무,020212,비서,020212_L5,비서 전략 기획 및 전사 거버넌스 총괄,5,Attitude(태도),거시적 통찰력
02,경영·회계·사무,020212,비서,020212_L5,비서 전략 기획 및 전사 거버넌스 총괄,5,Attitude(태도),전략적 윤리 리더십
02,경영·회계·사무,020213,사무행정,020213_L1,사무행정 기초 입문 및 업무 환경 지원,1,Knowledge(지식),사무행정 개론
02,경영·회계·사무,020213,사무행정,020213_L1,사무행정 기초 입문 및 업무 환경 지원,1,Knowledge(지식),표준 작업 지침서
02,경영·회계·사무,020213,사무행정,020213_L1,사무행정 기초 입문 및 업무 환경 지원,1,Knowledge(지식),기초 법령/규정
02,경영·회계·사무,020213,사무행정,020213_L1,사무행정 기초 입문 및 업무 환경 지원,1,Skill(기술/도구),기초 전산 툴 조작
02,경영·회계·사무,020213,사무행정,020213_L1,사무행정 기초 입문 및 업무 환경 지원,1,Skill(기술/도구),문서 서식 작성
02,경영·회계·사무,020213,사무행정,020213_L1,사무행정 기초 입문 및 업무 환경 지원,1,Skill(기술/도구),자료 검색 및 분류
02,경영·회계·사무,020213,사무행정,020213_L1,사무행정 기초 입문 및 업무 환경 지원,1,Attitude(태도),규정 준수 의식
02,경영·회계·사무,020213,사무행정,020213_L1,사무행정 기초 입문 및 업무 환경 지원,1,Attitude(태도),성실한 업무 지원 태도
02,경영·회계·사무,020213,사무행정,020213_L2,사무행정 초급 실무 및 정형 과업 수행,2,Knowledge(지식),사무행정 실무 프로세스
02,경영·회계·사무,020213,사무행정,020213_L2,사무행정 초급 실무 및 정형 과업 수행,2,Knowledge(지식),단위 업무 품질 기준
02,경영·회계·사무,020213,사무행정,020213_L2,사무행정 초급 실무 및 정형 과업 수행,2,Knowledge(지식),데이터 검증 기법
02,경영·회계·사무,020213,사무행정,020213_L2,사무행정 초급 실무 및 정형 과업 수행,2,Skill(기술/도구),실무 도구/SW 조작
02,경영·회계·사무,020213,사무행정,020213_L2,사무행정 초급 실무 및 정형 과업 수행,2,Skill(기술/도구),데이터 정제 및 가공
02,경영·회계·사무,020213,사무행정,020213_L2,사무행정 초급 실무 및 정형 과업 수행,2,Skill(기술/도구),단위 결과물 산출
02,경영·회계·사무,020213,사무행정,020213_L2,사무행정 초급 실무 및 정형 과업 수행,2,Attitude(태도),정확성과 꼼꼼함
02,경영·회계·사무,020213,사무행정,020213_L2,사무행정 초급 실무 및 정형 과업 수행,2,Attitude(태도),기한 준수 책임감
02,경영·회계·사무,020213,사무행정,020213_L3,사무행정 중급 독립 실무 및 문제해결 엔지니어링,3,Knowledge(지식),심화 모델링/설계 이론
02,경영·회계·사무,020213,사무행정,020213_L3,사무행정 중급 독립 실무 및 문제해결 엔지니어링,3,Knowledge(지식),성능 지표(KPI) 분석법
02,경영·회계·사무,020213,사무행정,020213_L3,사무행정 중급 독립 실무 및 문제해결 엔지니어링,3,Knowledge(지식),이슈 해결 방법론
02,경영·회계·사무,020213,사무행정,020213_L3,사무행정 중급 독립 실무 및 문제해결 엔지니어링,3,Skill(기술/도구),고급 도구/코드/기기 활용
02,경영·회계·사무,020213,사무행정,020213_L3,사무행정 중급 독립 실무 및 문제해결 엔지니어링,3,Skill(기술/도구),원인 분석 및 조치
02,경영·회계·사무,020213,사무행정,020213_L3,사무행정 중급 독립 실무 및 문제해결 엔지니어링,3,Skill(기술/도구),성과 분석 리포팅
02,경영·회계·사무,020213,사무행정,020213_L3,사무행정 중급 독립 실무 및 문제해결 엔지니어링,3,Attitude(태도),분석적 사고력
02,경영·회계·사무,020213,사무행정,020213_L3,사무행정 중급 독립 실무 및 문제해결 엔지니어링,3,Attitude(태도),타 부서와의 원활한 협업 소통
02,경영·회계·사무,020213,사무행정,020213_L4,사무행정 고급 전문화 및 프로젝트/팀 리딩,4,Knowledge(지식),신기술 융합 아키텍처
02,경영·회계·사무,020213,사무행정,020213_L4,사무행정 고급 전문화 및 프로젝트/팀 리딩,4,Knowledge(지식),프로젝트 관리론(PMBOK/Agile)
02,경영·회계·사무,020213,사무행정,020213_L4,사무행정 고급 전문화 및 프로젝트/팀 리딩,4,Knowledge(지식),품질보증(QA) 거버넌스
02,경영·회계·사무,020213,사무행정,020213_L4,사무행정 고급 전문화 및 프로젝트/팀 리딩,4,Skill(기술/도구),전체 시스템 아키텍처 설계
02,경영·회계·사무,020213,사무행정,020213_L4,사무행정 고급 전문화 및 프로젝트/팀 리딩,4,Skill(기술/도구),애자일 스프린트 리딩
02,경영·회계·사무,020213,사무행정,020213_L4,사무행정 고급 전문화 및 프로젝트/팀 리딩,4,Skill(기술/도구),신기술 PoC 검증
02,경영·회계·사무,020213,사무행정,020213_L4,사무행정 고급 전문화 및 프로젝트/팀 리딩,4,Attitude(태도),혁신 지향 리더십
02,경영·회계·사무,020213,사무행정,020213_L4,사무행정 고급 전문화 및 프로젝트/팀 리딩,4,Attitude(태도),동료 성장 멘토링 마인드
02,경영·회계·사무,020213,사무행정,020213_L5,사무행정 전략 기획 및 전사 거버넌스 총괄,5,Knowledge(지식),경영 전략 및 자본 예산 배분
02,경영·회계·사무,020213,사무행정,020213_L5,사무행정 전략 기획 및 전사 거버넌스 총괄,5,Knowledge(지식),국내외 규제 컴플라이언스
02,경영·회계·사무,020213,사무행정,020213_L5,사무행정 전략 기획 및 전사 거버넌스 총괄,5,Knowledge(지식),엔터프라이즈 거버넌스
02,경영·회계·사무,020213,사무행정,020213_L5,사무행정 전략 기획 및 전사 거버넌스 총괄,5,Skill(기술/도구),전사 로드맵 수립
02,경영·회계·사무,020213,사무행정,020213_L5,사무행정 전략 기획 및 전사 거버넌스 총괄,5,Skill(기술/도구),투자 대비 성과(ROI) 모델링
02,경영·회계·사무,020213,사무행정,020213_L5,사무행정 전략 기획 및 전사 거버넌스 총괄,5,Skill(기술/도구),최고 의사결정 전략 제언
02,경영·회계·사무,020213,사무행정,020213_L5,사무행정 전략 기획 및 전사 거버넌스 총괄,5,Attitude(태도),거시적 통찰력
02,경영·회계·사무,020213,사무행정,020213_L5,사무행정 전략 기획 및 전사 거버넌스 총괄,5,Attitude(태도),전략적 윤리 리더십
02,경영·회계·사무,020214,문서관리,020214_L1,문서관리 기초 입문 및 업무 환경 지원,1,Knowledge(지식),문서관리 개론
02,경영·회계·사무,020214,문서관리,020214_L1,문서관리 기초 입문 및 업무 환경 지원,1,Knowledge(지식),표준 작업 지침서
02,경영·회계·사무,020214,문서관리,020214_L1,문서관리 기초 입문 및 업무 환경 지원,1,Knowledge(지식),기초 법령/규정
02,경영·회계·사무,020214,문서관리,020214_L1,문서관리 기초 입문 및 업무 환경 지원,1,Skill(기술/도구),기초 전산 툴 조작
02,경영·회계·사무,020214,문서관리,020214_L1,문서관리 기초 입문 및 업무 환경 지원,1,Skill(기술/도구),문서 서식 작성
02,경영·회계·사무,020214,문서관리,020214_L1,문서관리 기초 입문 및 업무 환경 지원,1,Skill(기술/도구),자료 검색 및 분류
02,경영·회계·사무,020214,문서관리,020214_L1,문서관리 기초 입문 및 업무 환경 지원,1,Attitude(태도),규정 준수 의식
02,경영·회계·사무,020214,문서관리,020214_L1,문서관리 기초 입문 및 업무 환경 지원,1,Attitude(태도),성실한 업무 지원 태도
02,경영·회계·사무,020214,문서관리,020214_L2,문서관리 초급 실무 및 정형 과업 수행,2,Knowledge(지식),문서관리 실무 프로세스
02,경영·회계·사무,020214,문서관리,020214_L2,문서관리 초급 실무 및 정형 과업 수행,2,Knowledge(지식),단위 업무 품질 기준
02,경영·회계·사무,020214,문서관리,020214_L2,문서관리 초급 실무 및 정형 과업 수행,2,Knowledge(지식),데이터 검증 기법
02,경영·회계·사무,020214,문서관리,020214_L2,문서관리 초급 실무 및 정형 과업 수행,2,Skill(기술/도구),실무 도구/SW 조작
02,경영·회계·사무,020214,문서관리,020214_L2,문서관리 초급 실무 및 정형 과업 수행,2,Skill(기술/도구),데이터 정제 및 가공
02,경영·회계·사무,020214,문서관리,020214_L2,문서관리 초급 실무 및 정형 과업 수행,2,Skill(기술/도구),단위 결과물 산출
02,경영·회계·사무,020214,문서관리,020214_L2,문서관리 초급 실무 및 정형 과업 수행,2,Attitude(태도),정확성과 꼼꼼함
02,경영·회계·사무,020214,문서관리,020214_L2,문서관리 초급 실무 및 정형 과업 수행,2,Attitude(태도),기한 준수 책임감
02,경영·회계·사무,020214,문서관리,020214_L3,문서관리 중급 독립 실무 및 문제해결 엔지니어링,3,Knowledge(지식),심화 모델링/설계 이론
02,경영·회계·사무,020214,문서관리,020214_L3,문서관리 중급 독립 실무 및 문제해결 엔지니어링,3,Knowledge(지식),성능 지표(KPI) 분석법
02,경영·회계·사무,020214,문서관리,020214_L3,문서관리 중급 독립 실무 및 문제해결 엔지니어링,3,Knowledge(지식),이슈 해결 방법론
02,경영·회계·사무,020214,문서관리,020214_L3,문서관리 중급 독립 실무 및 문제해결 엔지니어링,3,Skill(기술/도구),고급 도구/코드/기기 활용
02,경영·회계·사무,020214,문서관리,020214_L3,문서관리 중급 독립 실무 및 문제해결 엔지니어링,3,Skill(기술/도구),원인 분석 및 조치
02,경영·회계·사무,020214,문서관리,020214_L3,문서관리 중급 독립 실무 및 문제해결 엔지니어링,3,Skill(기술/도구),성과 분석 리포팅
02,경영·회계·사무,020214,문서관리,020214_L3,문서관리 중급 독립 실무 및 문제해결 엔지니어링,3,Attitude(태도),분석적 사고력
02,경영·회계·사무,020214,문서관리,020214_L3,문서관리 중급 독립 실무 및 문제해결 엔지니어링,3,Attitude(태도),타 부서와의 원활한 협업 소통
02,경영·회계·사무,020214,문서관리,020214_L4,문서관리 고급 전문화 및 프로젝트/팀 리딩,4,Knowledge(지식),신기술 융합 아키텍처
02,경영·회계·사무,020214,문서관리,020214_L4,문서관리 고급 전문화 및 프로젝트/팀 리딩,4,Knowledge(지식),프로젝트 관리론(PMBOK/Agile)
02,경영·회계·사무,020214,문서관리,020214_L4,문서관리 고급 전문화 및 프로젝트/팀 리딩,4,Knowledge(지식),품질보증(QA) 거버넌스
02,경영·회계·사무,020214,문서관리,020214_L4,문서관리 고급 전문화 및 프로젝트/팀 리딩,4,Skill(기술/도구),전체 시스템 아키텍처 설계
02,경영·회계·사무,020214,문서관리,020214_L4,문서관리 고급 전문화 및 프로젝트/팀 리딩,4,Skill(기술/도구),애자일 스프린트 리딩
02,경영·회계·사무,020214,문서관리,020214_L4,문서관리 고급 전문화 및 프로젝트/팀 리딩,4,Skill(기술/도구),신기술 PoC 검증
02,경영·회계·사무,020214,문서관리,020214_L4,문서관리 고급 전문화 및 프로젝트/팀 리딩,4,Attitude(태도),혁신 지향 리더십
02,경영·회계·사무,020214,문서관리,020214_L4,문서관리 고급 전문화 및 프로젝트/팀 리딩,4,Attitude(태도),동료 성장 멘토링 마인드
02,경영·회계·사무,020214,문서관리,020214_L5,문서관리 전략 기획 및 전사 거버넌스 총괄,5,Knowledge(지식),경영 전략 및 자본 예산 배분
02,경영·회계·사무,020214,문서관리,020214_L5,문서관리 전략 기획 및 전사 거버넌스 총괄,5,Knowledge(지식),국내외 규제 컴플라이언스
02,경영·회계·사무,020214,문서관리,020214_L5,문서관리 전략 기획 및 전사 거버넌스 총괄,5,Knowledge(지식),엔터프라이즈 거버넌스
02,경영·회계·사무,020214,문서관리,020214_L5,문서관리 전략 기획 및 전사 거버넌스 총괄,5,Skill(기술/도구),전사 로드맵 수립
02,경영·회계·사무,020214,문서관리,020214_L5,문서관리 전략 기획 및 전사 거버넌스 총괄,5,Skill(기술/도구),투자 대비 성과(ROI) 모델링
02,경영·회계·사무,020214,문서관리,020214_L5,문서관리 전략 기획 및 전사 거버넌스 총괄,5,Skill(기술/도구),최고 의사결정 전략 제언
02,경영·회계·사무,020214,문서관리,020214_L5,문서관리 전략 기획 및 전사 거버넌스 총괄,5,Attitude(태도),거시적 통찰력
02,경영·회계·사무,020214,문서관리,020214_L5,문서관리 전략 기획 및 전사 거버넌스 총괄,5,Attitude(태도),전략적 윤리 리더십
02,경영·회계·사무,020315,재무관리,020315_L1,재무관리 기초 입문 및 업무 환경 지원,1,Knowledge(지식),재무관리 개론
02,경영·회계·사무,020315,재무관리,020315_L1,재무관리 기초 입문 및 업무 환경 지원,1,Knowledge(지식),표준 작업 지침서
02,경영·회계·사무,020315,재무관리,020315_L1,재무관리 기초 입문 및 업무 환경 지원,1,Knowledge(지식),기초 법령/규정
02,경영·회계·사무,020315,재무관리,020315_L1,재무관리 기초 입문 및 업무 환경 지원,1,Skill(기술/도구),기초 전산 툴 조작
02,경영·회계·사무,020315,재무관리,020315_L1,재무관리 기초 입문 및 업무 환경 지원,1,Skill(기술/도구),문서 서식 작성
02,경영·회계·사무,020315,재무관리,020315_L1,재무관리 기초 입문 및 업무 환경 지원,1,Skill(기술/도구),자료 검색 및 분류
02,경영·회계·사무,020315,재무관리,020315_L1,재무관리 기초 입문 및 업무 환경 지원,1,Attitude(태도),규정 준수 의식
02,경영·회계·사무,020315,재무관리,020315_L1,재무관리 기초 입문 및 업무 환경 지원,1,Attitude(태도),성실한 업무 지원 태도
02,경영·회계·사무,020315,재무관리,020315_L2,재무관리 초급 실무 및 정형 과업 수행,2,Knowledge(지식),재무관리 실무 프로세스
02,경영·회계·사무,020315,재무관리,020315_L2,재무관리 초급 실무 및 정형 과업 수행,2,Knowledge(지식),단위 업무 품질 기준
02,경영·회계·사무,020315,재무관리,020315_L2,재무관리 초급 실무 및 정형 과업 수행,2,Knowledge(지식),데이터 검증 기법
02,경영·회계·사무,020315,재무관리,020315_L2,재무관리 초급 실무 및 정형 과업 수행,2,Skill(기술/도구),실무 도구/SW 조작
02,경영·회계·사무,020315,재무관리,020315_L2,재무관리 초급 실무 및 정형 과업 수행,2,Skill(기술/도구),데이터 정제 및 가공
02,경영·회계·사무,020315,재무관리,020315_L2,재무관리 초급 실무 및 정형 과업 수행,2,Skill(기술/도구),단위 결과물 산출
02,경영·회계·사무,020315,재무관리,020315_L2,재무관리 초급 실무 및 정형 과업 수행,2,Attitude(태도),정확성과 꼼꼼함
02,경영·회계·사무,020315,재무관리,020315_L2,재무관리 초급 실무 및 정형 과업 수행,2,Attitude(태도),기한 준수 책임감
02,경영·회계·사무,020315,재무관리,020315_L3,재무관리 중급 독립 실무 및 문제해결 엔지니어링,3,Knowledge(지식),심화 모델링/설계 이론
02,경영·회계·사무,020315,재무관리,020315_L3,재무관리 중급 독립 실무 및 문제해결 엔지니어링,3,Knowledge(지식),성능 지표(KPI) 분석법
02,경영·회계·사무,020315,재무관리,020315_L3,재무관리 중급 독립 실무 및 문제해결 엔지니어링,3,Knowledge(지식),이슈 해결 방법론
02,경영·회계·사무,020315,재무관리,020315_L3,재무관리 중급 독립 실무 및 문제해결 엔지니어링,3,Skill(기술/도구),고급 도구/코드/기기 활용
02,경영·회계·사무,020315,재무관리,020315_L3,재무관리 중급 독립 실무 및 문제해결 엔지니어링,3,Skill(기술/도구),원인 분석 및 조치
02,경영·회계·사무,020315,재무관리,020315_L3,재무관리 중급 독립 실무 및 문제해결 엔지니어링,3,Skill(기술/도구),성과 분석 리포팅
02,경영·회계·사무,020315,재무관리,020315_L3,재무관리 중급 독립 실무 및 문제해결 엔지니어링,3,Attitude(태도),분석적 사고력
02,경영·회계·사무,020315,재무관리,020315_L3,재무관리 중급 독립 실무 및 문제해결 엔지니어링,3,Attitude(태도),타 부서와의 원활한 협업 소통
02,경영·회계·사무,020315,재무관리,020315_L4,재무관리 고급 전문화 및 프로젝트/팀 리딩,4,Knowledge(지식),신기술 융합 아키텍처
02,경영·회계·사무,020315,재무관리,020315_L4,재무관리 고급 전문화 및 프로젝트/팀 리딩,4,Knowledge(지식),프로젝트 관리론(PMBOK/Agile)
02,경영·회계·사무,020315,재무관리,020315_L4,재무관리 고급 전문화 및 프로젝트/팀 리딩,4,Knowledge(지식),품질보증(QA) 거버넌스
02,경영·회계·사무,020315,재무관리,020315_L4,재무관리 고급 전문화 및 프로젝트/팀 리딩,4,Skill(기술/도구),전체 시스템 아키텍처 설계
02,경영·회계·사무,020315,재무관리,020315_L4,재무관리 고급 전문화 및 프로젝트/팀 리딩,4,Skill(기술/도구),애자일 스프린트 리딩
02,경영·회계·사무,020315,재무관리,020315_L4,재무관리 고급 전문화 및 프로젝트/팀 리딩,4,Skill(기술/도구),신기술 PoC 검증
02,경영·회계·사무,020315,재무관리,020315_L4,재무관리 고급 전문화 및 프로젝트/팀 리딩,4,Attitude(태도),혁신 지향 리더십
02,경영·회계·사무,020315,재무관리,020315_L4,재무관리 고급 전문화 및 프로젝트/팀 리딩,4,Attitude(태도),동료 성장 멘토링 마인드
02,경영·회계·사무,020315,재무관리,020315_L5,재무관리 전략 기획 및 전사 거버넌스 총괄,5,Knowledge(지식),경영 전략 및 자본 예산 배분
02,경영·회계·사무,020315,재무관리,020315_L5,재무관리 전략 기획 및 전사 거버넌스 총괄,5,Knowledge(지식),국내외 규제 컴플라이언스
02,경영·회계·사무,020315,재무관리,020315_L5,재무관리 전략 기획 및 전사 거버넌스 총괄,5,Knowledge(지식),엔터프라이즈 거버넌스
02,경영·회계·사무,020315,재무관리,020315_L5,재무관리 전략 기획 및 전사 거버넌스 총괄,5,Skill(기술/도구),전사 로드맵 수립
02,경영·회계·사무,020315,재무관리,020315_L5,재무관리 전략 기획 및 전사 거버넌스 총괄,5,Skill(기술/도구),투자 대비 성과(ROI) 모델링
02,경영·회계·사무,020315,재무관리,020315_L5,재무관리 전략 기획 및 전사 거버넌스 총괄,5,Skill(기술/도구),최고 의사결정 전략 제언
02,경영·회계·사무,020315,재무관리,020315_L5,재무관리 전략 기획 및 전사 거버넌스 총괄,5,Attitude(태도),거시적 통찰력
02,경영·회계·사무,020315,재무관리,020315_L5,재무관리 전략 기획 및 전사 거버넌스 총괄,5,Attitude(태도),전략적 윤리 리더십
02,경영·회계·사무,020316,회계·결산,020316_L1,회계·결산 기초 입문 및 업무 환경 지원,1,Knowledge(지식),회계·결산 개론
02,경영·회계·사무,020316,회계·결산,020316_L1,회계·결산 기초 입문 및 업무 환경 지원,1,Knowledge(지식),표준 작업 지침서
02,경영·회계·사무,020316,회계·결산,020316_L1,회계·결산 기초 입문 및 업무 환경 지원,1,Knowledge(지식),기초 법령/규정
02,경영·회계·사무,020316,회계·결산,020316_L1,회계·결산 기초 입문 및 업무 환경 지원,1,Skill(기술/도구),기초 전산 툴 조작
02,경영·회계·사무,020316,회계·결산,020316_L1,회계·결산 기초 입문 및 업무 환경 지원,1,Skill(기술/도구),문서 서식 작성
02,경영·회계·사무,020316,회계·결산,020316_L1,회계·결산 기초 입문 및 업무 환경 지원,1,Skill(기술/도구),자료 검색 및 분류
02,경영·회계·사무,020316,회계·결산,020316_L1,회계·결산 기초 입문 및 업무 환경 지원,1,Attitude(태도),규정 준수 의식
02,경영·회계·사무,020316,회계·결산,020316_L1,회계·결산 기초 입문 및 업무 환경 지원,1,Attitude(태도),성실한 업무 지원 태도
02,경영·회계·사무,020316,회계·결산,020316_L2,회계·결산 초급 실무 및 정형 과업 수행,2,Knowledge(지식),회계·결산 실무 프로세스
02,경영·회계·사무,020316,회계·결산,020316_L2,회계·결산 초급 실무 및 정형 과업 수행,2,Knowledge(지식),단위 업무 품질 기준
02,경영·회계·사무,020316,회계·결산,020316_L2,회계·결산 초급 실무 및 정형 과업 수행,2,Knowledge(지식),데이터 검증 기법
02,경영·회계·사무,020316,회계·결산,020316_L2,회계·결산 초급 실무 및 정형 과업 수행,2,Skill(기술/도구),실무 도구/SW 조작
02,경영·회계·사무,020316,회계·결산,020316_L2,회계·결산 초급 실무 및 정형 과업 수행,2,Skill(기술/도구),데이터 정제 및 가공
02,경영·회계·사무,020316,회계·결산,020316_L2,회계·결산 초급 실무 및 정형 과업 수행,2,Skill(기술/도구),단위 결과물 산출
02,경영·회계·사무,020316,회계·결산,020316_L2,회계·결산 초급 실무 및 정형 과업 수행,2,Attitude(태도),정확성과 꼼꼼함
02,경영·회계·사무,020316,회계·결산,020316_L2,회계·결산 초급 실무 및 정형 과업 수행,2,Attitude(태도),기한 준수 책임감
02,경영·회계·사무,020316,회계·결산,020316_L3,회계·결산 중급 독립 실무 및 문제해결 엔지니어링,3,Knowledge(지식),심화 모델링/설계 이론
02,경영·회계·사무,020316,회계·결산,020316_L3,회계·결산 중급 독립 실무 및 문제해결 엔지니어링,3,Knowledge(지식),성능 지표(KPI) 분석법
02,경영·회계·사무,020316,회계·결산,020316_L3,회계·결산 중급 독립 실무 및 문제해결 엔지니어링,3,Knowledge(지식),이슈 해결 방법론
02,경영·회계·사무,020316,회계·결산,020316_L3,회계·결산 중급 독립 실무 및 문제해결 엔지니어링,3,Skill(기술/도구),고급 도구/코드/기기 활용
02,경영·회계·사무,020316,회계·결산,020316_L3,회계·결산 중급 독립 실무 및 문제해결 엔지니어링,3,Skill(기술/도구),원인 분석 및 조치
02,경영·회계·사무,020316,회계·결산,020316_L3,회계·결산 중급 독립 실무 및 문제해결 엔지니어링,3,Skill(기술/도구),성과 분석 리포팅
02,경영·회계·사무,020316,회계·결산,020316_L3,회계·결산 중급 독립 실무 및 문제해결 엔지니어링,3,Attitude(태도),분석적 사고력
02,경영·회계·사무,020316,회계·결산,020316_L3,회계·결산 중급 독립 실무 및 문제해결 엔지니어링,3,Attitude(태도),타 부서와의 원활한 협업 소통
02,경영·회계·사무,020316,회계·결산,020316_L4,회계·결산 고급 전문화 및 프로젝트/팀 리딩,4,Knowledge(지식),신기술 융합 아키텍처
02,경영·회계·사무,020316,회계·결산,020316_L4,회계·결산 고급 전문화 및 프로젝트/팀 리딩,4,Knowledge(지식),프로젝트 관리론(PMBOK/Agile)
02,경영·회계·사무,020316,회계·결산,020316_L4,회계·결산 고급 전문화 및 프로젝트/팀 리딩,4,Knowledge(지식),품질보증(QA) 거버넌스
02,경영·회계·사무,020316,회계·결산,020316_L4,회계·결산 고급 전문화 및 프로젝트/팀 리딩,4,Skill(기술/도구),전체 시스템 아키텍처 설계
02,경영·회계·사무,020316,회계·결산,020316_L4,회계·결산 고급 전문화 및 프로젝트/팀 리딩,4,Skill(기술/도구),애자일 스프린트 리딩
02,경영·회계·사무,020316,회계·결산,020316_L4,회계·결산 고급 전문화 및 프로젝트/팀 리딩,4,Skill(기술/도구),신기술 PoC 검증
02,경영·회계·사무,020316,회계·결산,020316_L4,회계·결산 고급 전문화 및 프로젝트/팀 리딩,4,Attitude(태도),혁신 지향 리더십
02,경영·회계·사무,020316,회계·결산,020316_L4,회계·결산 고급 전문화 및 프로젝트/팀 리딩,4,Attitude(태도),동료 성장 멘토링 마인드
02,경영·회계·사무,020316,회계·결산,020316_L5,회계·결산 전략 기획 및 전사 거버넌스 총괄,5,Knowledge(지식),경영 전략 및 자본 예산 배분
02,경영·회계·사무,020316,회계·결산,020316_L5,회계·결산 전략 기획 및 전사 거버넌스 총괄,5,Knowledge(지식),국내외 규제 컴플라이언스
02,경영·회계·사무,020316,회계·결산,020316_L5,회계·결산 전략 기획 및 전사 거버넌스 총괄,5,Knowledge(지식),엔터프라이즈 거버넌스
02,경영·회계·사무,020316,회계·결산,020316_L5,회계·결산 전략 기획 및 전사 거버넌스 총괄,5,Skill(기술/도구),전사 로드맵 수립
02,경영·회계·사무,020316,회계·결산,020316_L5,회계·결산 전략 기획 및 전사 거버넌스 총괄,5,Skill(기술/도구),투자 대비 성과(ROI) 모델링
02,경영·회계·사무,020316,회계·결산,020316_L5,회계·결산 전략 기획 및 전사 거버넌스 총괄,5,Skill(기술/도구),최고 의사결정 전략 제언
02,경영·회계·사무,020316,회계·결산,020316_L5,회계·결산 전략 기획 및 전사 거버넌스 총괄,5,Attitude(태도),거시적 통찰력
02,경영·회계·사무,020316,회계·결산,020316_L5,회계·결산 전략 기획 및 전사 거버넌스 총괄,5,Attitude(태도),전략적 윤리 리더십
02,경영·회계·사무,020317,세무조정,020317_L1,세무조정 기초 입문 및 업무 환경 지원,1,Knowledge(지식),세무조정 개론
02,경영·회계·사무,020317,세무조정,020317_L1,세무조정 기초 입문 및 업무 환경 지원,1,Knowledge(지식),표준 작업 지침서
02,경영·회계·사무,020317,세무조정,020317_L1,세무조정 기초 입문 및 업무 환경 지원,1,Knowledge(지식),기초 법령/규정
02,경영·회계·사무,020317,세무조정,020317_L1,세무조정 기초 입문 및 업무 환경 지원,1,Skill(기술/도구),기초 전산 툴 조작
02,경영·회계·사무,020317,세무조정,020317_L1,세무조정 기초 입문 및 업무 환경 지원,1,Skill(기술/도구),문서 서식 작성
02,경영·회계·사무,020317,세무조정,020317_L1,세무조정 기초 입문 및 업무 환경 지원,1,Skill(기술/도구),자료 검색 및 분류
02,경영·회계·사무,020317,세무조정,020317_L1,세무조정 기초 입문 및 업무 환경 지원,1,Attitude(태도),규정 준수 의식
02,경영·회계·사무,020317,세무조정,020317_L1,세무조정 기초 입문 및 업무 환경 지원,1,Attitude(태도),성실한 업무 지원 태도
02,경영·회계·사무,020317,세무조정,020317_L2,세무조정 초급 실무 및 정형 과업 수행,2,Knowledge(지식),세무조정 실무 프로세스
02,경영·회계·사무,020317,세무조정,020317_L2,세무조정 초급 실무 및 정형 과업 수행,2,Knowledge(지식),단위 업무 품질 기준
02,경영·회계·사무,020317,세무조정,020317_L2,세무조정 초급 실무 및 정형 과업 수행,2,Knowledge(지식),데이터 검증 기법
02,경영·회계·사무,020317,세무조정,020317_L2,세무조정 초급 실무 및 정형 과업 수행,2,Skill(기술/도구),실무 도구/SW 조작
02,경영·회계·사무,020317,세무조정,020317_L2,세무조정 초급 실무 및 정형 과업 수행,2,Skill(기술/도구),데이터 정제 및 가공
02,경영·회계·사무,020317,세무조정,020317_L2,세무조정 초급 실무 및 정형 과업 수행,2,Skill(기술/도구),단위 결과물 산출
02,경영·회계·사무,020317,세무조정,020317_L2,세무조정 초급 실무 및 정형 과업 수행,2,Attitude(태도),정확성과 꼼꼼함
02,경영·회계·사무,020317,세무조정,020317_L2,세무조정 초급 실무 및 정형 과업 수행,2,Attitude(태도),기한 준수 책임감
02,경영·회계·사무,020317,세무조정,020317_L3,세무조정 중급 독립 실무 및 문제해결 엔지니어링,3,Knowledge(지식),심화 모델링/설계 이론
02,경영·회계·사무,020317,세무조정,020317_L3,세무조정 중급 독립 실무 및 문제해결 엔지니어링,3,Knowledge(지식),성능 지표(KPI) 분석법
02,경영·회계·사무,020317,세무조정,020317_L3,세무조정 중급 독립 실무 및 문제해결 엔지니어링,3,Knowledge(지식),이슈 해결 방법론
02,경영·회계·사무,020317,세무조정,020317_L3,세무조정 중급 독립 실무 및 문제해결 엔지니어링,3,Skill(기술/도구),고급 도구/코드/기기 활용
02,경영·회계·사무,020317,세무조정,020317_L3,세무조정 중급 독립 실무 및 문제해결 엔지니어링,3,Skill(기술/도구),원인 분석 및 조치
02,경영·회계·사무,020317,세무조정,020317_L3,세무조정 중급 독립 실무 및 문제해결 엔지니어링,3,Skill(기술/도구),성과 분석 리포팅
02,경영·회계·사무,020317,세무조정,020317_L3,세무조정 중급 독립 실무 및 문제해결 엔지니어링,3,Attitude(태도),분석적 사고력
02,경영·회계·사무,020317,세무조정,020317_L3,세무조정 중급 독립 실무 및 문제해결 엔지니어링,3,Attitude(태도),타 부서와의 원활한 협업 소통
02,경영·회계·사무,020317,세무조정,020317_L4,세무조정 고급 전문화 및 프로젝트/팀 리딩,4,Knowledge(지식),신기술 융합 아키텍처
02,경영·회계·사무,020317,세무조정,020317_L4,세무조정 고급 전문화 및 프로젝트/팀 리딩,4,Knowledge(지식),프로젝트 관리론(PMBOK/Agile)
02,경영·회계·사무,020317,세무조정,020317_L4,세무조정 고급 전문화 및 프로젝트/팀 리딩,4,Knowledge(지식),품질보증(QA) 거버넌스
02,경영·회계·사무,020317,세무조정,020317_L4,세무조정 고급 전문화 및 프로젝트/팀 리딩,4,Skill(기술/도구),전체 시스템 아키텍처 설계
02,경영·회계·사무,020317,세무조정,020317_L4,세무조정 고급 전문화 및 프로젝트/팀 리딩,4,Skill(기술/도구),애자일 스프린트 리딩
02,경영·회계·사무,020317,세무조정,020317_L4,세무조정 고급 전문화 및 프로젝트/팀 리딩,4,Skill(기술/도구),신기술 PoC 검증
02,경영·회계·사무,020317,세무조정,020317_L4,세무조정 고급 전문화 및 프로젝트/팀 리딩,4,Attitude(태도),혁신 지향 리더십
02,경영·회계·사무,020317,세무조정,020317_L4,세무조정 고급 전문화 및 프로젝트/팀 리딩,4,Attitude(태도),동료 성장 멘토링 마인드
02,경영·회계·사무,020317,세무조정,020317_L5,세무조정 전략 기획 및 전사 거버넌스 총괄,5,Knowledge(지식),경영 전략 및 자본 예산 배분
02,경영·회계·사무,020317,세무조정,020317_L5,세무조정 전략 기획 및 전사 거버넌스 총괄,5,Knowledge(지식),국내외 규제 컴플라이언스
02,경영·회계·사무,020317,세무조정,020317_L5,세무조정 전략 기획 및 전사 거버넌스 총괄,5,Knowledge(지식),엔터프라이즈 거버넌스
02,경영·회계·사무,020317,세무조정,020317_L5,세무조정 전략 기획 및 전사 거버넌스 총괄,5,Skill(기술/도구),전사 로드맵 수립
02,경영·회계·사무,020317,세무조정,020317_L5,세무조정 전략 기획 및 전사 거버넌스 총괄,5,Skill(기술/도구),투자 대비 성과(ROI) 모델링
02,경영·회계·사무,020317,세무조정,020317_L5,세무조정 전략 기획 및 전사 거버넌스 총괄,5,Skill(기술/도구),최고 의사결정 전략 제언
02,경영·회계·사무,020317,세무조정,020317_L5,세무조정 전략 기획 및 전사 거버넌스 총괄,5,Attitude(태도),거시적 통찰력
02,경영·회계·사무,020317,세무조정,020317_L5,세무조정 전략 기획 및 전사 거버넌스 총괄,5,Attitude(태도),전략적 윤리 리더십
02,경영·회계·사무,020318,원가관리,020318_L1,원가관리 기초 입문 및 업무 환경 지원,1,Knowledge(지식),원가관리 개론
02,경영·회계·사무,020318,원가관리,020318_L1,원가관리 기초 입문 및 업무 환경 지원,1,Knowledge(지식),표준 작업 지침서
02,경영·회계·사무,020318,원가관리,020318_L1,원가관리 기초 입문 및 업무 환경 지원,1,Knowledge(지식),기초 법령/규정
02,경영·회계·사무,020318,원가관리,020318_L1,원가관리 기초 입문 및 업무 환경 지원,1,Skill(기술/도구),기초 전산 툴 조작
02,경영·회계·사무,020318,원가관리,020318_L1,원가관리 기초 입문 및 업무 환경 지원,1,Skill(기술/도구),문서 서식 작성
02,경영·회계·사무,020318,원가관리,020318_L1,원가관리 기초 입문 및 업무 환경 지원,1,Skill(기술/도구),자료 검색 및 분류
02,경영·회계·사무,020318,원가관리,020318_L1,원가관리 기초 입문 및 업무 환경 지원,1,Attitude(태도),규정 준수 의식
02,경영·회계·사무,020318,원가관리,020318_L1,원가관리 기초 입문 및 업무 환경 지원,1,Attitude(태도),성실한 업무 지원 태도
02,경영·회계·사무,020318,원가관리,020318_L2,원가관리 초급 실무 및 정형 과업 수행,2,Knowledge(지식),원가관리 실무 프로세스
02,경영·회계·사무,020318,원가관리,020318_L2,원가관리 초급 실무 및 정형 과업 수행,2,Knowledge(지식),단위 업무 품질 기준
02,경영·회계·사무,020318,원가관리,020318_L2,원가관리 초급 실무 및 정형 과업 수행,2,Knowledge(지식),데이터 검증 기법
02,경영·회계·사무,020318,원가관리,020318_L2,원가관리 초급 실무 및 정형 과업 수행,2,Skill(기술/도구),실무 도구/SW 조작
02,경영·회계·사무,020318,원가관리,020318_L2,원가관리 초급 실무 및 정형 과업 수행,2,Skill(기술/도구),데이터 정제 및 가공
02,경영·회계·사무,020318,원가관리,020318_L2,원가관리 초급 실무 및 정형 과업 수행,2,Skill(기술/도구),단위 결과물 산출
02,경영·회계·사무,020318,원가관리,020318_L2,원가관리 초급 실무 및 정형 과업 수행,2,Attitude(태도),정확성과 꼼꼼함
02,경영·회계·사무,020318,원가관리,020318_L2,원가관리 초급 실무 및 정형 과업 수행,2,Attitude(태도),기한 준수 책임감
02,경영·회계·사무,020318,원가관리,020318_L3,원가관리 중급 독립 실무 및 문제해결 엔지니어링,3,Knowledge(지식),심화 모델링/설계 이론
02,경영·회계·사무,020318,원가관리,020318_L3,원가관리 중급 독립 실무 및 문제해결 엔지니어링,3,Knowledge(지식),성능 지표(KPI) 분석법
02,경영·회계·사무,020318,원가관리,020318_L3,원가관리 중급 독립 실무 및 문제해결 엔지니어링,3,Knowledge(지식),이슈 해결 방법론
02,경영·회계·사무,020318,원가관리,020318_L3,원가관리 중급 독립 실무 및 문제해결 엔지니어링,3,Skill(기술/도구),고급 도구/코드/기기 활용
02,경영·회계·사무,020318,원가관리,020318_L3,원가관리 중급 독립 실무 및 문제해결 엔지니어링,3,Skill(기술/도구),원인 분석 및 조치
02,경영·회계·사무,020318,원가관리,020318_L3,원가관리 중급 독립 실무 및 문제해결 엔지니어링,3,Skill(기술/도구),성과 분석 리포팅
02,경영·회계·사무,020318,원가관리,020318_L3,원가관리 중급 독립 실무 및 문제해결 엔지니어링,3,Attitude(태도),분석적 사고력
02,경영·회계·사무,020318,원가관리,020318_L3,원가관리 중급 독립 실무 및 문제해결 엔지니어링,3,Attitude(태도),타 부서와의 원활한 협업 소통
02,경영·회계·사무,020318,원가관리,020318_L4,원가관리 고급 전문화 및 프로젝트/팀 리딩,4,Knowledge(지식),신기술 융합 아키텍처
02,경영·회계·사무,020318,원가관리,020318_L4,원가관리 고급 전문화 및 프로젝트/팀 리딩,4,Knowledge(지식),프로젝트 관리론(PMBOK/Agile)
02,경영·회계·사무,020318,원가관리,020318_L4,원가관리 고급 전문화 및 프로젝트/팀 리딩,4,Knowledge(지식),품질보증(QA) 거버넌스
02,경영·회계·사무,020318,원가관리,020318_L4,원가관리 고급 전문화 및 프로젝트/팀 리딩,4,Skill(기술/도구),전체 시스템 아키텍처 설계
02,경영·회계·사무,020318,원가관리,020318_L4,원가관리 고급 전문화 및 프로젝트/팀 리딩,4,Skill(기술/도구),애자일 스프린트 리딩
02,경영·회계·사무,020318,원가관리,020318_L4,원가관리 고급 전문화 및 프로젝트/팀 리딩,4,Skill(기술/도구),신기술 PoC 검증
02,경영·회계·사무,020318,원가관리,020318_L4,원가관리 고급 전문화 및 프로젝트/팀 리딩,4,Attitude(태도),혁신 지향 리더십
02,경영·회계·사무,020318,원가관리,020318_L4,원가관리 고급 전문화 및 프로젝트/팀 리딩,4,Attitude(태도),동료 성장 멘토링 마인드
02,경영·회계·사무,020318,원가관리,020318_L5,원가관리 전략 기획 및 전사 거버넌스 총괄,5,Knowledge(지식),경영 전략 및 자본 예산 배분
02,경영·회계·사무,020318,원가관리,020318_L5,원가관리 전략 기획 및 전사 거버넌스 총괄,5,Knowledge(지식),국내외 규제 컴플라이언스
02,경영·회계·사무,020318,원가관리,020318_L5,원가관리 전략 기획 및 전사 거버넌스 총괄,5,Knowledge(지식),엔터프라이즈 거버넌스
02,경영·회계·사무,020318,원가관리,020318_L5,원가관리 전략 기획 및 전사 거버넌스 총괄,5,Skill(기술/도구),전사 로드맵 수립
02,경영·회계·사무,020318,원가관리,020318_L5,원가관리 전략 기획 및 전사 거버넌스 총괄,5,Skill(기술/도구),투자 대비 성과(ROI) 모델링
02,경영·회계·사무,020318,원가관리,020318_L5,원가관리 전략 기획 및 전사 거버넌스 총괄,5,Skill(기술/도구),최고 의사결정 전략 제언
02,경영·회계·사무,020318,원가관리,020318_L5,원가관리 전략 기획 및 전사 거버넌스 총괄,5,Attitude(태도),거시적 통찰력
02,경영·회계·사무,020318,원가관리,020318_L5,원가관리 전략 기획 및 전사 거버넌스 총괄,5,Attitude(태도),전략적 윤리 리더십
02,경영·회계·사무,020319,자금운용,020319_L1,자금운용 기초 입문 및 업무 환경 지원,1,Knowledge(지식),자금운용 개론
02,경영·회계·사무,020319,자금운용,020319_L1,자금운용 기초 입문 및 업무 환경 지원,1,Knowledge(지식),표준 작업 지침서
02,경영·회계·사무,020319,자금운용,020319_L1,자금운용 기초 입문 및 업무 환경 지원,1,Knowledge(지식),기초 법령/규정
02,경영·회계·사무,020319,자금운용,020319_L1,자금운용 기초 입문 및 업무 환경 지원,1,Skill(기술/도구),기초 전산 툴 조작
02,경영·회계·사무,020319,자금운용,020319_L1,자금운용 기초 입문 및 업무 환경 지원,1,Skill(기술/도구),문서 서식 작성
02,경영·회계·사무,020319,자금운용,020319_L1,자금운용 기초 입문 및 업무 환경 지원,1,Skill(기술/도구),자료 검색 및 분류
02,경영·회계·사무,020319,자금운용,020319_L1,자금운용 기초 입문 및 업무 환경 지원,1,Attitude(태도),규정 준수 의식
02,경영·회계·사무,020319,자금운용,020319_L1,자금운용 기초 입문 및 업무 환경 지원,1,Attitude(태도),성실한 업무 지원 태도
02,경영·회계·사무,020319,자금운용,020319_L2,자금운용 초급 실무 및 정형 과업 수행,2,Knowledge(지식),자금운용 실무 프로세스
02,경영·회계·사무,020319,자금운용,020319_L2,자금운용 초급 실무 및 정형 과업 수행,2,Knowledge(지식),단위 업무 품질 기준
02,경영·회계·사무,020319,자금운용,020319_L2,자금운용 초급 실무 및 정형 과업 수행,2,Knowledge(지식),데이터 검증 기법
02,경영·회계·사무,020319,자금운용,020319_L2,자금운용 초급 실무 및 정형 과업 수행,2,Skill(기술/도구),실무 도구/SW 조작
02,경영·회계·사무,020319,자금운용,020319_L2,자금운용 초급 실무 및 정형 과업 수행,2,Skill(기술/도구),데이터 정제 및 가공
02,경영·회계·사무,020319,자금운용,020319_L2,자금운용 초급 실무 및 정형 과업 수행,2,Skill(기술/도구),단위 결과물 산출
02,경영·회계·사무,020319,자금운용,020319_L2,자금운용 초급 실무 및 정형 과업 수행,2,Attitude(태도),정확성과 꼼꼼함
02,경영·회계·사무,020319,자금운용,020319_L2,자금운용 초급 실무 및 정형 과업 수행,2,Attitude(태도),기한 준수 책임감
02,경영·회계·사무,020319,자금운용,020319_L3,자금운용 중급 독립 실무 및 문제해결 엔지니어링,3,Knowledge(지식),심화 모델링/설계 이론
02,경영·회계·사무,020319,자금운용,020319_L3,자금운용 중급 독립 실무 및 문제해결 엔지니어링,3,Knowledge(지식),성능 지표(KPI) 분석법
02,경영·회계·사무,020319,자금운용,020319_L3,자금운용 중급 독립 실무 및 문제해결 엔지니어링,3,Knowledge(지식),이슈 해결 방법론
02,경영·회계·사무,020319,자금운용,020319_L3,자금운용 중급 독립 실무 및 문제해결 엔지니어링,3,Skill(기술/도구),고급 도구/코드/기기 활용
02,경영·회계·사무,020319,자금운용,020319_L3,자금운용 중급 독립 실무 및 문제해결 엔지니어링,3,Skill(기술/도구),원인 분석 및 조치
02,경영·회계·사무,020319,자금운용,020319_L3,자금운용 중급 독립 실무 및 문제해결 엔지니어링,3,Skill(기술/도구),성과 분석 리포팅
02,경영·회계·사무,020319,자금운용,020319_L3,자금운용 중급 독립 실무 및 문제해결 엔지니어링,3,Attitude(태도),분석적 사고력
02,경영·회계·사무,020319,자금운용,020319_L3,자금운용 중급 독립 실무 및 문제해결 엔지니어링,3,Attitude(태도),타 부서와의 원활한 협업 소통
02,경영·회계·사무,020319,자금운용,020319_L4,자금운용 고급 전문화 및 프로젝트/팀 리딩,4,Knowledge(지식),신기술 융합 아키텍처
02,경영·회계·사무,020319,자금운용,020319_L4,자금운용 고급 전문화 및 프로젝트/팀 리딩,4,Knowledge(지식),프로젝트 관리론(PMBOK/Agile)
02,경영·회계·사무,020319,자금운용,020319_L4,자금운용 고급 전문화 및 프로젝트/팀 리딩,4,Knowledge(지식),품질보증(QA) 거버넌스
02,경영·회계·사무,020319,자금운용,020319_L4,자금운용 고급 전문화 및 프로젝트/팀 리딩,4,Skill(기술/도구),전체 시스템 아키텍처 설계
02,경영·회계·사무,020319,자금운용,020319_L4,자금운용 고급 전문화 및 프로젝트/팀 리딩,4,Skill(기술/도구),애자일 스프린트 리딩
02,경영·회계·사무,020319,자금운용,020319_L4,자금운용 고급 전문화 및 프로젝트/팀 리딩,4,Skill(기술/도구),신기술 PoC 검증
02,경영·회계·사무,020319,자금운용,020319_L4,자금운용 고급 전문화 및 프로젝트/팀 리딩,4,Attitude(태도),혁신 지향 리더십
02,경영·회계·사무,020319,자금운용,020319_L4,자금운용 고급 전문화 및 프로젝트/팀 리딩,4,Attitude(태도),동료 성장 멘토링 마인드
02,경영·회계·사무,020319,자금운용,020319_L5,자금운용 전략 기획 및 전사 거버넌스 총괄,5,Knowledge(지식),경영 전략 및 자본 예산 배분
02,경영·회계·사무,020319,자금운용,020319_L5,자금운용 전략 기획 및 전사 거버넌스 총괄,5,Knowledge(지식),국내외 규제 컴플라이언스
02,경영·회계·사무,020319,자금운용,020319_L5,자금운용 전략 기획 및 전사 거버넌스 총괄,5,Knowledge(지식),엔터프라이즈 거버넌스
02,경영·회계·사무,020319,자금운용,020319_L5,자금운용 전략 기획 및 전사 거버넌스 총괄,5,Skill(기술/도구),전사 로드맵 수립
02,경영·회계·사무,020319,자금운용,020319_L5,자금운용 전략 기획 및 전사 거버넌스 총괄,5,Skill(기술/도구),투자 대비 성과(ROI) 모델링
02,경영·회계·사무,020319,자금운용,020319_L5,자금운용 전략 기획 및 전사 거버넌스 총괄,5,Skill(기술/도구),최고 의사결정 전략 제언
02,경영·회계·사무,020319,자금운용,020319_L5,자금운용 전략 기획 및 전사 거버넌스 총괄,5,Attitude(태도),거시적 통찰력
02,경영·회계·사무,020319,자금운용,020319_L5,자금운용 전략 기획 및 전사 거버넌스 총괄,5,Attitude(태도),전략적 윤리 리더십
02,경영·회계·사무,020320,내부감사,020320_L1,내부감사 기초 입문 및 업무 환경 지원,1,Knowledge(지식),내부감사 개론
02,경영·회계·사무,020320,내부감사,020320_L1,내부감사 기초 입문 및 업무 환경 지원,1,Knowledge(지식),표준 작업 지침서
02,경영·회계·사무,020320,내부감사,020320_L1,내부감사 기초 입문 및 업무 환경 지원,1,Knowledge(지식),기초 법령/규정
02,경영·회계·사무,020320,내부감사,020320_L1,내부감사 기초 입문 및 업무 환경 지원,1,Skill(기술/도구),기초 전산 툴 조작
02,경영·회계·사무,020320,내부감사,020320_L1,내부감사 기초 입문 및 업무 환경 지원,1,Skill(기술/도구),문서 서식 작성
02,경영·회계·사무,020320,내부감사,020320_L1,내부감사 기초 입문 및 업무 환경 지원,1,Skill(기술/도구),자료 검색 및 분류
02,경영·회계·사무,020320,내부감사,020320_L1,내부감사 기초 입문 및 업무 환경 지원,1,Attitude(태도),규정 준수 의식
02,경영·회계·사무,020320,내부감사,020320_L1,내부감사 기초 입문 및 업무 환경 지원,1,Attitude(태도),성실한 업무 지원 태도
02,경영·회계·사무,020320,내부감사,020320_L2,내부감사 초급 실무 및 정형 과업 수행,2,Knowledge(지식),내부감사 실무 프로세스
02,경영·회계·사무,020320,내부감사,020320_L2,내부감사 초급 실무 및 정형 과업 수행,2,Knowledge(지식),단위 업무 품질 기준
02,경영·회계·사무,020320,내부감사,020320_L2,내부감사 초급 실무 및 정형 과업 수행,2,Knowledge(지식),데이터 검증 기법
02,경영·회계·사무,020320,내부감사,020320_L2,내부감사 초급 실무 및 정형 과업 수행,2,Skill(기술/도구),실무 도구/SW 조작
02,경영·회계·사무,020320,내부감사,020320_L2,내부감사 초급 실무 및 정형 과업 수행,2,Skill(기술/도구),데이터 정제 및 가공
02,경영·회계·사무,020320,내부감사,020320_L2,내부감사 초급 실무 및 정형 과업 수행,2,Skill(기술/도구),단위 결과물 산출
02,경영·회계·사무,020320,내부감사,020320_L2,내부감사 초급 실무 및 정형 과업 수행,2,Attitude(태도),정확성과 꼼꼼함
02,경영·회계·사무,020320,내부감사,020320_L2,내부감사 초급 실무 및 정형 과업 수행,2,Attitude(태도),기한 준수 책임감
02,경영·회계·사무,020320,내부감사,020320_L3,내부감사 중급 독립 실무 및 문제해결 엔지니어링,3,Knowledge(지식),심화 모델링/설계 이론
02,경영·회계·사무,020320,내부감사,020320_L3,내부감사 중급 독립 실무 및 문제해결 엔지니어링,3,Knowledge(지식),성능 지표(KPI) 분석법
02,경영·회계·사무,020320,내부감사,020320_L3,내부감사 중급 독립 실무 및 문제해결 엔지니어링,3,Knowledge(지식),이슈 해결 방법론
02,경영·회계·사무,020320,내부감사,020320_L3,내부감사 중급 독립 실무 및 문제해결 엔지니어링,3,Skill(기술/도구),고급 도구/코드/기기 활용
02,경영·회계·사무,020320,내부감사,020320_L3,내부감사 중급 독립 실무 및 문제해결 엔지니어링,3,Skill(기술/도구),원인 분석 및 조치
02,경영·회계·사무,020320,내부감사,020320_L3,내부감사 중급 독립 실무 및 문제해결 엔지니어링,3,Skill(기술/도구),성과 분석 리포팅
02,경영·회계·사무,020320,내부감사,020320_L3,내부감사 중급 독립 실무 및 문제해결 엔지니어링,3,Attitude(태도),분석적 사고력
02,경영·회계·사무,020320,내부감사,020320_L3,내부감사 중급 독립 실무 및 문제해결 엔지니어링,3,Attitude(태도),타 부서와의 원활한 협업 소통
02,경영·회계·사무,020320,내부감사,020320_L4,내부감사 고급 전문화 및 프로젝트/팀 리딩,4,Knowledge(지식),신기술 융합 아키텍처
02,경영·회계·사무,020320,내부감사,020320_L4,내부감사 고급 전문화 및 프로젝트/팀 리딩,4,Knowledge(지식),프로젝트 관리론(PMBOK/Agile)
02,경영·회계·사무,020320,내부감사,020320_L4,내부감사 고급 전문화 및 프로젝트/팀 리딩,4,Knowledge(지식),품질보증(QA) 거버넌스
02,경영·회계·사무,020320,내부감사,020320_L4,내부감사 고급 전문화 및 프로젝트/팀 리딩,4,Skill(기술/도구),전체 시스템 아키텍처 설계
02,경영·회계·사무,020320,내부감사,020320_L4,내부감사 고급 전문화 및 프로젝트/팀 리딩,4,Skill(기술/도구),애자일 스프린트 리딩
02,경영·회계·사무,020320,내부감사,020320_L4,내부감사 고급 전문화 및 프로젝트/팀 리딩,4,Skill(기술/도구),신기술 PoC 검증
02,경영·회계·사무,020320,내부감사,020320_L4,내부감사 고급 전문화 및 프로젝트/팀 리딩,4,Attitude(태도),혁신 지향 리더십
02,경영·회계·사무,020320,내부감사,020320_L4,내부감사 고급 전문화 및 프로젝트/팀 리딩,4,Attitude(태도),동료 성장 멘토링 마인드
02,경영·회계·사무,020320,내부감사,020320_L5,내부감사 전략 기획 및 전사 거버넌스 총괄,5,Knowledge(지식),경영 전략 및 자본 예산 배분
02,경영·회계·사무,020320,내부감사,020320_L5,내부감사 전략 기획 및 전사 거버넌스 총괄,5,Knowledge(지식),국내외 규제 컴플라이언스
02,경영·회계·사무,020320,내부감사,020320_L5,내부감사 전략 기획 및 전사 거버넌스 총괄,5,Knowledge(지식),엔터프라이즈 거버넌스
02,경영·회계·사무,020320,내부감사,020320_L5,내부감사 전략 기획 및 전사 거버넌스 총괄,5,Skill(기술/도구),전사 로드맵 수립
02,경영·회계·사무,020320,내부감사,020320_L5,내부감사 전략 기획 및 전사 거버넌스 총괄,5,Skill(기술/도구),투자 대비 성과(ROI) 모델링
02,경영·회계·사무,020320,내부감사,020320_L5,내부감사 전략 기획 및 전사 거버넌스 총괄,5,Skill(기술/도구),최고 의사결정 전략 제언
02,경영·회계·사무,020320,내부감사,020320_L5,내부감사 전략 기획 및 전사 거버넌스 총괄,5,Attitude(태도),거시적 통찰력
02,경영·회계·사무,020320,내부감사,020320_L5,내부감사 전략 기획 및 전사 거버넌스 총괄,5,Attitude(태도),전략적 윤리 리더십
02,경영·회계·사무,020321,IR기획,020321_L1,IR기획 기초 입문 및 업무 환경 지원,1,Knowledge(지식),IR기획 개론
02,경영·회계·사무,020321,IR기획,020321_L1,IR기획 기초 입문 및 업무 환경 지원,1,Knowledge(지식),표준 작업 지침서
02,경영·회계·사무,020321,IR기획,020321_L1,IR기획 기초 입문 및 업무 환경 지원,1,Knowledge(지식),기초 법령/규정
02,경영·회계·사무,020321,IR기획,020321_L1,IR기획 기초 입문 및 업무 환경 지원,1,Skill(기술/도구),기초 전산 툴 조작
02,경영·회계·사무,020321,IR기획,020321_L1,IR기획 기초 입문 및 업무 환경 지원,1,Skill(기술/도구),문서 서식 작성
02,경영·회계·사무,020321,IR기획,020321_L1,IR기획 기초 입문 및 업무 환경 지원,1,Skill(기술/도구),자료 검색 및 분류
02,경영·회계·사무,020321,IR기획,020321_L1,IR기획 기초 입문 및 업무 환경 지원,1,Attitude(태도),규정 준수 의식
02,경영·회계·사무,020321,IR기획,020321_L1,IR기획 기초 입문 및 업무 환경 지원,1,Attitude(태도),성실한 업무 지원 태도
02,경영·회계·사무,020321,IR기획,020321_L2,IR기획 초급 실무 및 정형 과업 수행,2,Knowledge(지식),IR기획 실무 프로세스
02,경영·회계·사무,020321,IR기획,020321_L2,IR기획 초급 실무 및 정형 과업 수행,2,Knowledge(지식),단위 업무 품질 기준
02,경영·회계·사무,020321,IR기획,020321_L2,IR기획 초급 실무 및 정형 과업 수행,2,Knowledge(지식),데이터 검증 기법
02,경영·회계·사무,020321,IR기획,020321_L2,IR기획 초급 실무 및 정형 과업 수행,2,Skill(기술/도구),실무 도구/SW 조작
02,경영·회계·사무,020321,IR기획,020321_L2,IR기획 초급 실무 및 정형 과업 수행,2,Skill(기술/도구),데이터 정제 및 가공
02,경영·회계·사무,020321,IR기획,020321_L2,IR기획 초급 실무 및 정형 과업 수행,2,Skill(기술/도구),단위 결과물 산출
02,경영·회계·사무,020321,IR기획,020321_L2,IR기획 초급 실무 및 정형 과업 수행,2,Attitude(태도),정확성과 꼼꼼함
02,경영·회계·사무,020321,IR기획,020321_L2,IR기획 초급 실무 및 정형 과업 수행,2,Attitude(태도),기한 준수 책임감
02,경영·회계·사무,020321,IR기획,020321_L3,IR기획 중급 독립 실무 및 문제해결 엔지니어링,3,Knowledge(지식),심화 모델링/설계 이론
02,경영·회계·사무,020321,IR기획,020321_L3,IR기획 중급 독립 실무 및 문제해결 엔지니어링,3,Knowledge(지식),성능 지표(KPI) 분석법
02,경영·회계·사무,020321,IR기획,020321_L3,IR기획 중급 독립 실무 및 문제해결 엔지니어링,3,Knowledge(지식),이슈 해결 방법론
02,경영·회계·사무,020321,IR기획,020321_L3,IR기획 중급 독립 실무 및 문제해결 엔지니어링,3,Skill(기술/도구),고급 도구/코드/기기 활용
02,경영·회계·사무,020321,IR기획,020321_L3,IR기획 중급 독립 실무 및 문제해결 엔지니어링,3,Skill(기술/도구),원인 분석 및 조치
02,경영·회계·사무,020321,IR기획,020321_L3,IR기획 중급 독립 실무 및 문제해결 엔지니어링,3,Skill(기술/도구),성과 분석 리포팅
02,경영·회계·사무,020321,IR기획,020321_L3,IR기획 중급 독립 실무 및 문제해결 엔지니어링,3,Attitude(태도),분석적 사고력
02,경영·회계·사무,020321,IR기획,020321_L3,IR기획 중급 독립 실무 및 문제해결 엔지니어링,3,Attitude(태도),타 부서와의 원활한 협업 소통
02,경영·회계·사무,020321,IR기획,020321_L4,IR기획 고급 전문화 및 프로젝트/팀 리딩,4,Knowledge(지식),신기술 융합 아키텍처
02,경영·회계·사무,020321,IR기획,020321_L4,IR기획 고급 전문화 및 프로젝트/팀 리딩,4,Knowledge(지식),프로젝트 관리론(PMBOK/Agile)
02,경영·회계·사무,020321,IR기획,020321_L4,IR기획 고급 전문화 및 프로젝트/팀 리딩,4,Knowledge(지식),품질보증(QA) 거버넌스
02,경영·회계·사무,020321,IR기획,020321_L4,IR기획 고급 전문화 및 프로젝트/팀 리딩,4,Skill(기술/도구),전체 시스템 아키텍처 설계
02,경영·회계·사무,020321,IR기획,020321_L4,IR기획 고급 전문화 및 프로젝트/팀 리딩,4,Skill(기술/도구),애자일 스프린트 리딩
02,경영·회계·사무,020321,IR기획,020321_L4,IR기획 고급 전문화 및 프로젝트/팀 리딩,4,Skill(기술/도구),신기술 PoC 검증
02,경영·회계·사무,020321,IR기획,020321_L4,IR기획 고급 전문화 및 프로젝트/팀 리딩,4,Attitude(태도),혁신 지향 리더십
02,경영·회계·사무,020321,IR기획,020321_L4,IR기획 고급 전문화 및 프로젝트/팀 리딩,4,Attitude(태도),동료 성장 멘토링 마인드
02,경영·회계·사무,020321,IR기획,020321_L5,IR기획 전략 기획 및 전사 거버넌스 총괄,5,Knowledge(지식),경영 전략 및 자본 예산 배분
02,경영·회계·사무,020321,IR기획,020321_L5,IR기획 전략 기획 및 전사 거버넌스 총괄,5,Knowledge(지식),국내외 규제 컴플라이언스
02,경영·회계·사무,020321,IR기획,020321_L5,IR기획 전략 기획 및 전사 거버넌스 총괄,5,Knowledge(지식),엔터프라이즈 거버넌스
02,경영·회계·사무,020321,IR기획,020321_L5,IR기획 전략 기획 및 전사 거버넌스 총괄,5,Skill(기술/도구),전사 로드맵 수립
02,경영·회계·사무,020321,IR기획,020321_L5,IR기획 전략 기획 및 전사 거버넌스 총괄,5,Skill(기술/도구),투자 대비 성과(ROI) 모델링
02,경영·회계·사무,020321,IR기획,020321_L5,IR기획 전략 기획 및 전사 거버넌스 총괄,5,Skill(기술/도구),최고 의사결정 전략 제언
02,경영·회계·사무,020321,IR기획,020321_L5,IR기획 전략 기획 및 전사 거버넌스 총괄,5,Attitude(태도),거시적 통찰력
02,경영·회계·사무,020321,IR기획,020321_L5,IR기획 전략 기획 및 전사 거버넌스 총괄,5,Attitude(태도),전략적 윤리 리더십
03,금융·보험,030101,금융상품개발,030101_L1,금융상품개발 기초 입문 및 업무 환경 지원,1,Knowledge(지식),금융상품개발 개론
03,금융·보험,030101,금융상품개발,030101_L1,금융상품개발 기초 입문 및 업무 환경 지원,1,Knowledge(지식),표준 작업 지침서
03,금융·보험,030101,금융상품개발,030101_L1,금융상품개발 기초 입문 및 업무 환경 지원,1,Knowledge(지식),기초 법령/규정
03,금융·보험,030101,금융상품개발,030101_L1,금융상품개발 기초 입문 및 업무 환경 지원,1,Skill(기술/도구),기초 전산 툴 조작
03,금융·보험,030101,금융상품개발,030101_L1,금융상품개발 기초 입문 및 업무 환경 지원,1,Skill(기술/도구),문서 서식 작성
03,금융·보험,030101,금융상품개발,030101_L1,금융상품개발 기초 입문 및 업무 환경 지원,1,Skill(기술/도구),자료 검색 및 분류
03,금융·보험,030101,금융상품개발,030101_L1,금융상품개발 기초 입문 및 업무 환경 지원,1,Attitude(태도),규정 준수 의식
03,금융·보험,030101,금융상품개발,030101_L1,금융상품개발 기초 입문 및 업무 환경 지원,1,Attitude(태도),성실한 업무 지원 태도
03,금융·보험,030101,금융상품개발,030101_L2,금융상품개발 초급 실무 및 정형 과업 수행,2,Knowledge(지식),금융상품개발 실무 프로세스
03,금융·보험,030101,금융상품개발,030101_L2,금융상품개발 초급 실무 및 정형 과업 수행,2,Knowledge(지식),단위 업무 품질 기준
03,금융·보험,030101,금융상품개발,030101_L2,금융상품개발 초급 실무 및 정형 과업 수행,2,Knowledge(지식),데이터 검증 기법
03,금융·보험,030101,금융상품개발,030101_L2,금융상품개발 초급 실무 및 정형 과업 수행,2,Skill(기술/도구),실무 도구/SW 조작
03,금융·보험,030101,금융상품개발,030101_L2,금융상품개발 초급 실무 및 정형 과업 수행,2,Skill(기술/도구),데이터 정제 및 가공
03,금융·보험,030101,금융상품개발,030101_L2,금융상품개발 초급 실무 및 정형 과업 수행,2,Skill(기술/도구),단위 결과물 산출
03,금융·보험,030101,금융상품개발,030101_L2,금융상품개발 초급 실무 및 정형 과업 수행,2,Attitude(태도),정확성과 꼼꼼함
03,금융·보험,030101,금융상품개발,030101_L2,금융상품개발 초급 실무 및 정형 과업 수행,2,Attitude(태도),기한 준수 책임감
03,금융·보험,030101,금융상품개발,030101_L3,금융상품개발 중급 독립 실무 및 문제해결 엔지니어링,3,Knowledge(지식),심화 모델링/설계 이론
03,금융·보험,030101,금융상품개발,030101_L3,금융상품개발 중급 독립 실무 및 문제해결 엔지니어링,3,Knowledge(지식),성능 지표(KPI) 분석법
03,금융·보험,030101,금융상품개발,030101_L3,금융상품개발 중급 독립 실무 및 문제해결 엔지니어링,3,Knowledge(지식),이슈 해결 방법론
03,금융·보험,030101,금융상품개발,030101_L3,금융상품개발 중급 독립 실무 및 문제해결 엔지니어링,3,Skill(기술/도구),고급 도구/코드/기기 활용
03,금융·보험,030101,금융상품개발,030101_L3,금융상품개발 중급 독립 실무 및 문제해결 엔지니어링,3,Skill(기술/도구),원인 분석 및 조치
03,금융·보험,030101,금융상품개발,030101_L3,금융상품개발 중급 독립 실무 및 문제해결 엔지니어링,3,Skill(기술/도구),성과 분석 리포팅
03,금융·보험,030101,금융상품개발,030101_L3,금융상품개발 중급 독립 실무 및 문제해결 엔지니어링,3,Attitude(태도),분석적 사고력
03,금융·보험,030101,금융상품개발,030101_L3,금융상품개발 중급 독립 실무 및 문제해결 엔지니어링,3,Attitude(태도),타 부서와의 원활한 협업 소통
03,금융·보험,030101,금융상품개발,030101_L4,금융상품개발 고급 전문화 및 프로젝트/팀 리딩,4,Knowledge(지식),신기술 융합 아키텍처
03,금융·보험,030101,금융상품개발,030101_L4,금융상품개발 고급 전문화 및 프로젝트/팀 리딩,4,Knowledge(지식),프로젝트 관리론(PMBOK/Agile)
03,금융·보험,030101,금융상품개발,030101_L4,금융상품개발 고급 전문화 및 프로젝트/팀 리딩,4,Knowledge(지식),품질보증(QA) 거버넌스
03,금융·보험,030101,금융상품개발,030101_L4,금융상품개발 고급 전문화 및 프로젝트/팀 리딩,4,Skill(기술/도구),전체 시스템 아키텍처 설계
03,금융·보험,030101,금융상품개발,030101_L4,금융상품개발 고급 전문화 및 프로젝트/팀 리딩,4,Skill(기술/도구),애자일 스프린트 리딩
03,금융·보험,030101,금융상품개발,030101_L4,금융상품개발 고급 전문화 및 프로젝트/팀 리딩,4,Skill(기술/도구),신기술 PoC 검증
03,금융·보험,030101,금융상품개발,030101_L4,금융상품개발 고급 전문화 및 프로젝트/팀 리딩,4,Attitude(태도),혁신 지향 리더십
03,금융·보험,030101,금융상품개발,030101_L4,금융상품개발 고급 전문화 및 프로젝트/팀 리딩,4,Attitude(태도),동료 성장 멘토링 마인드
03,금융·보험,030101,금융상품개발,030101_L5,금융상품개발 전략 기획 및 전사 거버넌스 총괄,5,Knowledge(지식),경영 전략 및 자본 예산 배분
03,금융·보험,030101,금융상품개발,030101_L5,금융상품개발 전략 기획 및 전사 거버넌스 총괄,5,Knowledge(지식),국내외 규제 컴플라이언스
03,금융·보험,030101,금융상품개발,030101_L5,금융상품개발 전략 기획 및 전사 거버넌스 총괄,5,Knowledge(지식),엔터프라이즈 거버넌스
03,금융·보험,030101,금융상품개발,030101_L5,금융상품개발 전략 기획 및 전사 거버넌스 총괄,5,Skill(기술/도구),전사 로드맵 수립
03,금융·보험,030101,금융상품개발,030101_L5,금융상품개발 전략 기획 및 전사 거버넌스 총괄,5,Skill(기술/도구),투자 대비 성과(ROI) 모델링
03,금융·보험,030101,금융상품개발,030101_L5,금융상품개발 전략 기획 및 전사 거버넌스 총괄,5,Skill(기술/도구),최고 의사결정 전략 제언
03,금융·보험,030101,금융상품개발,030101_L5,금융상품개발 전략 기획 및 전사 거버넌스 총괄,5,Attitude(태도),거시적 통찰력
03,금융·보험,030101,금융상품개발,030101_L5,금융상품개발 전략 기획 및 전사 거버넌스 총괄,5,Attitude(태도),전략적 윤리 리더십
03,금융·보험,030102,자산운용(펀드매니저),030102_L1,자산운용(펀드매니저) 기초 입문 및 업무 환경 지원,1,Knowledge(지식),자산운용(펀드매니저) 개론
03,금융·보험,030102,자산운용(펀드매니저),030102_L1,자산운용(펀드매니저) 기초 입문 및 업무 환경 지원,1,Knowledge(지식),표준 작업 지침서
03,금융·보험,030102,자산운용(펀드매니저),030102_L1,자산운용(펀드매니저) 기초 입문 및 업무 환경 지원,1,Knowledge(지식),기초 법령/규정
03,금융·보험,030102,자산운용(펀드매니저),030102_L1,자산운용(펀드매니저) 기초 입문 및 업무 환경 지원,1,Skill(기술/도구),기초 전산 툴 조작
03,금융·보험,030102,자산운용(펀드매니저),030102_L1,자산운용(펀드매니저) 기초 입문 및 업무 환경 지원,1,Skill(기술/도구),문서 서식 작성
03,금융·보험,030102,자산운용(펀드매니저),030102_L1,자산운용(펀드매니저) 기초 입문 및 업무 환경 지원,1,Skill(기술/도구),자료 검색 및 분류
03,금융·보험,030102,자산운용(펀드매니저),030102_L1,자산운용(펀드매니저) 기초 입문 및 업무 환경 지원,1,Attitude(태도),규정 준수 의식
03,금융·보험,030102,자산운용(펀드매니저),030102_L1,자산운용(펀드매니저) 기초 입문 및 업무 환경 지원,1,Attitude(태도),성실한 업무 지원 태도
03,금융·보험,030102,자산운용(펀드매니저),030102_L2,자산운용(펀드매니저) 초급 실무 및 정형 과업 수행,2,Knowledge(지식),자산운용(펀드매니저) 실무 프로세스
03,금융·보험,030102,자산운용(펀드매니저),030102_L2,자산운용(펀드매니저) 초급 실무 및 정형 과업 수행,2,Knowledge(지식),단위 업무 품질 기준
03,금융·보험,030102,자산운용(펀드매니저),030102_L2,자산운용(펀드매니저) 초급 실무 및 정형 과업 수행,2,Knowledge(지식),데이터 검증 기법
03,금융·보험,030102,자산운용(펀드매니저),030102_L2,자산운용(펀드매니저) 초급 실무 및 정형 과업 수행,2,Skill(기술/도구),실무 도구/SW 조작
03,금융·보험,030102,자산운용(펀드매니저),030102_L2,자산운용(펀드매니저) 초급 실무 및 정형 과업 수행,2,Skill(기술/도구),데이터 정제 및 가공
03,금융·보험,030102,자산운용(펀드매니저),030102_L2,자산운용(펀드매니저) 초급 실무 및 정형 과업 수행,2,Skill(기술/도구),단위 결과물 산출
03,금융·보험,030102,자산운용(펀드매니저),030102_L2,자산운용(펀드매니저) 초급 실무 및 정형 과업 수행,2,Attitude(태도),정확성과 꼼꼼함
03,금융·보험,030102,자산운용(펀드매니저),030102_L2,자산운용(펀드매니저) 초급 실무 및 정형 과업 수행,2,Attitude(태도),기한 준수 책임감
03,금융·보험,030102,자산운용(펀드매니저),030102_L3,자산운용(펀드매니저) 중급 독립 실무 및 문제해결 엔지니어링,3,Knowledge(지식),심화 모델링/설계 이론
03,금융·보험,030102,자산운용(펀드매니저),030102_L3,자산운용(펀드매니저) 중급 독립 실무 및 문제해결 엔지니어링,3,Knowledge(지식),성능 지표(KPI) 분석법
03,금융·보험,030102,자산운용(펀드매니저),030102_L3,자산운용(펀드매니저) 중급 독립 실무 및 문제해결 엔지니어링,3,Knowledge(지식),이슈 해결 방법론
03,금융·보험,030102,자산운용(펀드매니저),030102_L3,자산운용(펀드매니저) 중급 독립 실무 및 문제해결 엔지니어링,3,Skill(기술/도구),고급 도구/코드/기기 활용
03,금융·보험,030102,자산운용(펀드매니저),030102_L3,자산운용(펀드매니저) 중급 독립 실무 및 문제해결 엔지니어링,3,Skill(기술/도구),원인 분석 및 조치
03,금융·보험,030102,자산운용(펀드매니저),030102_L3,자산운용(펀드매니저) 중급 독립 실무 및 문제해결 엔지니어링,3,Skill(기술/도구),성과 분석 리포팅
03,금융·보험,030102,자산운용(펀드매니저),030102_L3,자산운용(펀드매니저) 중급 독립 실무 및 문제해결 엔지니어링,3,Attitude(태도),분석적 사고력
03,금융·보험,030102,자산운용(펀드매니저),030102_L3,자산운용(펀드매니저) 중급 독립 실무 및 문제해결 엔지니어링,3,Attitude(태도),타 부서와의 원활한 협업 소통
03,금융·보험,030102,자산운용(펀드매니저),030102_L4,자산운용(펀드매니저) 고급 전문화 및 프로젝트/팀 리딩,4,Knowledge(지식),신기술 융합 아키텍처
03,금융·보험,030102,자산운용(펀드매니저),030102_L4,자산운용(펀드매니저) 고급 전문화 및 프로젝트/팀 리딩,4,Knowledge(지식),프로젝트 관리론(PMBOK/Agile)
03,금융·보험,030102,자산운용(펀드매니저),030102_L4,자산운용(펀드매니저) 고급 전문화 및 프로젝트/팀 리딩,4,Knowledge(지식),품질보증(QA) 거버넌스
03,금융·보험,030102,자산운용(펀드매니저),030102_L4,자산운용(펀드매니저) 고급 전문화 및 프로젝트/팀 리딩,4,Skill(기술/도구),전체 시스템 아키텍처 설계
03,금융·보험,030102,자산운용(펀드매니저),030102_L4,자산운용(펀드매니저) 고급 전문화 및 프로젝트/팀 리딩,4,Skill(기술/도구),애자일 스프린트 리딩
03,금융·보험,030102,자산운용(펀드매니저),030102_L4,자산운용(펀드매니저) 고급 전문화 및 프로젝트/팀 리딩,4,Skill(기술/도구),신기술 PoC 검증
03,금융·보험,030102,자산운용(펀드매니저),030102_L4,자산운용(펀드매니저) 고급 전문화 및 프로젝트/팀 리딩,4,Attitude(태도),혁신 지향 리더십
03,금융·보험,030102,자산운용(펀드매니저),030102_L4,자산운용(펀드매니저) 고급 전문화 및 프로젝트/팀 리딩,4,Attitude(태도),동료 성장 멘토링 마인드
03,금융·보험,030102,자산운용(펀드매니저),030102_L5,자산운용(펀드매니저) 전략 기획 및 전사 거버넌스 총괄,5,Knowledge(지식),경영 전략 및 자본 예산 배분
03,금융·보험,030102,자산운용(펀드매니저),030102_L5,자산운용(펀드매니저) 전략 기획 및 전사 거버넌스 총괄,5,Knowledge(지식),국내외 규제 컴플라이언스
03,금융·보험,030102,자산운용(펀드매니저),030102_L5,자산운용(펀드매니저) 전략 기획 및 전사 거버넌스 총괄,5,Knowledge(지식),엔터프라이즈 거버넌스
03,금융·보험,030102,자산운용(펀드매니저),030102_L5,자산운용(펀드매니저) 전략 기획 및 전사 거버넌스 총괄,5,Skill(기술/도구),전사 로드맵 수립
03,금융·보험,030102,자산운용(펀드매니저),030102_L5,자산운용(펀드매니저) 전략 기획 및 전사 거버넌스 총괄,5,Skill(기술/도구),투자 대비 성과(ROI) 모델링
03,금융·보험,030102,자산운용(펀드매니저),030102_L5,자산운용(펀드매니저) 전략 기획 및 전사 거버넌스 총괄,5,Skill(기술/도구),최고 의사결정 전략 제언
03,금융·보험,030102,자산운용(펀드매니저),030102_L5,자산운용(펀드매니저) 전략 기획 및 전사 거버넌스 총괄,5,Attitude(태도),거시적 통찰력
03,금융·보험,030102,자산운용(펀드매니저),030102_L5,자산운용(펀드매니저) 전략 기획 및 전사 거버넌스 총괄,5,Attitude(태도),전략적 윤리 리더십
03,금융·보험,030103,증권·외환딜링,030103_L1,증권·외환딜링 기초 입문 및 업무 환경 지원,1,Knowledge(지식),증권·외환딜링 개론
03,금융·보험,030103,증권·외환딜링,030103_L1,증권·외환딜링 기초 입문 및 업무 환경 지원,1,Knowledge(지식),표준 작업 지침서
03,금융·보험,030103,증권·외환딜링,030103_L1,증권·외환딜링 기초 입문 및 업무 환경 지원,1,Knowledge(지식),기초 법령/규정
03,금융·보험,030103,증권·외환딜링,030103_L1,증권·외환딜링 기초 입문 및 업무 환경 지원,1,Skill(기술/도구),기초 전산 툴 조작
03,금융·보험,030103,증권·외환딜링,030103_L1,증권·외환딜링 기초 입문 및 업무 환경 지원,1,Skill(기술/도구),문서 서식 작성
03,금융·보험,030103,증권·외환딜링,030103_L1,증권·외환딜링 기초 입문 및 업무 환경 지원,1,Skill(기술/도구),자료 검색 및 분류
03,금융·보험,030103,증권·외환딜링,030103_L1,증권·외환딜링 기초 입문 및 업무 환경 지원,1,Attitude(태도),규정 준수 의식
03,금융·보험,030103,증권·외환딜링,030103_L1,증권·외환딜링 기초 입문 및 업무 환경 지원,1,Attitude(태도),성실한 업무 지원 태도
03,금융·보험,030103,증권·외환딜링,030103_L2,증권·외환딜링 초급 실무 및 정형 과업 수행,2,Knowledge(지식),증권·외환딜링 실무 프로세스
03,금융·보험,030103,증권·외환딜링,030103_L2,증권·외환딜링 초급 실무 및 정형 과업 수행,2,Knowledge(지식),단위 업무 품질 기준
03,금융·보험,030103,증권·외환딜링,030103_L2,증권·외환딜링 초급 실무 및 정형 과업 수행,2,Knowledge(지식),데이터 검증 기법
03,금융·보험,030103,증권·외환딜링,030103_L2,증권·외환딜링 초급 실무 및 정형 과업 수행,2,Skill(기술/도구),실무 도구/SW 조작
03,금융·보험,030103,증권·외환딜링,030103_L2,증권·외환딜링 초급 실무 및 정형 과업 수행,2,Skill(기술/도구),데이터 정제 및 가공
03,금융·보험,030103,증권·외환딜링,030103_L2,증권·외환딜링 초급 실무 및 정형 과업 수행,2,Skill(기술/도구),단위 결과물 산출
03,금융·보험,030103,증권·외환딜링,030103_L2,증권·외환딜링 초급 실무 및 정형 과업 수행,2,Attitude(태도),정확성과 꼼꼼함
03,금융·보험,030103,증권·외환딜링,030103_L2,증권·외환딜링 초급 실무 및 정형 과업 수행,2,Attitude(태도),기한 준수 책임감
03,금융·보험,030103,증권·외환딜링,030103_L3,증권·외환딜링 중급 독립 실무 및 문제해결 엔지니어링,3,Knowledge(지식),심화 모델링/설계 이론
03,금융·보험,030103,증권·외환딜링,030103_L3,증권·외환딜링 중급 독립 실무 및 문제해결 엔지니어링,3,Knowledge(지식),성능 지표(KPI) 분석법
03,금융·보험,030103,증권·외환딜링,030103_L3,증권·외환딜링 중급 독립 실무 및 문제해결 엔지니어링,3,Knowledge(지식),이슈 해결 방법론
03,금융·보험,030103,증권·외환딜링,030103_L3,증권·외환딜링 중급 독립 실무 및 문제해결 엔지니어링,3,Skill(기술/도구),고급 도구/코드/기기 활용
03,금융·보험,030103,증권·외환딜링,030103_L3,증권·외환딜링 중급 독립 실무 및 문제해결 엔지니어링,3,Skill(기술/도구),원인 분석 및 조치
03,금융·보험,030103,증권·외환딜링,030103_L3,증권·외환딜링 중급 독립 실무 및 문제해결 엔지니어링,3,Skill(기술/도구),성과 분석 리포팅
03,금융·보험,030103,증권·외환딜링,030103_L3,증권·외환딜링 중급 독립 실무 및 문제해결 엔지니어링,3,Attitude(태도),분석적 사고력
03,금융·보험,030103,증권·외환딜링,030103_L3,증권·외환딜링 중급 독립 실무 및 문제해결 엔지니어링,3,Attitude(태도),타 부서와의 원활한 협업 소통
03,금융·보험,030103,증권·외환딜링,030103_L4,증권·외환딜링 고급 전문화 및 프로젝트/팀 리딩,4,Knowledge(지식),신기술 융합 아키텍처
03,금융·보험,030103,증권·외환딜링,030103_L4,증권·외환딜링 고급 전문화 및 프로젝트/팀 리딩,4,Knowledge(지식),프로젝트 관리론(PMBOK/Agile)
03,금융·보험,030103,증권·외환딜링,030103_L4,증권·외환딜링 고급 전문화 및 프로젝트/팀 리딩,4,Knowledge(지식),품질보증(QA) 거버넌스
03,금융·보험,030103,증권·외환딜링,030103_L4,증권·외환딜링 고급 전문화 및 프로젝트/팀 리딩,4,Skill(기술/도구),전체 시스템 아키텍처 설계
03,금융·보험,030103,증권·외환딜링,030103_L4,증권·외환딜링 고급 전문화 및 프로젝트/팀 리딩,4,Skill(기술/도구),애자일 스프린트 리딩
03,금융·보험,030103,증권·외환딜링,030103_L4,증권·외환딜링 고급 전문화 및 프로젝트/팀 리딩,4,Skill(기술/도구),신기술 PoC 검증
03,금융·보험,030103,증권·외환딜링,030103_L4,증권·외환딜링 고급 전문화 및 프로젝트/팀 리딩,4,Attitude(태도),혁신 지향 리더십
03,금융·보험,030103,증권·외환딜링,030103_L4,증권·외환딜링 고급 전문화 및 프로젝트/팀 리딩,4,Attitude(태도),동료 성장 멘토링 마인드
03,금융·보험,030103,증권·외환딜링,030103_L5,증권·외환딜링 전략 기획 및 전사 거버넌스 총괄,5,Knowledge(지식),경영 전략 및 자본 예산 배분
03,금융·보험,030103,증권·외환딜링,030103_L5,증권·외환딜링 전략 기획 및 전사 거버넌스 총괄,5,Knowledge(지식),국내외 규제 컴플라이언스
03,금융·보험,030103,증권·외환딜링,030103_L5,증권·외환딜링 전략 기획 및 전사 거버넌스 총괄,5,Knowledge(지식),엔터프라이즈 거버넌스
03,금융·보험,030103,증권·외환딜링,030103_L5,증권·외환딜링 전략 기획 및 전사 거버넌스 총괄,5,Skill(기술/도구),전사 로드맵 수립
03,금융·보험,030103,증권·외환딜링,030103_L5,증권·외환딜링 전략 기획 및 전사 거버넌스 총괄,5,Skill(기술/도구),투자 대비 성과(ROI) 모델링
03,금융·보험,030103,증권·외환딜링,030103_L5,증권·외환딜링 전략 기획 및 전사 거버넌스 총괄,5,Skill(기술/도구),최고 의사결정 전략 제언
03,금융·보험,030103,증권·외환딜링,030103_L5,증권·외환딜링 전략 기획 및 전사 거버넌스 총괄,5,Attitude(태도),거시적 통찰력
03,금융·보험,030103,증권·외환딜링,030103_L5,증권·외환딜링 전략 기획 및 전사 거버넌스 총괄,5,Attitude(태도),전략적 윤리 리더십
03,금융·보험,030104,투자분석(애널리스트),030104_L1,투자분석(애널리스트) 기초 입문 및 업무 환경 지원,1,Knowledge(지식),투자분석(애널리스트) 개론
03,금융·보험,030104,투자분석(애널리스트),030104_L1,투자분석(애널리스트) 기초 입문 및 업무 환경 지원,1,Knowledge(지식),표준 작업 지침서
03,금융·보험,030104,투자분석(애널리스트),030104_L1,투자분석(애널리스트) 기초 입문 및 업무 환경 지원,1,Knowledge(지식),기초 법령/규정
03,금융·보험,030104,투자분석(애널리스트),030104_L1,투자분석(애널리스트) 기초 입문 및 업무 환경 지원,1,Skill(기술/도구),기초 전산 툴 조작
03,금융·보험,030104,투자분석(애널리스트),030104_L1,투자분석(애널리스트) 기초 입문 및 업무 환경 지원,1,Skill(기술/도구),문서 서식 작성
03,금융·보험,030104,투자분석(애널리스트),030104_L1,투자분석(애널리스트) 기초 입문 및 업무 환경 지원,1,Skill(기술/도구),자료 검색 및 분류
03,금융·보험,030104,투자분석(애널리스트),030104_L1,투자분석(애널리스트) 기초 입문 및 업무 환경 지원,1,Attitude(태도),규정 준수 의식
03,금융·보험,030104,투자분석(애널리스트),030104_L1,투자분석(애널리스트) 기초 입문 및 업무 환경 지원,1,Attitude(태도),성실한 업무 지원 태도
03,금융·보험,030104,투자분석(애널리스트),030104_L2,투자분석(애널리스트) 초급 실무 및 정형 과업 수행,2,Knowledge(지식),투자분석(애널리스트) 실무 프로세스
03,금융·보험,030104,투자분석(애널리스트),030104_L2,투자분석(애널리스트) 초급 실무 및 정형 과업 수행,2,Knowledge(지식),단위 업무 품질 기준
03,금융·보험,030104,투자분석(애널리스트),030104_L2,투자분석(애널리스트) 초급 실무 및 정형 과업 수행,2,Knowledge(지식),데이터 검증 기법
03,금융·보험,030104,투자분석(애널리스트),030104_L2,투자분석(애널리스트) 초급 실무 및 정형 과업 수행,2,Skill(기술/도구),실무 도구/SW 조작
03,금융·보험,030104,투자분석(애널리스트),030104_L2,투자분석(애널리스트) 초급 실무 및 정형 과업 수행,2,Skill(기술/도구),데이터 정제 및 가공
03,금융·보험,030104,투자분석(애널리스트),030104_L2,투자분석(애널리스트) 초급 실무 및 정형 과업 수행,2,Skill(기술/도구),단위 결과물 산출
03,금융·보험,030104,투자분석(애널리스트),030104_L2,투자분석(애널리스트) 초급 실무 및 정형 과업 수행,2,Attitude(태도),정확성과 꼼꼼함
03,금융·보험,030104,투자분석(애널리스트),030104_L2,투자분석(애널리스트) 초급 실무 및 정형 과업 수행,2,Attitude(태도),기한 준수 책임감
03,금융·보험,030104,투자분석(애널리스트),030104_L3,투자분석(애널리스트) 중급 독립 실무 및 문제해결 엔지니어링,3,Knowledge(지식),심화 모델링/설계 이론
03,금융·보험,030104,투자분석(애널리스트),030104_L3,투자분석(애널리스트) 중급 독립 실무 및 문제해결 엔지니어링,3,Knowledge(지식),성능 지표(KPI) 분석법
03,금융·보험,030104,투자분석(애널리스트),030104_L3,투자분석(애널리스트) 중급 독립 실무 및 문제해결 엔지니어링,3,Knowledge(지식),이슈 해결 방법론
03,금융·보험,030104,투자분석(애널리스트),030104_L3,투자분석(애널리스트) 중급 독립 실무 및 문제해결 엔지니어링,3,Skill(기술/도구),고급 도구/코드/기기 활용
03,금융·보험,030104,투자분석(애널리스트),030104_L3,투자분석(애널리스트) 중급 독립 실무 및 문제해결 엔지니어링,3,Skill(기술/도구),원인 분석 및 조치
03,금융·보험,030104,투자분석(애널리스트),030104_L3,투자분석(애널리스트) 중급 독립 실무 및 문제해결 엔지니어링,3,Skill(기술/도구),성과 분석 리포팅
03,금융·보험,030104,투자분석(애널리스트),030104_L3,투자분석(애널리스트) 중급 독립 실무 및 문제해결 엔지니어링,3,Attitude(태도),분석적 사고력
03,금융·보험,030104,투자분석(애널리스트),030104_L3,투자분석(애널리스트) 중급 독립 실무 및 문제해결 엔지니어링,3,Attitude(태도),타 부서와의 원활한 협업 소통
03,금융·보험,030104,투자분석(애널리스트),030104_L4,투자분석(애널리스트) 고급 전문화 및 프로젝트/팀 리딩,4,Knowledge(지식),신기술 융합 아키텍처
03,금융·보험,030104,투자분석(애널리스트),030104_L4,투자분석(애널리스트) 고급 전문화 및 프로젝트/팀 리딩,4,Knowledge(지식),프로젝트 관리론(PMBOK/Agile)
03,금융·보험,030104,투자분석(애널리스트),030104_L4,투자분석(애널리스트) 고급 전문화 및 프로젝트/팀 리딩,4,Knowledge(지식),품질보증(QA) 거버넌스
03,금융·보험,030104,투자분석(애널리스트),030104_L4,투자분석(애널리스트) 고급 전문화 및 프로젝트/팀 리딩,4,Skill(기술/도구),전체 시스템 아키텍처 설계
03,금융·보험,030104,투자분석(애널리스트),030104_L4,투자분석(애널리스트) 고급 전문화 및 프로젝트/팀 리딩,4,Skill(기술/도구),애자일 스프린트 리딩
03,금융·보험,030104,투자분석(애널리스트),030104_L4,투자분석(애널리스트) 고급 전문화 및 프로젝트/팀 리딩,4,Skill(기술/도구),신기술 PoC 검증
03,금융·보험,030104,투자분석(애널리스트),030104_L4,투자분석(애널리스트) 고급 전문화 및 프로젝트/팀 리딩,4,Attitude(태도),혁신 지향 리더십
03,금융·보험,030104,투자분석(애널리스트),030104_L4,투자분석(애널리스트) 고급 전문화 및 프로젝트/팀 리딩,4,Attitude(태도),동료 성장 멘토링 마인드
03,금융·보험,030104,투자분석(애널리스트),030104_L5,투자분석(애널리스트) 전략 기획 및 전사 거버넌스 총괄,5,Knowledge(지식),경영 전략 및 자본 예산 배분
03,금융·보험,030104,투자분석(애널리스트),030104_L5,투자분석(애널리스트) 전략 기획 및 전사 거버넌스 총괄,5,Knowledge(지식),국내외 규제 컴플라이언스
03,금융·보험,030104,투자분석(애널리스트),030104_L5,투자분석(애널리스트) 전략 기획 및 전사 거버넌스 총괄,5,Knowledge(지식),엔터프라이즈 거버넌스
03,금융·보험,030104,투자분석(애널리스트),030104_L5,투자분석(애널리스트) 전략 기획 및 전사 거버넌스 총괄,5,Skill(기술/도구),전사 로드맵 수립
03,금융·보험,030104,투자분석(애널리스트),030104_L5,투자분석(애널리스트) 전략 기획 및 전사 거버넌스 총괄,5,Skill(기술/도구),투자 대비 성과(ROI) 모델링
03,금융·보험,030104,투자분석(애널리스트),030104_L5,투자분석(애널리스트) 전략 기획 및 전사 거버넌스 총괄,5,Skill(기술/도구),최고 의사결정 전략 제언
03,금융·보험,030104,투자분석(애널리스트),030104_L5,투자분석(애널리스트) 전략 기획 및 전사 거버넌스 총괄,5,Attitude(태도),거시적 통찰력
03,금융·보험,030104,투자분석(애널리스트),030104_L5,투자분석(애널리스트) 전략 기획 및 전사 거버넌스 총괄,5,Attitude(태도),전략적 윤리 리더십
03,금융·보험,030105,기업신용분석,030105_L1,기업신용분석 기초 입문 및 업무 환경 지원,1,Knowledge(지식),기업신용분석 개론
03,금융·보험,030105,기업신용분석,030105_L1,기업신용분석 기초 입문 및 업무 환경 지원,1,Knowledge(지식),표준 작업 지침서
03,금융·보험,030105,기업신용분석,030105_L1,기업신용분석 기초 입문 및 업무 환경 지원,1,Knowledge(지식),기초 법령/규정
03,금융·보험,030105,기업신용분석,030105_L1,기업신용분석 기초 입문 및 업무 환경 지원,1,Skill(기술/도구),기초 전산 툴 조작
03,금융·보험,030105,기업신용분석,030105_L1,기업신용분석 기초 입문 및 업무 환경 지원,1,Skill(기술/도구),문서 서식 작성
03,금융·보험,030105,기업신용분석,030105_L1,기업신용분석 기초 입문 및 업무 환경 지원,1,Skill(기술/도구),자료 검색 및 분류
03,금융·보험,030105,기업신용분석,030105_L1,기업신용분석 기초 입문 및 업무 환경 지원,1,Attitude(태도),규정 준수 의식
03,금융·보험,030105,기업신용분석,030105_L1,기업신용분석 기초 입문 및 업무 환경 지원,1,Attitude(태도),성실한 업무 지원 태도
03,금융·보험,030105,기업신용분석,030105_L2,기업신용분석 초급 실무 및 정형 과업 수행,2,Knowledge(지식),기업신용분석 실무 프로세스
03,금융·보험,030105,기업신용분석,030105_L2,기업신용분석 초급 실무 및 정형 과업 수행,2,Knowledge(지식),단위 업무 품질 기준
03,금융·보험,030105,기업신용분석,030105_L2,기업신용분석 초급 실무 및 정형 과업 수행,2,Knowledge(지식),데이터 검증 기법
03,금융·보험,030105,기업신용분석,030105_L2,기업신용분석 초급 실무 및 정형 과업 수행,2,Skill(기술/도구),실무 도구/SW 조작
03,금융·보험,030105,기업신용분석,030105_L2,기업신용분석 초급 실무 및 정형 과업 수행,2,Skill(기술/도구),데이터 정제 및 가공
03,금융·보험,030105,기업신용분석,030105_L2,기업신용분석 초급 실무 및 정형 과업 수행,2,Skill(기술/도구),단위 결과물 산출
03,금융·보험,030105,기업신용분석,030105_L2,기업신용분석 초급 실무 및 정형 과업 수행,2,Attitude(태도),정확성과 꼼꼼함
03,금융·보험,030105,기업신용분석,030105_L2,기업신용분석 초급 실무 및 정형 과업 수행,2,Attitude(태도),기한 준수 책임감
03,금융·보험,030105,기업신용분석,030105_L3,기업신용분석 중급 독립 실무 및 문제해결 엔지니어링,3,Knowledge(지식),심화 모델링/설계 이론
03,금융·보험,030105,기업신용분석,030105_L3,기업신용분석 중급 독립 실무 및 문제해결 엔지니어링,3,Knowledge(지식),성능 지표(KPI) 분석법
03,금융·보험,030105,기업신용분석,030105_L3,기업신용분석 중급 독립 실무 및 문제해결 엔지니어링,3,Knowledge(지식),이슈 해결 방법론
03,금융·보험,030105,기업신용분석,030105_L3,기업신용분석 중급 독립 실무 및 문제해결 엔지니어링,3,Skill(기술/도구),고급 도구/코드/기기 활용
03,금융·보험,030105,기업신용분석,030105_L3,기업신용분석 중급 독립 실무 및 문제해결 엔지니어링,3,Skill(기술/도구),원인 분석 및 조치
03,금융·보험,030105,기업신용분석,030105_L3,기업신용분석 중급 독립 실무 및 문제해결 엔지니어링,3,Skill(기술/도구),성과 분석 리포팅
03,금융·보험,030105,기업신용분석,030105_L3,기업신용분석 중급 독립 실무 및 문제해결 엔지니어링,3,Attitude(태도),분석적 사고력
03,금융·보험,030105,기업신용분석,030105_L3,기업신용분석 중급 독립 실무 및 문제해결 엔지니어링,3,Attitude(태도),타 부서와의 원활한 협업 소통
03,금융·보험,030105,기업신용분석,030105_L4,기업신용분석 고급 전문화 및 프로젝트/팀 리딩,4,Knowledge(지식),신기술 융합 아키텍처
03,금융·보험,030105,기업신용분석,030105_L4,기업신용분석 고급 전문화 및 프로젝트/팀 리딩,4,Knowledge(지식),프로젝트 관리론(PMBOK/Agile)
03,금융·보험,030105,기업신용분석,030105_L4,기업신용분석 고급 전문화 및 프로젝트/팀 리딩,4,Knowledge(지식),품질보증(QA) 거버넌스
03,금융·보험,030105,기업신용분석,030105_L4,기업신용분석 고급 전문화 및 프로젝트/팀 리딩,4,Skill(기술/도구),전체 시스템 아키텍처 설계
03,금융·보험,030105,기업신용분석,030105_L4,기업신용분석 고급 전문화 및 프로젝트/팀 리딩,4,Skill(기술/도구),애자일 스프린트 리딩
03,금융·보험,030105,기업신용분석,030105_L4,기업신용분석 고급 전문화 및 프로젝트/팀 리딩,4,Skill(기술/도구),신기술 PoC 검증
03,금융·보험,030105,기업신용분석,030105_L4,기업신용분석 고급 전문화 및 프로젝트/팀 리딩,4,Attitude(태도),혁신 지향 리더십
03,금융·보험,030105,기업신용분석,030105_L4,기업신용분석 고급 전문화 및 프로젝트/팀 리딩,4,Attitude(태도),동료 성장 멘토링 마인드
03,금융·보험,030105,기업신용분석,030105_L5,기업신용분석 전략 기획 및 전사 거버넌스 총괄,5,Knowledge(지식),경영 전략 및 자본 예산 배분
03,금융·보험,030105,기업신용분석,030105_L5,기업신용분석 전략 기획 및 전사 거버넌스 총괄,5,Knowledge(지식),국내외 규제 컴플라이언스
03,금융·보험,030105,기업신용분석,030105_L5,기업신용분석 전략 기획 및 전사 거버넌스 총괄,5,Knowledge(지식),엔터프라이즈 거버넌스
03,금융·보험,030105,기업신용분석,030105_L5,기업신용분석 전략 기획 및 전사 거버넌스 총괄,5,Skill(기술/도구),전사 로드맵 수립
03,금융·보험,030105,기업신용분석,030105_L5,기업신용분석 전략 기획 및 전사 거버넌스 총괄,5,Skill(기술/도구),투자 대비 성과(ROI) 모델링
03,금융·보험,030105,기업신용분석,030105_L5,기업신용분석 전략 기획 및 전사 거버넌스 총괄,5,Skill(기술/도구),최고 의사결정 전략 제언
03,금융·보험,030105,기업신용분석,030105_L5,기업신용분석 전략 기획 및 전사 거버넌스 총괄,5,Attitude(태도),거시적 통찰력
03,금융·보험,030105,기업신용분석,030105_L5,기업신용분석 전략 기획 및 전사 거버넌스 총괄,5,Attitude(태도),전략적 윤리 리더십
03,금융·보험,030106,개인신용평가,030106_L1,개인신용평가 기초 입문 및 업무 환경 지원,1,Knowledge(지식),개인신용평가 개론
03,금융·보험,030106,개인신용평가,030106_L1,개인신용평가 기초 입문 및 업무 환경 지원,1,Knowledge(지식),표준 작업 지침서
03,금융·보험,030106,개인신용평가,030106_L1,개인신용평가 기초 입문 및 업무 환경 지원,1,Knowledge(지식),기초 법령/규정
03,금융·보험,030106,개인신용평가,030106_L1,개인신용평가 기초 입문 및 업무 환경 지원,1,Skill(기술/도구),기초 전산 툴 조작
03,금융·보험,030106,개인신용평가,030106_L1,개인신용평가 기초 입문 및 업무 환경 지원,1,Skill(기술/도구),문서 서식 작성
03,금융·보험,030106,개인신용평가,030106_L1,개인신용평가 기초 입문 및 업무 환경 지원,1,Skill(기술/도구),자료 검색 및 분류
03,금융·보험,030106,개인신용평가,030106_L1,개인신용평가 기초 입문 및 업무 환경 지원,1,Attitude(태도),규정 준수 의식
03,금융·보험,030106,개인신용평가,030106_L1,개인신용평가 기초 입문 및 업무 환경 지원,1,Attitude(태도),성실한 업무 지원 태도
03,금융·보험,030106,개인신용평가,030106_L2,개인신용평가 초급 실무 및 정형 과업 수행,2,Knowledge(지식),개인신용평가 실무 프로세스
03,금융·보험,030106,개인신용평가,030106_L2,개인신용평가 초급 실무 및 정형 과업 수행,2,Knowledge(지식),단위 업무 품질 기준
03,금융·보험,030106,개인신용평가,030106_L2,개인신용평가 초급 실무 및 정형 과업 수행,2,Knowledge(지식),데이터 검증 기법
03,금융·보험,030106,개인신용평가,030106_L2,개인신용평가 초급 실무 및 정형 과업 수행,2,Skill(기술/도구),실무 도구/SW 조작
03,금융·보험,030106,개인신용평가,030106_L2,개인신용평가 초급 실무 및 정형 과업 수행,2,Skill(기술/도구),데이터 정제 및 가공
03,금융·보험,030106,개인신용평가,030106_L2,개인신용평가 초급 실무 및 정형 과업 수행,2,Skill(기술/도구),단위 결과물 산출
03,금융·보험,030106,개인신용평가,030106_L2,개인신용평가 초급 실무 및 정형 과업 수행,2,Attitude(태도),정확성과 꼼꼼함
03,금융·보험,030106,개인신용평가,030106_L2,개인신용평가 초급 실무 및 정형 과업 수행,2,Attitude(태도),기한 준수 책임감
03,금융·보험,030106,개인신용평가,030106_L3,개인신용평가 중급 독립 실무 및 문제해결 엔지니어링,3,Knowledge(지식),심화 모델링/설계 이론
03,금융·보험,030106,개인신용평가,030106_L3,개인신용평가 중급 독립 실무 및 문제해결 엔지니어링,3,Knowledge(지식),성능 지표(KPI) 분석법
03,금융·보험,030106,개인신용평가,030106_L3,개인신용평가 중급 독립 실무 및 문제해결 엔지니어링,3,Knowledge(지식),이슈 해결 방법론
03,금융·보험,030106,개인신용평가,030106_L3,개인신용평가 중급 독립 실무 및 문제해결 엔지니어링,3,Skill(기술/도구),고급 도구/코드/기기 활용
03,금융·보험,030106,개인신용평가,030106_L3,개인신용평가 중급 독립 실무 및 문제해결 엔지니어링,3,Skill(기술/도구),원인 분석 및 조치
03,금융·보험,030106,개인신용평가,030106_L3,개인신용평가 중급 독립 실무 및 문제해결 엔지니어링,3,Skill(기술/도구),성과 분석 리포팅
03,금융·보험,030106,개인신용평가,030106_L3,개인신용평가 중급 독립 실무 및 문제해결 엔지니어링,3,Attitude(태도),분석적 사고력
03,금융·보험,030106,개인신용평가,030106_L3,개인신용평가 중급 독립 실무 및 문제해결 엔지니어링,3,Attitude(태도),타 부서와의 원활한 협업 소통
03,금융·보험,030106,개인신용평가,030106_L4,개인신용평가 고급 전문화 및 프로젝트/팀 리딩,4,Knowledge(지식),신기술 융합 아키텍처
03,금융·보험,030106,개인신용평가,030106_L4,개인신용평가 고급 전문화 및 프로젝트/팀 리딩,4,Knowledge(지식),프로젝트 관리론(PMBOK/Agile)
03,금융·보험,030106,개인신용평가,030106_L4,개인신용평가 고급 전문화 및 프로젝트/팀 리딩,4,Knowledge(지식),품질보증(QA) 거버넌스
03,금융·보험,030106,개인신용평가,030106_L4,개인신용평가 고급 전문화 및 프로젝트/팀 리딩,4,Skill(기술/도구),전체 시스템 아키텍처 설계
03,금융·보험,030106,개인신용평가,030106_L4,개인신용평가 고급 전문화 및 프로젝트/팀 리딩,4,Skill(기술/도구),애자일 스프린트 리딩
03,금융·보험,030106,개인신용평가,030106_L4,개인신용평가 고급 전문화 및 프로젝트/팀 리딩,4,Skill(기술/도구),신기술 PoC 검증
03,금융·보험,030106,개인신용평가,030106_L4,개인신용평가 고급 전문화 및 프로젝트/팀 리딩,4,Attitude(태도),혁신 지향 리더십
03,금융·보험,030106,개인신용평가,030106_L4,개인신용평가 고급 전문화 및 프로젝트/팀 리딩,4,Attitude(태도),동료 성장 멘토링 마인드
03,금융·보험,030106,개인신용평가,030106_L5,개인신용평가 전략 기획 및 전사 거버넌스 총괄,5,Knowledge(지식),경영 전략 및 자본 예산 배분
03,금융·보험,030106,개인신용평가,030106_L5,개인신용평가 전략 기획 및 전사 거버넌스 총괄,5,Knowledge(지식),국내외 규제 컴플라이언스
03,금융·보험,030106,개인신용평가,030106_L5,개인신용평가 전략 기획 및 전사 거버넌스 총괄,5,Knowledge(지식),엔터프라이즈 거버넌스
03,금융·보험,030106,개인신용평가,030106_L5,개인신용평가 전략 기획 및 전사 거버넌스 총괄,5,Skill(기술/도구),전사 로드맵 수립
03,금융·보험,030106,개인신용평가,030106_L5,개인신용평가 전략 기획 및 전사 거버넌스 총괄,5,Skill(기술/도구),투자 대비 성과(ROI) 모델링
03,금융·보험,030106,개인신용평가,030106_L5,개인신용평가 전략 기획 및 전사 거버넌스 총괄,5,Skill(기술/도구),최고 의사결정 전략 제언
03,금융·보험,030106,개인신용평가,030106_L5,개인신용평가 전략 기획 및 전사 거버넌스 총괄,5,Attitude(태도),거시적 통찰력
03,금융·보험,030106,개인신용평가,030106_L5,개인신용평가 전략 기획 및 전사 거버넌스 총괄,5,Attitude(태도),전략적 윤리 리더십
03,금융·보험,030107,여신영업,030107_L1,여신영업 기초 입문 및 업무 환경 지원,1,Knowledge(지식),여신영업 개론
03,금융·보험,030107,여신영업,030107_L1,여신영업 기초 입문 및 업무 환경 지원,1,Knowledge(지식),표준 작업 지침서
03,금융·보험,030107,여신영업,030107_L1,여신영업 기초 입문 및 업무 환경 지원,1,Knowledge(지식),기초 법령/규정
03,금융·보험,030107,여신영업,030107_L1,여신영업 기초 입문 및 업무 환경 지원,1,Skill(기술/도구),기초 전산 툴 조작
03,금융·보험,030107,여신영업,030107_L1,여신영업 기초 입문 및 업무 환경 지원,1,Skill(기술/도구),문서 서식 작성
03,금융·보험,030107,여신영업,030107_L1,여신영업 기초 입문 및 업무 환경 지원,1,Skill(기술/도구),자료 검색 및 분류
03,금융·보험,030107,여신영업,030107_L1,여신영업 기초 입문 및 업무 환경 지원,1,Attitude(태도),규정 준수 의식
03,금융·보험,030107,여신영업,030107_L1,여신영업 기초 입문 및 업무 환경 지원,1,Attitude(태도),성실한 업무 지원 태도
03,금융·보험,030107,여신영업,030107_L2,여신영업 초급 실무 및 정형 과업 수행,2,Knowledge(지식),여신영업 실무 프로세스
03,금융·보험,030107,여신영업,030107_L2,여신영업 초급 실무 및 정형 과업 수행,2,Knowledge(지식),단위 업무 품질 기준
03,금융·보험,030107,여신영업,030107_L2,여신영업 초급 실무 및 정형 과업 수행,2,Knowledge(지식),데이터 검증 기법
03,금융·보험,030107,여신영업,030107_L2,여신영업 초급 실무 및 정형 과업 수행,2,Skill(기술/도구),실무 도구/SW 조작
03,금융·보험,030107,여신영업,030107_L2,여신영업 초급 실무 및 정형 과업 수행,2,Skill(기술/도구),데이터 정제 및 가공
03,금융·보험,030107,여신영업,030107_L2,여신영업 초급 실무 및 정형 과업 수행,2,Skill(기술/도구),단위 결과물 산출
03,금융·보험,030107,여신영업,030107_L2,여신영업 초급 실무 및 정형 과업 수행,2,Attitude(태도),정확성과 꼼꼼함
03,금융·보험,030107,여신영업,030107_L2,여신영업 초급 실무 및 정형 과업 수행,2,Attitude(태도),기한 준수 책임감
03,금융·보험,030107,여신영업,030107_L3,여신영업 중급 독립 실무 및 문제해결 엔지니어링,3,Knowledge(지식),심화 모델링/설계 이론
03,금융·보험,030107,여신영업,030107_L3,여신영업 중급 독립 실무 및 문제해결 엔지니어링,3,Knowledge(지식),성능 지표(KPI) 분석법
03,금융·보험,030107,여신영업,030107_L3,여신영업 중급 독립 실무 및 문제해결 엔지니어링,3,Knowledge(지식),이슈 해결 방법론
03,금융·보험,030107,여신영업,030107_L3,여신영업 중급 독립 실무 및 문제해결 엔지니어링,3,Skill(기술/도구),고급 도구/코드/기기 활용
03,금융·보험,030107,여신영업,030107_L3,여신영업 중급 독립 실무 및 문제해결 엔지니어링,3,Skill(기술/도구),원인 분석 및 조치
03,금융·보험,030107,여신영업,030107_L3,여신영업 중급 독립 실무 및 문제해결 엔지니어링,3,Skill(기술/도구),성과 분석 리포팅
03,금융·보험,030107,여신영업,030107_L3,여신영업 중급 독립 실무 및 문제해결 엔지니어링,3,Attitude(태도),분석적 사고력
03,금융·보험,030107,여신영업,030107_L3,여신영업 중급 독립 실무 및 문제해결 엔지니어링,3,Attitude(태도),타 부서와의 원활한 협업 소통
03,금융·보험,030107,여신영업,030107_L4,여신영업 고급 전문화 및 프로젝트/팀 리딩,4,Knowledge(지식),신기술 융합 아키텍처
03,금융·보험,030107,여신영업,030107_L4,여신영업 고급 전문화 및 프로젝트/팀 리딩,4,Knowledge(지식),프로젝트 관리론(PMBOK/Agile)
03,금융·보험,030107,여신영업,030107_L4,여신영업 고급 전문화 및 프로젝트/팀 리딩,4,Knowledge(지식),품질보증(QA) 거버넌스
03,금융·보험,030107,여신영업,030107_L4,여신영업 고급 전문화 및 프로젝트/팀 리딩,4,Skill(기술/도구),전체 시스템 아키텍처 설계
03,금융·보험,030107,여신영업,030107_L4,여신영업 고급 전문화 및 프로젝트/팀 리딩,4,Skill(기술/도구),애자일 스프린트 리딩
03,금융·보험,030107,여신영업,030107_L4,여신영업 고급 전문화 및 프로젝트/팀 리딩,4,Skill(기술/도구),신기술 PoC 검증
03,금융·보험,030107,여신영업,030107_L4,여신영업 고급 전문화 및 프로젝트/팀 리딩,4,Attitude(태도),혁신 지향 리더십
03,금융·보험,030107,여신영업,030107_L4,여신영업 고급 전문화 및 프로젝트/팀 리딩,4,Attitude(태도),동료 성장 멘토링 마인드
03,금융·보험,030107,여신영업,030107_L5,여신영업 전략 기획 및 전사 거버넌스 총괄,5,Knowledge(지식),경영 전략 및 자본 예산 배분
03,금융·보험,030107,여신영업,030107_L5,여신영업 전략 기획 및 전사 거버넌스 총괄,5,Knowledge(지식),국내외 규제 컴플라이언스
03,금융·보험,030107,여신영업,030107_L5,여신영업 전략 기획 및 전사 거버넌스 총괄,5,Knowledge(지식),엔터프라이즈 거버넌스
03,금융·보험,030107,여신영업,030107_L5,여신영업 전략 기획 및 전사 거버넌스 총괄,5,Skill(기술/도구),전사 로드맵 수립
03,금융·보험,030107,여신영업,030107_L5,여신영업 전략 기획 및 전사 거버넌스 총괄,5,Skill(기술/도구),투자 대비 성과(ROI) 모델링
03,금융·보험,030107,여신영업,030107_L5,여신영업 전략 기획 및 전사 거버넌스 총괄,5,Skill(기술/도구),최고 의사결정 전략 제언
03,금융·보험,030107,여신영업,030107_L5,여신영업 전략 기획 및 전사 거버넌스 총괄,5,Attitude(태도),거시적 통찰력
03,금융·보험,030107,여신영업,030107_L5,여신영업 전략 기획 및 전사 거버넌스 총괄,5,Attitude(태도),전략적 윤리 리더십
03,금융·보험,030108,수신·외환창구,030108_L1,수신·외환창구 기초 입문 및 업무 환경 지원,1,Knowledge(지식),수신·외환창구 개론
03,금융·보험,030108,수신·외환창구,030108_L1,수신·외환창구 기초 입문 및 업무 환경 지원,1,Knowledge(지식),표준 작업 지침서
03,금융·보험,030108,수신·외환창구,030108_L1,수신·외환창구 기초 입문 및 업무 환경 지원,1,Knowledge(지식),기초 법령/규정
03,금융·보험,030108,수신·외환창구,030108_L1,수신·외환창구 기초 입문 및 업무 환경 지원,1,Skill(기술/도구),기초 전산 툴 조작
03,금융·보험,030108,수신·외환창구,030108_L1,수신·외환창구 기초 입문 및 업무 환경 지원,1,Skill(기술/도구),문서 서식 작성
03,금융·보험,030108,수신·외환창구,030108_L1,수신·외환창구 기초 입문 및 업무 환경 지원,1,Skill(기술/도구),자료 검색 및 분류
03,금융·보험,030108,수신·외환창구,030108_L1,수신·외환창구 기초 입문 및 업무 환경 지원,1,Attitude(태도),규정 준수 의식
03,금융·보험,030108,수신·외환창구,030108_L1,수신·외환창구 기초 입문 및 업무 환경 지원,1,Attitude(태도),성실한 업무 지원 태도
03,금융·보험,030108,수신·외환창구,030108_L2,수신·외환창구 초급 실무 및 정형 과업 수행,2,Knowledge(지식),수신·외환창구 실무 프로세스
03,금융·보험,030108,수신·외환창구,030108_L2,수신·외환창구 초급 실무 및 정형 과업 수행,2,Knowledge(지식),단위 업무 품질 기준
03,금융·보험,030108,수신·외환창구,030108_L2,수신·외환창구 초급 실무 및 정형 과업 수행,2,Knowledge(지식),데이터 검증 기법
03,금융·보험,030108,수신·외환창구,030108_L2,수신·외환창구 초급 실무 및 정형 과업 수행,2,Skill(기술/도구),실무 도구/SW 조작
03,금융·보험,030108,수신·외환창구,030108_L2,수신·외환창구 초급 실무 및 정형 과업 수행,2,Skill(기술/도구),데이터 정제 및 가공
03,금융·보험,030108,수신·외환창구,030108_L2,수신·외환창구 초급 실무 및 정형 과업 수행,2,Skill(기술/도구),단위 결과물 산출
03,금융·보험,030108,수신·외환창구,030108_L2,수신·외환창구 초급 실무 및 정형 과업 수행,2,Attitude(태도),정확성과 꼼꼼함
03,금융·보험,030108,수신·외환창구,030108_L2,수신·외환창구 초급 실무 및 정형 과업 수행,2,Attitude(태도),기한 준수 책임감
03,금융·보험,030108,수신·외환창구,030108_L3,수신·외환창구 중급 독립 실무 및 문제해결 엔지니어링,3,Knowledge(지식),심화 모델링/설계 이론
03,금융·보험,030108,수신·외환창구,030108_L3,수신·외환창구 중급 독립 실무 및 문제해결 엔지니어링,3,Knowledge(지식),성능 지표(KPI) 분석법
03,금융·보험,030108,수신·외환창구,030108_L3,수신·외환창구 중급 독립 실무 및 문제해결 엔지니어링,3,Knowledge(지식),이슈 해결 방법론
03,금융·보험,030108,수신·외환창구,030108_L3,수신·외환창구 중급 독립 실무 및 문제해결 엔지니어링,3,Skill(기술/도구),고급 도구/코드/기기 활용
03,금융·보험,030108,수신·외환창구,030108_L3,수신·외환창구 중급 독립 실무 및 문제해결 엔지니어링,3,Skill(기술/도구),원인 분석 및 조치
03,금융·보험,030108,수신·외환창구,030108_L3,수신·외환창구 중급 독립 실무 및 문제해결 엔지니어링,3,Skill(기술/도구),성과 분석 리포팅
03,금융·보험,030108,수신·외환창구,030108_L3,수신·외환창구 중급 독립 실무 및 문제해결 엔지니어링,3,Attitude(태도),분석적 사고력
03,금융·보험,030108,수신·외환창구,030108_L3,수신·외환창구 중급 독립 실무 및 문제해결 엔지니어링,3,Attitude(태도),타 부서와의 원활한 협업 소통
03,금융·보험,030108,수신·외환창구,030108_L4,수신·외환창구 고급 전문화 및 프로젝트/팀 리딩,4,Knowledge(지식),신기술 융합 아키텍처
03,금융·보험,030108,수신·외환창구,030108_L4,수신·외환창구 고급 전문화 및 프로젝트/팀 리딩,4,Knowledge(지식),프로젝트 관리론(PMBOK/Agile)
03,금융·보험,030108,수신·외환창구,030108_L4,수신·외환창구 고급 전문화 및 프로젝트/팀 리딩,4,Knowledge(지식),품질보증(QA) 거버넌스
03,금융·보험,030108,수신·외환창구,030108_L4,수신·외환창구 고급 전문화 및 프로젝트/팀 리딩,4,Skill(기술/도구),전체 시스템 아키텍처 설계
03,금융·보험,030108,수신·외환창구,030108_L4,수신·외환창구 고급 전문화 및 프로젝트/팀 리딩,4,Skill(기술/도구),애자일 스프린트 리딩
03,금융·보험,030108,수신·외환창구,030108_L4,수신·외환창구 고급 전문화 및 프로젝트/팀 리딩,4,Skill(기술/도구),신기술 PoC 검증
03,금융·보험,030108,수신·외환창구,030108_L4,수신·외환창구 고급 전문화 및 프로젝트/팀 리딩,4,Attitude(태도),혁신 지향 리더십
03,금융·보험,030108,수신·외환창구,030108_L4,수신·외환창구 고급 전문화 및 프로젝트/팀 리딩,4,Attitude(태도),동료 성장 멘토링 마인드
03,금융·보험,030108,수신·외환창구,030108_L5,수신·외환창구 전략 기획 및 전사 거버넌스 총괄,5,Knowledge(지식),경영 전략 및 자본 예산 배분
03,금융·보험,030108,수신·외환창구,030108_L5,수신·외환창구 전략 기획 및 전사 거버넌스 총괄,5,Knowledge(지식),국내외 규제 컴플라이언스
03,금융·보험,030108,수신·외환창구,030108_L5,수신·외환창구 전략 기획 및 전사 거버넌스 총괄,5,Knowledge(지식),엔터프라이즈 거버넌스
03,금융·보험,030108,수신·외환창구,030108_L5,수신·외환창구 전략 기획 및 전사 거버넌스 총괄,5,Skill(기술/도구),전사 로드맵 수립
03,금융·보험,030108,수신·외환창구,030108_L5,수신·외환창구 전략 기획 및 전사 거버넌스 총괄,5,Skill(기술/도구),투자 대비 성과(ROI) 모델링
03,금융·보험,030108,수신·외환창구,030108_L5,수신·외환창구 전략 기획 및 전사 거버넌스 총괄,5,Skill(기술/도구),최고 의사결정 전략 제언
03,금융·보험,030108,수신·외환창구,030108_L5,수신·외환창구 전략 기획 및 전사 거버넌스 총괄,5,Attitude(태도),거시적 통찰력
03,금융·보험,030108,수신·외환창구,030108_L5,수신·외환창구 전략 기획 및 전사 거버넌스 총괄,5,Attitude(태도),전략적 윤리 리더십
03,금융·보험,030109,핀테크서비스기획,030109_L1,핀테크서비스기획 기초 입문 및 업무 환경 지원,1,Knowledge(지식),핀테크서비스기획 개론
03,금융·보험,030109,핀테크서비스기획,030109_L1,핀테크서비스기획 기초 입문 및 업무 환경 지원,1,Knowledge(지식),표준 작업 지침서
03,금융·보험,030109,핀테크서비스기획,030109_L1,핀테크서비스기획 기초 입문 및 업무 환경 지원,1,Knowledge(지식),기초 법령/규정
03,금융·보험,030109,핀테크서비스기획,030109_L1,핀테크서비스기획 기초 입문 및 업무 환경 지원,1,Skill(기술/도구),기초 전산 툴 조작
03,금융·보험,030109,핀테크서비스기획,030109_L1,핀테크서비스기획 기초 입문 및 업무 환경 지원,1,Skill(기술/도구),문서 서식 작성
03,금융·보험,030109,핀테크서비스기획,030109_L1,핀테크서비스기획 기초 입문 및 업무 환경 지원,1,Skill(기술/도구),자료 검색 및 분류
03,금융·보험,030109,핀테크서비스기획,030109_L1,핀테크서비스기획 기초 입문 및 업무 환경 지원,1,Attitude(태도),규정 준수 의식
03,금융·보험,030109,핀테크서비스기획,030109_L1,핀테크서비스기획 기초 입문 및 업무 환경 지원,1,Attitude(태도),성실한 업무 지원 태도
03,금융·보험,030109,핀테크서비스기획,030109_L2,핀테크서비스기획 초급 실무 및 정형 과업 수행,2,Knowledge(지식),핀테크서비스기획 실무 프로세스
03,금융·보험,030109,핀테크서비스기획,030109_L2,핀테크서비스기획 초급 실무 및 정형 과업 수행,2,Knowledge(지식),단위 업무 품질 기준
03,금융·보험,030109,핀테크서비스기획,030109_L2,핀테크서비스기획 초급 실무 및 정형 과업 수행,2,Knowledge(지식),데이터 검증 기법
03,금융·보험,030109,핀테크서비스기획,030109_L2,핀테크서비스기획 초급 실무 및 정형 과업 수행,2,Skill(기술/도구),실무 도구/SW 조작
03,금융·보험,030109,핀테크서비스기획,030109_L2,핀테크서비스기획 초급 실무 및 정형 과업 수행,2,Skill(기술/도구),데이터 정제 및 가공
03,금융·보험,030109,핀테크서비스기획,030109_L2,핀테크서비스기획 초급 실무 및 정형 과업 수행,2,Skill(기술/도구),단위 결과물 산출
03,금융·보험,030109,핀테크서비스기획,030109_L2,핀테크서비스기획 초급 실무 및 정형 과업 수행,2,Attitude(태도),정확성과 꼼꼼함
03,금융·보험,030109,핀테크서비스기획,030109_L2,핀테크서비스기획 초급 실무 및 정형 과업 수행,2,Attitude(태도),기한 준수 책임감
03,금융·보험,030109,핀테크서비스기획,030109_L3,핀테크서비스기획 중급 독립 실무 및 문제해결 엔지니어링,3,Knowledge(지식),심화 모델링/설계 이론
03,금융·보험,030109,핀테크서비스기획,030109_L3,핀테크서비스기획 중급 독립 실무 및 문제해결 엔지니어링,3,Knowledge(지식),성능 지표(KPI) 분석법
03,금융·보험,030109,핀테크서비스기획,030109_L3,핀테크서비스기획 중급 독립 실무 및 문제해결 엔지니어링,3,Knowledge(지식),이슈 해결 방법론
03,금융·보험,030109,핀테크서비스기획,030109_L3,핀테크서비스기획 중급 독립 실무 및 문제해결 엔지니어링,3,Skill(기술/도구),고급 도구/코드/기기 활용
03,금융·보험,030109,핀테크서비스기획,030109_L3,핀테크서비스기획 중급 독립 실무 및 문제해결 엔지니어링,3,Skill(기술/도구),원인 분석 및 조치
03,금융·보험,030109,핀테크서비스기획,030109_L3,핀테크서비스기획 중급 독립 실무 및 문제해결 엔지니어링,3,Skill(기술/도구),성과 분석 리포팅
03,금융·보험,030109,핀테크서비스기획,030109_L3,핀테크서비스기획 중급 독립 실무 및 문제해결 엔지니어링,3,Attitude(태도),분석적 사고력
03,금융·보험,030109,핀테크서비스기획,030109_L3,핀테크서비스기획 중급 독립 실무 및 문제해결 엔지니어링,3,Attitude(태도),타 부서와의 원활한 협업 소통
03,금융·보험,030109,핀테크서비스기획,030109_L4,핀테크서비스기획 고급 전문화 및 프로젝트/팀 리딩,4,Knowledge(지식),신기술 융합 아키텍처
03,금융·보험,030109,핀테크서비스기획,030109_L4,핀테크서비스기획 고급 전문화 및 프로젝트/팀 리딩,4,Knowledge(지식),프로젝트 관리론(PMBOK/Agile)
03,금융·보험,030109,핀테크서비스기획,030109_L4,핀테크서비스기획 고급 전문화 및 프로젝트/팀 리딩,4,Knowledge(지식),품질보증(QA) 거버넌스
03,금융·보험,030109,핀테크서비스기획,030109_L4,핀테크서비스기획 고급 전문화 및 프로젝트/팀 리딩,4,Skill(기술/도구),전체 시스템 아키텍처 설계
03,금융·보험,030109,핀테크서비스기획,030109_L4,핀테크서비스기획 고급 전문화 및 프로젝트/팀 리딩,4,Skill(기술/도구),애자일 스프린트 리딩
03,금융·보험,030109,핀테크서비스기획,030109_L4,핀테크서비스기획 고급 전문화 및 프로젝트/팀 리딩,4,Skill(기술/도구),신기술 PoC 검증
03,금융·보험,030109,핀테크서비스기획,030109_L4,핀테크서비스기획 고급 전문화 및 프로젝트/팀 리딩,4,Attitude(태도),혁신 지향 리더십
03,금융·보험,030109,핀테크서비스기획,030109_L4,핀테크서비스기획 고급 전문화 및 프로젝트/팀 리딩,4,Attitude(태도),동료 성장 멘토링 마인드
03,금융·보험,030109,핀테크서비스기획,030109_L5,핀테크서비스기획 전략 기획 및 전사 거버넌스 총괄,5,Knowledge(지식),경영 전략 및 자본 예산 배분
03,금융·보험,030109,핀테크서비스기획,030109_L5,핀테크서비스기획 전략 기획 및 전사 거버넌스 총괄,5,Knowledge(지식),국내외 규제 컴플라이언스
03,금융·보험,030109,핀테크서비스기획,030109_L5,핀테크서비스기획 전략 기획 및 전사 거버넌스 총괄,5,Knowledge(지식),엔터프라이즈 거버넌스
03,금융·보험,030109,핀테크서비스기획,030109_L5,핀테크서비스기획 전략 기획 및 전사 거버넌스 총괄,5,Skill(기술/도구),전사 로드맵 수립
03,금융·보험,030109,핀테크서비스기획,030109_L5,핀테크서비스기획 전략 기획 및 전사 거버넌스 총괄,5,Skill(기술/도구),투자 대비 성과(ROI) 모델링
03,금융·보험,030109,핀테크서비스기획,030109_L5,핀테크서비스기획 전략 기획 및 전사 거버넌스 총괄,5,Skill(기술/도구),최고 의사결정 전략 제언
03,금융·보험,030109,핀테크서비스기획,030109_L5,핀테크서비스기획 전략 기획 및 전사 거버넌스 총괄,5,Attitude(태도),거시적 통찰력
03,금융·보험,030109,핀테크서비스기획,030109_L5,핀테크서비스기획 전략 기획 및 전사 거버넌스 총괄,5,Attitude(태도),전략적 윤리 리더십
03,금융·보험,030110,금융리스크관리,030110_L1,금융리스크관리 기초 입문 및 업무 환경 지원,1,Knowledge(지식),금융리스크관리 개론
03,금융·보험,030110,금융리스크관리,030110_L1,금융리스크관리 기초 입문 및 업무 환경 지원,1,Knowledge(지식),표준 작업 지침서
03,금융·보험,030110,금융리스크관리,030110_L1,금융리스크관리 기초 입문 및 업무 환경 지원,1,Knowledge(지식),기초 법령/규정
03,금융·보험,030110,금융리스크관리,030110_L1,금융리스크관리 기초 입문 및 업무 환경 지원,1,Skill(기술/도구),기초 전산 툴 조작
03,금융·보험,030110,금융리스크관리,030110_L1,금융리스크관리 기초 입문 및 업무 환경 지원,1,Skill(기술/도구),문서 서식 작성
03,금융·보험,030110,금융리스크관리,030110_L1,금융리스크관리 기초 입문 및 업무 환경 지원,1,Skill(기술/도구),자료 검색 및 분류
03,금융·보험,030110,금융리스크관리,030110_L1,금융리스크관리 기초 입문 및 업무 환경 지원,1,Attitude(태도),규정 준수 의식
03,금융·보험,030110,금융리스크관리,030110_L1,금융리스크관리 기초 입문 및 업무 환경 지원,1,Attitude(태도),성실한 업무 지원 태도
03,금융·보험,030110,금융리스크관리,030110_L2,금융리스크관리 초급 실무 및 정형 과업 수행,2,Knowledge(지식),금융리스크관리 실무 프로세스
03,금융·보험,030110,금융리스크관리,030110_L2,금융리스크관리 초급 실무 및 정형 과업 수행,2,Knowledge(지식),단위 업무 품질 기준
03,금융·보험,030110,금융리스크관리,030110_L2,금융리스크관리 초급 실무 및 정형 과업 수행,2,Knowledge(지식),데이터 검증 기법
03,금융·보험,030110,금융리스크관리,030110_L2,금융리스크관리 초급 실무 및 정형 과업 수행,2,Skill(기술/도구),실무 도구/SW 조작
03,금융·보험,030110,금융리스크관리,030110_L2,금융리스크관리 초급 실무 및 정형 과업 수행,2,Skill(기술/도구),데이터 정제 및 가공
03,금융·보험,030110,금융리스크관리,030110_L2,금융리스크관리 초급 실무 및 정형 과업 수행,2,Skill(기술/도구),단위 결과물 산출
03,금융·보험,030110,금융리스크관리,030110_L2,금융리스크관리 초급 실무 및 정형 과업 수행,2,Attitude(태도),정확성과 꼼꼼함
03,금융·보험,030110,금융리스크관리,030110_L2,금융리스크관리 초급 실무 및 정형 과업 수행,2,Attitude(태도),기한 준수 책임감
03,금융·보험,030110,금융리스크관리,030110_L3,금융리스크관리 중급 독립 실무 및 문제해결 엔지니어링,3,Knowledge(지식),심화 모델링/설계 이론
03,금융·보험,030110,금융리스크관리,030110_L3,금융리스크관리 중급 독립 실무 및 문제해결 엔지니어링,3,Knowledge(지식),성능 지표(KPI) 분석법
03,금융·보험,030110,금융리스크관리,030110_L3,금융리스크관리 중급 독립 실무 및 문제해결 엔지니어링,3,Knowledge(지식),이슈 해결 방법론
03,금융·보험,030110,금융리스크관리,030110_L3,금융리스크관리 중급 독립 실무 및 문제해결 엔지니어링,3,Skill(기술/도구),고급 도구/코드/기기 활용
03,금융·보험,030110,금융리스크관리,030110_L3,금융리스크관리 중급 독립 실무 및 문제해결 엔지니어링,3,Skill(기술/도구),원인 분석 및 조치
03,금융·보험,030110,금융리스크관리,030110_L3,금융리스크관리 중급 독립 실무 및 문제해결 엔지니어링,3,Skill(기술/도구),성과 분석 리포팅
03,금융·보험,030110,금융리스크관리,030110_L3,금융리스크관리 중급 독립 실무 및 문제해결 엔지니어링,3,Attitude(태도),분석적 사고력
03,금융·보험,030110,금융리스크관리,030110_L3,금융리스크관리 중급 독립 실무 및 문제해결 엔지니어링,3,Attitude(태도),타 부서와의 원활한 협업 소통
03,금융·보험,030110,금융리스크관리,030110_L4,금융리스크관리 고급 전문화 및 프로젝트/팀 리딩,4,Knowledge(지식),신기술 융합 아키텍처
03,금융·보험,030110,금융리스크관리,030110_L4,금융리스크관리 고급 전문화 및 프로젝트/팀 리딩,4,Knowledge(지식),프로젝트 관리론(PMBOK/Agile)
03,금융·보험,030110,금융리스크관리,030110_L4,금융리스크관리 고급 전문화 및 프로젝트/팀 리딩,4,Knowledge(지식),품질보증(QA) 거버넌스
03,금융·보험,030110,금융리스크관리,030110_L4,금융리스크관리 고급 전문화 및 프로젝트/팀 리딩,4,Skill(기술/도구),전체 시스템 아키텍처 설계
03,금융·보험,030110,금융리스크관리,030110_L4,금융리스크관리 고급 전문화 및 프로젝트/팀 리딩,4,Skill(기술/도구),애자일 스프린트 리딩
03,금융·보험,030110,금융리스크관리,030110_L4,금융리스크관리 고급 전문화 및 프로젝트/팀 리딩,4,Skill(기술/도구),신기술 PoC 검증
03,금융·보험,030110,금융리스크관리,030110_L4,금융리스크관리 고급 전문화 및 프로젝트/팀 리딩,4,Attitude(태도),혁신 지향 리더십
03,금융·보험,030110,금융리스크관리,030110_L4,금융리스크관리 고급 전문화 및 프로젝트/팀 리딩,4,Attitude(태도),동료 성장 멘토링 마인드
03,금융·보험,030110,금융리스크관리,030110_L5,금융리스크관리 전략 기획 및 전사 거버넌스 총괄,5,Knowledge(지식),경영 전략 및 자본 예산 배분
03,금융·보험,030110,금융리스크관리,030110_L5,금융리스크관리 전략 기획 및 전사 거버넌스 총괄,5,Knowledge(지식),국내외 규제 컴플라이언스
03,금융·보험,030110,금융리스크관리,030110_L5,금융리스크관리 전략 기획 및 전사 거버넌스 총괄,5,Knowledge(지식),엔터프라이즈 거버넌스
03,금융·보험,030110,금융리스크관리,030110_L5,금융리스크관리 전략 기획 및 전사 거버넌스 총괄,5,Skill(기술/도구),전사 로드맵 수립
03,금융·보험,030110,금융리스크관리,030110_L5,금융리스크관리 전략 기획 및 전사 거버넌스 총괄,5,Skill(기술/도구),투자 대비 성과(ROI) 모델링
03,금융·보험,030110,금융리스크관리,030110_L5,금융리스크관리 전략 기획 및 전사 거버넌스 총괄,5,Skill(기술/도구),최고 의사결정 전략 제언
03,금융·보험,030110,금융리스크관리,030110_L5,금융리스크관리 전략 기획 및 전사 거버넌스 총괄,5,Attitude(태도),거시적 통찰력
03,금융·보험,030110,금융리스크관리,030110_L5,금융리스크관리 전략 기획 및 전사 거버넌스 총괄,5,Attitude(태도),전략적 윤리 리더십
03,금융·보험,030111,컴플라이언스,030111_L1,컴플라이언스 기초 입문 및 업무 환경 지원,1,Knowledge(지식),컴플라이언스 개론
03,금융·보험,030111,컴플라이언스,030111_L1,컴플라이언스 기초 입문 및 업무 환경 지원,1,Knowledge(지식),표준 작업 지침서
03,금융·보험,030111,컴플라이언스,030111_L1,컴플라이언스 기초 입문 및 업무 환경 지원,1,Knowledge(지식),기초 법령/규정
03,금융·보험,030111,컴플라이언스,030111_L1,컴플라이언스 기초 입문 및 업무 환경 지원,1,Skill(기술/도구),기초 전산 툴 조작
03,금융·보험,030111,컴플라이언스,030111_L1,컴플라이언스 기초 입문 및 업무 환경 지원,1,Skill(기술/도구),문서 서식 작성
03,금융·보험,030111,컴플라이언스,030111_L1,컴플라이언스 기초 입문 및 업무 환경 지원,1,Skill(기술/도구),자료 검색 및 분류
03,금융·보험,030111,컴플라이언스,030111_L1,컴플라이언스 기초 입문 및 업무 환경 지원,1,Attitude(태도),규정 준수 의식
03,금융·보험,030111,컴플라이언스,030111_L1,컴플라이언스 기초 입문 및 업무 환경 지원,1,Attitude(태도),성실한 업무 지원 태도
03,금융·보험,030111,컴플라이언스,030111_L2,컴플라이언스 초급 실무 및 정형 과업 수행,2,Knowledge(지식),컴플라이언스 실무 프로세스
03,금융·보험,030111,컴플라이언스,030111_L2,컴플라이언스 초급 실무 및 정형 과업 수행,2,Knowledge(지식),단위 업무 품질 기준
03,금융·보험,030111,컴플라이언스,030111_L2,컴플라이언스 초급 실무 및 정형 과업 수행,2,Knowledge(지식),데이터 검증 기법
03,금융·보험,030111,컴플라이언스,030111_L2,컴플라이언스 초급 실무 및 정형 과업 수행,2,Skill(기술/도구),실무 도구/SW 조작
03,금융·보험,030111,컴플라이언스,030111_L2,컴플라이언스 초급 실무 및 정형 과업 수행,2,Skill(기술/도구),데이터 정제 및 가공
03,금융·보험,030111,컴플라이언스,030111_L2,컴플라이언스 초급 실무 및 정형 과업 수행,2,Skill(기술/도구),단위 결과물 산출
03,금융·보험,030111,컴플라이언스,030111_L2,컴플라이언스 초급 실무 및 정형 과업 수행,2,Attitude(태도),정확성과 꼼꼼함
03,금융·보험,030111,컴플라이언스,030111_L2,컴플라이언스 초급 실무 및 정형 과업 수행,2,Attitude(태도),기한 준수 책임감
03,금융·보험,030111,컴플라이언스,030111_L3,컴플라이언스 중급 독립 실무 및 문제해결 엔지니어링,3,Knowledge(지식),심화 모델링/설계 이론
03,금융·보험,030111,컴플라이언스,030111_L3,컴플라이언스 중급 독립 실무 및 문제해결 엔지니어링,3,Knowledge(지식),성능 지표(KPI) 분석법
03,금융·보험,030111,컴플라이언스,030111_L3,컴플라이언스 중급 독립 실무 및 문제해결 엔지니어링,3,Knowledge(지식),이슈 해결 방법론
03,금융·보험,030111,컴플라이언스,030111_L3,컴플라이언스 중급 독립 실무 및 문제해결 엔지니어링,3,Skill(기술/도구),고급 도구/코드/기기 활용
03,금융·보험,030111,컴플라이언스,030111_L3,컴플라이언스 중급 독립 실무 및 문제해결 엔지니어링,3,Skill(기술/도구),원인 분석 및 조치
03,금융·보험,030111,컴플라이언스,030111_L3,컴플라이언스 중급 독립 실무 및 문제해결 엔지니어링,3,Skill(기술/도구),성과 분석 리포팅
03,금융·보험,030111,컴플라이언스,030111_L3,컴플라이언스 중급 독립 실무 및 문제해결 엔지니어링,3,Attitude(태도),분석적 사고력
03,금융·보험,030111,컴플라이언스,030111_L3,컴플라이언스 중급 독립 실무 및 문제해결 엔지니어링,3,Attitude(태도),타 부서와의 원활한 협업 소통
03,금융·보험,030111,컴플라이언스,030111_L4,컴플라이언스 고급 전문화 및 프로젝트/팀 리딩,4,Knowledge(지식),신기술 융합 아키텍처
03,금융·보험,030111,컴플라이언스,030111_L4,컴플라이언스 고급 전문화 및 프로젝트/팀 리딩,4,Knowledge(지식),프로젝트 관리론(PMBOK/Agile)
03,금융·보험,030111,컴플라이언스,030111_L4,컴플라이언스 고급 전문화 및 프로젝트/팀 리딩,4,Knowledge(지식),품질보증(QA) 거버넌스
03,금융·보험,030111,컴플라이언스,030111_L4,컴플라이언스 고급 전문화 및 프로젝트/팀 리딩,4,Skill(기술/도구),전체 시스템 아키텍처 설계
03,금융·보험,030111,컴플라이언스,030111_L4,컴플라이언스 고급 전문화 및 프로젝트/팀 리딩,4,Skill(기술/도구),애자일 스프린트 리딩
03,금융·보험,030111,컴플라이언스,030111_L4,컴플라이언스 고급 전문화 및 프로젝트/팀 리딩,4,Skill(기술/도구),신기술 PoC 검증
03,금융·보험,030111,컴플라이언스,030111_L4,컴플라이언스 고급 전문화 및 프로젝트/팀 리딩,4,Attitude(태도),혁신 지향 리더십
03,금융·보험,030111,컴플라이언스,030111_L4,컴플라이언스 고급 전문화 및 프로젝트/팀 리딩,4,Attitude(태도),동료 성장 멘토링 마인드
03,금융·보험,030111,컴플라이언스,030111_L5,컴플라이언스 전략 기획 및 전사 거버넌스 총괄,5,Knowledge(지식),경영 전략 및 자본 예산 배분
03,금융·보험,030111,컴플라이언스,030111_L5,컴플라이언스 전략 기획 및 전사 거버넌스 총괄,5,Knowledge(지식),국내외 규제 컴플라이언스
03,금융·보험,030111,컴플라이언스,030111_L5,컴플라이언스 전략 기획 및 전사 거버넌스 총괄,5,Knowledge(지식),엔터프라이즈 거버넌스
03,금융·보험,030111,컴플라이언스,030111_L5,컴플라이언스 전략 기획 및 전사 거버넌스 총괄,5,Skill(기술/도구),전사 로드맵 수립
03,금융·보험,030111,컴플라이언스,030111_L5,컴플라이언스 전략 기획 및 전사 거버넌스 총괄,5,Skill(기술/도구),투자 대비 성과(ROI) 모델링
03,금융·보험,030111,컴플라이언스,030111_L5,컴플라이언스 전략 기획 및 전사 거버넌스 총괄,5,Skill(기술/도구),최고 의사결정 전략 제언
03,금융·보험,030111,컴플라이언스,030111_L5,컴플라이언스 전략 기획 및 전사 거버넌스 총괄,5,Attitude(태도),거시적 통찰력
03,금융·보험,030111,컴플라이언스,030111_L5,컴플라이언스 전략 기획 및 전사 거버넌스 총괄,5,Attitude(태도),전략적 윤리 리더십
03,금융·보험,030112,외환파생상품운용,030112_L1,외환파생상품운용 기초 입문 및 업무 환경 지원,1,Knowledge(지식),외환파생상품운용 개론
03,금융·보험,030112,외환파생상품운용,030112_L1,외환파생상품운용 기초 입문 및 업무 환경 지원,1,Knowledge(지식),표준 작업 지침서
03,금융·보험,030112,외환파생상품운용,030112_L1,외환파생상품운용 기초 입문 및 업무 환경 지원,1,Knowledge(지식),기초 법령/규정
03,금융·보험,030112,외환파생상품운용,030112_L1,외환파생상품운용 기초 입문 및 업무 환경 지원,1,Skill(기술/도구),기초 전산 툴 조작
03,금융·보험,030112,외환파생상품운용,030112_L1,외환파생상품운용 기초 입문 및 업무 환경 지원,1,Skill(기술/도구),문서 서식 작성
03,금융·보험,030112,외환파생상품운용,030112_L1,외환파생상품운용 기초 입문 및 업무 환경 지원,1,Skill(기술/도구),자료 검색 및 분류
03,금융·보험,030112,외환파생상품운용,030112_L1,외환파생상품운용 기초 입문 및 업무 환경 지원,1,Attitude(태도),규정 준수 의식
03,금융·보험,030112,외환파생상품운용,030112_L1,외환파생상품운용 기초 입문 및 업무 환경 지원,1,Attitude(태도),성실한 업무 지원 태도
03,금융·보험,030112,외환파생상품운용,030112_L2,외환파생상품운용 초급 실무 및 정형 과업 수행,2,Knowledge(지식),외환파생상품운용 실무 프로세스
03,금융·보험,030112,외환파생상품운용,030112_L2,외환파생상품운용 초급 실무 및 정형 과업 수행,2,Knowledge(지식),단위 업무 품질 기준
03,금융·보험,030112,외환파생상품운용,030112_L2,외환파생상품운용 초급 실무 및 정형 과업 수행,2,Knowledge(지식),데이터 검증 기법
03,금융·보험,030112,외환파생상품운용,030112_L2,외환파생상품운용 초급 실무 및 정형 과업 수행,2,Skill(기술/도구),실무 도구/SW 조작
03,금융·보험,030112,외환파생상품운용,030112_L2,외환파생상품운용 초급 실무 및 정형 과업 수행,2,Skill(기술/도구),데이터 정제 및 가공
03,금융·보험,030112,외환파생상품운용,030112_L2,외환파생상품운용 초급 실무 및 정형 과업 수행,2,Skill(기술/도구),단위 결과물 산출
03,금융·보험,030112,외환파생상품운용,030112_L2,외환파생상품운용 초급 실무 및 정형 과업 수행,2,Attitude(태도),정확성과 꼼꼼함
03,금융·보험,030112,외환파생상품운용,030112_L2,외환파생상품운용 초급 실무 및 정형 과업 수행,2,Attitude(태도),기한 준수 책임감
03,금융·보험,030112,외환파생상품운용,030112_L3,외환파생상품운용 중급 독립 실무 및 문제해결 엔지니어링,3,Knowledge(지식),심화 모델링/설계 이론
03,금융·보험,030112,외환파생상품운용,030112_L3,외환파생상품운용 중급 독립 실무 및 문제해결 엔지니어링,3,Knowledge(지식),성능 지표(KPI) 분석법
03,금융·보험,030112,외환파생상품운용,030112_L3,외환파생상품운용 중급 독립 실무 및 문제해결 엔지니어링,3,Knowledge(지식),이슈 해결 방법론
03,금융·보험,030112,외환파생상품운용,030112_L3,외환파생상품운용 중급 독립 실무 및 문제해결 엔지니어링,3,Skill(기술/도구),고급 도구/코드/기기 활용
03,금융·보험,030112,외환파생상품운용,030112_L3,외환파생상품운용 중급 독립 실무 및 문제해결 엔지니어링,3,Skill(기술/도구),원인 분석 및 조치
03,금융·보험,030112,외환파생상품운용,030112_L3,외환파생상품운용 중급 독립 실무 및 문제해결 엔지니어링,3,Skill(기술/도구),성과 분석 리포팅
03,금융·보험,030112,외환파생상품운용,030112_L3,외환파생상품운용 중급 독립 실무 및 문제해결 엔지니어링,3,Attitude(태도),분석적 사고력
03,금융·보험,030112,외환파생상품운용,030112_L3,외환파생상품운용 중급 독립 실무 및 문제해결 엔지니어링,3,Attitude(태도),타 부서와의 원활한 협업 소통
03,금융·보험,030112,외환파생상품운용,030112_L4,외환파생상품운용 고급 전문화 및 프로젝트/팀 리딩,4,Knowledge(지식),신기술 융합 아키텍처
03,금융·보험,030112,외환파생상품운용,030112_L4,외환파생상품운용 고급 전문화 및 프로젝트/팀 리딩,4,Knowledge(지식),프로젝트 관리론(PMBOK/Agile)
03,금융·보험,030112,외환파생상품운용,030112_L4,외환파생상품운용 고급 전문화 및 프로젝트/팀 리딩,4,Knowledge(지식),품질보증(QA) 거버넌스
03,금융·보험,030112,외환파생상품운용,030112_L4,외환파생상품운용 고급 전문화 및 프로젝트/팀 리딩,4,Skill(기술/도구),전체 시스템 아키텍처 설계
03,금융·보험,030112,외환파생상품운용,030112_L4,외환파생상품운용 고급 전문화 및 프로젝트/팀 리딩,4,Skill(기술/도구),애자일 스프린트 리딩
03,금융·보험,030112,외환파생상품운용,030112_L4,외환파생상품운용 고급 전문화 및 프로젝트/팀 리딩,4,Skill(기술/도구),신기술 PoC 검증
03,금융·보험,030112,외환파생상품운용,030112_L4,외환파생상품운용 고급 전문화 및 프로젝트/팀 리딩,4,Attitude(태도),혁신 지향 리더십
03,금융·보험,030112,외환파생상품운용,030112_L4,외환파생상품운용 고급 전문화 및 프로젝트/팀 리딩,4,Attitude(태도),동료 성장 멘토링 마인드
03,금융·보험,030112,외환파생상품운용,030112_L5,외환파생상품운용 전략 기획 및 전사 거버넌스 총괄,5,Knowledge(지식),경영 전략 및 자본 예산 배분
03,금융·보험,030112,외환파생상품운용,030112_L5,외환파생상품운용 전략 기획 및 전사 거버넌스 총괄,5,Knowledge(지식),국내외 규제 컴플라이언스
03,금융·보험,030112,외환파생상품운용,030112_L5,외환파생상품운용 전략 기획 및 전사 거버넌스 총괄,5,Knowledge(지식),엔터프라이즈 거버넌스
03,금융·보험,030112,외환파생상품운용,030112_L5,외환파생상품운용 전략 기획 및 전사 거버넌스 총괄,5,Skill(기술/도구),전사 로드맵 수립
03,금융·보험,030112,외환파생상품운용,030112_L5,외환파생상품운용 전략 기획 및 전사 거버넌스 총괄,5,Skill(기술/도구),투자 대비 성과(ROI) 모델링
03,금융·보험,030112,외환파생상품운용,030112_L5,외환파생상품운용 전략 기획 및 전사 거버넌스 총괄,5,Skill(기술/도구),최고 의사결정 전략 제언
03,금융·보험,030112,외환파생상품운용,030112_L5,외환파생상품운용 전략 기획 및 전사 거버넌스 총괄,5,Attitude(태도),거시적 통찰력
03,금융·보험,030112,외환파생상품운용,030112_L5,외환파생상품운용 전략 기획 및 전사 거버넌스 총괄,5,Attitude(태도),전략적 윤리 리더십
03,금융·보험,030213,보험상품개발,030213_L1,보험상품개발 기초 입문 및 업무 환경 지원,1,Knowledge(지식),보험상품개발 개론
03,금융·보험,030213,보험상품개발,030213_L1,보험상품개발 기초 입문 및 업무 환경 지원,1,Knowledge(지식),표준 작업 지침서
03,금융·보험,030213,보험상품개발,030213_L1,보험상품개발 기초 입문 및 업무 환경 지원,1,Knowledge(지식),기초 법령/규정
03,금융·보험,030213,보험상품개발,030213_L1,보험상품개발 기초 입문 및 업무 환경 지원,1,Skill(기술/도구),기초 전산 툴 조작
03,금융·보험,030213,보험상품개발,030213_L1,보험상품개발 기초 입문 및 업무 환경 지원,1,Skill(기술/도구),문서 서식 작성
03,금융·보험,030213,보험상품개발,030213_L1,보험상품개발 기초 입문 및 업무 환경 지원,1,Skill(기술/도구),자료 검색 및 분류
03,금융·보험,030213,보험상품개발,030213_L1,보험상품개발 기초 입문 및 업무 환경 지원,1,Attitude(태도),규정 준수 의식
03,금융·보험,030213,보험상품개발,030213_L1,보험상품개발 기초 입문 및 업무 환경 지원,1,Attitude(태도),성실한 업무 지원 태도
03,금융·보험,030213,보험상품개발,030213_L2,보험상품개발 초급 실무 및 정형 과업 수행,2,Knowledge(지식),보험상품개발 실무 프로세스
03,금융·보험,030213,보험상품개발,030213_L2,보험상품개발 초급 실무 및 정형 과업 수행,2,Knowledge(지식),단위 업무 품질 기준
03,금융·보험,030213,보험상품개발,030213_L2,보험상품개발 초급 실무 및 정형 과업 수행,2,Knowledge(지식),데이터 검증 기법
03,금융·보험,030213,보험상품개발,030213_L2,보험상품개발 초급 실무 및 정형 과업 수행,2,Skill(기술/도구),실무 도구/SW 조작
03,금융·보험,030213,보험상품개발,030213_L2,보험상품개발 초급 실무 및 정형 과업 수행,2,Skill(기술/도구),데이터 정제 및 가공
03,금융·보험,030213,보험상품개발,030213_L2,보험상품개발 초급 실무 및 정형 과업 수행,2,Skill(기술/도구),단위 결과물 산출
03,금융·보험,030213,보험상품개발,030213_L2,보험상품개발 초급 실무 및 정형 과업 수행,2,Attitude(태도),정확성과 꼼꼼함
03,금융·보험,030213,보험상품개발,030213_L2,보험상품개발 초급 실무 및 정형 과업 수행,2,Attitude(태도),기한 준수 책임감
03,금융·보험,030213,보험상품개발,030213_L3,보험상품개발 중급 독립 실무 및 문제해결 엔지니어링,3,Knowledge(지식),심화 모델링/설계 이론
03,금융·보험,030213,보험상품개발,030213_L3,보험상품개발 중급 독립 실무 및 문제해결 엔지니어링,3,Knowledge(지식),성능 지표(KPI) 분석법
03,금융·보험,030213,보험상품개발,030213_L3,보험상품개발 중급 독립 실무 및 문제해결 엔지니어링,3,Knowledge(지식),이슈 해결 방법론
03,금융·보험,030213,보험상품개발,030213_L3,보험상품개발 중급 독립 실무 및 문제해결 엔지니어링,3,Skill(기술/도구),고급 도구/코드/기기 활용
03,금융·보험,030213,보험상품개발,030213_L3,보험상품개발 중급 독립 실무 및 문제해결 엔지니어링,3,Skill(기술/도구),원인 분석 및 조치
03,금융·보험,030213,보험상품개발,030213_L3,보험상품개발 중급 독립 실무 및 문제해결 엔지니어링,3,Skill(기술/도구),성과 분석 리포팅
03,금융·보험,030213,보험상품개발,030213_L3,보험상품개발 중급 독립 실무 및 문제해결 엔지니어링,3,Attitude(태도),분석적 사고력
03,금융·보험,030213,보험상품개발,030213_L3,보험상품개발 중급 독립 실무 및 문제해결 엔지니어링,3,Attitude(태도),타 부서와의 원활한 협업 소통
03,금융·보험,030213,보험상품개발,030213_L4,보험상품개발 고급 전문화 및 프로젝트/팀 리딩,4,Knowledge(지식),신기술 융합 아키텍처
03,금융·보험,030213,보험상품개발,030213_L4,보험상품개발 고급 전문화 및 프로젝트/팀 리딩,4,Knowledge(지식),프로젝트 관리론(PMBOK/Agile)
03,금융·보험,030213,보험상품개발,030213_L4,보험상품개발 고급 전문화 및 프로젝트/팀 리딩,4,Knowledge(지식),품질보증(QA) 거버넌스
03,금융·보험,030213,보험상품개발,030213_L4,보험상품개발 고급 전문화 및 프로젝트/팀 리딩,4,Skill(기술/도구),전체 시스템 아키텍처 설계
03,금융·보험,030213,보험상품개발,030213_L4,보험상품개발 고급 전문화 및 프로젝트/팀 리딩,4,Skill(기술/도구),애자일 스프린트 리딩
03,금융·보험,030213,보험상품개발,030213_L4,보험상품개발 고급 전문화 및 프로젝트/팀 리딩,4,Skill(기술/도구),신기술 PoC 검증
03,금융·보험,030213,보험상품개발,030213_L4,보험상품개발 고급 전문화 및 프로젝트/팀 리딩,4,Attitude(태도),혁신 지향 리더십
03,금융·보험,030213,보험상품개발,030213_L4,보험상품개발 고급 전문화 및 프로젝트/팀 리딩,4,Attitude(태도),동료 성장 멘토링 마인드
03,금융·보험,030213,보험상품개발,030213_L5,보험상품개발 전략 기획 및 전사 거버넌스 총괄,5,Knowledge(지식),경영 전략 및 자본 예산 배분
03,금융·보험,030213,보험상품개발,030213_L5,보험상품개발 전략 기획 및 전사 거버넌스 총괄,5,Knowledge(지식),국내외 규제 컴플라이언스
03,금융·보험,030213,보험상품개발,030213_L5,보험상품개발 전략 기획 및 전사 거버넌스 총괄,5,Knowledge(지식),엔터프라이즈 거버넌스
03,금융·보험,030213,보험상품개발,030213_L5,보험상품개발 전략 기획 및 전사 거버넌스 총괄,5,Skill(기술/도구),전사 로드맵 수립
03,금융·보험,030213,보험상품개발,030213_L5,보험상품개발 전략 기획 및 전사 거버넌스 총괄,5,Skill(기술/도구),투자 대비 성과(ROI) 모델링
03,금융·보험,030213,보험상품개발,030213_L5,보험상품개발 전략 기획 및 전사 거버넌스 총괄,5,Skill(기술/도구),최고 의사결정 전략 제언
03,금융·보험,030213,보험상품개발,030213_L5,보험상품개발 전략 기획 및 전사 거버넌스 총괄,5,Attitude(태도),거시적 통찰력
03,금융·보험,030213,보험상품개발,030213_L5,보험상품개발 전략 기획 및 전사 거버넌스 총괄,5,Attitude(태도),전략적 윤리 리더십
03,금융·보험,030214,보험계리,030214_L1,보험계리 기초 입문 및 업무 환경 지원,1,Knowledge(지식),보험계리 개론
03,금융·보험,030214,보험계리,030214_L1,보험계리 기초 입문 및 업무 환경 지원,1,Knowledge(지식),표준 작업 지침서
03,금융·보험,030214,보험계리,030214_L1,보험계리 기초 입문 및 업무 환경 지원,1,Knowledge(지식),기초 법령/규정
03,금융·보험,030214,보험계리,030214_L1,보험계리 기초 입문 및 업무 환경 지원,1,Skill(기술/도구),기초 전산 툴 조작
03,금융·보험,030214,보험계리,030214_L1,보험계리 기초 입문 및 업무 환경 지원,1,Skill(기술/도구),문서 서식 작성
03,금융·보험,030214,보험계리,030214_L1,보험계리 기초 입문 및 업무 환경 지원,1,Skill(기술/도구),자료 검색 및 분류
03,금융·보험,030214,보험계리,030214_L1,보험계리 기초 입문 및 업무 환경 지원,1,Attitude(태도),규정 준수 의식
03,금융·보험,030214,보험계리,030214_L1,보험계리 기초 입문 및 업무 환경 지원,1,Attitude(태도),성실한 업무 지원 태도
03,금융·보험,030214,보험계리,030214_L2,보험계리 초급 실무 및 정형 과업 수행,2,Knowledge(지식),보험계리 실무 프로세스
03,금융·보험,030214,보험계리,030214_L2,보험계리 초급 실무 및 정형 과업 수행,2,Knowledge(지식),단위 업무 품질 기준
03,금융·보험,030214,보험계리,030214_L2,보험계리 초급 실무 및 정형 과업 수행,2,Knowledge(지식),데이터 검증 기법
03,금융·보험,030214,보험계리,030214_L2,보험계리 초급 실무 및 정형 과업 수행,2,Skill(기술/도구),실무 도구/SW 조작
03,금융·보험,030214,보험계리,030214_L2,보험계리 초급 실무 및 정형 과업 수행,2,Skill(기술/도구),데이터 정제 및 가공
03,금융·보험,030214,보험계리,030214_L2,보험계리 초급 실무 및 정형 과업 수행,2,Skill(기술/도구),단위 결과물 산출
03,금융·보험,030214,보험계리,030214_L2,보험계리 초급 실무 및 정형 과업 수행,2,Attitude(태도),정확성과 꼼꼼함
03,금융·보험,030214,보험계리,030214_L2,보험계리 초급 실무 및 정형 과업 수행,2,Attitude(태도),기한 준수 책임감
03,금융·보험,030214,보험계리,030214_L3,보험계리 중급 독립 실무 및 문제해결 엔지니어링,3,Knowledge(지식),심화 모델링/설계 이론
03,금융·보험,030214,보험계리,030214_L3,보험계리 중급 독립 실무 및 문제해결 엔지니어링,3,Knowledge(지식),성능 지표(KPI) 분석법
03,금융·보험,030214,보험계리,030214_L3,보험계리 중급 독립 실무 및 문제해결 엔지니어링,3,Knowledge(지식),이슈 해결 방법론
03,금융·보험,030214,보험계리,030214_L3,보험계리 중급 독립 실무 및 문제해결 엔지니어링,3,Skill(기술/도구),고급 도구/코드/기기 활용
03,금융·보험,030214,보험계리,030214_L3,보험계리 중급 독립 실무 및 문제해결 엔지니어링,3,Skill(기술/도구),원인 분석 및 조치
03,금융·보험,030214,보험계리,030214_L3,보험계리 중급 독립 실무 및 문제해결 엔지니어링,3,Skill(기술/도구),성과 분석 리포팅
03,금융·보험,030214,보험계리,030214_L3,보험계리 중급 독립 실무 및 문제해결 엔지니어링,3,Attitude(태도),분석적 사고력
03,금융·보험,030214,보험계리,030214_L3,보험계리 중급 독립 실무 및 문제해결 엔지니어링,3,Attitude(태도),타 부서와의 원활한 협업 소통
03,금융·보험,030214,보험계리,030214_L4,보험계리 고급 전문화 및 프로젝트/팀 리딩,4,Knowledge(지식),신기술 융합 아키텍처
03,금융·보험,030214,보험계리,030214_L4,보험계리 고급 전문화 및 프로젝트/팀 리딩,4,Knowledge(지식),프로젝트 관리론(PMBOK/Agile)
03,금융·보험,030214,보험계리,030214_L4,보험계리 고급 전문화 및 프로젝트/팀 리딩,4,Knowledge(지식),품질보증(QA) 거버넌스
03,금융·보험,030214,보험계리,030214_L4,보험계리 고급 전문화 및 프로젝트/팀 리딩,4,Skill(기술/도구),전체 시스템 아키텍처 설계
03,금융·보험,030214,보험계리,030214_L4,보험계리 고급 전문화 및 프로젝트/팀 리딩,4,Skill(기술/도구),애자일 스프린트 리딩
03,금융·보험,030214,보험계리,030214_L4,보험계리 고급 전문화 및 프로젝트/팀 리딩,4,Skill(기술/도구),신기술 PoC 검증
03,금융·보험,030214,보험계리,030214_L4,보험계리 고급 전문화 및 프로젝트/팀 리딩,4,Attitude(태도),혁신 지향 리더십
03,금융·보험,030214,보험계리,030214_L4,보험계리 고급 전문화 및 프로젝트/팀 리딩,4,Attitude(태도),동료 성장 멘토링 마인드
03,금융·보험,030214,보험계리,030214_L5,보험계리 전략 기획 및 전사 거버넌스 총괄,5,Knowledge(지식),경영 전략 및 자본 예산 배분
03,금융·보험,030214,보험계리,030214_L5,보험계리 전략 기획 및 전사 거버넌스 총괄,5,Knowledge(지식),국내외 규제 컴플라이언스
03,금융·보험,030214,보험계리,030214_L5,보험계리 전략 기획 및 전사 거버넌스 총괄,5,Knowledge(지식),엔터프라이즈 거버넌스
03,금융·보험,030214,보험계리,030214_L5,보험계리 전략 기획 및 전사 거버넌스 총괄,5,Skill(기술/도구),전사 로드맵 수립
03,금융·보험,030214,보험계리,030214_L5,보험계리 전략 기획 및 전사 거버넌스 총괄,5,Skill(기술/도구),투자 대비 성과(ROI) 모델링
03,금융·보험,030214,보험계리,030214_L5,보험계리 전략 기획 및 전사 거버넌스 총괄,5,Skill(기술/도구),최고 의사결정 전략 제언
03,금융·보험,030214,보험계리,030214_L5,보험계리 전략 기획 및 전사 거버넌스 총괄,5,Attitude(태도),거시적 통찰력
03,금융·보험,030214,보험계리,030214_L5,보험계리 전략 기획 및 전사 거버넌스 총괄,5,Attitude(태도),전략적 윤리 리더십
03,금융·보험,030215,손해사정,030215_L1,손해사정 기초 입문 및 업무 환경 지원,1,Knowledge(지식),손해사정 개론
03,금융·보험,030215,손해사정,030215_L1,손해사정 기초 입문 및 업무 환경 지원,1,Knowledge(지식),표준 작업 지침서
03,금융·보험,030215,손해사정,030215_L1,손해사정 기초 입문 및 업무 환경 지원,1,Knowledge(지식),기초 법령/규정
03,금융·보험,030215,손해사정,030215_L1,손해사정 기초 입문 및 업무 환경 지원,1,Skill(기술/도구),기초 전산 툴 조작
03,금융·보험,030215,손해사정,030215_L1,손해사정 기초 입문 및 업무 환경 지원,1,Skill(기술/도구),문서 서식 작성
03,금융·보험,030215,손해사정,030215_L1,손해사정 기초 입문 및 업무 환경 지원,1,Skill(기술/도구),자료 검색 및 분류
03,금융·보험,030215,손해사정,030215_L1,손해사정 기초 입문 및 업무 환경 지원,1,Attitude(태도),규정 준수 의식
03,금융·보험,030215,손해사정,030215_L1,손해사정 기초 입문 및 업무 환경 지원,1,Attitude(태도),성실한 업무 지원 태도
03,금융·보험,030215,손해사정,030215_L2,손해사정 초급 실무 및 정형 과업 수행,2,Knowledge(지식),손해사정 실무 프로세스
03,금융·보험,030215,손해사정,030215_L2,손해사정 초급 실무 및 정형 과업 수행,2,Knowledge(지식),단위 업무 품질 기준
03,금융·보험,030215,손해사정,030215_L2,손해사정 초급 실무 및 정형 과업 수행,2,Knowledge(지식),데이터 검증 기법
03,금융·보험,030215,손해사정,030215_L2,손해사정 초급 실무 및 정형 과업 수행,2,Skill(기술/도구),실무 도구/SW 조작
03,금융·보험,030215,손해사정,030215_L2,손해사정 초급 실무 및 정형 과업 수행,2,Skill(기술/도구),데이터 정제 및 가공
03,금융·보험,030215,손해사정,030215_L2,손해사정 초급 실무 및 정형 과업 수행,2,Skill(기술/도구),단위 결과물 산출
03,금융·보험,030215,손해사정,030215_L2,손해사정 초급 실무 및 정형 과업 수행,2,Attitude(태도),정확성과 꼼꼼함
03,금융·보험,030215,손해사정,030215_L2,손해사정 초급 실무 및 정형 과업 수행,2,Attitude(태도),기한 준수 책임감
03,금융·보험,030215,손해사정,030215_L3,손해사정 중급 독립 실무 및 문제해결 엔지니어링,3,Knowledge(지식),심화 모델링/설계 이론
03,금융·보험,030215,손해사정,030215_L3,손해사정 중급 독립 실무 및 문제해결 엔지니어링,3,Knowledge(지식),성능 지표(KPI) 분석법
03,금융·보험,030215,손해사정,030215_L3,손해사정 중급 독립 실무 및 문제해결 엔지니어링,3,Knowledge(지식),이슈 해결 방법론
03,금융·보험,030215,손해사정,030215_L3,손해사정 중급 독립 실무 및 문제해결 엔지니어링,3,Skill(기술/도구),고급 도구/코드/기기 활용
03,금융·보험,030215,손해사정,030215_L3,손해사정 중급 독립 실무 및 문제해결 엔지니어링,3,Skill(기술/도구),원인 분석 및 조치
03,금융·보험,030215,손해사정,030215_L3,손해사정 중급 독립 실무 및 문제해결 엔지니어링,3,Skill(기술/도구),성과 분석 리포팅
03,금융·보험,030215,손해사정,030215_L3,손해사정 중급 독립 실무 및 문제해결 엔지니어링,3,Attitude(태도),분석적 사고력
03,금융·보험,030215,손해사정,030215_L3,손해사정 중급 독립 실무 및 문제해결 엔지니어링,3,Attitude(태도),타 부서와의 원활한 협업 소통
03,금융·보험,030215,손해사정,030215_L4,손해사정 고급 전문화 및 프로젝트/팀 리딩,4,Knowledge(지식),신기술 융합 아키텍처
03,금융·보험,030215,손해사정,030215_L4,손해사정 고급 전문화 및 프로젝트/팀 리딩,4,Knowledge(지식),프로젝트 관리론(PMBOK/Agile)
03,금융·보험,030215,손해사정,030215_L4,손해사정 고급 전문화 및 프로젝트/팀 리딩,4,Knowledge(지식),품질보증(QA) 거버넌스
03,금융·보험,030215,손해사정,030215_L4,손해사정 고급 전문화 및 프로젝트/팀 리딩,4,Skill(기술/도구),전체 시스템 아키텍처 설계
03,금융·보험,030215,손해사정,030215_L4,손해사정 고급 전문화 및 프로젝트/팀 리딩,4,Skill(기술/도구),애자일 스프린트 리딩
03,금융·보험,030215,손해사정,030215_L4,손해사정 고급 전문화 및 프로젝트/팀 리딩,4,Skill(기술/도구),신기술 PoC 검증
03,금융·보험,030215,손해사정,030215_L4,손해사정 고급 전문화 및 프로젝트/팀 리딩,4,Attitude(태도),혁신 지향 리더십
03,금융·보험,030215,손해사정,030215_L4,손해사정 고급 전문화 및 프로젝트/팀 리딩,4,Attitude(태도),동료 성장 멘토링 마인드
03,금융·보험,030215,손해사정,030215_L5,손해사정 전략 기획 및 전사 거버넌스 총괄,5,Knowledge(지식),경영 전략 및 자본 예산 배분
03,금융·보험,030215,손해사정,030215_L5,손해사정 전략 기획 및 전사 거버넌스 총괄,5,Knowledge(지식),국내외 규제 컴플라이언스
03,금융·보험,030215,손해사정,030215_L5,손해사정 전략 기획 및 전사 거버넌스 총괄,5,Knowledge(지식),엔터프라이즈 거버넌스
03,금융·보험,030215,손해사정,030215_L5,손해사정 전략 기획 및 전사 거버넌스 총괄,5,Skill(기술/도구),전사 로드맵 수립
03,금융·보험,030215,손해사정,030215_L5,손해사정 전략 기획 및 전사 거버넌스 총괄,5,Skill(기술/도구),투자 대비 성과(ROI) 모델링
03,금융·보험,030215,손해사정,030215_L5,손해사정 전략 기획 및 전사 거버넌스 총괄,5,Skill(기술/도구),최고 의사결정 전략 제언
03,금융·보험,030215,손해사정,030215_L5,손해사정 전략 기획 및 전사 거버넌스 총괄,5,Attitude(태도),거시적 통찰력
03,금융·보험,030215,손해사정,030215_L5,손해사정 전략 기획 및 전사 거버넌스 총괄,5,Attitude(태도),전략적 윤리 리더십
03,금융·보험,030216,보험언더라이팅(심사),030216_L1,보험언더라이팅(심사) 기초 입문 및 업무 환경 지원,1,Knowledge(지식),보험언더라이팅(심사) 개론
03,금융·보험,030216,보험언더라이팅(심사),030216_L1,보험언더라이팅(심사) 기초 입문 및 업무 환경 지원,1,Knowledge(지식),표준 작업 지침서
03,금융·보험,030216,보험언더라이팅(심사),030216_L1,보험언더라이팅(심사) 기초 입문 및 업무 환경 지원,1,Knowledge(지식),기초 법령/규정
03,금융·보험,030216,보험언더라이팅(심사),030216_L1,보험언더라이팅(심사) 기초 입문 및 업무 환경 지원,1,Skill(기술/도구),기초 전산 툴 조작
03,금융·보험,030216,보험언더라이팅(심사),030216_L1,보험언더라이팅(심사) 기초 입문 및 업무 환경 지원,1,Skill(기술/도구),문서 서식 작성
03,금융·보험,030216,보험언더라이팅(심사),030216_L1,보험언더라이팅(심사) 기초 입문 및 업무 환경 지원,1,Skill(기술/도구),자료 검색 및 분류
03,금융·보험,030216,보험언더라이팅(심사),030216_L1,보험언더라이팅(심사) 기초 입문 및 업무 환경 지원,1,Attitude(태도),규정 준수 의식
03,금융·보험,030216,보험언더라이팅(심사),030216_L1,보험언더라이팅(심사) 기초 입문 및 업무 환경 지원,1,Attitude(태도),성실한 업무 지원 태도
03,금융·보험,030216,보험언더라이팅(심사),030216_L2,보험언더라이팅(심사) 초급 실무 및 정형 과업 수행,2,Knowledge(지식),보험언더라이팅(심사) 실무 프로세스
03,금융·보험,030216,보험언더라이팅(심사),030216_L2,보험언더라이팅(심사) 초급 실무 및 정형 과업 수행,2,Knowledge(지식),단위 업무 품질 기준
03,금융·보험,030216,보험언더라이팅(심사),030216_L2,보험언더라이팅(심사) 초급 실무 및 정형 과업 수행,2,Knowledge(지식),데이터 검증 기법
03,금융·보험,030216,보험언더라이팅(심사),030216_L2,보험언더라이팅(심사) 초급 실무 및 정형 과업 수행,2,Skill(기술/도구),실무 도구/SW 조작
03,금융·보험,030216,보험언더라이팅(심사),030216_L2,보험언더라이팅(심사) 초급 실무 및 정형 과업 수행,2,Skill(기술/도구),데이터 정제 및 가공
03,금융·보험,030216,보험언더라이팅(심사),030216_L2,보험언더라이팅(심사) 초급 실무 및 정형 과업 수행,2,Skill(기술/도구),단위 결과물 산출
03,금융·보험,030216,보험언더라이팅(심사),030216_L2,보험언더라이팅(심사) 초급 실무 및 정형 과업 수행,2,Attitude(태도),정확성과 꼼꼼함
03,금융·보험,030216,보험언더라이팅(심사),030216_L2,보험언더라이팅(심사) 초급 실무 및 정형 과업 수행,2,Attitude(태도),기한 준수 책임감
03,금융·보험,030216,보험언더라이팅(심사),030216_L3,보험언더라이팅(심사) 중급 독립 실무 및 문제해결 엔지니어링,3,Knowledge(지식),심화 모델링/설계 이론
03,금융·보험,030216,보험언더라이팅(심사),030216_L3,보험언더라이팅(심사) 중급 독립 실무 및 문제해결 엔지니어링,3,Knowledge(지식),성능 지표(KPI) 분석법
03,금융·보험,030216,보험언더라이팅(심사),030216_L3,보험언더라이팅(심사) 중급 독립 실무 및 문제해결 엔지니어링,3,Knowledge(지식),이슈 해결 방법론
03,금융·보험,030216,보험언더라이팅(심사),030216_L3,보험언더라이팅(심사) 중급 독립 실무 및 문제해결 엔지니어링,3,Skill(기술/도구),고급 도구/코드/기기 활용
03,금융·보험,030216,보험언더라이팅(심사),030216_L3,보험언더라이팅(심사) 중급 독립 실무 및 문제해결 엔지니어링,3,Skill(기술/도구),원인 분석 및 조치
03,금융·보험,030216,보험언더라이팅(심사),030216_L3,보험언더라이팅(심사) 중급 독립 실무 및 문제해결 엔지니어링,3,Skill(기술/도구),성과 분석 리포팅
03,금융·보험,030216,보험언더라이팅(심사),030216_L3,보험언더라이팅(심사) 중급 독립 실무 및 문제해결 엔지니어링,3,Attitude(태도),분석적 사고력
03,금융·보험,030216,보험언더라이팅(심사),030216_L3,보험언더라이팅(심사) 중급 독립 실무 및 문제해결 엔지니어링,3,Attitude(태도),타 부서와의 원활한 협업 소통
03,금융·보험,030216,보험언더라이팅(심사),030216_L4,보험언더라이팅(심사) 고급 전문화 및 프로젝트/팀 리딩,4,Knowledge(지식),신기술 융합 아키텍처
03,금융·보험,030216,보험언더라이팅(심사),030216_L4,보험언더라이팅(심사) 고급 전문화 및 프로젝트/팀 리딩,4,Knowledge(지식),프로젝트 관리론(PMBOK/Agile)
03,금융·보험,030216,보험언더라이팅(심사),030216_L4,보험언더라이팅(심사) 고급 전문화 및 프로젝트/팀 리딩,4,Knowledge(지식),품질보증(QA) 거버넌스
03,금융·보험,030216,보험언더라이팅(심사),030216_L4,보험언더라이팅(심사) 고급 전문화 및 프로젝트/팀 리딩,4,Skill(기술/도구),전체 시스템 아키텍처 설계
03,금융·보험,030216,보험언더라이팅(심사),030216_L4,보험언더라이팅(심사) 고급 전문화 및 프로젝트/팀 리딩,4,Skill(기술/도구),애자일 스프린트 리딩
03,금융·보험,030216,보험언더라이팅(심사),030216_L4,보험언더라이팅(심사) 고급 전문화 및 프로젝트/팀 리딩,4,Skill(기술/도구),신기술 PoC 검증
03,금융·보험,030216,보험언더라이팅(심사),030216_L4,보험언더라이팅(심사) 고급 전문화 및 프로젝트/팀 리딩,4,Attitude(태도),혁신 지향 리더십
03,금융·보험,030216,보험언더라이팅(심사),030216_L4,보험언더라이팅(심사) 고급 전문화 및 프로젝트/팀 리딩,4,Attitude(태도),동료 성장 멘토링 마인드
03,금융·보험,030216,보험언더라이팅(심사),030216_L5,보험언더라이팅(심사) 전략 기획 및 전사 거버넌스 총괄,5,Knowledge(지식),경영 전략 및 자본 예산 배분
03,금융·보험,030216,보험언더라이팅(심사),030216_L5,보험언더라이팅(심사) 전략 기획 및 전사 거버넌스 총괄,5,Knowledge(지식),국내외 규제 컴플라이언스
03,금융·보험,030216,보험언더라이팅(심사),030216_L5,보험언더라이팅(심사) 전략 기획 및 전사 거버넌스 총괄,5,Knowledge(지식),엔터프라이즈 거버넌스
03,금융·보험,030216,보험언더라이팅(심사),030216_L5,보험언더라이팅(심사) 전략 기획 및 전사 거버넌스 총괄,5,Skill(기술/도구),전사 로드맵 수립
03,금융·보험,030216,보험언더라이팅(심사),030216_L5,보험언더라이팅(심사) 전략 기획 및 전사 거버넌스 총괄,5,Skill(기술/도구),투자 대비 성과(ROI) 모델링
03,금융·보험,030216,보험언더라이팅(심사),030216_L5,보험언더라이팅(심사) 전략 기획 및 전사 거버넌스 총괄,5,Skill(기술/도구),최고 의사결정 전략 제언
03,금융·보험,030216,보험언더라이팅(심사),030216_L5,보험언더라이팅(심사) 전략 기획 및 전사 거버넌스 총괄,5,Attitude(태도),거시적 통찰력
03,금융·보험,030216,보험언더라이팅(심사),030216_L5,보험언더라이팅(심사) 전략 기획 및 전사 거버넌스 총괄,5,Attitude(태도),전략적 윤리 리더십
03,금융·보험,030217,보험영업기획,030217_L1,보험영업기획 기초 입문 및 업무 환경 지원,1,Knowledge(지식),보험영업기획 개론
03,금융·보험,030217,보험영업기획,030217_L1,보험영업기획 기초 입문 및 업무 환경 지원,1,Knowledge(지식),표준 작업 지침서
03,금융·보험,030217,보험영업기획,030217_L1,보험영업기획 기초 입문 및 업무 환경 지원,1,Knowledge(지식),기초 법령/규정
03,금융·보험,030217,보험영업기획,030217_L1,보험영업기획 기초 입문 및 업무 환경 지원,1,Skill(기술/도구),기초 전산 툴 조작
03,금융·보험,030217,보험영업기획,030217_L1,보험영업기획 기초 입문 및 업무 환경 지원,1,Skill(기술/도구),문서 서식 작성
03,금융·보험,030217,보험영업기획,030217_L1,보험영업기획 기초 입문 및 업무 환경 지원,1,Skill(기술/도구),자료 검색 및 분류
03,금융·보험,030217,보험영업기획,030217_L1,보험영업기획 기초 입문 및 업무 환경 지원,1,Attitude(태도),규정 준수 의식
03,금융·보험,030217,보험영업기획,030217_L1,보험영업기획 기초 입문 및 업무 환경 지원,1,Attitude(태도),성실한 업무 지원 태도
03,금융·보험,030217,보험영업기획,030217_L2,보험영업기획 초급 실무 및 정형 과업 수행,2,Knowledge(지식),보험영업기획 실무 프로세스
03,금융·보험,030217,보험영업기획,030217_L2,보험영업기획 초급 실무 및 정형 과업 수행,2,Knowledge(지식),단위 업무 품질 기준
03,금융·보험,030217,보험영업기획,030217_L2,보험영업기획 초급 실무 및 정형 과업 수행,2,Knowledge(지식),데이터 검증 기법
03,금융·보험,030217,보험영업기획,030217_L2,보험영업기획 초급 실무 및 정형 과업 수행,2,Skill(기술/도구),실무 도구/SW 조작
03,금융·보험,030217,보험영업기획,030217_L2,보험영업기획 초급 실무 및 정형 과업 수행,2,Skill(기술/도구),데이터 정제 및 가공
03,금융·보험,030217,보험영업기획,030217_L2,보험영업기획 초급 실무 및 정형 과업 수행,2,Skill(기술/도구),단위 결과물 산출
03,금융·보험,030217,보험영업기획,030217_L2,보험영업기획 초급 실무 및 정형 과업 수행,2,Attitude(태도),정확성과 꼼꼼함
03,금융·보험,030217,보험영업기획,030217_L2,보험영업기획 초급 실무 및 정형 과업 수행,2,Attitude(태도),기한 준수 책임감
03,금융·보험,030217,보험영업기획,030217_L3,보험영업기획 중급 독립 실무 및 문제해결 엔지니어링,3,Knowledge(지식),심화 모델링/설계 이론
03,금융·보험,030217,보험영업기획,030217_L3,보험영업기획 중급 독립 실무 및 문제해결 엔지니어링,3,Knowledge(지식),성능 지표(KPI) 분석법
03,금융·보험,030217,보험영업기획,030217_L3,보험영업기획 중급 독립 실무 및 문제해결 엔지니어링,3,Knowledge(지식),이슈 해결 방법론
03,금융·보험,030217,보험영업기획,030217_L3,보험영업기획 중급 독립 실무 및 문제해결 엔지니어링,3,Skill(기술/도구),고급 도구/코드/기기 활용
03,금융·보험,030217,보험영업기획,030217_L3,보험영업기획 중급 독립 실무 및 문제해결 엔지니어링,3,Skill(기술/도구),원인 분석 및 조치
03,금융·보험,030217,보험영업기획,030217_L3,보험영업기획 중급 독립 실무 및 문제해결 엔지니어링,3,Skill(기술/도구),성과 분석 리포팅
03,금융·보험,030217,보험영업기획,030217_L3,보험영업기획 중급 독립 실무 및 문제해결 엔지니어링,3,Attitude(태도),분석적 사고력
03,금융·보험,030217,보험영업기획,030217_L3,보험영업기획 중급 독립 실무 및 문제해결 엔지니어링,3,Attitude(태도),타 부서와의 원활한 협업 소통
03,금융·보험,030217,보험영업기획,030217_L4,보험영업기획 고급 전문화 및 프로젝트/팀 리딩,4,Knowledge(지식),신기술 융합 아키텍처
03,금융·보험,030217,보험영업기획,030217_L4,보험영업기획 고급 전문화 및 프로젝트/팀 리딩,4,Knowledge(지식),프로젝트 관리론(PMBOK/Agile)
03,금융·보험,030217,보험영업기획,030217_L4,보험영업기획 고급 전문화 및 프로젝트/팀 리딩,4,Knowledge(지식),품질보증(QA) 거버넌스
03,금융·보험,030217,보험영업기획,030217_L4,보험영업기획 고급 전문화 및 프로젝트/팀 리딩,4,Skill(기술/도구),전체 시스템 아키텍처 설계
03,금융·보험,030217,보험영업기획,030217_L4,보험영업기획 고급 전문화 및 프로젝트/팀 리딩,4,Skill(기술/도구),애자일 스프린트 리딩
03,금융·보험,030217,보험영업기획,030217_L4,보험영업기획 고급 전문화 및 프로젝트/팀 리딩,4,Skill(기술/도구),신기술 PoC 검증
03,금융·보험,030217,보험영업기획,030217_L4,보험영업기획 고급 전문화 및 프로젝트/팀 리딩,4,Attitude(태도),혁신 지향 리더십
03,금융·보험,030217,보험영업기획,030217_L4,보험영업기획 고급 전문화 및 프로젝트/팀 리딩,4,Attitude(태도),동료 성장 멘토링 마인드
03,금융·보험,030217,보험영업기획,030217_L5,보험영업기획 전략 기획 및 전사 거버넌스 총괄,5,Knowledge(지식),경영 전략 및 자본 예산 배분
03,금융·보험,030217,보험영업기획,030217_L5,보험영업기획 전략 기획 및 전사 거버넌스 총괄,5,Knowledge(지식),국내외 규제 컴플라이언스
03,금융·보험,030217,보험영업기획,030217_L5,보험영업기획 전략 기획 및 전사 거버넌스 총괄,5,Knowledge(지식),엔터프라이즈 거버넌스
03,금융·보험,030217,보험영업기획,030217_L5,보험영업기획 전략 기획 및 전사 거버넌스 총괄,5,Skill(기술/도구),전사 로드맵 수립
03,금융·보험,030217,보험영업기획,030217_L5,보험영업기획 전략 기획 및 전사 거버넌스 총괄,5,Skill(기술/도구),투자 대비 성과(ROI) 모델링
03,금융·보험,030217,보험영업기획,030217_L5,보험영업기획 전략 기획 및 전사 거버넌스 총괄,5,Skill(기술/도구),최고 의사결정 전략 제언
03,금융·보험,030217,보험영업기획,030217_L5,보험영업기획 전략 기획 및 전사 거버넌스 총괄,5,Attitude(태도),거시적 통찰력
03,금융·보험,030217,보험영업기획,030217_L5,보험영업기획 전략 기획 및 전사 거버넌스 총괄,5,Attitude(태도),전략적 윤리 리더십
03,금융·보험,030218,보험지급심사,030218_L1,보험지급심사 기초 입문 및 업무 환경 지원,1,Knowledge(지식),보험지급심사 개론
03,금융·보험,030218,보험지급심사,030218_L1,보험지급심사 기초 입문 및 업무 환경 지원,1,Knowledge(지식),표준 작업 지침서
03,금융·보험,030218,보험지급심사,030218_L1,보험지급심사 기초 입문 및 업무 환경 지원,1,Knowledge(지식),기초 법령/규정
03,금융·보험,030218,보험지급심사,030218_L1,보험지급심사 기초 입문 및 업무 환경 지원,1,Skill(기술/도구),기초 전산 툴 조작
03,금융·보험,030218,보험지급심사,030218_L1,보험지급심사 기초 입문 및 업무 환경 지원,1,Skill(기술/도구),문서 서식 작성
03,금융·보험,030218,보험지급심사,030218_L1,보험지급심사 기초 입문 및 업무 환경 지원,1,Skill(기술/도구),자료 검색 및 분류
03,금융·보험,030218,보험지급심사,030218_L1,보험지급심사 기초 입문 및 업무 환경 지원,1,Attitude(태도),규정 준수 의식
03,금융·보험,030218,보험지급심사,030218_L1,보험지급심사 기초 입문 및 업무 환경 지원,1,Attitude(태도),성실한 업무 지원 태도
03,금융·보험,030218,보험지급심사,030218_L2,보험지급심사 초급 실무 및 정형 과업 수행,2,Knowledge(지식),보험지급심사 실무 프로세스
03,금융·보험,030218,보험지급심사,030218_L2,보험지급심사 초급 실무 및 정형 과업 수행,2,Knowledge(지식),단위 업무 품질 기준
03,금융·보험,030218,보험지급심사,030218_L2,보험지급심사 초급 실무 및 정형 과업 수행,2,Knowledge(지식),데이터 검증 기법
03,금융·보험,030218,보험지급심사,030218_L2,보험지급심사 초급 실무 및 정형 과업 수행,2,Skill(기술/도구),실무 도구/SW 조작
03,금융·보험,030218,보험지급심사,030218_L2,보험지급심사 초급 실무 및 정형 과업 수행,2,Skill(기술/도구),데이터 정제 및 가공
03,금융·보험,030218,보험지급심사,030218_L2,보험지급심사 초급 실무 및 정형 과업 수행,2,Skill(기술/도구),단위 결과물 산출
03,금융·보험,030218,보험지급심사,030218_L2,보험지급심사 초급 실무 및 정형 과업 수행,2,Attitude(태도),정확성과 꼼꼼함
03,금융·보험,030218,보험지급심사,030218_L2,보험지급심사 초급 실무 및 정형 과업 수행,2,Attitude(태도),기한 준수 책임감
03,금융·보험,030218,보험지급심사,030218_L3,보험지급심사 중급 독립 실무 및 문제해결 엔지니어링,3,Knowledge(지식),심화 모델링/설계 이론
03,금융·보험,030218,보험지급심사,030218_L3,보험지급심사 중급 독립 실무 및 문제해결 엔지니어링,3,Knowledge(지식),성능 지표(KPI) 분석법
03,금융·보험,030218,보험지급심사,030218_L3,보험지급심사 중급 독립 실무 및 문제해결 엔지니어링,3,Knowledge(지식),이슈 해결 방법론
03,금융·보험,030218,보험지급심사,030218_L3,보험지급심사 중급 독립 실무 및 문제해결 엔지니어링,3,Skill(기술/도구),고급 도구/코드/기기 활용
03,금융·보험,030218,보험지급심사,030218_L3,보험지급심사 중급 독립 실무 및 문제해결 엔지니어링,3,Skill(기술/도구),원인 분석 및 조치
03,금융·보험,030218,보험지급심사,030218_L3,보험지급심사 중급 독립 실무 및 문제해결 엔지니어링,3,Skill(기술/도구),성과 분석 리포팅
03,금융·보험,030218,보험지급심사,030218_L3,보험지급심사 중급 독립 실무 및 문제해결 엔지니어링,3,Attitude(태도),분석적 사고력
03,금융·보험,030218,보험지급심사,030218_L3,보험지급심사 중급 독립 실무 및 문제해결 엔지니어링,3,Attitude(태도),타 부서와의 원활한 협업 소통
03,금융·보험,030218,보험지급심사,030218_L4,보험지급심사 고급 전문화 및 프로젝트/팀 리딩,4,Knowledge(지식),신기술 융합 아키텍처
03,금융·보험,030218,보험지급심사,030218_L4,보험지급심사 고급 전문화 및 프로젝트/팀 리딩,4,Knowledge(지식),프로젝트 관리론(PMBOK/Agile)
03,금융·보험,030218,보험지급심사,030218_L4,보험지급심사 고급 전문화 및 프로젝트/팀 리딩,4,Knowledge(지식),품질보증(QA) 거버넌스
03,금융·보험,030218,보험지급심사,030218_L4,보험지급심사 고급 전문화 및 프로젝트/팀 리딩,4,Skill(기술/도구),전체 시스템 아키텍처 설계
03,금융·보험,030218,보험지급심사,030218_L4,보험지급심사 고급 전문화 및 프로젝트/팀 리딩,4,Skill(기술/도구),애자일 스프린트 리딩
03,금융·보험,030218,보험지급심사,030218_L4,보험지급심사 고급 전문화 및 프로젝트/팀 리딩,4,Skill(기술/도구),신기술 PoC 검증
03,금융·보험,030218,보험지급심사,030218_L4,보험지급심사 고급 전문화 및 프로젝트/팀 리딩,4,Attitude(태도),혁신 지향 리더십
03,금융·보험,030218,보험지급심사,030218_L4,보험지급심사 고급 전문화 및 프로젝트/팀 리딩,4,Attitude(태도),동료 성장 멘토링 마인드
03,금융·보험,030218,보험지급심사,030218_L5,보험지급심사 전략 기획 및 전사 거버넌스 총괄,5,Knowledge(지식),경영 전략 및 자본 예산 배분
03,금융·보험,030218,보험지급심사,030218_L5,보험지급심사 전략 기획 및 전사 거버넌스 총괄,5,Knowledge(지식),국내외 규제 컴플라이언스
03,금융·보험,030218,보험지급심사,030218_L5,보험지급심사 전략 기획 및 전사 거버넌스 총괄,5,Knowledge(지식),엔터프라이즈 거버넌스
03,금융·보험,030218,보험지급심사,030218_L5,보험지급심사 전략 기획 및 전사 거버넌스 총괄,5,Skill(기술/도구),전사 로드맵 수립
03,금융·보험,030218,보험지급심사,030218_L5,보험지급심사 전략 기획 및 전사 거버넌스 총괄,5,Skill(기술/도구),투자 대비 성과(ROI) 모델링
03,금융·보험,030218,보험지급심사,030218_L5,보험지급심사 전략 기획 및 전사 거버넌스 총괄,5,Skill(기술/도구),최고 의사결정 전략 제언
03,금융·보험,030218,보험지급심사,030218_L5,보험지급심사 전략 기획 및 전사 거버넌스 총괄,5,Attitude(태도),거시적 통찰력
03,금융·보험,030218,보험지급심사,030218_L5,보험지급심사 전략 기획 및 전사 거버넌스 총괄,5,Attitude(태도),전략적 윤리 리더십
04,교육·자연·사회과학,040101,평생교육기획,040101_L1,평생교육기획 기초 입문 및 업무 환경 지원,1,Knowledge(지식),평생교육기획 개론
04,교육·자연·사회과학,040101,평생교육기획,040101_L1,평생교육기획 기초 입문 및 업무 환경 지원,1,Knowledge(지식),표준 작업 지침서
04,교육·자연·사회과학,040101,평생교육기획,040101_L1,평생교육기획 기초 입문 및 업무 환경 지원,1,Knowledge(지식),기초 법령/규정
04,교육·자연·사회과학,040101,평생교육기획,040101_L1,평생교육기획 기초 입문 및 업무 환경 지원,1,Skill(기술/도구),기초 전산 툴 조작
04,교육·자연·사회과학,040101,평생교육기획,040101_L1,평생교육기획 기초 입문 및 업무 환경 지원,1,Skill(기술/도구),문서 서식 작성
04,교육·자연·사회과학,040101,평생교육기획,040101_L1,평생교육기획 기초 입문 및 업무 환경 지원,1,Skill(기술/도구),자료 검색 및 분류
04,교육·자연·사회과학,040101,평생교육기획,040101_L1,평생교육기획 기초 입문 및 업무 환경 지원,1,Attitude(태도),규정 준수 의식
04,교육·자연·사회과학,040101,평생교육기획,040101_L1,평생교육기획 기초 입문 및 업무 환경 지원,1,Attitude(태도),성실한 업무 지원 태도
04,교육·자연·사회과학,040101,평생교육기획,040101_L2,평생교육기획 초급 실무 및 정형 과업 수행,2,Knowledge(지식),평생교육기획 실무 프로세스
04,교육·자연·사회과학,040101,평생교육기획,040101_L2,평생교육기획 초급 실무 및 정형 과업 수행,2,Knowledge(지식),단위 업무 품질 기준
04,교육·자연·사회과학,040101,평생교육기획,040101_L2,평생교육기획 초급 실무 및 정형 과업 수행,2,Knowledge(지식),데이터 검증 기법
04,교육·자연·사회과학,040101,평생교육기획,040101_L2,평생교육기획 초급 실무 및 정형 과업 수행,2,Skill(기술/도구),실무 도구/SW 조작
04,교육·자연·사회과학,040101,평생교육기획,040101_L2,평생교육기획 초급 실무 및 정형 과업 수행,2,Skill(기술/도구),데이터 정제 및 가공
04,교육·자연·사회과학,040101,평생교육기획,040101_L2,평생교육기획 초급 실무 및 정형 과업 수행,2,Skill(기술/도구),단위 결과물 산출
04,교육·자연·사회과학,040101,평생교육기획,040101_L2,평생교육기획 초급 실무 및 정형 과업 수행,2,Attitude(태도),정확성과 꼼꼼함
04,교육·자연·사회과학,040101,평생교육기획,040101_L2,평생교육기획 초급 실무 및 정형 과업 수행,2,Attitude(태도),기한 준수 책임감
04,교육·자연·사회과학,040101,평생교육기획,040101_L3,평생교육기획 중급 독립 실무 및 문제해결 엔지니어링,3,Knowledge(지식),심화 모델링/설계 이론
04,교육·자연·사회과학,040101,평생교육기획,040101_L3,평생교육기획 중급 독립 실무 및 문제해결 엔지니어링,3,Knowledge(지식),성능 지표(KPI) 분석법
04,교육·자연·사회과학,040101,평생교육기획,040101_L3,평생교육기획 중급 독립 실무 및 문제해결 엔지니어링,3,Knowledge(지식),이슈 해결 방법론
04,교육·자연·사회과학,040101,평생교육기획,040101_L3,평생교육기획 중급 독립 실무 및 문제해결 엔지니어링,3,Skill(기술/도구),고급 도구/코드/기기 활용
04,교육·자연·사회과학,040101,평생교육기획,040101_L3,평생교육기획 중급 독립 실무 및 문제해결 엔지니어링,3,Skill(기술/도구),원인 분석 및 조치
04,교육·자연·사회과학,040101,평생교육기획,040101_L3,평생교육기획 중급 독립 실무 및 문제해결 엔지니어링,3,Skill(기술/도구),성과 분석 리포팅
04,교육·자연·사회과학,040101,평생교육기획,040101_L3,평생교육기획 중급 독립 실무 및 문제해결 엔지니어링,3,Attitude(태도),분석적 사고력
04,교육·자연·사회과학,040101,평생교육기획,040101_L3,평생교육기획 중급 독립 실무 및 문제해결 엔지니어링,3,Attitude(태도),타 부서와의 원활한 협업 소통
04,교육·자연·사회과학,040101,평생교육기획,040101_L4,평생교육기획 고급 전문화 및 프로젝트/팀 리딩,4,Knowledge(지식),신기술 융합 아키텍처
04,교육·자연·사회과학,040101,평생교육기획,040101_L4,평생교육기획 고급 전문화 및 프로젝트/팀 리딩,4,Knowledge(지식),프로젝트 관리론(PMBOK/Agile)
04,교육·자연·사회과학,040101,평생교육기획,040101_L4,평생교육기획 고급 전문화 및 프로젝트/팀 리딩,4,Knowledge(지식),품질보증(QA) 거버넌스
04,교육·자연·사회과학,040101,평생교육기획,040101_L4,평생교육기획 고급 전문화 및 프로젝트/팀 리딩,4,Skill(기술/도구),전체 시스템 아키텍처 설계
04,교육·자연·사회과학,040101,평생교육기획,040101_L4,평생교육기획 고급 전문화 및 프로젝트/팀 리딩,4,Skill(기술/도구),애자일 스프린트 리딩
04,교육·자연·사회과학,040101,평생교육기획,040101_L4,평생교육기획 고급 전문화 및 프로젝트/팀 리딩,4,Skill(기술/도구),신기술 PoC 검증
04,교육·자연·사회과학,040101,평생교육기획,040101_L4,평생교육기획 고급 전문화 및 프로젝트/팀 리딩,4,Attitude(태도),혁신 지향 리더십
04,교육·자연·사회과학,040101,평생교육기획,040101_L4,평생교육기획 고급 전문화 및 프로젝트/팀 리딩,4,Attitude(태도),동료 성장 멘토링 마인드
04,교육·자연·사회과학,040101,평생교육기획,040101_L5,평생교육기획 전략 기획 및 전사 거버넌스 총괄,5,Knowledge(지식),경영 전략 및 자본 예산 배분
04,교육·자연·사회과학,040101,평생교육기획,040101_L5,평생교육기획 전략 기획 및 전사 거버넌스 총괄,5,Knowledge(지식),국내외 규제 컴플라이언스
04,교육·자연·사회과학,040101,평생교육기획,040101_L5,평생교육기획 전략 기획 및 전사 거버넌스 총괄,5,Knowledge(지식),엔터프라이즈 거버넌스
04,교육·자연·사회과학,040101,평생교육기획,040101_L5,평생교육기획 전략 기획 및 전사 거버넌스 총괄,5,Skill(기술/도구),전사 로드맵 수립
04,교육·자연·사회과학,040101,평생교육기획,040101_L5,평생교육기획 전략 기획 및 전사 거버넌스 총괄,5,Skill(기술/도구),투자 대비 성과(ROI) 모델링
04,교육·자연·사회과학,040101,평생교육기획,040101_L5,평생교육기획 전략 기획 및 전사 거버넌스 총괄,5,Skill(기술/도구),최고 의사결정 전략 제언
04,교육·자연·사회과학,040101,평생교육기획,040101_L5,평생교육기획 전략 기획 및 전사 거버넌스 총괄,5,Attitude(태도),거시적 통찰력
04,교육·자연·사회과학,040101,평생교육기획,040101_L5,평생교육기획 전략 기획 및 전사 거버넌스 총괄,5,Attitude(태도),전략적 윤리 리더십
04,교육·자연·사회과학,040102,직업훈련교수설계,040102_L1,직업훈련교수설계 기초 입문 및 업무 환경 지원,1,Knowledge(지식),직업훈련교수설계 개론
04,교육·자연·사회과학,040102,직업훈련교수설계,040102_L1,직업훈련교수설계 기초 입문 및 업무 환경 지원,1,Knowledge(지식),표준 작업 지침서
04,교육·자연·사회과학,040102,직업훈련교수설계,040102_L1,직업훈련교수설계 기초 입문 및 업무 환경 지원,1,Knowledge(지식),기초 법령/규정
04,교육·자연·사회과학,040102,직업훈련교수설계,040102_L1,직업훈련교수설계 기초 입문 및 업무 환경 지원,1,Skill(기술/도구),기초 전산 툴 조작
04,교육·자연·사회과학,040102,직업훈련교수설계,040102_L1,직업훈련교수설계 기초 입문 및 업무 환경 지원,1,Skill(기술/도구),문서 서식 작성
04,교육·자연·사회과학,040102,직업훈련교수설계,040102_L1,직업훈련교수설계 기초 입문 및 업무 환경 지원,1,Skill(기술/도구),자료 검색 및 분류
04,교육·자연·사회과학,040102,직업훈련교수설계,040102_L1,직업훈련교수설계 기초 입문 및 업무 환경 지원,1,Attitude(태도),규정 준수 의식
04,교육·자연·사회과학,040102,직업훈련교수설계,040102_L1,직업훈련교수설계 기초 입문 및 업무 환경 지원,1,Attitude(태도),성실한 업무 지원 태도
04,교육·자연·사회과학,040102,직업훈련교수설계,040102_L2,직업훈련교수설계 초급 실무 및 정형 과업 수행,2,Knowledge(지식),직업훈련교수설계 실무 프로세스
04,교육·자연·사회과학,040102,직업훈련교수설계,040102_L2,직업훈련교수설계 초급 실무 및 정형 과업 수행,2,Knowledge(지식),단위 업무 품질 기준
04,교육·자연·사회과학,040102,직업훈련교수설계,040102_L2,직업훈련교수설계 초급 실무 및 정형 과업 수행,2,Knowledge(지식),데이터 검증 기법
04,교육·자연·사회과학,040102,직업훈련교수설계,040102_L2,직업훈련교수설계 초급 실무 및 정형 과업 수행,2,Skill(기술/도구),실무 도구/SW 조작
04,교육·자연·사회과학,040102,직업훈련교수설계,040102_L2,직업훈련교수설계 초급 실무 및 정형 과업 수행,2,Skill(기술/도구),데이터 정제 및 가공
04,교육·자연·사회과학,040102,직업훈련교수설계,040102_L2,직업훈련교수설계 초급 실무 및 정형 과업 수행,2,Skill(기술/도구),단위 결과물 산출
04,교육·자연·사회과학,040102,직업훈련교수설계,040102_L2,직업훈련교수설계 초급 실무 및 정형 과업 수행,2,Attitude(태도),정확성과 꼼꼼함
04,교육·자연·사회과학,040102,직업훈련교수설계,040102_L2,직업훈련교수설계 초급 실무 및 정형 과업 수행,2,Attitude(태도),기한 준수 책임감
04,교육·자연·사회과학,040102,직업훈련교수설계,040102_L3,직업훈련교수설계 중급 독립 실무 및 문제해결 엔지니어링,3,Knowledge(지식),심화 모델링/설계 이론
04,교육·자연·사회과학,040102,직업훈련교수설계,040102_L3,직업훈련교수설계 중급 독립 실무 및 문제해결 엔지니어링,3,Knowledge(지식),성능 지표(KPI) 분석법
04,교육·자연·사회과학,040102,직업훈련교수설계,040102_L3,직업훈련교수설계 중급 독립 실무 및 문제해결 엔지니어링,3,Knowledge(지식),이슈 해결 방법론
04,교육·자연·사회과학,040102,직업훈련교수설계,040102_L3,직업훈련교수설계 중급 독립 실무 및 문제해결 엔지니어링,3,Skill(기술/도구),고급 도구/코드/기기 활용
04,교육·자연·사회과학,040102,직업훈련교수설계,040102_L3,직업훈련교수설계 중급 독립 실무 및 문제해결 엔지니어링,3,Skill(기술/도구),원인 분석 및 조치
04,교육·자연·사회과학,040102,직업훈련교수설계,040102_L3,직업훈련교수설계 중급 독립 실무 및 문제해결 엔지니어링,3,Skill(기술/도구),성과 분석 리포팅
04,교육·자연·사회과학,040102,직업훈련교수설계,040102_L3,직업훈련교수설계 중급 독립 실무 및 문제해결 엔지니어링,3,Attitude(태도),분석적 사고력
04,교육·자연·사회과학,040102,직업훈련교수설계,040102_L3,직업훈련교수설계 중급 독립 실무 및 문제해결 엔지니어링,3,Attitude(태도),타 부서와의 원활한 협업 소통
04,교육·자연·사회과학,040102,직업훈련교수설계,040102_L4,직업훈련교수설계 고급 전문화 및 프로젝트/팀 리딩,4,Knowledge(지식),신기술 융합 아키텍처
04,교육·자연·사회과학,040102,직업훈련교수설계,040102_L4,직업훈련교수설계 고급 전문화 및 프로젝트/팀 리딩,4,Knowledge(지식),프로젝트 관리론(PMBOK/Agile)
04,교육·자연·사회과학,040102,직업훈련교수설계,040102_L4,직업훈련교수설계 고급 전문화 및 프로젝트/팀 리딩,4,Knowledge(지식),품질보증(QA) 거버넌스
04,교육·자연·사회과학,040102,직업훈련교수설계,040102_L4,직업훈련교수설계 고급 전문화 및 프로젝트/팀 리딩,4,Skill(기술/도구),전체 시스템 아키텍처 설계
04,교육·자연·사회과학,040102,직업훈련교수설계,040102_L4,직업훈련교수설계 고급 전문화 및 프로젝트/팀 리딩,4,Skill(기술/도구),애자일 스프린트 리딩
04,교육·자연·사회과학,040102,직업훈련교수설계,040102_L4,직업훈련교수설계 고급 전문화 및 프로젝트/팀 리딩,4,Skill(기술/도구),신기술 PoC 검증
04,교육·자연·사회과학,040102,직업훈련교수설계,040102_L4,직업훈련교수설계 고급 전문화 및 프로젝트/팀 리딩,4,Attitude(태도),혁신 지향 리더십
04,교육·자연·사회과학,040102,직업훈련교수설계,040102_L4,직업훈련교수설계 고급 전문화 및 프로젝트/팀 리딩,4,Attitude(태도),동료 성장 멘토링 마인드
04,교육·자연·사회과학,040102,직업훈련교수설계,040102_L5,직업훈련교수설계 전략 기획 및 전사 거버넌스 총괄,5,Knowledge(지식),경영 전략 및 자본 예산 배분
04,교육·자연·사회과학,040102,직업훈련교수설계,040102_L5,직업훈련교수설계 전략 기획 및 전사 거버넌스 총괄,5,Knowledge(지식),국내외 규제 컴플라이언스
04,교육·자연·사회과학,040102,직업훈련교수설계,040102_L5,직업훈련교수설계 전략 기획 및 전사 거버넌스 총괄,5,Knowledge(지식),엔터프라이즈 거버넌스
04,교육·자연·사회과학,040102,직업훈련교수설계,040102_L5,직업훈련교수설계 전략 기획 및 전사 거버넌스 총괄,5,Skill(기술/도구),전사 로드맵 수립
04,교육·자연·사회과학,040102,직업훈련교수설계,040102_L5,직업훈련교수설계 전략 기획 및 전사 거버넌스 총괄,5,Skill(기술/도구),투자 대비 성과(ROI) 모델링
04,교육·자연·사회과학,040102,직업훈련교수설계,040102_L5,직업훈련교수설계 전략 기획 및 전사 거버넌스 총괄,5,Skill(기술/도구),최고 의사결정 전략 제언
04,교육·자연·사회과학,040102,직업훈련교수설계,040102_L5,직업훈련교수설계 전략 기획 및 전사 거버넌스 총괄,5,Attitude(태도),거시적 통찰력
04,교육·자연·사회과학,040102,직업훈련교수설계,040102_L5,직업훈련교수설계 전략 기획 및 전사 거버넌스 총괄,5,Attitude(태도),전략적 윤리 리더십
04,교육·자연·사회과학,040103,이러닝콘텐츠개발,040103_L1,이러닝콘텐츠개발 기초 입문 및 업무 환경 지원,1,Knowledge(지식),이러닝콘텐츠개발 개론
04,교육·자연·사회과학,040103,이러닝콘텐츠개발,040103_L1,이러닝콘텐츠개발 기초 입문 및 업무 환경 지원,1,Knowledge(지식),표준 작업 지침서
04,교육·자연·사회과학,040103,이러닝콘텐츠개발,040103_L1,이러닝콘텐츠개발 기초 입문 및 업무 환경 지원,1,Knowledge(지식),기초 법령/규정
04,교육·자연·사회과학,040103,이러닝콘텐츠개발,040103_L1,이러닝콘텐츠개발 기초 입문 및 업무 환경 지원,1,Skill(기술/도구),기초 전산 툴 조작
04,교육·자연·사회과학,040103,이러닝콘텐츠개발,040103_L1,이러닝콘텐츠개발 기초 입문 및 업무 환경 지원,1,Skill(기술/도구),문서 서식 작성
04,교육·자연·사회과학,040103,이러닝콘텐츠개발,040103_L1,이러닝콘텐츠개발 기초 입문 및 업무 환경 지원,1,Skill(기술/도구),자료 검색 및 분류
04,교육·자연·사회과학,040103,이러닝콘텐츠개발,040103_L1,이러닝콘텐츠개발 기초 입문 및 업무 환경 지원,1,Attitude(태도),규정 준수 의식
04,교육·자연·사회과학,040103,이러닝콘텐츠개발,040103_L1,이러닝콘텐츠개발 기초 입문 및 업무 환경 지원,1,Attitude(태도),성실한 업무 지원 태도
04,교육·자연·사회과학,040103,이러닝콘텐츠개발,040103_L2,이러닝콘텐츠개발 초급 실무 및 정형 과업 수행,2,Knowledge(지식),이러닝콘텐츠개발 실무 프로세스
04,교육·자연·사회과학,040103,이러닝콘텐츠개발,040103_L2,이러닝콘텐츠개발 초급 실무 및 정형 과업 수행,2,Knowledge(지식),단위 업무 품질 기준
04,교육·자연·사회과학,040103,이러닝콘텐츠개발,040103_L2,이러닝콘텐츠개발 초급 실무 및 정형 과업 수행,2,Knowledge(지식),데이터 검증 기법
04,교육·자연·사회과학,040103,이러닝콘텐츠개발,040103_L2,이러닝콘텐츠개발 초급 실무 및 정형 과업 수행,2,Skill(기술/도구),실무 도구/SW 조작
04,교육·자연·사회과학,040103,이러닝콘텐츠개발,040103_L2,이러닝콘텐츠개발 초급 실무 및 정형 과업 수행,2,Skill(기술/도구),데이터 정제 및 가공
04,교육·자연·사회과학,040103,이러닝콘텐츠개발,040103_L2,이러닝콘텐츠개발 초급 실무 및 정형 과업 수행,2,Skill(기술/도구),단위 결과물 산출
04,교육·자연·사회과학,040103,이러닝콘텐츠개발,040103_L2,이러닝콘텐츠개발 초급 실무 및 정형 과업 수행,2,Attitude(태도),정확성과 꼼꼼함
04,교육·자연·사회과학,040103,이러닝콘텐츠개발,040103_L2,이러닝콘텐츠개발 초급 실무 및 정형 과업 수행,2,Attitude(태도),기한 준수 책임감
04,교육·자연·사회과학,040103,이러닝콘텐츠개발,040103_L3,이러닝콘텐츠개발 중급 독립 실무 및 문제해결 엔지니어링,3,Knowledge(지식),심화 모델링/설계 이론
04,교육·자연·사회과학,040103,이러닝콘텐츠개발,040103_L3,이러닝콘텐츠개발 중급 독립 실무 및 문제해결 엔지니어링,3,Knowledge(지식),성능 지표(KPI) 분석법
04,교육·자연·사회과학,040103,이러닝콘텐츠개발,040103_L3,이러닝콘텐츠개발 중급 독립 실무 및 문제해결 엔지니어링,3,Knowledge(지식),이슈 해결 방법론
04,교육·자연·사회과학,040103,이러닝콘텐츠개발,040103_L3,이러닝콘텐츠개발 중급 독립 실무 및 문제해결 엔지니어링,3,Skill(기술/도구),고급 도구/코드/기기 활용
04,교육·자연·사회과학,040103,이러닝콘텐츠개발,040103_L3,이러닝콘텐츠개발 중급 독립 실무 및 문제해결 엔지니어링,3,Skill(기술/도구),원인 분석 및 조치
04,교육·자연·사회과학,040103,이러닝콘텐츠개발,040103_L3,이러닝콘텐츠개발 중급 독립 실무 및 문제해결 엔지니어링,3,Skill(기술/도구),성과 분석 리포팅
04,교육·자연·사회과학,040103,이러닝콘텐츠개발,040103_L3,이러닝콘텐츠개발 중급 독립 실무 및 문제해결 엔지니어링,3,Attitude(태도),분석적 사고력
04,교육·자연·사회과학,040103,이러닝콘텐츠개발,040103_L3,이러닝콘텐츠개발 중급 독립 실무 및 문제해결 엔지니어링,3,Attitude(태도),타 부서와의 원활한 협업 소통
04,교육·자연·사회과학,040103,이러닝콘텐츠개발,040103_L4,이러닝콘텐츠개발 고급 전문화 및 프로젝트/팀 리딩,4,Knowledge(지식),신기술 융합 아키텍처
04,교육·자연·사회과학,040103,이러닝콘텐츠개발,040103_L4,이러닝콘텐츠개발 고급 전문화 및 프로젝트/팀 리딩,4,Knowledge(지식),프로젝트 관리론(PMBOK/Agile)
04,교육·자연·사회과학,040103,이러닝콘텐츠개발,040103_L4,이러닝콘텐츠개발 고급 전문화 및 프로젝트/팀 리딩,4,Knowledge(지식),품질보증(QA) 거버넌스
04,교육·자연·사회과학,040103,이러닝콘텐츠개발,040103_L4,이러닝콘텐츠개발 고급 전문화 및 프로젝트/팀 리딩,4,Skill(기술/도구),전체 시스템 아키텍처 설계
04,교육·자연·사회과학,040103,이러닝콘텐츠개발,040103_L4,이러닝콘텐츠개발 고급 전문화 및 프로젝트/팀 리딩,4,Skill(기술/도구),애자일 스프린트 리딩
04,교육·자연·사회과학,040103,이러닝콘텐츠개발,040103_L4,이러닝콘텐츠개발 고급 전문화 및 프로젝트/팀 리딩,4,Skill(기술/도구),신기술 PoC 검증
04,교육·자연·사회과학,040103,이러닝콘텐츠개발,040103_L4,이러닝콘텐츠개발 고급 전문화 및 프로젝트/팀 리딩,4,Attitude(태도),혁신 지향 리더십
04,교육·자연·사회과학,040103,이러닝콘텐츠개발,040103_L4,이러닝콘텐츠개발 고급 전문화 및 프로젝트/팀 리딩,4,Attitude(태도),동료 성장 멘토링 마인드
04,교육·자연·사회과학,040103,이러닝콘텐츠개발,040103_L5,이러닝콘텐츠개발 전략 기획 및 전사 거버넌스 총괄,5,Knowledge(지식),경영 전략 및 자본 예산 배분
04,교육·자연·사회과학,040103,이러닝콘텐츠개발,040103_L5,이러닝콘텐츠개발 전략 기획 및 전사 거버넌스 총괄,5,Knowledge(지식),국내외 규제 컴플라이언스
04,교육·자연·사회과학,040103,이러닝콘텐츠개발,040103_L5,이러닝콘텐츠개발 전략 기획 및 전사 거버넌스 총괄,5,Knowledge(지식),엔터프라이즈 거버넌스
04,교육·자연·사회과학,040103,이러닝콘텐츠개발,040103_L5,이러닝콘텐츠개발 전략 기획 및 전사 거버넌스 총괄,5,Skill(기술/도구),전사 로드맵 수립
04,교육·자연·사회과학,040103,이러닝콘텐츠개발,040103_L5,이러닝콘텐츠개발 전략 기획 및 전사 거버넌스 총괄,5,Skill(기술/도구),투자 대비 성과(ROI) 모델링
04,교육·자연·사회과학,040103,이러닝콘텐츠개발,040103_L5,이러닝콘텐츠개발 전략 기획 및 전사 거버넌스 총괄,5,Skill(기술/도구),최고 의사결정 전략 제언
04,교육·자연·사회과학,040103,이러닝콘텐츠개발,040103_L5,이러닝콘텐츠개발 전략 기획 및 전사 거버넌스 총괄,5,Attitude(태도),거시적 통찰력
04,교육·자연·사회과학,040103,이러닝콘텐츠개발,040103_L5,이러닝콘텐츠개발 전략 기획 및 전사 거버넌스 총괄,5,Attitude(태도),전략적 윤리 리더십
04,교육·자연·사회과학,040104,학교진로교육,040104_L1,학교진로교육 기초 입문 및 업무 환경 지원,1,Knowledge(지식),학교진로교육 개론
04,교육·자연·사회과학,040104,학교진로교육,040104_L1,학교진로교육 기초 입문 및 업무 환경 지원,1,Knowledge(지식),표준 작업 지침서
04,교육·자연·사회과학,040104,학교진로교육,040104_L1,학교진로교육 기초 입문 및 업무 환경 지원,1,Knowledge(지식),기초 법령/규정
04,교육·자연·사회과학,040104,학교진로교육,040104_L1,학교진로교육 기초 입문 및 업무 환경 지원,1,Skill(기술/도구),기초 전산 툴 조작
04,교육·자연·사회과학,040104,학교진로교육,040104_L1,학교진로교육 기초 입문 및 업무 환경 지원,1,Skill(기술/도구),문서 서식 작성
04,교육·자연·사회과학,040104,학교진로교육,040104_L1,학교진로교육 기초 입문 및 업무 환경 지원,1,Skill(기술/도구),자료 검색 및 분류
04,교육·자연·사회과학,040104,학교진로교육,040104_L1,학교진로교육 기초 입문 및 업무 환경 지원,1,Attitude(태도),규정 준수 의식
04,교육·자연·사회과학,040104,학교진로교육,040104_L1,학교진로교육 기초 입문 및 업무 환경 지원,1,Attitude(태도),성실한 업무 지원 태도
04,교육·자연·사회과학,040104,학교진로교육,040104_L2,학교진로교육 초급 실무 및 정형 과업 수행,2,Knowledge(지식),학교진로교육 실무 프로세스
04,교육·자연·사회과학,040104,학교진로교육,040104_L2,학교진로교육 초급 실무 및 정형 과업 수행,2,Knowledge(지식),단위 업무 품질 기준
04,교육·자연·사회과학,040104,학교진로교육,040104_L2,학교진로교육 초급 실무 및 정형 과업 수행,2,Knowledge(지식),데이터 검증 기법
04,교육·자연·사회과학,040104,학교진로교육,040104_L2,학교진로교육 초급 실무 및 정형 과업 수행,2,Skill(기술/도구),실무 도구/SW 조작
04,교육·자연·사회과학,040104,학교진로교육,040104_L2,학교진로교육 초급 실무 및 정형 과업 수행,2,Skill(기술/도구),데이터 정제 및 가공
04,교육·자연·사회과학,040104,학교진로교육,040104_L2,학교진로교육 초급 실무 및 정형 과업 수행,2,Skill(기술/도구),단위 결과물 산출
04,교육·자연·사회과학,040104,학교진로교육,040104_L2,학교진로교육 초급 실무 및 정형 과업 수행,2,Attitude(태도),정확성과 꼼꼼함
04,교육·자연·사회과학,040104,학교진로교육,040104_L2,학교진로교육 초급 실무 및 정형 과업 수행,2,Attitude(태도),기한 준수 책임감
04,교육·자연·사회과학,040104,학교진로교육,040104_L3,학교진로교육 중급 독립 실무 및 문제해결 엔지니어링,3,Knowledge(지식),심화 모델링/설계 이론
04,교육·자연·사회과학,040104,학교진로교육,040104_L3,학교진로교육 중급 독립 실무 및 문제해결 엔지니어링,3,Knowledge(지식),성능 지표(KPI) 분석법
04,교육·자연·사회과학,040104,학교진로교육,040104_L3,학교진로교육 중급 독립 실무 및 문제해결 엔지니어링,3,Knowledge(지식),이슈 해결 방법론
04,교육·자연·사회과학,040104,학교진로교육,040104_L3,학교진로교육 중급 독립 실무 및 문제해결 엔지니어링,3,Skill(기술/도구),고급 도구/코드/기기 활용
04,교육·자연·사회과학,040104,학교진로교육,040104_L3,학교진로교육 중급 독립 실무 및 문제해결 엔지니어링,3,Skill(기술/도구),원인 분석 및 조치
04,교육·자연·사회과학,040104,학교진로교육,040104_L3,학교진로교육 중급 독립 실무 및 문제해결 엔지니어링,3,Skill(기술/도구),성과 분석 리포팅
04,교육·자연·사회과학,040104,학교진로교육,040104_L3,학교진로교육 중급 독립 실무 및 문제해결 엔지니어링,3,Attitude(태도),분석적 사고력
04,교육·자연·사회과학,040104,학교진로교육,040104_L3,학교진로교육 중급 독립 실무 및 문제해결 엔지니어링,3,Attitude(태도),타 부서와의 원활한 협업 소통
04,교육·자연·사회과학,040104,학교진로교육,040104_L4,학교진로교육 고급 전문화 및 프로젝트/팀 리딩,4,Knowledge(지식),신기술 융합 아키텍처
04,교육·자연·사회과학,040104,학교진로교육,040104_L4,학교진로교육 고급 전문화 및 프로젝트/팀 리딩,4,Knowledge(지식),프로젝트 관리론(PMBOK/Agile)
04,교육·자연·사회과학,040104,학교진로교육,040104_L4,학교진로교육 고급 전문화 및 프로젝트/팀 리딩,4,Knowledge(지식),품질보증(QA) 거버넌스
04,교육·자연·사회과학,040104,학교진로교육,040104_L4,학교진로교육 고급 전문화 및 프로젝트/팀 리딩,4,Skill(기술/도구),전체 시스템 아키텍처 설계
04,교육·자연·사회과학,040104,학교진로교육,040104_L4,학교진로교육 고급 전문화 및 프로젝트/팀 리딩,4,Skill(기술/도구),애자일 스프린트 리딩
04,교육·자연·사회과학,040104,학교진로교육,040104_L4,학교진로교육 고급 전문화 및 프로젝트/팀 리딩,4,Skill(기술/도구),신기술 PoC 검증
04,교육·자연·사회과학,040104,학교진로교육,040104_L4,학교진로교육 고급 전문화 및 프로젝트/팀 리딩,4,Attitude(태도),혁신 지향 리더십
04,교육·자연·사회과학,040104,학교진로교육,040104_L4,학교진로교육 고급 전문화 및 프로젝트/팀 리딩,4,Attitude(태도),동료 성장 멘토링 마인드
04,교육·자연·사회과학,040104,학교진로교육,040104_L5,학교진로교육 전략 기획 및 전사 거버넌스 총괄,5,Knowledge(지식),경영 전략 및 자본 예산 배분
04,교육·자연·사회과학,040104,학교진로교육,040104_L5,학교진로교육 전략 기획 및 전사 거버넌스 총괄,5,Knowledge(지식),국내외 규제 컴플라이언스
04,교육·자연·사회과학,040104,학교진로교육,040104_L5,학교진로교육 전략 기획 및 전사 거버넌스 총괄,5,Knowledge(지식),엔터프라이즈 거버넌스
04,교육·자연·사회과학,040104,학교진로교육,040104_L5,학교진로교육 전략 기획 및 전사 거버넌스 총괄,5,Skill(기술/도구),전사 로드맵 수립
04,교육·자연·사회과학,040104,학교진로교육,040104_L5,학교진로교육 전략 기획 및 전사 거버넌스 총괄,5,Skill(기술/도구),투자 대비 성과(ROI) 모델링
04,교육·자연·사회과학,040104,학교진로교육,040104_L5,학교진로교육 전략 기획 및 전사 거버넌스 총괄,5,Skill(기술/도구),최고 의사결정 전략 제언
04,교육·자연·사회과학,040104,학교진로교육,040104_L5,학교진로교육 전략 기획 및 전사 거버넌스 총괄,5,Attitude(태도),거시적 통찰력
04,교육·자연·사회과학,040104,학교진로교육,040104_L5,학교진로교육 전략 기획 및 전사 거버넌스 총괄,5,Attitude(태도),전략적 윤리 리더십
04,교육·자연·사회과학,040105,유아교육기획,040105_L1,유아교육기획 기초 입문 및 업무 환경 지원,1,Knowledge(지식),유아교육기획 개론
04,교육·자연·사회과학,040105,유아교육기획,040105_L1,유아교육기획 기초 입문 및 업무 환경 지원,1,Knowledge(지식),표준 작업 지침서
04,교육·자연·사회과학,040105,유아교육기획,040105_L1,유아교육기획 기초 입문 및 업무 환경 지원,1,Knowledge(지식),기초 법령/규정
04,교육·자연·사회과학,040105,유아교육기획,040105_L1,유아교육기획 기초 입문 및 업무 환경 지원,1,Skill(기술/도구),기초 전산 툴 조작
04,교육·자연·사회과학,040105,유아교육기획,040105_L1,유아교육기획 기초 입문 및 업무 환경 지원,1,Skill(기술/도구),문서 서식 작성
04,교육·자연·사회과학,040105,유아교육기획,040105_L1,유아교육기획 기초 입문 및 업무 환경 지원,1,Skill(기술/도구),자료 검색 및 분류
04,교육·자연·사회과학,040105,유아교육기획,040105_L1,유아교육기획 기초 입문 및 업무 환경 지원,1,Attitude(태도),규정 준수 의식
04,교육·자연·사회과학,040105,유아교육기획,040105_L1,유아교육기획 기초 입문 및 업무 환경 지원,1,Attitude(태도),성실한 업무 지원 태도
04,교육·자연·사회과학,040105,유아교육기획,040105_L2,유아교육기획 초급 실무 및 정형 과업 수행,2,Knowledge(지식),유아교육기획 실무 프로세스
04,교육·자연·사회과학,040105,유아교육기획,040105_L2,유아교육기획 초급 실무 및 정형 과업 수행,2,Knowledge(지식),단위 업무 품질 기준
04,교육·자연·사회과학,040105,유아교육기획,040105_L2,유아교육기획 초급 실무 및 정형 과업 수행,2,Knowledge(지식),데이터 검증 기법
04,교육·자연·사회과학,040105,유아교육기획,040105_L2,유아교육기획 초급 실무 및 정형 과업 수행,2,Skill(기술/도구),실무 도구/SW 조작
04,교육·자연·사회과학,040105,유아교육기획,040105_L2,유아교육기획 초급 실무 및 정형 과업 수행,2,Skill(기술/도구),데이터 정제 및 가공
04,교육·자연·사회과학,040105,유아교육기획,040105_L2,유아교육기획 초급 실무 및 정형 과업 수행,2,Skill(기술/도구),단위 결과물 산출
04,교육·자연·사회과학,040105,유아교육기획,040105_L2,유아교육기획 초급 실무 및 정형 과업 수행,2,Attitude(태도),정확성과 꼼꼼함
04,교육·자연·사회과학,040105,유아교육기획,040105_L2,유아교육기획 초급 실무 및 정형 과업 수행,2,Attitude(태도),기한 준수 책임감
04,교육·자연·사회과학,040105,유아교육기획,040105_L3,유아교육기획 중급 독립 실무 및 문제해결 엔지니어링,3,Knowledge(지식),심화 모델링/설계 이론
04,교육·자연·사회과학,040105,유아교육기획,040105_L3,유아교육기획 중급 독립 실무 및 문제해결 엔지니어링,3,Knowledge(지식),성능 지표(KPI) 분석법
04,교육·자연·사회과학,040105,유아교육기획,040105_L3,유아교육기획 중급 독립 실무 및 문제해결 엔지니어링,3,Knowledge(지식),이슈 해결 방법론
04,교육·자연·사회과학,040105,유아교육기획,040105_L3,유아교육기획 중급 독립 실무 및 문제해결 엔지니어링,3,Skill(기술/도구),고급 도구/코드/기기 활용
04,교육·자연·사회과학,040105,유아교육기획,040105_L3,유아교육기획 중급 독립 실무 및 문제해결 엔지니어링,3,Skill(기술/도구),원인 분석 및 조치
04,교육·자연·사회과학,040105,유아교육기획,040105_L3,유아교육기획 중급 독립 실무 및 문제해결 엔지니어링,3,Skill(기술/도구),성과 분석 리포팅
04,교육·자연·사회과학,040105,유아교육기획,040105_L3,유아교육기획 중급 독립 실무 및 문제해결 엔지니어링,3,Attitude(태도),분석적 사고력
04,교육·자연·사회과학,040105,유아교육기획,040105_L3,유아교육기획 중급 독립 실무 및 문제해결 엔지니어링,3,Attitude(태도),타 부서와의 원활한 협업 소통
04,교육·자연·사회과학,040105,유아교육기획,040105_L4,유아교육기획 고급 전문화 및 프로젝트/팀 리딩,4,Knowledge(지식),신기술 융합 아키텍처
04,교육·자연·사회과학,040105,유아교육기획,040105_L4,유아교육기획 고급 전문화 및 프로젝트/팀 리딩,4,Knowledge(지식),프로젝트 관리론(PMBOK/Agile)
04,교육·자연·사회과학,040105,유아교육기획,040105_L4,유아교육기획 고급 전문화 및 프로젝트/팀 리딩,4,Knowledge(지식),품질보증(QA) 거버넌스
04,교육·자연·사회과학,040105,유아교육기획,040105_L4,유아교육기획 고급 전문화 및 프로젝트/팀 리딩,4,Skill(기술/도구),전체 시스템 아키텍처 설계
04,교육·자연·사회과학,040105,유아교육기획,040105_L4,유아교육기획 고급 전문화 및 프로젝트/팀 리딩,4,Skill(기술/도구),애자일 스프린트 리딩
04,교육·자연·사회과학,040105,유아교육기획,040105_L4,유아교육기획 고급 전문화 및 프로젝트/팀 리딩,4,Skill(기술/도구),신기술 PoC 검증
04,교육·자연·사회과학,040105,유아교육기획,040105_L4,유아교육기획 고급 전문화 및 프로젝트/팀 리딩,4,Attitude(태도),혁신 지향 리더십
04,교육·자연·사회과학,040105,유아교육기획,040105_L4,유아교육기획 고급 전문화 및 프로젝트/팀 리딩,4,Attitude(태도),동료 성장 멘토링 마인드
04,교육·자연·사회과학,040105,유아교육기획,040105_L5,유아교육기획 전략 기획 및 전사 거버넌스 총괄,5,Knowledge(지식),경영 전략 및 자본 예산 배분
04,교육·자연·사회과학,040105,유아교육기획,040105_L5,유아교육기획 전략 기획 및 전사 거버넌스 총괄,5,Knowledge(지식),국내외 규제 컴플라이언스
04,교육·자연·사회과학,040105,유아교육기획,040105_L5,유아교육기획 전략 기획 및 전사 거버넌스 총괄,5,Knowledge(지식),엔터프라이즈 거버넌스
04,교육·자연·사회과학,040105,유아교육기획,040105_L5,유아교육기획 전략 기획 및 전사 거버넌스 총괄,5,Skill(기술/도구),전사 로드맵 수립
04,교육·자연·사회과학,040105,유아교육기획,040105_L5,유아교육기획 전략 기획 및 전사 거버넌스 총괄,5,Skill(기술/도구),투자 대비 성과(ROI) 모델링
04,교육·자연·사회과학,040105,유아교육기획,040105_L5,유아교육기획 전략 기획 및 전사 거버넌스 총괄,5,Skill(기술/도구),최고 의사결정 전략 제언
04,교육·자연·사회과학,040105,유아교육기획,040105_L5,유아교육기획 전략 기획 및 전사 거버넌스 총괄,5,Attitude(태도),거시적 통찰력
04,교육·자연·사회과학,040105,유아교육기획,040105_L5,유아교육기획 전략 기획 및 전사 거버넌스 총괄,5,Attitude(태도),전략적 윤리 리더십
04,교육·자연·사회과학,040106,특수교육운영,040106_L1,특수교육운영 기초 입문 및 업무 환경 지원,1,Knowledge(지식),특수교육운영 개론
04,교육·자연·사회과학,040106,특수교육운영,040106_L1,특수교육운영 기초 입문 및 업무 환경 지원,1,Knowledge(지식),표준 작업 지침서
04,교육·자연·사회과학,040106,특수교육운영,040106_L1,특수교육운영 기초 입문 및 업무 환경 지원,1,Knowledge(지식),기초 법령/규정
04,교육·자연·사회과학,040106,특수교육운영,040106_L1,특수교육운영 기초 입문 및 업무 환경 지원,1,Skill(기술/도구),기초 전산 툴 조작
04,교육·자연·사회과학,040106,특수교육운영,040106_L1,특수교육운영 기초 입문 및 업무 환경 지원,1,Skill(기술/도구),문서 서식 작성
04,교육·자연·사회과학,040106,특수교육운영,040106_L1,특수교육운영 기초 입문 및 업무 환경 지원,1,Skill(기술/도구),자료 검색 및 분류
04,교육·자연·사회과학,040106,특수교육운영,040106_L1,특수교육운영 기초 입문 및 업무 환경 지원,1,Attitude(태도),규정 준수 의식
04,교육·자연·사회과학,040106,특수교육운영,040106_L1,특수교육운영 기초 입문 및 업무 환경 지원,1,Attitude(태도),성실한 업무 지원 태도
04,교육·자연·사회과학,040106,특수교육운영,040106_L2,특수교육운영 초급 실무 및 정형 과업 수행,2,Knowledge(지식),특수교육운영 실무 프로세스
04,교육·자연·사회과학,040106,특수교육운영,040106_L2,특수교육운영 초급 실무 및 정형 과업 수행,2,Knowledge(지식),단위 업무 품질 기준
04,교육·자연·사회과학,040106,특수교육운영,040106_L2,특수교육운영 초급 실무 및 정형 과업 수행,2,Knowledge(지식),데이터 검증 기법
04,교육·자연·사회과학,040106,특수교육운영,040106_L2,특수교육운영 초급 실무 및 정형 과업 수행,2,Skill(기술/도구),실무 도구/SW 조작
04,교육·자연·사회과학,040106,특수교육운영,040106_L2,특수교육운영 초급 실무 및 정형 과업 수행,2,Skill(기술/도구),데이터 정제 및 가공
04,교육·자연·사회과학,040106,특수교육운영,040106_L2,특수교육운영 초급 실무 및 정형 과업 수행,2,Skill(기술/도구),단위 결과물 산출
04,교육·자연·사회과학,040106,특수교육운영,040106_L2,특수교육운영 초급 실무 및 정형 과업 수행,2,Attitude(태도),정확성과 꼼꼼함
04,교육·자연·사회과학,040106,특수교육운영,040106_L2,특수교육운영 초급 실무 및 정형 과업 수행,2,Attitude(태도),기한 준수 책임감
04,교육·자연·사회과학,040106,특수교육운영,040106_L3,특수교육운영 중급 독립 실무 및 문제해결 엔지니어링,3,Knowledge(지식),심화 모델링/설계 이론
04,교육·자연·사회과학,040106,특수교육운영,040106_L3,특수교육운영 중급 독립 실무 및 문제해결 엔지니어링,3,Knowledge(지식),성능 지표(KPI) 분석법
04,교육·자연·사회과학,040106,특수교육운영,040106_L3,특수교육운영 중급 독립 실무 및 문제해결 엔지니어링,3,Knowledge(지식),이슈 해결 방법론
04,교육·자연·사회과학,040106,특수교육운영,040106_L3,특수교육운영 중급 독립 실무 및 문제해결 엔지니어링,3,Skill(기술/도구),고급 도구/코드/기기 활용
04,교육·자연·사회과학,040106,특수교육운영,040106_L3,특수교육운영 중급 독립 실무 및 문제해결 엔지니어링,3,Skill(기술/도구),원인 분석 및 조치
04,교육·자연·사회과학,040106,특수교육운영,040106_L3,특수교육운영 중급 독립 실무 및 문제해결 엔지니어링,3,Skill(기술/도구),성과 분석 리포팅
04,교육·자연·사회과학,040106,특수교육운영,040106_L3,특수교육운영 중급 독립 실무 및 문제해결 엔지니어링,3,Attitude(태도),분석적 사고력
04,교육·자연·사회과학,040106,특수교육운영,040106_L3,특수교육운영 중급 독립 실무 및 문제해결 엔지니어링,3,Attitude(태도),타 부서와의 원활한 협업 소통
04,교육·자연·사회과학,040106,특수교육운영,040106_L4,특수교육운영 고급 전문화 및 프로젝트/팀 리딩,4,Knowledge(지식),신기술 융합 아키텍처
04,교육·자연·사회과학,040106,특수교육운영,040106_L4,특수교육운영 고급 전문화 및 프로젝트/팀 리딩,4,Knowledge(지식),프로젝트 관리론(PMBOK/Agile)
04,교육·자연·사회과학,040106,특수교육운영,040106_L4,특수교육운영 고급 전문화 및 프로젝트/팀 리딩,4,Knowledge(지식),품질보증(QA) 거버넌스
04,교육·자연·사회과학,040106,특수교육운영,040106_L4,특수교육운영 고급 전문화 및 프로젝트/팀 리딩,4,Skill(기술/도구),전체 시스템 아키텍처 설계
04,교육·자연·사회과학,040106,특수교육운영,040106_L4,특수교육운영 고급 전문화 및 프로젝트/팀 리딩,4,Skill(기술/도구),애자일 스프린트 리딩
04,교육·자연·사회과학,040106,특수교육운영,040106_L4,특수교육운영 고급 전문화 및 프로젝트/팀 리딩,4,Skill(기술/도구),신기술 PoC 검증
04,교육·자연·사회과학,040106,특수교육운영,040106_L4,특수교육운영 고급 전문화 및 프로젝트/팀 리딩,4,Attitude(태도),혁신 지향 리더십
04,교육·자연·사회과학,040106,특수교육운영,040106_L4,특수교육운영 고급 전문화 및 프로젝트/팀 리딩,4,Attitude(태도),동료 성장 멘토링 마인드
04,교육·자연·사회과학,040106,특수교육운영,040106_L5,특수교육운영 전략 기획 및 전사 거버넌스 총괄,5,Knowledge(지식),경영 전략 및 자본 예산 배분
04,교육·자연·사회과학,040106,특수교육운영,040106_L5,특수교육운영 전략 기획 및 전사 거버넌스 총괄,5,Knowledge(지식),국내외 규제 컴플라이언스
04,교육·자연·사회과학,040106,특수교육운영,040106_L5,특수교육운영 전략 기획 및 전사 거버넌스 총괄,5,Knowledge(지식),엔터프라이즈 거버넌스
04,교육·자연·사회과학,040106,특수교육운영,040106_L5,특수교육운영 전략 기획 및 전사 거버넌스 총괄,5,Skill(기술/도구),전사 로드맵 수립
04,교육·자연·사회과학,040106,특수교육운영,040106_L5,특수교육운영 전략 기획 및 전사 거버넌스 총괄,5,Skill(기술/도구),투자 대비 성과(ROI) 모델링
04,교육·자연·사회과학,040106,특수교육운영,040106_L5,특수교육운영 전략 기획 및 전사 거버넌스 총괄,5,Skill(기술/도구),최고 의사결정 전략 제언
04,교육·자연·사회과학,040106,특수교육운영,040106_L5,특수교육운영 전략 기획 및 전사 거버넌스 총괄,5,Attitude(태도),거시적 통찰력
04,교육·자연·사회과학,040106,특수교육운영,040106_L5,특수교육운영 전략 기획 및 전사 거버넌스 총괄,5,Attitude(태도),전략적 윤리 리더십
04,교육·자연·사회과학,040207,인문학연구,040207_L1,인문학연구 기초 입문 및 업무 환경 지원,1,Knowledge(지식),인문학연구 개론
04,교육·자연·사회과학,040207,인문학연구,040207_L1,인문학연구 기초 입문 및 업무 환경 지원,1,Knowledge(지식),표준 작업 지침서
04,교육·자연·사회과학,040207,인문학연구,040207_L1,인문학연구 기초 입문 및 업무 환경 지원,1,Knowledge(지식),기초 법령/규정
04,교육·자연·사회과학,040207,인문학연구,040207_L1,인문학연구 기초 입문 및 업무 환경 지원,1,Skill(기술/도구),기초 전산 툴 조작
04,교육·자연·사회과학,040207,인문학연구,040207_L1,인문학연구 기초 입문 및 업무 환경 지원,1,Skill(기술/도구),문서 서식 작성
04,교육·자연·사회과학,040207,인문학연구,040207_L1,인문학연구 기초 입문 및 업무 환경 지원,1,Skill(기술/도구),자료 검색 및 분류
04,교육·자연·사회과학,040207,인문학연구,040207_L1,인문학연구 기초 입문 및 업무 환경 지원,1,Attitude(태도),규정 준수 의식
04,교육·자연·사회과학,040207,인문학연구,040207_L1,인문학연구 기초 입문 및 업무 환경 지원,1,Attitude(태도),성실한 업무 지원 태도
04,교육·자연·사회과학,040207,인문학연구,040207_L2,인문학연구 초급 실무 및 정형 과업 수행,2,Knowledge(지식),인문학연구 실무 프로세스
04,교육·자연·사회과학,040207,인문학연구,040207_L2,인문학연구 초급 실무 및 정형 과업 수행,2,Knowledge(지식),단위 업무 품질 기준
04,교육·자연·사회과학,040207,인문학연구,040207_L2,인문학연구 초급 실무 및 정형 과업 수행,2,Knowledge(지식),데이터 검증 기법
04,교육·자연·사회과학,040207,인문학연구,040207_L2,인문학연구 초급 실무 및 정형 과업 수행,2,Skill(기술/도구),실무 도구/SW 조작
04,교육·자연·사회과학,040207,인문학연구,040207_L2,인문학연구 초급 실무 및 정형 과업 수행,2,Skill(기술/도구),데이터 정제 및 가공
04,교육·자연·사회과학,040207,인문학연구,040207_L2,인문학연구 초급 실무 및 정형 과업 수행,2,Skill(기술/도구),단위 결과물 산출
04,교육·자연·사회과학,040207,인문학연구,040207_L2,인문학연구 초급 실무 및 정형 과업 수행,2,Attitude(태도),정확성과 꼼꼼함
04,교육·자연·사회과학,040207,인문학연구,040207_L2,인문학연구 초급 실무 및 정형 과업 수행,2,Attitude(태도),기한 준수 책임감
04,교육·자연·사회과학,040207,인문학연구,040207_L3,인문학연구 중급 독립 실무 및 문제해결 엔지니어링,3,Knowledge(지식),심화 모델링/설계 이론
04,교육·자연·사회과학,040207,인문학연구,040207_L3,인문학연구 중급 독립 실무 및 문제해결 엔지니어링,3,Knowledge(지식),성능 지표(KPI) 분석법
04,교육·자연·사회과학,040207,인문학연구,040207_L3,인문학연구 중급 독립 실무 및 문제해결 엔지니어링,3,Knowledge(지식),이슈 해결 방법론
04,교육·자연·사회과학,040207,인문학연구,040207_L3,인문학연구 중급 독립 실무 및 문제해결 엔지니어링,3,Skill(기술/도구),고급 도구/코드/기기 활용
04,교육·자연·사회과학,040207,인문학연구,040207_L3,인문학연구 중급 독립 실무 및 문제해결 엔지니어링,3,Skill(기술/도구),원인 분석 및 조치
04,교육·자연·사회과학,040207,인문학연구,040207_L3,인문학연구 중급 독립 실무 및 문제해결 엔지니어링,3,Skill(기술/도구),성과 분석 리포팅
04,교육·자연·사회과학,040207,인문학연구,040207_L3,인문학연구 중급 독립 실무 및 문제해결 엔지니어링,3,Attitude(태도),분석적 사고력
04,교육·자연·사회과학,040207,인문학연구,040207_L3,인문학연구 중급 독립 실무 및 문제해결 엔지니어링,3,Attitude(태도),타 부서와의 원활한 협업 소통
04,교육·자연·사회과학,040207,인문학연구,040207_L4,인문학연구 고급 전문화 및 프로젝트/팀 리딩,4,Knowledge(지식),신기술 융합 아키텍처
04,교육·자연·사회과학,040207,인문학연구,040207_L4,인문학연구 고급 전문화 및 프로젝트/팀 리딩,4,Knowledge(지식),프로젝트 관리론(PMBOK/Agile)
04,교육·자연·사회과학,040207,인문학연구,040207_L4,인문학연구 고급 전문화 및 프로젝트/팀 리딩,4,Knowledge(지식),품질보증(QA) 거버넌스
04,교육·자연·사회과학,040207,인문학연구,040207_L4,인문학연구 고급 전문화 및 프로젝트/팀 리딩,4,Skill(기술/도구),전체 시스템 아키텍처 설계
04,교육·자연·사회과학,040207,인문학연구,040207_L4,인문학연구 고급 전문화 및 프로젝트/팀 리딩,4,Skill(기술/도구),애자일 스프린트 리딩
04,교육·자연·사회과학,040207,인문학연구,040207_L4,인문학연구 고급 전문화 및 프로젝트/팀 리딩,4,Skill(기술/도구),신기술 PoC 검증
04,교육·자연·사회과학,040207,인문학연구,040207_L4,인문학연구 고급 전문화 및 프로젝트/팀 리딩,4,Attitude(태도),혁신 지향 리더십
04,교육·자연·사회과학,040207,인문학연구,040207_L4,인문학연구 고급 전문화 및 프로젝트/팀 리딩,4,Attitude(태도),동료 성장 멘토링 마인드
04,교육·자연·사회과학,040207,인문학연구,040207_L5,인문학연구 전략 기획 및 전사 거버넌스 총괄,5,Knowledge(지식),경영 전략 및 자본 예산 배분
04,교육·자연·사회과학,040207,인문학연구,040207_L5,인문학연구 전략 기획 및 전사 거버넌스 총괄,5,Knowledge(지식),국내외 규제 컴플라이언스
04,교육·자연·사회과학,040207,인문학연구,040207_L5,인문학연구 전략 기획 및 전사 거버넌스 총괄,5,Knowledge(지식),엔터프라이즈 거버넌스
04,교육·자연·사회과학,040207,인문학연구,040207_L5,인문학연구 전략 기획 및 전사 거버넌스 총괄,5,Skill(기술/도구),전사 로드맵 수립
04,교육·자연·사회과학,040207,인문학연구,040207_L5,인문학연구 전략 기획 및 전사 거버넌스 총괄,5,Skill(기술/도구),투자 대비 성과(ROI) 모델링
04,교육·자연·사회과학,040207,인문학연구,040207_L5,인문학연구 전략 기획 및 전사 거버넌스 총괄,5,Skill(기술/도구),최고 의사결정 전략 제언
04,교육·자연·사회과학,040207,인문학연구,040207_L5,인문학연구 전략 기획 및 전사 거버넌스 총괄,5,Attitude(태도),거시적 통찰력
04,교육·자연·사회과학,040207,인문학연구,040207_L5,인문학연구 전략 기획 및 전사 거버넌스 총괄,5,Attitude(태도),전략적 윤리 리더십
04,교육·자연·사회과학,040208,사회과학통계연구,040208_L1,사회과학통계연구 기초 입문 및 업무 환경 지원,1,Knowledge(지식),사회과학통계연구 개론
04,교육·자연·사회과학,040208,사회과학통계연구,040208_L1,사회과학통계연구 기초 입문 및 업무 환경 지원,1,Knowledge(지식),표준 작업 지침서
04,교육·자연·사회과학,040208,사회과학통계연구,040208_L1,사회과학통계연구 기초 입문 및 업무 환경 지원,1,Knowledge(지식),기초 법령/규정
04,교육·자연·사회과학,040208,사회과학통계연구,040208_L1,사회과학통계연구 기초 입문 및 업무 환경 지원,1,Skill(기술/도구),기초 전산 툴 조작
04,교육·자연·사회과학,040208,사회과학통계연구,040208_L1,사회과학통계연구 기초 입문 및 업무 환경 지원,1,Skill(기술/도구),문서 서식 작성
04,교육·자연·사회과학,040208,사회과학통계연구,040208_L1,사회과학통계연구 기초 입문 및 업무 환경 지원,1,Skill(기술/도구),자료 검색 및 분류
04,교육·자연·사회과학,040208,사회과학통계연구,040208_L1,사회과학통계연구 기초 입문 및 업무 환경 지원,1,Attitude(태도),규정 준수 의식
04,교육·자연·사회과학,040208,사회과학통계연구,040208_L1,사회과학통계연구 기초 입문 및 업무 환경 지원,1,Attitude(태도),성실한 업무 지원 태도
04,교육·자연·사회과학,040208,사회과학통계연구,040208_L2,사회과학통계연구 초급 실무 및 정형 과업 수행,2,Knowledge(지식),사회과학통계연구 실무 프로세스
04,교육·자연·사회과학,040208,사회과학통계연구,040208_L2,사회과학통계연구 초급 실무 및 정형 과업 수행,2,Knowledge(지식),단위 업무 품질 기준
04,교육·자연·사회과학,040208,사회과학통계연구,040208_L2,사회과학통계연구 초급 실무 및 정형 과업 수행,2,Knowledge(지식),데이터 검증 기법
04,교육·자연·사회과학,040208,사회과학통계연구,040208_L2,사회과학통계연구 초급 실무 및 정형 과업 수행,2,Skill(기술/도구),실무 도구/SW 조작
04,교육·자연·사회과학,040208,사회과학통계연구,040208_L2,사회과학통계연구 초급 실무 및 정형 과업 수행,2,Skill(기술/도구),데이터 정제 및 가공
04,교육·자연·사회과학,040208,사회과학통계연구,040208_L2,사회과학통계연구 초급 실무 및 정형 과업 수행,2,Skill(기술/도구),단위 결과물 산출
04,교육·자연·사회과학,040208,사회과학통계연구,040208_L2,사회과학통계연구 초급 실무 및 정형 과업 수행,2,Attitude(태도),정확성과 꼼꼼함
04,교육·자연·사회과학,040208,사회과학통계연구,040208_L2,사회과학통계연구 초급 실무 및 정형 과업 수행,2,Attitude(태도),기한 준수 책임감
04,교육·자연·사회과학,040208,사회과학통계연구,040208_L3,사회과학통계연구 중급 독립 실무 및 문제해결 엔지니어링,3,Knowledge(지식),심화 모델링/설계 이론
04,교육·자연·사회과학,040208,사회과학통계연구,040208_L3,사회과학통계연구 중급 독립 실무 및 문제해결 엔지니어링,3,Knowledge(지식),성능 지표(KPI) 분석법
04,교육·자연·사회과학,040208,사회과학통계연구,040208_L3,사회과학통계연구 중급 독립 실무 및 문제해결 엔지니어링,3,Knowledge(지식),이슈 해결 방법론
04,교육·자연·사회과학,040208,사회과학통계연구,040208_L3,사회과학통계연구 중급 독립 실무 및 문제해결 엔지니어링,3,Skill(기술/도구),고급 도구/코드/기기 활용
04,교육·자연·사회과학,040208,사회과학통계연구,040208_L3,사회과학통계연구 중급 독립 실무 및 문제해결 엔지니어링,3,Skill(기술/도구),원인 분석 및 조치
04,교육·자연·사회과학,040208,사회과학통계연구,040208_L3,사회과학통계연구 중급 독립 실무 및 문제해결 엔지니어링,3,Skill(기술/도구),성과 분석 리포팅
04,교육·자연·사회과학,040208,사회과학통계연구,040208_L3,사회과학통계연구 중급 독립 실무 및 문제해결 엔지니어링,3,Attitude(태도),분석적 사고력
04,교육·자연·사회과학,040208,사회과학통계연구,040208_L3,사회과학통계연구 중급 독립 실무 및 문제해결 엔지니어링,3,Attitude(태도),타 부서와의 원활한 협업 소통
04,교육·자연·사회과학,040208,사회과학통계연구,040208_L4,사회과학통계연구 고급 전문화 및 프로젝트/팀 리딩,4,Knowledge(지식),신기술 융합 아키텍처
04,교육·자연·사회과학,040208,사회과학통계연구,040208_L4,사회과학통계연구 고급 전문화 및 프로젝트/팀 리딩,4,Knowledge(지식),프로젝트 관리론(PMBOK/Agile)
04,교육·자연·사회과학,040208,사회과학통계연구,040208_L4,사회과학통계연구 고급 전문화 및 프로젝트/팀 리딩,4,Knowledge(지식),품질보증(QA) 거버넌스
04,교육·자연·사회과학,040208,사회과학통계연구,040208_L4,사회과학통계연구 고급 전문화 및 프로젝트/팀 리딩,4,Skill(기술/도구),전체 시스템 아키텍처 설계
04,교육·자연·사회과학,040208,사회과학통계연구,040208_L4,사회과학통계연구 고급 전문화 및 프로젝트/팀 리딩,4,Skill(기술/도구),애자일 스프린트 리딩
04,교육·자연·사회과학,040208,사회과학통계연구,040208_L4,사회과학통계연구 고급 전문화 및 프로젝트/팀 리딩,4,Skill(기술/도구),신기술 PoC 검증
04,교육·자연·사회과학,040208,사회과학통계연구,040208_L4,사회과학통계연구 고급 전문화 및 프로젝트/팀 리딩,4,Attitude(태도),혁신 지향 리더십
04,교육·자연·사회과학,040208,사회과학통계연구,040208_L4,사회과학통계연구 고급 전문화 및 프로젝트/팀 리딩,4,Attitude(태도),동료 성장 멘토링 마인드
04,교육·자연·사회과학,040208,사회과학통계연구,040208_L5,사회과학통계연구 전략 기획 및 전사 거버넌스 총괄,5,Knowledge(지식),경영 전략 및 자본 예산 배분
04,교육·자연·사회과학,040208,사회과학통계연구,040208_L5,사회과학통계연구 전략 기획 및 전사 거버넌스 총괄,5,Knowledge(지식),국내외 규제 컴플라이언스
04,교육·자연·사회과학,040208,사회과학통계연구,040208_L5,사회과학통계연구 전략 기획 및 전사 거버넌스 총괄,5,Knowledge(지식),엔터프라이즈 거버넌스
04,교육·자연·사회과학,040208,사회과학통계연구,040208_L5,사회과학통계연구 전략 기획 및 전사 거버넌스 총괄,5,Skill(기술/도구),전사 로드맵 수립
04,교육·자연·사회과학,040208,사회과학통계연구,040208_L5,사회과학통계연구 전략 기획 및 전사 거버넌스 총괄,5,Skill(기술/도구),투자 대비 성과(ROI) 모델링
04,교육·자연·사회과학,040208,사회과학통계연구,040208_L5,사회과학통계연구 전략 기획 및 전사 거버넌스 총괄,5,Skill(기술/도구),최고 의사결정 전략 제언
04,교육·자연·사회과학,040208,사회과학통계연구,040208_L5,사회과학통계연구 전략 기획 및 전사 거버넌스 총괄,5,Attitude(태도),거시적 통찰력
04,교육·자연·사회과학,040208,사회과학통계연구,040208_L5,사회과학통계연구 전략 기획 및 전사 거버넌스 총괄,5,Attitude(태도),전략적 윤리 리더십
04,교육·자연·사회과학,040209,자연과학기초연구,040209_L1,자연과학기초연구 기초 입문 및 업무 환경 지원,1,Knowledge(지식),자연과학기초연구 개론
04,교육·자연·사회과학,040209,자연과학기초연구,040209_L1,자연과학기초연구 기초 입문 및 업무 환경 지원,1,Knowledge(지식),표준 작업 지침서
04,교육·자연·사회과학,040209,자연과학기초연구,040209_L1,자연과학기초연구 기초 입문 및 업무 환경 지원,1,Knowledge(지식),기초 법령/규정
04,교육·자연·사회과학,040209,자연과학기초연구,040209_L1,자연과학기초연구 기초 입문 및 업무 환경 지원,1,Skill(기술/도구),기초 전산 툴 조작
04,교육·자연·사회과학,040209,자연과학기초연구,040209_L1,자연과학기초연구 기초 입문 및 업무 환경 지원,1,Skill(기술/도구),문서 서식 작성
04,교육·자연·사회과학,040209,자연과학기초연구,040209_L1,자연과학기초연구 기초 입문 및 업무 환경 지원,1,Skill(기술/도구),자료 검색 및 분류
04,교육·자연·사회과학,040209,자연과학기초연구,040209_L1,자연과학기초연구 기초 입문 및 업무 환경 지원,1,Attitude(태도),규정 준수 의식
04,교육·자연·사회과학,040209,자연과학기초연구,040209_L1,자연과학기초연구 기초 입문 및 업무 환경 지원,1,Attitude(태도),성실한 업무 지원 태도
04,교육·자연·사회과학,040209,자연과학기초연구,040209_L2,자연과학기초연구 초급 실무 및 정형 과업 수행,2,Knowledge(지식),자연과학기초연구 실무 프로세스
04,교육·자연·사회과학,040209,자연과학기초연구,040209_L2,자연과학기초연구 초급 실무 및 정형 과업 수행,2,Knowledge(지식),단위 업무 품질 기준
04,교육·자연·사회과학,040209,자연과학기초연구,040209_L2,자연과학기초연구 초급 실무 및 정형 과업 수행,2,Knowledge(지식),데이터 검증 기법
04,교육·자연·사회과학,040209,자연과학기초연구,040209_L2,자연과학기초연구 초급 실무 및 정형 과업 수행,2,Skill(기술/도구),실무 도구/SW 조작
04,교육·자연·사회과학,040209,자연과학기초연구,040209_L2,자연과학기초연구 초급 실무 및 정형 과업 수행,2,Skill(기술/도구),데이터 정제 및 가공
04,교육·자연·사회과학,040209,자연과학기초연구,040209_L2,자연과학기초연구 초급 실무 및 정형 과업 수행,2,Skill(기술/도구),단위 결과물 산출
04,교육·자연·사회과학,040209,자연과학기초연구,040209_L2,자연과학기초연구 초급 실무 및 정형 과업 수행,2,Attitude(태도),정확성과 꼼꼼함
04,교육·자연·사회과학,040209,자연과학기초연구,040209_L2,자연과학기초연구 초급 실무 및 정형 과업 수행,2,Attitude(태도),기한 준수 책임감
04,교육·자연·사회과학,040209,자연과학기초연구,040209_L3,자연과학기초연구 중급 독립 실무 및 문제해결 엔지니어링,3,Knowledge(지식),심화 모델링/설계 이론
04,교육·자연·사회과학,040209,자연과학기초연구,040209_L3,자연과학기초연구 중급 독립 실무 및 문제해결 엔지니어링,3,Knowledge(지식),성능 지표(KPI) 분석법
04,교육·자연·사회과학,040209,자연과학기초연구,040209_L3,자연과학기초연구 중급 독립 실무 및 문제해결 엔지니어링,3,Knowledge(지식),이슈 해결 방법론
04,교육·자연·사회과학,040209,자연과학기초연구,040209_L3,자연과학기초연구 중급 독립 실무 및 문제해결 엔지니어링,3,Skill(기술/도구),고급 도구/코드/기기 활용
04,교육·자연·사회과학,040209,자연과학기초연구,040209_L3,자연과학기초연구 중급 독립 실무 및 문제해결 엔지니어링,3,Skill(기술/도구),원인 분석 및 조치
04,교육·자연·사회과학,040209,자연과학기초연구,040209_L3,자연과학기초연구 중급 독립 실무 및 문제해결 엔지니어링,3,Skill(기술/도구),성과 분석 리포팅
04,교육·자연·사회과학,040209,자연과학기초연구,040209_L3,자연과학기초연구 중급 독립 실무 및 문제해결 엔지니어링,3,Attitude(태도),분석적 사고력
04,교육·자연·사회과학,040209,자연과학기초연구,040209_L3,자연과학기초연구 중급 독립 실무 및 문제해결 엔지니어링,3,Attitude(태도),타 부서와의 원활한 협업 소통
04,교육·자연·사회과학,040209,자연과학기초연구,040209_L4,자연과학기초연구 고급 전문화 및 프로젝트/팀 리딩,4,Knowledge(지식),신기술 융합 아키텍처
04,교육·자연·사회과학,040209,자연과학기초연구,040209_L4,자연과학기초연구 고급 전문화 및 프로젝트/팀 리딩,4,Knowledge(지식),프로젝트 관리론(PMBOK/Agile)
04,교육·자연·사회과학,040209,자연과학기초연구,040209_L4,자연과학기초연구 고급 전문화 및 프로젝트/팀 리딩,4,Knowledge(지식),품질보증(QA) 거버넌스
04,교육·자연·사회과학,040209,자연과학기초연구,040209_L4,자연과학기초연구 고급 전문화 및 프로젝트/팀 리딩,4,Skill(기술/도구),전체 시스템 아키텍처 설계
04,교육·자연·사회과학,040209,자연과학기초연구,040209_L4,자연과학기초연구 고급 전문화 및 프로젝트/팀 리딩,4,Skill(기술/도구),애자일 스프린트 리딩
04,교육·자연·사회과학,040209,자연과학기초연구,040209_L4,자연과학기초연구 고급 전문화 및 프로젝트/팀 리딩,4,Skill(기술/도구),신기술 PoC 검증
04,교육·자연·사회과학,040209,자연과학기초연구,040209_L4,자연과학기초연구 고급 전문화 및 프로젝트/팀 리딩,4,Attitude(태도),혁신 지향 리더십
04,교육·자연·사회과학,040209,자연과학기초연구,040209_L4,자연과학기초연구 고급 전문화 및 프로젝트/팀 리딩,4,Attitude(태도),동료 성장 멘토링 마인드
04,교육·자연·사회과학,040209,자연과학기초연구,040209_L5,자연과학기초연구 전략 기획 및 전사 거버넌스 총괄,5,Knowledge(지식),경영 전략 및 자본 예산 배분
04,교육·자연·사회과학,040209,자연과학기초연구,040209_L5,자연과학기초연구 전략 기획 및 전사 거버넌스 총괄,5,Knowledge(지식),국내외 규제 컴플라이언스
04,교육·자연·사회과학,040209,자연과학기초연구,040209_L5,자연과학기초연구 전략 기획 및 전사 거버넌스 총괄,5,Knowledge(지식),엔터프라이즈 거버넌스
04,교육·자연·사회과학,040209,자연과학기초연구,040209_L5,자연과학기초연구 전략 기획 및 전사 거버넌스 총괄,5,Skill(기술/도구),전사 로드맵 수립
04,교육·자연·사회과학,040209,자연과학기초연구,040209_L5,자연과학기초연구 전략 기획 및 전사 거버넌스 총괄,5,Skill(기술/도구),투자 대비 성과(ROI) 모델링
04,교육·자연·사회과학,040209,자연과학기초연구,040209_L5,자연과학기초연구 전략 기획 및 전사 거버넌스 총괄,5,Skill(기술/도구),최고 의사결정 전략 제언
04,교육·자연·사회과학,040209,자연과학기초연구,040209_L5,자연과학기초연구 전략 기획 및 전사 거버넌스 총괄,5,Attitude(태도),거시적 통찰력
04,교육·자연·사회과학,040209,자연과학기초연구,040209_L5,자연과학기초연구 전략 기획 및 전사 거버넌스 총괄,5,Attitude(태도),전략적 윤리 리더십
04,교육·자연·사회과학,040210,생명과학연구,040210_L1,생명과학연구 기초 입문 및 업무 환경 지원,1,Knowledge(지식),생명과학연구 개론
04,교육·자연·사회과학,040210,생명과학연구,040210_L1,생명과학연구 기초 입문 및 업무 환경 지원,1,Knowledge(지식),표준 작업 지침서
04,교육·자연·사회과학,040210,생명과학연구,040210_L1,생명과학연구 기초 입문 및 업무 환경 지원,1,Knowledge(지식),기초 법령/규정
04,교육·자연·사회과학,040210,생명과학연구,040210_L1,생명과학연구 기초 입문 및 업무 환경 지원,1,Skill(기술/도구),기초 전산 툴 조작
04,교육·자연·사회과학,040210,생명과학연구,040210_L1,생명과학연구 기초 입문 및 업무 환경 지원,1,Skill(기술/도구),문서 서식 작성
04,교육·자연·사회과학,040210,생명과학연구,040210_L1,생명과학연구 기초 입문 및 업무 환경 지원,1,Skill(기술/도구),자료 검색 및 분류
04,교육·자연·사회과학,040210,생명과학연구,040210_L1,생명과학연구 기초 입문 및 업무 환경 지원,1,Attitude(태도),규정 준수 의식
04,교육·자연·사회과학,040210,생명과학연구,040210_L1,생명과학연구 기초 입문 및 업무 환경 지원,1,Attitude(태도),성실한 업무 지원 태도
04,교육·자연·사회과학,040210,생명과학연구,040210_L2,생명과학연구 초급 실무 및 정형 과업 수행,2,Knowledge(지식),생명과학연구 실무 프로세스
04,교육·자연·사회과학,040210,생명과학연구,040210_L2,생명과학연구 초급 실무 및 정형 과업 수행,2,Knowledge(지식),단위 업무 품질 기준
04,교육·자연·사회과학,040210,생명과학연구,040210_L2,생명과학연구 초급 실무 및 정형 과업 수행,2,Knowledge(지식),데이터 검증 기법
04,교육·자연·사회과학,040210,생명과학연구,040210_L2,생명과학연구 초급 실무 및 정형 과업 수행,2,Skill(기술/도구),실무 도구/SW 조작
04,교육·자연·사회과학,040210,생명과학연구,040210_L2,생명과학연구 초급 실무 및 정형 과업 수행,2,Skill(기술/도구),데이터 정제 및 가공
04,교육·자연·사회과학,040210,생명과학연구,040210_L2,생명과학연구 초급 실무 및 정형 과업 수행,2,Skill(기술/도구),단위 결과물 산출
04,교육·자연·사회과학,040210,생명과학연구,040210_L2,생명과학연구 초급 실무 및 정형 과업 수행,2,Attitude(태도),정확성과 꼼꼼함
04,교육·자연·사회과학,040210,생명과학연구,040210_L2,생명과학연구 초급 실무 및 정형 과업 수행,2,Attitude(태도),기한 준수 책임감
04,교육·자연·사회과학,040210,생명과학연구,040210_L3,생명과학연구 중급 독립 실무 및 문제해결 엔지니어링,3,Knowledge(지식),심화 모델링/설계 이론
04,교육·자연·사회과학,040210,생명과학연구,040210_L3,생명과학연구 중급 독립 실무 및 문제해결 엔지니어링,3,Knowledge(지식),성능 지표(KPI) 분석법
04,교육·자연·사회과학,040210,생명과학연구,040210_L3,생명과학연구 중급 독립 실무 및 문제해결 엔지니어링,3,Knowledge(지식),이슈 해결 방법론
04,교육·자연·사회과학,040210,생명과학연구,040210_L3,생명과학연구 중급 독립 실무 및 문제해결 엔지니어링,3,Skill(기술/도구),고급 도구/코드/기기 활용
04,교육·자연·사회과학,040210,생명과학연구,040210_L3,생명과학연구 중급 독립 실무 및 문제해결 엔지니어링,3,Skill(기술/도구),원인 분석 및 조치
04,교육·자연·사회과학,040210,생명과학연구,040210_L3,생명과학연구 중급 독립 실무 및 문제해결 엔지니어링,3,Skill(기술/도구),성과 분석 리포팅
04,교육·자연·사회과학,040210,생명과학연구,040210_L3,생명과학연구 중급 독립 실무 및 문제해결 엔지니어링,3,Attitude(태도),분석적 사고력
04,교육·자연·사회과학,040210,생명과학연구,040210_L3,생명과학연구 중급 독립 실무 및 문제해결 엔지니어링,3,Attitude(태도),타 부서와의 원활한 협업 소통
04,교육·자연·사회과학,040210,생명과학연구,040210_L4,생명과학연구 고급 전문화 및 프로젝트/팀 리딩,4,Knowledge(지식),신기술 융합 아키텍처
04,교육·자연·사회과학,040210,생명과학연구,040210_L4,생명과학연구 고급 전문화 및 프로젝트/팀 리딩,4,Knowledge(지식),프로젝트 관리론(PMBOK/Agile)
04,교육·자연·사회과학,040210,생명과학연구,040210_L4,생명과학연구 고급 전문화 및 프로젝트/팀 리딩,4,Knowledge(지식),품질보증(QA) 거버넌스
04,교육·자연·사회과학,040210,생명과학연구,040210_L4,생명과학연구 고급 전문화 및 프로젝트/팀 리딩,4,Skill(기술/도구),전체 시스템 아키텍처 설계
04,교육·자연·사회과학,040210,생명과학연구,040210_L4,생명과학연구 고급 전문화 및 프로젝트/팀 리딩,4,Skill(기술/도구),애자일 스프린트 리딩
04,교육·자연·사회과학,040210,생명과학연구,040210_L4,생명과학연구 고급 전문화 및 프로젝트/팀 리딩,4,Skill(기술/도구),신기술 PoC 검증
04,교육·자연·사회과학,040210,생명과학연구,040210_L4,생명과학연구 고급 전문화 및 프로젝트/팀 리딩,4,Attitude(태도),혁신 지향 리더십
04,교육·자연·사회과학,040210,생명과학연구,040210_L4,생명과학연구 고급 전문화 및 프로젝트/팀 리딩,4,Attitude(태도),동료 성장 멘토링 마인드
04,교육·자연·사회과학,040210,생명과학연구,040210_L5,생명과학연구 전략 기획 및 전사 거버넌스 총괄,5,Knowledge(지식),경영 전략 및 자본 예산 배분
04,교육·자연·사회과학,040210,생명과학연구,040210_L5,생명과학연구 전략 기획 및 전사 거버넌스 총괄,5,Knowledge(지식),국내외 규제 컴플라이언스
04,교육·자연·사회과학,040210,생명과학연구,040210_L5,생명과학연구 전략 기획 및 전사 거버넌스 총괄,5,Knowledge(지식),엔터프라이즈 거버넌스
04,교육·자연·사회과학,040210,생명과학연구,040210_L5,생명과학연구 전략 기획 및 전사 거버넌스 총괄,5,Skill(기술/도구),전사 로드맵 수립
04,교육·자연·사회과학,040210,생명과학연구,040210_L5,생명과학연구 전략 기획 및 전사 거버넌스 총괄,5,Skill(기술/도구),투자 대비 성과(ROI) 모델링
04,교육·자연·사회과학,040210,생명과학연구,040210_L5,생명과학연구 전략 기획 및 전사 거버넌스 총괄,5,Skill(기술/도구),최고 의사결정 전략 제언
04,교육·자연·사회과학,040210,생명과학연구,040210_L5,생명과학연구 전략 기획 및 전사 거버넌스 총괄,5,Attitude(태도),거시적 통찰력
04,교육·자연·사회과학,040210,생명과학연구,040210_L5,생명과학연구 전략 기획 및 전사 거버넌스 총괄,5,Attitude(태도),전략적 윤리 리더십
04,교육·자연·사회과학,040211,통계조사분석,040211_L1,통계조사분석 기초 입문 및 업무 환경 지원,1,Knowledge(지식),통계조사분석 개론
04,교육·자연·사회과학,040211,통계조사분석,040211_L1,통계조사분석 기초 입문 및 업무 환경 지원,1,Knowledge(지식),표준 작업 지침서
04,교육·자연·사회과학,040211,통계조사분석,040211_L1,통계조사분석 기초 입문 및 업무 환경 지원,1,Knowledge(지식),기초 법령/규정
04,교육·자연·사회과학,040211,통계조사분석,040211_L1,통계조사분석 기초 입문 및 업무 환경 지원,1,Skill(기술/도구),기초 전산 툴 조작
04,교육·자연·사회과학,040211,통계조사분석,040211_L1,통계조사분석 기초 입문 및 업무 환경 지원,1,Skill(기술/도구),문서 서식 작성
04,교육·자연·사회과학,040211,통계조사분석,040211_L1,통계조사분석 기초 입문 및 업무 환경 지원,1,Skill(기술/도구),자료 검색 및 분류
04,교육·자연·사회과학,040211,통계조사분석,040211_L1,통계조사분석 기초 입문 및 업무 환경 지원,1,Attitude(태도),규정 준수 의식
04,교육·자연·사회과학,040211,통계조사분석,040211_L1,통계조사분석 기초 입문 및 업무 환경 지원,1,Attitude(태도),성실한 업무 지원 태도
04,교육·자연·사회과학,040211,통계조사분석,040211_L2,통계조사분석 초급 실무 및 정형 과업 수행,2,Knowledge(지식),통계조사분석 실무 프로세스
04,교육·자연·사회과학,040211,통계조사분석,040211_L2,통계조사분석 초급 실무 및 정형 과업 수행,2,Knowledge(지식),단위 업무 품질 기준
04,교육·자연·사회과학,040211,통계조사분석,040211_L2,통계조사분석 초급 실무 및 정형 과업 수행,2,Knowledge(지식),데이터 검증 기법
04,교육·자연·사회과학,040211,통계조사분석,040211_L2,통계조사분석 초급 실무 및 정형 과업 수행,2,Skill(기술/도구),실무 도구/SW 조작
04,교육·자연·사회과학,040211,통계조사분석,040211_L2,통계조사분석 초급 실무 및 정형 과업 수행,2,Skill(기술/도구),데이터 정제 및 가공
04,교육·자연·사회과학,040211,통계조사분석,040211_L2,통계조사분석 초급 실무 및 정형 과업 수행,2,Skill(기술/도구),단위 결과물 산출
04,교육·자연·사회과학,040211,통계조사분석,040211_L2,통계조사분석 초급 실무 및 정형 과업 수행,2,Attitude(태도),정확성과 꼼꼼함
04,교육·자연·사회과학,040211,통계조사분석,040211_L2,통계조사분석 초급 실무 및 정형 과업 수행,2,Attitude(태도),기한 준수 책임감
04,교육·자연·사회과학,040211,통계조사분석,040211_L3,통계조사분석 중급 독립 실무 및 문제해결 엔지니어링,3,Knowledge(지식),심화 모델링/설계 이론
04,교육·자연·사회과학,040211,통계조사분석,040211_L3,통계조사분석 중급 독립 실무 및 문제해결 엔지니어링,3,Knowledge(지식),성능 지표(KPI) 분석법
04,교육·자연·사회과학,040211,통계조사분석,040211_L3,통계조사분석 중급 독립 실무 및 문제해결 엔지니어링,3,Knowledge(지식),이슈 해결 방법론
04,교육·자연·사회과학,040211,통계조사분석,040211_L3,통계조사분석 중급 독립 실무 및 문제해결 엔지니어링,3,Skill(기술/도구),고급 도구/코드/기기 활용
04,교육·자연·사회과학,040211,통계조사분석,040211_L3,통계조사분석 중급 독립 실무 및 문제해결 엔지니어링,3,Skill(기술/도구),원인 분석 및 조치
04,교육·자연·사회과학,040211,통계조사분석,040211_L3,통계조사분석 중급 독립 실무 및 문제해결 엔지니어링,3,Skill(기술/도구),성과 분석 리포팅
04,교육·자연·사회과학,040211,통계조사분석,040211_L3,통계조사분석 중급 독립 실무 및 문제해결 엔지니어링,3,Attitude(태도),분석적 사고력
04,교육·자연·사회과학,040211,통계조사분석,040211_L3,통계조사분석 중급 독립 실무 및 문제해결 엔지니어링,3,Attitude(태도),타 부서와의 원활한 협업 소통
04,교육·자연·사회과학,040211,통계조사분석,040211_L4,통계조사분석 고급 전문화 및 프로젝트/팀 리딩,4,Knowledge(지식),신기술 융합 아키텍처
04,교육·자연·사회과학,040211,통계조사분석,040211_L4,통계조사분석 고급 전문화 및 프로젝트/팀 리딩,4,Knowledge(지식),프로젝트 관리론(PMBOK/Agile)
04,교육·자연·사회과학,040211,통계조사분석,040211_L4,통계조사분석 고급 전문화 및 프로젝트/팀 리딩,4,Knowledge(지식),품질보증(QA) 거버넌스
04,교육·자연·사회과학,040211,통계조사분석,040211_L4,통계조사분석 고급 전문화 및 프로젝트/팀 리딩,4,Skill(기술/도구),전체 시스템 아키텍처 설계
04,교육·자연·사회과학,040211,통계조사분석,040211_L4,통계조사분석 고급 전문화 및 프로젝트/팀 리딩,4,Skill(기술/도구),애자일 스프린트 리딩
04,교육·자연·사회과학,040211,통계조사분석,040211_L4,통계조사분석 고급 전문화 및 프로젝트/팀 리딩,4,Skill(기술/도구),신기술 PoC 검증
04,교육·자연·사회과학,040211,통계조사분석,040211_L4,통계조사분석 고급 전문화 및 프로젝트/팀 리딩,4,Attitude(태도),혁신 지향 리더십
04,교육·자연·사회과학,040211,통계조사분석,040211_L4,통계조사분석 고급 전문화 및 프로젝트/팀 리딩,4,Attitude(태도),동료 성장 멘토링 마인드
04,교육·자연·사회과학,040211,통계조사분석,040211_L5,통계조사분석 전략 기획 및 전사 거버넌스 총괄,5,Knowledge(지식),경영 전략 및 자본 예산 배분
04,교육·자연·사회과학,040211,통계조사분석,040211_L5,통계조사분석 전략 기획 및 전사 거버넌스 총괄,5,Knowledge(지식),국내외 규제 컴플라이언스
04,교육·자연·사회과학,040211,통계조사분석,040211_L5,통계조사분석 전략 기획 및 전사 거버넌스 총괄,5,Knowledge(지식),엔터프라이즈 거버넌스
04,교육·자연·사회과학,040211,통계조사분석,040211_L5,통계조사분석 전략 기획 및 전사 거버넌스 총괄,5,Skill(기술/도구),전사 로드맵 수립
04,교육·자연·사회과학,040211,통계조사분석,040211_L5,통계조사분석 전략 기획 및 전사 거버넌스 총괄,5,Skill(기술/도구),투자 대비 성과(ROI) 모델링
04,교육·자연·사회과학,040211,통계조사분석,040211_L5,통계조사분석 전략 기획 및 전사 거버넌스 총괄,5,Skill(기술/도구),최고 의사결정 전략 제언
04,교육·자연·사회과학,040211,통계조사분석,040211_L5,통계조사분석 전략 기획 및 전사 거버넌스 총괄,5,Attitude(태도),거시적 통찰력
04,교육·자연·사회과학,040211,통계조사분석,040211_L5,통계조사분석 전략 기획 및 전사 거버넌스 총괄,5,Attitude(태도),전략적 윤리 리더십
04,교육·자연·사회과학,040212,정책연구,040212_L1,정책연구 기초 입문 및 업무 환경 지원,1,Knowledge(지식),정책연구 개론
04,교육·자연·사회과학,040212,정책연구,040212_L1,정책연구 기초 입문 및 업무 환경 지원,1,Knowledge(지식),표준 작업 지침서
04,교육·자연·사회과학,040212,정책연구,040212_L1,정책연구 기초 입문 및 업무 환경 지원,1,Knowledge(지식),기초 법령/규정
04,교육·자연·사회과학,040212,정책연구,040212_L1,정책연구 기초 입문 및 업무 환경 지원,1,Skill(기술/도구),기초 전산 툴 조작
04,교육·자연·사회과학,040212,정책연구,040212_L1,정책연구 기초 입문 및 업무 환경 지원,1,Skill(기술/도구),문서 서식 작성
04,교육·자연·사회과학,040212,정책연구,040212_L1,정책연구 기초 입문 및 업무 환경 지원,1,Skill(기술/도구),자료 검색 및 분류
04,교육·자연·사회과학,040212,정책연구,040212_L1,정책연구 기초 입문 및 업무 환경 지원,1,Attitude(태도),규정 준수 의식
04,교육·자연·사회과학,040212,정책연구,040212_L1,정책연구 기초 입문 및 업무 환경 지원,1,Attitude(태도),성실한 업무 지원 태도
04,교육·자연·사회과학,040212,정책연구,040212_L2,정책연구 초급 실무 및 정형 과업 수행,2,Knowledge(지식),정책연구 실무 프로세스
04,교육·자연·사회과학,040212,정책연구,040212_L2,정책연구 초급 실무 및 정형 과업 수행,2,Knowledge(지식),단위 업무 품질 기준
04,교육·자연·사회과학,040212,정책연구,040212_L2,정책연구 초급 실무 및 정형 과업 수행,2,Knowledge(지식),데이터 검증 기법
04,교육·자연·사회과학,040212,정책연구,040212_L2,정책연구 초급 실무 및 정형 과업 수행,2,Skill(기술/도구),실무 도구/SW 조작
04,교육·자연·사회과학,040212,정책연구,040212_L2,정책연구 초급 실무 및 정형 과업 수행,2,Skill(기술/도구),데이터 정제 및 가공
04,교육·자연·사회과학,040212,정책연구,040212_L2,정책연구 초급 실무 및 정형 과업 수행,2,Skill(기술/도구),단위 결과물 산출
04,교육·자연·사회과학,040212,정책연구,040212_L2,정책연구 초급 실무 및 정형 과업 수행,2,Attitude(태도),정확성과 꼼꼼함
04,교육·자연·사회과학,040212,정책연구,040212_L2,정책연구 초급 실무 및 정형 과업 수행,2,Attitude(태도),기한 준수 책임감
04,교육·자연·사회과학,040212,정책연구,040212_L3,정책연구 중급 독립 실무 및 문제해결 엔지니어링,3,Knowledge(지식),심화 모델링/설계 이론
04,교육·자연·사회과학,040212,정책연구,040212_L3,정책연구 중급 독립 실무 및 문제해결 엔지니어링,3,Knowledge(지식),성능 지표(KPI) 분석법
04,교육·자연·사회과학,040212,정책연구,040212_L3,정책연구 중급 독립 실무 및 문제해결 엔지니어링,3,Knowledge(지식),이슈 해결 방법론
04,교육·자연·사회과학,040212,정책연구,040212_L3,정책연구 중급 독립 실무 및 문제해결 엔지니어링,3,Skill(기술/도구),고급 도구/코드/기기 활용
04,교육·자연·사회과학,040212,정책연구,040212_L3,정책연구 중급 독립 실무 및 문제해결 엔지니어링,3,Skill(기술/도구),원인 분석 및 조치
04,교육·자연·사회과학,040212,정책연구,040212_L3,정책연구 중급 독립 실무 및 문제해결 엔지니어링,3,Skill(기술/도구),성과 분석 리포팅
04,교육·자연·사회과학,040212,정책연구,040212_L3,정책연구 중급 독립 실무 및 문제해결 엔지니어링,3,Attitude(태도),분석적 사고력
04,교육·자연·사회과학,040212,정책연구,040212_L3,정책연구 중급 독립 실무 및 문제해결 엔지니어링,3,Attitude(태도),타 부서와의 원활한 협업 소통
04,교육·자연·사회과학,040212,정책연구,040212_L4,정책연구 고급 전문화 및 프로젝트/팀 리딩,4,Knowledge(지식),신기술 융합 아키텍처
04,교육·자연·사회과학,040212,정책연구,040212_L4,정책연구 고급 전문화 및 프로젝트/팀 리딩,4,Knowledge(지식),프로젝트 관리론(PMBOK/Agile)
04,교육·자연·사회과학,040212,정책연구,040212_L4,정책연구 고급 전문화 및 프로젝트/팀 리딩,4,Knowledge(지식),품질보증(QA) 거버넌스
04,교육·자연·사회과학,040212,정책연구,040212_L4,정책연구 고급 전문화 및 프로젝트/팀 리딩,4,Skill(기술/도구),전체 시스템 아키텍처 설계
04,교육·자연·사회과학,040212,정책연구,040212_L4,정책연구 고급 전문화 및 프로젝트/팀 리딩,4,Skill(기술/도구),애자일 스프린트 리딩
04,교육·자연·사회과학,040212,정책연구,040212_L4,정책연구 고급 전문화 및 프로젝트/팀 리딩,4,Skill(기술/도구),신기술 PoC 검증
04,교육·자연·사회과학,040212,정책연구,040212_L4,정책연구 고급 전문화 및 프로젝트/팀 리딩,4,Attitude(태도),혁신 지향 리더십
04,교육·자연·사회과학,040212,정책연구,040212_L4,정책연구 고급 전문화 및 프로젝트/팀 리딩,4,Attitude(태도),동료 성장 멘토링 마인드
04,교육·자연·사회과학,040212,정책연구,040212_L5,정책연구 전략 기획 및 전사 거버넌스 총괄,5,Knowledge(지식),경영 전략 및 자본 예산 배분
04,교육·자연·사회과학,040212,정책연구,040212_L5,정책연구 전략 기획 및 전사 거버넌스 총괄,5,Knowledge(지식),국내외 규제 컴플라이언스
04,교육·자연·사회과학,040212,정책연구,040212_L5,정책연구 전략 기획 및 전사 거버넌스 총괄,5,Knowledge(지식),엔터프라이즈 거버넌스
04,교육·자연·사회과학,040212,정책연구,040212_L5,정책연구 전략 기획 및 전사 거버넌스 총괄,5,Skill(기술/도구),전사 로드맵 수립
04,교육·자연·사회과학,040212,정책연구,040212_L5,정책연구 전략 기획 및 전사 거버넌스 총괄,5,Skill(기술/도구),투자 대비 성과(ROI) 모델링
04,교육·자연·사회과학,040212,정책연구,040212_L5,정책연구 전략 기획 및 전사 거버넌스 총괄,5,Skill(기술/도구),최고 의사결정 전략 제언
04,교육·자연·사회과학,040212,정책연구,040212_L5,정책연구 전략 기획 및 전사 거버넌스 총괄,5,Attitude(태도),거시적 통찰력
04,교육·자연·사회과학,040212,정책연구,040212_L5,정책연구 전략 기획 및 전사 거버넌스 총괄,5,Attitude(태도),전략적 윤리 리더십
05,법률·경찰·소방·교도·국방,050101,기업법무,050101_L1,기업법무 기초 입문 및 업무 환경 지원,1,Knowledge(지식),기업법무 개론
05,법률·경찰·소방·교도·국방,050101,기업법무,050101_L1,기업법무 기초 입문 및 업무 환경 지원,1,Knowledge(지식),표준 작업 지침서
05,법률·경찰·소방·교도·국방,050101,기업법무,050101_L1,기업법무 기초 입문 및 업무 환경 지원,1,Knowledge(지식),기초 법령/규정
05,법률·경찰·소방·교도·국방,050101,기업법무,050101_L1,기업법무 기초 입문 및 업무 환경 지원,1,Skill(기술/도구),기초 전산 툴 조작
05,법률·경찰·소방·교도·국방,050101,기업법무,050101_L1,기업법무 기초 입문 및 업무 환경 지원,1,Skill(기술/도구),문서 서식 작성
05,법률·경찰·소방·교도·국방,050101,기업법무,050101_L1,기업법무 기초 입문 및 업무 환경 지원,1,Skill(기술/도구),자료 검색 및 분류
05,법률·경찰·소방·교도·국방,050101,기업법무,050101_L1,기업법무 기초 입문 및 업무 환경 지원,1,Attitude(태도),규정 준수 의식
05,법률·경찰·소방·교도·국방,050101,기업법무,050101_L1,기업법무 기초 입문 및 업무 환경 지원,1,Attitude(태도),성실한 업무 지원 태도
05,법률·경찰·소방·교도·국방,050101,기업법무,050101_L2,기업법무 초급 실무 및 정형 과업 수행,2,Knowledge(지식),기업법무 실무 프로세스
05,법률·경찰·소방·교도·국방,050101,기업법무,050101_L2,기업법무 초급 실무 및 정형 과업 수행,2,Knowledge(지식),단위 업무 품질 기준
05,법률·경찰·소방·교도·국방,050101,기업법무,050101_L2,기업법무 초급 실무 및 정형 과업 수행,2,Knowledge(지식),데이터 검증 기법
05,법률·경찰·소방·교도·국방,050101,기업법무,050101_L2,기업법무 초급 실무 및 정형 과업 수행,2,Skill(기술/도구),실무 도구/SW 조작
05,법률·경찰·소방·교도·국방,050101,기업법무,050101_L2,기업법무 초급 실무 및 정형 과업 수행,2,Skill(기술/도구),데이터 정제 및 가공
05,법률·경찰·소방·교도·국방,050101,기업법무,050101_L2,기업법무 초급 실무 및 정형 과업 수행,2,Skill(기술/도구),단위 결과물 산출
05,법률·경찰·소방·교도·국방,050101,기업법무,050101_L2,기업법무 초급 실무 및 정형 과업 수행,2,Attitude(태도),정확성과 꼼꼼함
05,법률·경찰·소방·교도·국방,050101,기업법무,050101_L2,기업법무 초급 실무 및 정형 과업 수행,2,Attitude(태도),기한 준수 책임감
05,법률·경찰·소방·교도·국방,050101,기업법무,050101_L3,기업법무 중급 독립 실무 및 문제해결 엔지니어링,3,Knowledge(지식),심화 모델링/설계 이론
05,법률·경찰·소방·교도·국방,050101,기업법무,050101_L3,기업법무 중급 독립 실무 및 문제해결 엔지니어링,3,Knowledge(지식),성능 지표(KPI) 분석법
05,법률·경찰·소방·교도·국방,050101,기업법무,050101_L3,기업법무 중급 독립 실무 및 문제해결 엔지니어링,3,Knowledge(지식),이슈 해결 방법론
05,법률·경찰·소방·교도·국방,050101,기업법무,050101_L3,기업법무 중급 독립 실무 및 문제해결 엔지니어링,3,Skill(기술/도구),고급 도구/코드/기기 활용
05,법률·경찰·소방·교도·국방,050101,기업법무,050101_L3,기업법무 중급 독립 실무 및 문제해결 엔지니어링,3,Skill(기술/도구),원인 분석 및 조치
05,법률·경찰·소방·교도·국방,050101,기업법무,050101_L3,기업법무 중급 독립 실무 및 문제해결 엔지니어링,3,Skill(기술/도구),성과 분석 리포팅
05,법률·경찰·소방·교도·국방,050101,기업법무,050101_L3,기업법무 중급 독립 실무 및 문제해결 엔지니어링,3,Attitude(태도),분석적 사고력
05,법률·경찰·소방·교도·국방,050101,기업법무,050101_L3,기업법무 중급 독립 실무 및 문제해결 엔지니어링,3,Attitude(태도),타 부서와의 원활한 협업 소통
05,법률·경찰·소방·교도·국방,050101,기업법무,050101_L4,기업법무 고급 전문화 및 프로젝트/팀 리딩,4,Knowledge(지식),신기술 융합 아키텍처
05,법률·경찰·소방·교도·국방,050101,기업법무,050101_L4,기업법무 고급 전문화 및 프로젝트/팀 리딩,4,Knowledge(지식),프로젝트 관리론(PMBOK/Agile)
05,법률·경찰·소방·교도·국방,050101,기업법무,050101_L4,기업법무 고급 전문화 및 프로젝트/팀 리딩,4,Knowledge(지식),품질보증(QA) 거버넌스
05,법률·경찰·소방·교도·국방,050101,기업법무,050101_L4,기업법무 고급 전문화 및 프로젝트/팀 리딩,4,Skill(기술/도구),전체 시스템 아키텍처 설계
05,법률·경찰·소방·교도·국방,050101,기업법무,050101_L4,기업법무 고급 전문화 및 프로젝트/팀 리딩,4,Skill(기술/도구),애자일 스프린트 리딩
05,법률·경찰·소방·교도·국방,050101,기업법무,050101_L4,기업법무 고급 전문화 및 프로젝트/팀 리딩,4,Skill(기술/도구),신기술 PoC 검증
05,법률·경찰·소방·교도·국방,050101,기업법무,050101_L4,기업법무 고급 전문화 및 프로젝트/팀 리딩,4,Attitude(태도),혁신 지향 리더십
05,법률·경찰·소방·교도·국방,050101,기업법무,050101_L4,기업법무 고급 전문화 및 프로젝트/팀 리딩,4,Attitude(태도),동료 성장 멘토링 마인드
05,법률·경찰·소방·교도·국방,050101,기업법무,050101_L5,기업법무 전략 기획 및 전사 거버넌스 총괄,5,Knowledge(지식),경영 전략 및 자본 예산 배분
05,법률·경찰·소방·교도·국방,050101,기업법무,050101_L5,기업법무 전략 기획 및 전사 거버넌스 총괄,5,Knowledge(지식),국내외 규제 컴플라이언스
05,법률·경찰·소방·교도·국방,050101,기업법무,050101_L5,기업법무 전략 기획 및 전사 거버넌스 총괄,5,Knowledge(지식),엔터프라이즈 거버넌스
05,법률·경찰·소방·교도·국방,050101,기업법무,050101_L5,기업법무 전략 기획 및 전사 거버넌스 총괄,5,Skill(기술/도구),전사 로드맵 수립
05,법률·경찰·소방·교도·국방,050101,기업법무,050101_L5,기업법무 전략 기획 및 전사 거버넌스 총괄,5,Skill(기술/도구),투자 대비 성과(ROI) 모델링
05,법률·경찰·소방·교도·국방,050101,기업법무,050101_L5,기업법무 전략 기획 및 전사 거버넌스 총괄,5,Skill(기술/도구),최고 의사결정 전략 제언
05,법률·경찰·소방·교도·국방,050101,기업법무,050101_L5,기업법무 전략 기획 및 전사 거버넌스 총괄,5,Attitude(태도),거시적 통찰력
05,법률·경찰·소방·교도·국방,050101,기업법무,050101_L5,기업법무 전략 기획 및 전사 거버넌스 총괄,5,Attitude(태도),전략적 윤리 리더십
05,법률·경찰·소방·교도·국방,050102,변리사무(특허출원),050102_L1,변리사무(특허출원) 기초 입문 및 업무 환경 지원,1,Knowledge(지식),변리사무(특허출원) 개론
05,법률·경찰·소방·교도·국방,050102,변리사무(특허출원),050102_L1,변리사무(특허출원) 기초 입문 및 업무 환경 지원,1,Knowledge(지식),표준 작업 지침서
05,법률·경찰·소방·교도·국방,050102,변리사무(특허출원),050102_L1,변리사무(특허출원) 기초 입문 및 업무 환경 지원,1,Knowledge(지식),기초 법령/규정
05,법률·경찰·소방·교도·국방,050102,변리사무(특허출원),050102_L1,변리사무(특허출원) 기초 입문 및 업무 환경 지원,1,Skill(기술/도구),기초 전산 툴 조작
05,법률·경찰·소방·교도·국방,050102,변리사무(특허출원),050102_L1,변리사무(특허출원) 기초 입문 및 업무 환경 지원,1,Skill(기술/도구),문서 서식 작성
05,법률·경찰·소방·교도·국방,050102,변리사무(특허출원),050102_L1,변리사무(특허출원) 기초 입문 및 업무 환경 지원,1,Skill(기술/도구),자료 검색 및 분류
05,법률·경찰·소방·교도·국방,050102,변리사무(특허출원),050102_L1,변리사무(특허출원) 기초 입문 및 업무 환경 지원,1,Attitude(태도),규정 준수 의식
05,법률·경찰·소방·교도·국방,050102,변리사무(특허출원),050102_L1,변리사무(특허출원) 기초 입문 및 업무 환경 지원,1,Attitude(태도),성실한 업무 지원 태도
05,법률·경찰·소방·교도·국방,050102,변리사무(특허출원),050102_L2,변리사무(특허출원) 초급 실무 및 정형 과업 수행,2,Knowledge(지식),변리사무(특허출원) 실무 프로세스
05,법률·경찰·소방·교도·국방,050102,변리사무(특허출원),050102_L2,변리사무(특허출원) 초급 실무 및 정형 과업 수행,2,Knowledge(지식),단위 업무 품질 기준
05,법률·경찰·소방·교도·국방,050102,변리사무(특허출원),050102_L2,변리사무(특허출원) 초급 실무 및 정형 과업 수행,2,Knowledge(지식),데이터 검증 기법
05,법률·경찰·소방·교도·국방,050102,변리사무(특허출원),050102_L2,변리사무(특허출원) 초급 실무 및 정형 과업 수행,2,Skill(기술/도구),실무 도구/SW 조작
05,법률·경찰·소방·교도·국방,050102,변리사무(특허출원),050102_L2,변리사무(특허출원) 초급 실무 및 정형 과업 수행,2,Skill(기술/도구),데이터 정제 및 가공
05,법률·경찰·소방·교도·국방,050102,변리사무(특허출원),050102_L2,변리사무(특허출원) 초급 실무 및 정형 과업 수행,2,Skill(기술/도구),단위 결과물 산출
05,법률·경찰·소방·교도·국방,050102,변리사무(특허출원),050102_L2,변리사무(특허출원) 초급 실무 및 정형 과업 수행,2,Attitude(태도),정확성과 꼼꼼함
05,법률·경찰·소방·교도·국방,050102,변리사무(특허출원),050102_L2,변리사무(특허출원) 초급 실무 및 정형 과업 수행,2,Attitude(태도),기한 준수 책임감
05,법률·경찰·소방·교도·국방,050102,변리사무(특허출원),050102_L3,변리사무(특허출원) 중급 독립 실무 및 문제해결 엔지니어링,3,Knowledge(지식),심화 모델링/설계 이론
05,법률·경찰·소방·교도·국방,050102,변리사무(특허출원),050102_L3,변리사무(특허출원) 중급 독립 실무 및 문제해결 엔지니어링,3,Knowledge(지식),성능 지표(KPI) 분석법
05,법률·경찰·소방·교도·국방,050102,변리사무(특허출원),050102_L3,변리사무(특허출원) 중급 독립 실무 및 문제해결 엔지니어링,3,Knowledge(지식),이슈 해결 방법론
05,법률·경찰·소방·교도·국방,050102,변리사무(특허출원),050102_L3,변리사무(특허출원) 중급 독립 실무 및 문제해결 엔지니어링,3,Skill(기술/도구),고급 도구/코드/기기 활용
05,법률·경찰·소방·교도·국방,050102,변리사무(특허출원),050102_L3,변리사무(특허출원) 중급 독립 실무 및 문제해결 엔지니어링,3,Skill(기술/도구),원인 분석 및 조치
05,법률·경찰·소방·교도·국방,050102,변리사무(특허출원),050102_L3,변리사무(특허출원) 중급 독립 실무 및 문제해결 엔지니어링,3,Skill(기술/도구),성과 분석 리포팅
05,법률·경찰·소방·교도·국방,050102,변리사무(특허출원),050102_L3,변리사무(특허출원) 중급 독립 실무 및 문제해결 엔지니어링,3,Attitude(태도),분석적 사고력
05,법률·경찰·소방·교도·국방,050102,변리사무(특허출원),050102_L3,변리사무(특허출원) 중급 독립 실무 및 문제해결 엔지니어링,3,Attitude(태도),타 부서와의 원활한 협업 소통
05,법률·경찰·소방·교도·국방,050102,변리사무(특허출원),050102_L4,변리사무(특허출원) 고급 전문화 및 프로젝트/팀 리딩,4,Knowledge(지식),신기술 융합 아키텍처
05,법률·경찰·소방·교도·국방,050102,변리사무(특허출원),050102_L4,변리사무(특허출원) 고급 전문화 및 프로젝트/팀 리딩,4,Knowledge(지식),프로젝트 관리론(PMBOK/Agile)
05,법률·경찰·소방·교도·국방,050102,변리사무(특허출원),050102_L4,변리사무(특허출원) 고급 전문화 및 프로젝트/팀 리딩,4,Knowledge(지식),품질보증(QA) 거버넌스
05,법률·경찰·소방·교도·국방,050102,변리사무(특허출원),050102_L4,변리사무(특허출원) 고급 전문화 및 프로젝트/팀 리딩,4,Skill(기술/도구),전체 시스템 아키텍처 설계
05,법률·경찰·소방·교도·국방,050102,변리사무(특허출원),050102_L4,변리사무(특허출원) 고급 전문화 및 프로젝트/팀 리딩,4,Skill(기술/도구),애자일 스프린트 리딩
05,법률·경찰·소방·교도·국방,050102,변리사무(특허출원),050102_L4,변리사무(특허출원) 고급 전문화 및 프로젝트/팀 리딩,4,Skill(기술/도구),신기술 PoC 검증
05,법률·경찰·소방·교도·국방,050102,변리사무(특허출원),050102_L4,변리사무(특허출원) 고급 전문화 및 프로젝트/팀 리딩,4,Attitude(태도),혁신 지향 리더십
05,법률·경찰·소방·교도·국방,050102,변리사무(특허출원),050102_L4,변리사무(특허출원) 고급 전문화 및 프로젝트/팀 리딩,4,Attitude(태도),동료 성장 멘토링 마인드
05,법률·경찰·소방·교도·국방,050102,변리사무(특허출원),050102_L5,변리사무(특허출원) 전략 기획 및 전사 거버넌스 총괄,5,Knowledge(지식),경영 전략 및 자본 예산 배분
05,법률·경찰·소방·교도·국방,050102,변리사무(특허출원),050102_L5,변리사무(특허출원) 전략 기획 및 전사 거버넌스 총괄,5,Knowledge(지식),국내외 규제 컴플라이언스
05,법률·경찰·소방·교도·국방,050102,변리사무(특허출원),050102_L5,변리사무(특허출원) 전략 기획 및 전사 거버넌스 총괄,5,Knowledge(지식),엔터프라이즈 거버넌스
05,법률·경찰·소방·교도·국방,050102,변리사무(특허출원),050102_L5,변리사무(특허출원) 전략 기획 및 전사 거버넌스 총괄,5,Skill(기술/도구),전사 로드맵 수립
05,법률·경찰·소방·교도·국방,050102,변리사무(특허출원),050102_L5,변리사무(특허출원) 전략 기획 및 전사 거버넌스 총괄,5,Skill(기술/도구),투자 대비 성과(ROI) 모델링
05,법률·경찰·소방·교도·국방,050102,변리사무(특허출원),050102_L5,변리사무(특허출원) 전략 기획 및 전사 거버넌스 총괄,5,Skill(기술/도구),최고 의사결정 전략 제언
05,법률·경찰·소방·교도·국방,050102,변리사무(특허출원),050102_L5,변리사무(특허출원) 전략 기획 및 전사 거버넌스 총괄,5,Attitude(태도),거시적 통찰력
05,법률·경찰·소방·교도·국방,050102,변리사무(특허출원),050102_L5,변리사무(특허출원) 전략 기획 및 전사 거버넌스 총괄,5,Attitude(태도),전략적 윤리 리더십
05,법률·경찰·소방·교도·국방,050103,송무사무,050103_L1,송무사무 기초 입문 및 업무 환경 지원,1,Knowledge(지식),송무사무 개론
05,법률·경찰·소방·교도·국방,050103,송무사무,050103_L1,송무사무 기초 입문 및 업무 환경 지원,1,Knowledge(지식),표준 작업 지침서
05,법률·경찰·소방·교도·국방,050103,송무사무,050103_L1,송무사무 기초 입문 및 업무 환경 지원,1,Knowledge(지식),기초 법령/규정
05,법률·경찰·소방·교도·국방,050103,송무사무,050103_L1,송무사무 기초 입문 및 업무 환경 지원,1,Skill(기술/도구),기초 전산 툴 조작
05,법률·경찰·소방·교도·국방,050103,송무사무,050103_L1,송무사무 기초 입문 및 업무 환경 지원,1,Skill(기술/도구),문서 서식 작성
05,법률·경찰·소방·교도·국방,050103,송무사무,050103_L1,송무사무 기초 입문 및 업무 환경 지원,1,Skill(기술/도구),자료 검색 및 분류
05,법률·경찰·소방·교도·국방,050103,송무사무,050103_L1,송무사무 기초 입문 및 업무 환경 지원,1,Attitude(태도),규정 준수 의식
05,법률·경찰·소방·교도·국방,050103,송무사무,050103_L1,송무사무 기초 입문 및 업무 환경 지원,1,Attitude(태도),성실한 업무 지원 태도
05,법률·경찰·소방·교도·국방,050103,송무사무,050103_L2,송무사무 초급 실무 및 정형 과업 수행,2,Knowledge(지식),송무사무 실무 프로세스
05,법률·경찰·소방·교도·국방,050103,송무사무,050103_L2,송무사무 초급 실무 및 정형 과업 수행,2,Knowledge(지식),단위 업무 품질 기준
05,법률·경찰·소방·교도·국방,050103,송무사무,050103_L2,송무사무 초급 실무 및 정형 과업 수행,2,Knowledge(지식),데이터 검증 기법
05,법률·경찰·소방·교도·국방,050103,송무사무,050103_L2,송무사무 초급 실무 및 정형 과업 수행,2,Skill(기술/도구),실무 도구/SW 조작
05,법률·경찰·소방·교도·국방,050103,송무사무,050103_L2,송무사무 초급 실무 및 정형 과업 수행,2,Skill(기술/도구),데이터 정제 및 가공
05,법률·경찰·소방·교도·국방,050103,송무사무,050103_L2,송무사무 초급 실무 및 정형 과업 수행,2,Skill(기술/도구),단위 결과물 산출
05,법률·경찰·소방·교도·국방,050103,송무사무,050103_L2,송무사무 초급 실무 및 정형 과업 수행,2,Attitude(태도),정확성과 꼼꼼함
05,법률·경찰·소방·교도·국방,050103,송무사무,050103_L2,송무사무 초급 실무 및 정형 과업 수행,2,Attitude(태도),기한 준수 책임감
05,법률·경찰·소방·교도·국방,050103,송무사무,050103_L3,송무사무 중급 독립 실무 및 문제해결 엔지니어링,3,Knowledge(지식),심화 모델링/설계 이론
05,법률·경찰·소방·교도·국방,050103,송무사무,050103_L3,송무사무 중급 독립 실무 및 문제해결 엔지니어링,3,Knowledge(지식),성능 지표(KPI) 분석법
05,법률·경찰·소방·교도·국방,050103,송무사무,050103_L3,송무사무 중급 독립 실무 및 문제해결 엔지니어링,3,Knowledge(지식),이슈 해결 방법론
05,법률·경찰·소방·교도·국방,050103,송무사무,050103_L3,송무사무 중급 독립 실무 및 문제해결 엔지니어링,3,Skill(기술/도구),고급 도구/코드/기기 활용
05,법률·경찰·소방·교도·국방,050103,송무사무,050103_L3,송무사무 중급 독립 실무 및 문제해결 엔지니어링,3,Skill(기술/도구),원인 분석 및 조치
05,법률·경찰·소방·교도·국방,050103,송무사무,050103_L3,송무사무 중급 독립 실무 및 문제해결 엔지니어링,3,Skill(기술/도구),성과 분석 리포팅
05,법률·경찰·소방·교도·국방,050103,송무사무,050103_L3,송무사무 중급 독립 실무 및 문제해결 엔지니어링,3,Attitude(태도),분석적 사고력
05,법률·경찰·소방·교도·국방,050103,송무사무,050103_L3,송무사무 중급 독립 실무 및 문제해결 엔지니어링,3,Attitude(태도),타 부서와의 원활한 협업 소통
05,법률·경찰·소방·교도·국방,050103,송무사무,050103_L4,송무사무 고급 전문화 및 프로젝트/팀 리딩,4,Knowledge(지식),신기술 융합 아키텍처
05,법률·경찰·소방·교도·국방,050103,송무사무,050103_L4,송무사무 고급 전문화 및 프로젝트/팀 리딩,4,Knowledge(지식),프로젝트 관리론(PMBOK/Agile)
05,법률·경찰·소방·교도·국방,050103,송무사무,050103_L4,송무사무 고급 전문화 및 프로젝트/팀 리딩,4,Knowledge(지식),품질보증(QA) 거버넌스
05,법률·경찰·소방·교도·국방,050103,송무사무,050103_L4,송무사무 고급 전문화 및 프로젝트/팀 리딩,4,Skill(기술/도구),전체 시스템 아키텍처 설계
05,법률·경찰·소방·교도·국방,050103,송무사무,050103_L4,송무사무 고급 전문화 및 프로젝트/팀 리딩,4,Skill(기술/도구),애자일 스프린트 리딩
05,법률·경찰·소방·교도·국방,050103,송무사무,050103_L4,송무사무 고급 전문화 및 프로젝트/팀 리딩,4,Skill(기술/도구),신기술 PoC 검증
05,법률·경찰·소방·교도·국방,050103,송무사무,050103_L4,송무사무 고급 전문화 및 프로젝트/팀 리딩,4,Attitude(태도),혁신 지향 리더십
05,법률·경찰·소방·교도·국방,050103,송무사무,050103_L4,송무사무 고급 전문화 및 프로젝트/팀 리딩,4,Attitude(태도),동료 성장 멘토링 마인드
05,법률·경찰·소방·교도·국방,050103,송무사무,050103_L5,송무사무 전략 기획 및 전사 거버넌스 총괄,5,Knowledge(지식),경영 전략 및 자본 예산 배분
05,법률·경찰·소방·교도·국방,050103,송무사무,050103_L5,송무사무 전략 기획 및 전사 거버넌스 총괄,5,Knowledge(지식),국내외 규제 컴플라이언스
05,법률·경찰·소방·교도·국방,050103,송무사무,050103_L5,송무사무 전략 기획 및 전사 거버넌스 총괄,5,Knowledge(지식),엔터프라이즈 거버넌스
05,법률·경찰·소방·교도·국방,050103,송무사무,050103_L5,송무사무 전략 기획 및 전사 거버넌스 총괄,5,Skill(기술/도구),전사 로드맵 수립
05,법률·경찰·소방·교도·국방,050103,송무사무,050103_L5,송무사무 전략 기획 및 전사 거버넌스 총괄,5,Skill(기술/도구),투자 대비 성과(ROI) 모델링
05,법률·경찰·소방·교도·국방,050103,송무사무,050103_L5,송무사무 전략 기획 및 전사 거버넌스 총괄,5,Skill(기술/도구),최고 의사결정 전략 제언
05,법률·경찰·소방·교도·국방,050103,송무사무,050103_L5,송무사무 전략 기획 및 전사 거버넌스 총괄,5,Attitude(태도),거시적 통찰력
05,법률·경찰·소방·교도·국방,050103,송무사무,050103_L5,송무사무 전략 기획 및 전사 거버넌스 총괄,5,Attitude(태도),전략적 윤리 리더십
05,법률·경찰·소방·교도·국방,050104,노무법무,050104_L1,노무법무 기초 입문 및 업무 환경 지원,1,Knowledge(지식),노무법무 개론
05,법률·경찰·소방·교도·국방,050104,노무법무,050104_L1,노무법무 기초 입문 및 업무 환경 지원,1,Knowledge(지식),표준 작업 지침서
05,법률·경찰·소방·교도·국방,050104,노무법무,050104_L1,노무법무 기초 입문 및 업무 환경 지원,1,Knowledge(지식),기초 법령/규정
05,법률·경찰·소방·교도·국방,050104,노무법무,050104_L1,노무법무 기초 입문 및 업무 환경 지원,1,Skill(기술/도구),기초 전산 툴 조작
05,법률·경찰·소방·교도·국방,050104,노무법무,050104_L1,노무법무 기초 입문 및 업무 환경 지원,1,Skill(기술/도구),문서 서식 작성
05,법률·경찰·소방·교도·국방,050104,노무법무,050104_L1,노무법무 기초 입문 및 업무 환경 지원,1,Skill(기술/도구),자료 검색 및 분류
05,법률·경찰·소방·교도·국방,050104,노무법무,050104_L1,노무법무 기초 입문 및 업무 환경 지원,1,Attitude(태도),규정 준수 의식
05,법률·경찰·소방·교도·국방,050104,노무법무,050104_L1,노무법무 기초 입문 및 업무 환경 지원,1,Attitude(태도),성실한 업무 지원 태도
05,법률·경찰·소방·교도·국방,050104,노무법무,050104_L2,노무법무 초급 실무 및 정형 과업 수행,2,Knowledge(지식),노무법무 실무 프로세스
05,법률·경찰·소방·교도·국방,050104,노무법무,050104_L2,노무법무 초급 실무 및 정형 과업 수행,2,Knowledge(지식),단위 업무 품질 기준
05,법률·경찰·소방·교도·국방,050104,노무법무,050104_L2,노무법무 초급 실무 및 정형 과업 수행,2,Knowledge(지식),데이터 검증 기법
05,법률·경찰·소방·교도·국방,050104,노무법무,050104_L2,노무법무 초급 실무 및 정형 과업 수행,2,Skill(기술/도구),실무 도구/SW 조작
05,법률·경찰·소방·교도·국방,050104,노무법무,050104_L2,노무법무 초급 실무 및 정형 과업 수행,2,Skill(기술/도구),데이터 정제 및 가공
05,법률·경찰·소방·교도·국방,050104,노무법무,050104_L2,노무법무 초급 실무 및 정형 과업 수행,2,Skill(기술/도구),단위 결과물 산출
05,법률·경찰·소방·교도·국방,050104,노무법무,050104_L2,노무법무 초급 실무 및 정형 과업 수행,2,Attitude(태도),정확성과 꼼꼼함
05,법률·경찰·소방·교도·국방,050104,노무법무,050104_L2,노무법무 초급 실무 및 정형 과업 수행,2,Attitude(태도),기한 준수 책임감
05,법률·경찰·소방·교도·국방,050104,노무법무,050104_L3,노무법무 중급 독립 실무 및 문제해결 엔지니어링,3,Knowledge(지식),심화 모델링/설계 이론
05,법률·경찰·소방·교도·국방,050104,노무법무,050104_L3,노무법무 중급 독립 실무 및 문제해결 엔지니어링,3,Knowledge(지식),성능 지표(KPI) 분석법
05,법률·경찰·소방·교도·국방,050104,노무법무,050104_L3,노무법무 중급 독립 실무 및 문제해결 엔지니어링,3,Knowledge(지식),이슈 해결 방법론
05,법률·경찰·소방·교도·국방,050104,노무법무,050104_L3,노무법무 중급 독립 실무 및 문제해결 엔지니어링,3,Skill(기술/도구),고급 도구/코드/기기 활용
05,법률·경찰·소방·교도·국방,050104,노무법무,050104_L3,노무법무 중급 독립 실무 및 문제해결 엔지니어링,3,Skill(기술/도구),원인 분석 및 조치
05,법률·경찰·소방·교도·국방,050104,노무법무,050104_L3,노무법무 중급 독립 실무 및 문제해결 엔지니어링,3,Skill(기술/도구),성과 분석 리포팅
05,법률·경찰·소방·교도·국방,050104,노무법무,050104_L3,노무법무 중급 독립 실무 및 문제해결 엔지니어링,3,Attitude(태도),분석적 사고력
05,법률·경찰·소방·교도·국방,050104,노무법무,050104_L3,노무법무 중급 독립 실무 및 문제해결 엔지니어링,3,Attitude(태도),타 부서와의 원활한 협업 소통
05,법률·경찰·소방·교도·국방,050104,노무법무,050104_L4,노무법무 고급 전문화 및 프로젝트/팀 리딩,4,Knowledge(지식),신기술 융합 아키텍처
05,법률·경찰·소방·교도·국방,050104,노무법무,050104_L4,노무법무 고급 전문화 및 프로젝트/팀 리딩,4,Knowledge(지식),프로젝트 관리론(PMBOK/Agile)
05,법률·경찰·소방·교도·국방,050104,노무법무,050104_L4,노무법무 고급 전문화 및 프로젝트/팀 리딩,4,Knowledge(지식),품질보증(QA) 거버넌스
05,법률·경찰·소방·교도·국방,050104,노무법무,050104_L4,노무법무 고급 전문화 및 프로젝트/팀 리딩,4,Skill(기술/도구),전체 시스템 아키텍처 설계
05,법률·경찰·소방·교도·국방,050104,노무법무,050104_L4,노무법무 고급 전문화 및 프로젝트/팀 리딩,4,Skill(기술/도구),애자일 스프린트 리딩
05,법률·경찰·소방·교도·국방,050104,노무법무,050104_L4,노무법무 고급 전문화 및 프로젝트/팀 리딩,4,Skill(기술/도구),신기술 PoC 검증
05,법률·경찰·소방·교도·국방,050104,노무법무,050104_L4,노무법무 고급 전문화 및 프로젝트/팀 리딩,4,Attitude(태도),혁신 지향 리더십
05,법률·경찰·소방·교도·국방,050104,노무법무,050104_L4,노무법무 고급 전문화 및 프로젝트/팀 리딩,4,Attitude(태도),동료 성장 멘토링 마인드
05,법률·경찰·소방·교도·국방,050104,노무법무,050104_L5,노무법무 전략 기획 및 전사 거버넌스 총괄,5,Knowledge(지식),경영 전략 및 자본 예산 배분
05,법률·경찰·소방·교도·국방,050104,노무법무,050104_L5,노무법무 전략 기획 및 전사 거버넌스 총괄,5,Knowledge(지식),국내외 규제 컴플라이언스
05,법률·경찰·소방·교도·국방,050104,노무법무,050104_L5,노무법무 전략 기획 및 전사 거버넌스 총괄,5,Knowledge(지식),엔터프라이즈 거버넌스
05,법률·경찰·소방·교도·국방,050104,노무법무,050104_L5,노무법무 전략 기획 및 전사 거버넌스 총괄,5,Skill(기술/도구),전사 로드맵 수립
05,법률·경찰·소방·교도·국방,050104,노무법무,050104_L5,노무법무 전략 기획 및 전사 거버넌스 총괄,5,Skill(기술/도구),투자 대비 성과(ROI) 모델링
05,법률·경찰·소방·교도·국방,050104,노무법무,050104_L5,노무법무 전략 기획 및 전사 거버넌스 총괄,5,Skill(기술/도구),최고 의사결정 전략 제언
05,법률·경찰·소방·교도·국방,050104,노무법무,050104_L5,노무법무 전략 기획 및 전사 거버넌스 총괄,5,Attitude(태도),거시적 통찰력
05,법률·경찰·소방·교도·국방,050104,노무법무,050104_L5,노무법무 전략 기획 및 전사 거버넌스 총괄,5,Attitude(태도),전략적 윤리 리더십
05,법률·경찰·소방·교도·국방,050105,기업컴플라이언스,050105_L1,기업컴플라이언스 기초 입문 및 업무 환경 지원,1,Knowledge(지식),기업컴플라이언스 개론
05,법률·경찰·소방·교도·국방,050105,기업컴플라이언스,050105_L1,기업컴플라이언스 기초 입문 및 업무 환경 지원,1,Knowledge(지식),표준 작업 지침서
05,법률·경찰·소방·교도·국방,050105,기업컴플라이언스,050105_L1,기업컴플라이언스 기초 입문 및 업무 환경 지원,1,Knowledge(지식),기초 법령/규정
05,법률·경찰·소방·교도·국방,050105,기업컴플라이언스,050105_L1,기업컴플라이언스 기초 입문 및 업무 환경 지원,1,Skill(기술/도구),기초 전산 툴 조작
05,법률·경찰·소방·교도·국방,050105,기업컴플라이언스,050105_L1,기업컴플라이언스 기초 입문 및 업무 환경 지원,1,Skill(기술/도구),문서 서식 작성
05,법률·경찰·소방·교도·국방,050105,기업컴플라이언스,050105_L1,기업컴플라이언스 기초 입문 및 업무 환경 지원,1,Skill(기술/도구),자료 검색 및 분류
05,법률·경찰·소방·교도·국방,050105,기업컴플라이언스,050105_L1,기업컴플라이언스 기초 입문 및 업무 환경 지원,1,Attitude(태도),규정 준수 의식
05,법률·경찰·소방·교도·국방,050105,기업컴플라이언스,050105_L1,기업컴플라이언스 기초 입문 및 업무 환경 지원,1,Attitude(태도),성실한 업무 지원 태도
05,법률·경찰·소방·교도·국방,050105,기업컴플라이언스,050105_L2,기업컴플라이언스 초급 실무 및 정형 과업 수행,2,Knowledge(지식),기업컴플라이언스 실무 프로세스
05,법률·경찰·소방·교도·국방,050105,기업컴플라이언스,050105_L2,기업컴플라이언스 초급 실무 및 정형 과업 수행,2,Knowledge(지식),단위 업무 품질 기준
05,법률·경찰·소방·교도·국방,050105,기업컴플라이언스,050105_L2,기업컴플라이언스 초급 실무 및 정형 과업 수행,2,Knowledge(지식),데이터 검증 기법
05,법률·경찰·소방·교도·국방,050105,기업컴플라이언스,050105_L2,기업컴플라이언스 초급 실무 및 정형 과업 수행,2,Skill(기술/도구),실무 도구/SW 조작
05,법률·경찰·소방·교도·국방,050105,기업컴플라이언스,050105_L2,기업컴플라이언스 초급 실무 및 정형 과업 수행,2,Skill(기술/도구),데이터 정제 및 가공
05,법률·경찰·소방·교도·국방,050105,기업컴플라이언스,050105_L2,기업컴플라이언스 초급 실무 및 정형 과업 수행,2,Skill(기술/도구),단위 결과물 산출
05,법률·경찰·소방·교도·국방,050105,기업컴플라이언스,050105_L2,기업컴플라이언스 초급 실무 및 정형 과업 수행,2,Attitude(태도),정확성과 꼼꼼함
05,법률·경찰·소방·교도·국방,050105,기업컴플라이언스,050105_L2,기업컴플라이언스 초급 실무 및 정형 과업 수행,2,Attitude(태도),기한 준수 책임감
05,법률·경찰·소방·교도·국방,050105,기업컴플라이언스,050105_L3,기업컴플라이언스 중급 독립 실무 및 문제해결 엔지니어링,3,Knowledge(지식),심화 모델링/설계 이론
05,법률·경찰·소방·교도·국방,050105,기업컴플라이언스,050105_L3,기업컴플라이언스 중급 독립 실무 및 문제해결 엔지니어링,3,Knowledge(지식),성능 지표(KPI) 분석법
05,법률·경찰·소방·교도·국방,050105,기업컴플라이언스,050105_L3,기업컴플라이언스 중급 독립 실무 및 문제해결 엔지니어링,3,Knowledge(지식),이슈 해결 방법론
05,법률·경찰·소방·교도·국방,050105,기업컴플라이언스,050105_L3,기업컴플라이언스 중급 독립 실무 및 문제해결 엔지니어링,3,Skill(기술/도구),고급 도구/코드/기기 활용
05,법률·경찰·소방·교도·국방,050105,기업컴플라이언스,050105_L3,기업컴플라이언스 중급 독립 실무 및 문제해결 엔지니어링,3,Skill(기술/도구),원인 분석 및 조치
05,법률·경찰·소방·교도·국방,050105,기업컴플라이언스,050105_L3,기업컴플라이언스 중급 독립 실무 및 문제해결 엔지니어링,3,Skill(기술/도구),성과 분석 리포팅
05,법률·경찰·소방·교도·국방,050105,기업컴플라이언스,050105_L3,기업컴플라이언스 중급 독립 실무 및 문제해결 엔지니어링,3,Attitude(태도),분석적 사고력
05,법률·경찰·소방·교도·국방,050105,기업컴플라이언스,050105_L3,기업컴플라이언스 중급 독립 실무 및 문제해결 엔지니어링,3,Attitude(태도),타 부서와의 원활한 협업 소통
05,법률·경찰·소방·교도·국방,050105,기업컴플라이언스,050105_L4,기업컴플라이언스 고급 전문화 및 프로젝트/팀 리딩,4,Knowledge(지식),신기술 융합 아키텍처
05,법률·경찰·소방·교도·국방,050105,기업컴플라이언스,050105_L4,기업컴플라이언스 고급 전문화 및 프로젝트/팀 리딩,4,Knowledge(지식),프로젝트 관리론(PMBOK/Agile)
05,법률·경찰·소방·교도·국방,050105,기업컴플라이언스,050105_L4,기업컴플라이언스 고급 전문화 및 프로젝트/팀 리딩,4,Knowledge(지식),품질보증(QA) 거버넌스
05,법률·경찰·소방·교도·국방,050105,기업컴플라이언스,050105_L4,기업컴플라이언스 고급 전문화 및 프로젝트/팀 리딩,4,Skill(기술/도구),전체 시스템 아키텍처 설계
05,법률·경찰·소방·교도·국방,050105,기업컴플라이언스,050105_L4,기업컴플라이언스 고급 전문화 및 프로젝트/팀 리딩,4,Skill(기술/도구),애자일 스프린트 리딩
05,법률·경찰·소방·교도·국방,050105,기업컴플라이언스,050105_L4,기업컴플라이언스 고급 전문화 및 프로젝트/팀 리딩,4,Skill(기술/도구),신기술 PoC 검증
05,법률·경찰·소방·교도·국방,050105,기업컴플라이언스,050105_L4,기업컴플라이언스 고급 전문화 및 프로젝트/팀 리딩,4,Attitude(태도),혁신 지향 리더십
05,법률·경찰·소방·교도·국방,050105,기업컴플라이언스,050105_L4,기업컴플라이언스 고급 전문화 및 프로젝트/팀 리딩,4,Attitude(태도),동료 성장 멘토링 마인드
05,법률·경찰·소방·교도·국방,050105,기업컴플라이언스,050105_L5,기업컴플라이언스 전략 기획 및 전사 거버넌스 총괄,5,Knowledge(지식),경영 전략 및 자본 예산 배분
05,법률·경찰·소방·교도·국방,050105,기업컴플라이언스,050105_L5,기업컴플라이언스 전략 기획 및 전사 거버넌스 총괄,5,Knowledge(지식),국내외 규제 컴플라이언스
05,법률·경찰·소방·교도·국방,050105,기업컴플라이언스,050105_L5,기업컴플라이언스 전략 기획 및 전사 거버넌스 총괄,5,Knowledge(지식),엔터프라이즈 거버넌스
05,법률·경찰·소방·교도·국방,050105,기업컴플라이언스,050105_L5,기업컴플라이언스 전략 기획 및 전사 거버넌스 총괄,5,Skill(기술/도구),전사 로드맵 수립
05,법률·경찰·소방·교도·국방,050105,기업컴플라이언스,050105_L5,기업컴플라이언스 전략 기획 및 전사 거버넌스 총괄,5,Skill(기술/도구),투자 대비 성과(ROI) 모델링
05,법률·경찰·소방·교도·국방,050105,기업컴플라이언스,050105_L5,기업컴플라이언스 전략 기획 및 전사 거버넌스 총괄,5,Skill(기술/도구),최고 의사결정 전략 제언
05,법률·경찰·소방·교도·국방,050105,기업컴플라이언스,050105_L5,기업컴플라이언스 전략 기획 및 전사 거버넌스 총괄,5,Attitude(태도),거시적 통찰력
05,법률·경찰·소방·교도·국방,050105,기업컴플라이언스,050105_L5,기업컴플라이언스 전략 기획 및 전사 거버넌스 총괄,5,Attitude(태도),전략적 윤리 리더십
05,법률·경찰·소방·교도·국방,050106,지식재산권분쟁관리,050106_L1,지식재산권분쟁관리 기초 입문 및 업무 환경 지원,1,Knowledge(지식),지식재산권분쟁관리 개론
05,법률·경찰·소방·교도·국방,050106,지식재산권분쟁관리,050106_L1,지식재산권분쟁관리 기초 입문 및 업무 환경 지원,1,Knowledge(지식),표준 작업 지침서
05,법률·경찰·소방·교도·국방,050106,지식재산권분쟁관리,050106_L1,지식재산권분쟁관리 기초 입문 및 업무 환경 지원,1,Knowledge(지식),기초 법령/규정
05,법률·경찰·소방·교도·국방,050106,지식재산권분쟁관리,050106_L1,지식재산권분쟁관리 기초 입문 및 업무 환경 지원,1,Skill(기술/도구),기초 전산 툴 조작
05,법률·경찰·소방·교도·국방,050106,지식재산권분쟁관리,050106_L1,지식재산권분쟁관리 기초 입문 및 업무 환경 지원,1,Skill(기술/도구),문서 서식 작성
05,법률·경찰·소방·교도·국방,050106,지식재산권분쟁관리,050106_L1,지식재산권분쟁관리 기초 입문 및 업무 환경 지원,1,Skill(기술/도구),자료 검색 및 분류
05,법률·경찰·소방·교도·국방,050106,지식재산권분쟁관리,050106_L1,지식재산권분쟁관리 기초 입문 및 업무 환경 지원,1,Attitude(태도),규정 준수 의식
05,법률·경찰·소방·교도·국방,050106,지식재산권분쟁관리,050106_L1,지식재산권분쟁관리 기초 입문 및 업무 환경 지원,1,Attitude(태도),성실한 업무 지원 태도
05,법률·경찰·소방·교도·국방,050106,지식재산권분쟁관리,050106_L2,지식재산권분쟁관리 초급 실무 및 정형 과업 수행,2,Knowledge(지식),지식재산권분쟁관리 실무 프로세스
05,법률·경찰·소방·교도·국방,050106,지식재산권분쟁관리,050106_L2,지식재산권분쟁관리 초급 실무 및 정형 과업 수행,2,Knowledge(지식),단위 업무 품질 기준
05,법률·경찰·소방·교도·국방,050106,지식재산권분쟁관리,050106_L2,지식재산권분쟁관리 초급 실무 및 정형 과업 수행,2,Knowledge(지식),데이터 검증 기법
05,법률·경찰·소방·교도·국방,050106,지식재산권분쟁관리,050106_L2,지식재산권분쟁관리 초급 실무 및 정형 과업 수행,2,Skill(기술/도구),실무 도구/SW 조작
05,법률·경찰·소방·교도·국방,050106,지식재산권분쟁관리,050106_L2,지식재산권분쟁관리 초급 실무 및 정형 과업 수행,2,Skill(기술/도구),데이터 정제 및 가공
05,법률·경찰·소방·교도·국방,050106,지식재산권분쟁관리,050106_L2,지식재산권분쟁관리 초급 실무 및 정형 과업 수행,2,Skill(기술/도구),단위 결과물 산출
05,법률·경찰·소방·교도·국방,050106,지식재산권분쟁관리,050106_L2,지식재산권분쟁관리 초급 실무 및 정형 과업 수행,2,Attitude(태도),정확성과 꼼꼼함
05,법률·경찰·소방·교도·국방,050106,지식재산권분쟁관리,050106_L2,지식재산권분쟁관리 초급 실무 및 정형 과업 수행,2,Attitude(태도),기한 준수 책임감
05,법률·경찰·소방·교도·국방,050106,지식재산권분쟁관리,050106_L3,지식재산권분쟁관리 중급 독립 실무 및 문제해결 엔지니어링,3,Knowledge(지식),심화 모델링/설계 이론
05,법률·경찰·소방·교도·국방,050106,지식재산권분쟁관리,050106_L3,지식재산권분쟁관리 중급 독립 실무 및 문제해결 엔지니어링,3,Knowledge(지식),성능 지표(KPI) 분석법
05,법률·경찰·소방·교도·국방,050106,지식재산권분쟁관리,050106_L3,지식재산권분쟁관리 중급 독립 실무 및 문제해결 엔지니어링,3,Knowledge(지식),이슈 해결 방법론
05,법률·경찰·소방·교도·국방,050106,지식재산권분쟁관리,050106_L3,지식재산권분쟁관리 중급 독립 실무 및 문제해결 엔지니어링,3,Skill(기술/도구),고급 도구/코드/기기 활용
05,법률·경찰·소방·교도·국방,050106,지식재산권분쟁관리,050106_L3,지식재산권분쟁관리 중급 독립 실무 및 문제해결 엔지니어링,3,Skill(기술/도구),원인 분석 및 조치
05,법률·경찰·소방·교도·국방,050106,지식재산권분쟁관리,050106_L3,지식재산권분쟁관리 중급 독립 실무 및 문제해결 엔지니어링,3,Skill(기술/도구),성과 분석 리포팅
05,법률·경찰·소방·교도·국방,050106,지식재산권분쟁관리,050106_L3,지식재산권분쟁관리 중급 독립 실무 및 문제해결 엔지니어링,3,Attitude(태도),분석적 사고력
05,법률·경찰·소방·교도·국방,050106,지식재산권분쟁관리,050106_L3,지식재산권분쟁관리 중급 독립 실무 및 문제해결 엔지니어링,3,Attitude(태도),타 부서와의 원활한 협업 소통
05,법률·경찰·소방·교도·국방,050106,지식재산권분쟁관리,050106_L4,지식재산권분쟁관리 고급 전문화 및 프로젝트/팀 리딩,4,Knowledge(지식),신기술 융합 아키텍처
05,법률·경찰·소방·교도·국방,050106,지식재산권분쟁관리,050106_L4,지식재산권분쟁관리 고급 전문화 및 프로젝트/팀 리딩,4,Knowledge(지식),프로젝트 관리론(PMBOK/Agile)
05,법률·경찰·소방·교도·국방,050106,지식재산권분쟁관리,050106_L4,지식재산권분쟁관리 고급 전문화 및 프로젝트/팀 리딩,4,Knowledge(지식),품질보증(QA) 거버넌스
05,법률·경찰·소방·교도·국방,050106,지식재산권분쟁관리,050106_L4,지식재산권분쟁관리 고급 전문화 및 프로젝트/팀 리딩,4,Skill(기술/도구),전체 시스템 아키텍처 설계
05,법률·경찰·소방·교도·국방,050106,지식재산권분쟁관리,050106_L4,지식재산권분쟁관리 고급 전문화 및 프로젝트/팀 리딩,4,Skill(기술/도구),애자일 스프린트 리딩
05,법률·경찰·소방·교도·국방,050106,지식재산권분쟁관리,050106_L4,지식재산권분쟁관리 고급 전문화 및 프로젝트/팀 리딩,4,Skill(기술/도구),신기술 PoC 검증
05,법률·경찰·소방·교도·국방,050106,지식재산권분쟁관리,050106_L4,지식재산권분쟁관리 고급 전문화 및 프로젝트/팀 리딩,4,Attitude(태도),혁신 지향 리더십
05,법률·경찰·소방·교도·국방,050106,지식재산권분쟁관리,050106_L4,지식재산권분쟁관리 고급 전문화 및 프로젝트/팀 리딩,4,Attitude(태도),동료 성장 멘토링 마인드
05,법률·경찰·소방·교도·국방,050106,지식재산권분쟁관리,050106_L5,지식재산권분쟁관리 전략 기획 및 전사 거버넌스 총괄,5,Knowledge(지식),경영 전략 및 자본 예산 배분
05,법률·경찰·소방·교도·국방,050106,지식재산권분쟁관리,050106_L5,지식재산권분쟁관리 전략 기획 및 전사 거버넌스 총괄,5,Knowledge(지식),국내외 규제 컴플라이언스
05,법률·경찰·소방·교도·국방,050106,지식재산권분쟁관리,050106_L5,지식재산권분쟁관리 전략 기획 및 전사 거버넌스 총괄,5,Knowledge(지식),엔터프라이즈 거버넌스
05,법률·경찰·소방·교도·국방,050106,지식재산권분쟁관리,050106_L5,지식재산권분쟁관리 전략 기획 및 전사 거버넌스 총괄,5,Skill(기술/도구),전사 로드맵 수립
05,법률·경찰·소방·교도·국방,050106,지식재산권분쟁관리,050106_L5,지식재산권분쟁관리 전략 기획 및 전사 거버넌스 총괄,5,Skill(기술/도구),투자 대비 성과(ROI) 모델링
05,법률·경찰·소방·교도·국방,050106,지식재산권분쟁관리,050106_L5,지식재산권분쟁관리 전략 기획 및 전사 거버넌스 총괄,5,Skill(기술/도구),최고 의사결정 전략 제언
05,법률·경찰·소방·교도·국방,050106,지식재산권분쟁관리,050106_L5,지식재산권분쟁관리 전략 기획 및 전사 거버넌스 총괄,5,Attitude(태도),거시적 통찰력
05,법률·경찰·소방·교도·국방,050106,지식재산권분쟁관리,050106_L5,지식재산권분쟁관리 전략 기획 및 전사 거버넌스 총괄,5,Attitude(태도),전략적 윤리 리더십
05,법률·경찰·소방·교도·국방,050207,경찰행정관리,050207_L1,경찰행정관리 기초 입문 및 업무 환경 지원,1,Knowledge(지식),경찰행정관리 개론
05,법률·경찰·소방·교도·국방,050207,경찰행정관리,050207_L1,경찰행정관리 기초 입문 및 업무 환경 지원,1,Knowledge(지식),표준 작업 지침서
05,법률·경찰·소방·교도·국방,050207,경찰행정관리,050207_L1,경찰행정관리 기초 입문 및 업무 환경 지원,1,Knowledge(지식),기초 법령/규정
05,법률·경찰·소방·교도·국방,050207,경찰행정관리,050207_L1,경찰행정관리 기초 입문 및 업무 환경 지원,1,Skill(기술/도구),기초 전산 툴 조작
05,법률·경찰·소방·교도·국방,050207,경찰행정관리,050207_L1,경찰행정관리 기초 입문 및 업무 환경 지원,1,Skill(기술/도구),문서 서식 작성
05,법률·경찰·소방·교도·국방,050207,경찰행정관리,050207_L1,경찰행정관리 기초 입문 및 업무 환경 지원,1,Skill(기술/도구),자료 검색 및 분류
05,법률·경찰·소방·교도·국방,050207,경찰행정관리,050207_L1,경찰행정관리 기초 입문 및 업무 환경 지원,1,Attitude(태도),규정 준수 의식
05,법률·경찰·소방·교도·국방,050207,경찰행정관리,050207_L1,경찰행정관리 기초 입문 및 업무 환경 지원,1,Attitude(태도),성실한 업무 지원 태도
05,법률·경찰·소방·교도·국방,050207,경찰행정관리,050207_L2,경찰행정관리 초급 실무 및 정형 과업 수행,2,Knowledge(지식),경찰행정관리 실무 프로세스
05,법률·경찰·소방·교도·국방,050207,경찰행정관리,050207_L2,경찰행정관리 초급 실무 및 정형 과업 수행,2,Knowledge(지식),단위 업무 품질 기준
05,법률·경찰·소방·교도·국방,050207,경찰행정관리,050207_L2,경찰행정관리 초급 실무 및 정형 과업 수행,2,Knowledge(지식),데이터 검증 기법
05,법률·경찰·소방·교도·국방,050207,경찰행정관리,050207_L2,경찰행정관리 초급 실무 및 정형 과업 수행,2,Skill(기술/도구),실무 도구/SW 조작
05,법률·경찰·소방·교도·국방,050207,경찰행정관리,050207_L2,경찰행정관리 초급 실무 및 정형 과업 수행,2,Skill(기술/도구),데이터 정제 및 가공
05,법률·경찰·소방·교도·국방,050207,경찰행정관리,050207_L2,경찰행정관리 초급 실무 및 정형 과업 수행,2,Skill(기술/도구),단위 결과물 산출
05,법률·경찰·소방·교도·국방,050207,경찰행정관리,050207_L2,경찰행정관리 초급 실무 및 정형 과업 수행,2,Attitude(태도),정확성과 꼼꼼함
05,법률·경찰·소방·교도·국방,050207,경찰행정관리,050207_L2,경찰행정관리 초급 실무 및 정형 과업 수행,2,Attitude(태도),기한 준수 책임감
05,법률·경찰·소방·교도·국방,050207,경찰행정관리,050207_L3,경찰행정관리 중급 독립 실무 및 문제해결 엔지니어링,3,Knowledge(지식),심화 모델링/설계 이론
05,법률·경찰·소방·교도·국방,050207,경찰행정관리,050207_L3,경찰행정관리 중급 독립 실무 및 문제해결 엔지니어링,3,Knowledge(지식),성능 지표(KPI) 분석법
05,법률·경찰·소방·교도·국방,050207,경찰행정관리,050207_L3,경찰행정관리 중급 독립 실무 및 문제해결 엔지니어링,3,Knowledge(지식),이슈 해결 방법론
05,법률·경찰·소방·교도·국방,050207,경찰행정관리,050207_L3,경찰행정관리 중급 독립 실무 및 문제해결 엔지니어링,3,Skill(기술/도구),고급 도구/코드/기기 활용
05,법률·경찰·소방·교도·국방,050207,경찰행정관리,050207_L3,경찰행정관리 중급 독립 실무 및 문제해결 엔지니어링,3,Skill(기술/도구),원인 분석 및 조치
05,법률·경찰·소방·교도·국방,050207,경찰행정관리,050207_L3,경찰행정관리 중급 독립 실무 및 문제해결 엔지니어링,3,Skill(기술/도구),성과 분석 리포팅
05,법률·경찰·소방·교도·국방,050207,경찰행정관리,050207_L3,경찰행정관리 중급 독립 실무 및 문제해결 엔지니어링,3,Attitude(태도),분석적 사고력
05,법률·경찰·소방·교도·국방,050207,경찰행정관리,050207_L3,경찰행정관리 중급 독립 실무 및 문제해결 엔지니어링,3,Attitude(태도),타 부서와의 원활한 협업 소통
05,법률·경찰·소방·교도·국방,050207,경찰행정관리,050207_L4,경찰행정관리 고급 전문화 및 프로젝트/팀 리딩,4,Knowledge(지식),신기술 융합 아키텍처
05,법률·경찰·소방·교도·국방,050207,경찰행정관리,050207_L4,경찰행정관리 고급 전문화 및 프로젝트/팀 리딩,4,Knowledge(지식),프로젝트 관리론(PMBOK/Agile)
05,법률·경찰·소방·교도·국방,050207,경찰행정관리,050207_L4,경찰행정관리 고급 전문화 및 프로젝트/팀 리딩,4,Knowledge(지식),품질보증(QA) 거버넌스
05,법률·경찰·소방·교도·국방,050207,경찰행정관리,050207_L4,경찰행정관리 고급 전문화 및 프로젝트/팀 리딩,4,Skill(기술/도구),전체 시스템 아키텍처 설계
05,법률·경찰·소방·교도·국방,050207,경찰행정관리,050207_L4,경찰행정관리 고급 전문화 및 프로젝트/팀 리딩,4,Skill(기술/도구),애자일 스프린트 리딩
05,법률·경찰·소방·교도·국방,050207,경찰행정관리,050207_L4,경찰행정관리 고급 전문화 및 프로젝트/팀 리딩,4,Skill(기술/도구),신기술 PoC 검증
05,법률·경찰·소방·교도·국방,050207,경찰행정관리,050207_L4,경찰행정관리 고급 전문화 및 프로젝트/팀 리딩,4,Attitude(태도),혁신 지향 리더십
05,법률·경찰·소방·교도·국방,050207,경찰행정관리,050207_L4,경찰행정관리 고급 전문화 및 프로젝트/팀 리딩,4,Attitude(태도),동료 성장 멘토링 마인드
05,법률·경찰·소방·교도·국방,050207,경찰행정관리,050207_L5,경찰행정관리 전략 기획 및 전사 거버넌스 총괄,5,Knowledge(지식),경영 전략 및 자본 예산 배분
05,법률·경찰·소방·교도·국방,050207,경찰행정관리,050207_L5,경찰행정관리 전략 기획 및 전사 거버넌스 총괄,5,Knowledge(지식),국내외 규제 컴플라이언스
05,법률·경찰·소방·교도·국방,050207,경찰행정관리,050207_L5,경찰행정관리 전략 기획 및 전사 거버넌스 총괄,5,Knowledge(지식),엔터프라이즈 거버넌스
05,법률·경찰·소방·교도·국방,050207,경찰행정관리,050207_L5,경찰행정관리 전략 기획 및 전사 거버넌스 총괄,5,Skill(기술/도구),전사 로드맵 수립
05,법률·경찰·소방·교도·국방,050207,경찰행정관리,050207_L5,경찰행정관리 전략 기획 및 전사 거버넌스 총괄,5,Skill(기술/도구),투자 대비 성과(ROI) 모델링
05,법률·경찰·소방·교도·국방,050207,경찰행정관리,050207_L5,경찰행정관리 전략 기획 및 전사 거버넌스 총괄,5,Skill(기술/도구),최고 의사결정 전략 제언
05,법률·경찰·소방·교도·국방,050207,경찰행정관리,050207_L5,경찰행정관리 전략 기획 및 전사 거버넌스 총괄,5,Attitude(태도),거시적 통찰력
05,법률·경찰·소방·교도·국방,050207,경찰행정관리,050207_L5,경찰행정관리 전략 기획 및 전사 거버넌스 총괄,5,Attitude(태도),전략적 윤리 리더십
05,법률·경찰·소방·교도·국방,050208,소방시설설계,050208_L1,소방시설설계 기초 입문 및 업무 환경 지원,1,Knowledge(지식),소방시설설계 개론
05,법률·경찰·소방·교도·국방,050208,소방시설설계,050208_L1,소방시설설계 기초 입문 및 업무 환경 지원,1,Knowledge(지식),표준 작업 지침서
05,법률·경찰·소방·교도·국방,050208,소방시설설계,050208_L1,소방시설설계 기초 입문 및 업무 환경 지원,1,Knowledge(지식),기초 법령/규정
05,법률·경찰·소방·교도·국방,050208,소방시설설계,050208_L1,소방시설설계 기초 입문 및 업무 환경 지원,1,Skill(기술/도구),기초 전산 툴 조작
05,법률·경찰·소방·교도·국방,050208,소방시설설계,050208_L1,소방시설설계 기초 입문 및 업무 환경 지원,1,Skill(기술/도구),문서 서식 작성
05,법률·경찰·소방·교도·국방,050208,소방시설설계,050208_L1,소방시설설계 기초 입문 및 업무 환경 지원,1,Skill(기술/도구),자료 검색 및 분류
05,법률·경찰·소방·교도·국방,050208,소방시설설계,050208_L1,소방시설설계 기초 입문 및 업무 환경 지원,1,Attitude(태도),규정 준수 의식
05,법률·경찰·소방·교도·국방,050208,소방시설설계,050208_L1,소방시설설계 기초 입문 및 업무 환경 지원,1,Attitude(태도),성실한 업무 지원 태도
05,법률·경찰·소방·교도·국방,050208,소방시설설계,050208_L2,소방시설설계 초급 실무 및 정형 과업 수행,2,Knowledge(지식),소방시설설계 실무 프로세스
05,법률·경찰·소방·교도·국방,050208,소방시설설계,050208_L2,소방시설설계 초급 실무 및 정형 과업 수행,2,Knowledge(지식),단위 업무 품질 기준
05,법률·경찰·소방·교도·국방,050208,소방시설설계,050208_L2,소방시설설계 초급 실무 및 정형 과업 수행,2,Knowledge(지식),데이터 검증 기법
05,법률·경찰·소방·교도·국방,050208,소방시설설계,050208_L2,소방시설설계 초급 실무 및 정형 과업 수행,2,Skill(기술/도구),실무 도구/SW 조작
05,법률·경찰·소방·교도·국방,050208,소방시설설계,050208_L2,소방시설설계 초급 실무 및 정형 과업 수행,2,Skill(기술/도구),데이터 정제 및 가공
05,법률·경찰·소방·교도·국방,050208,소방시설설계,050208_L2,소방시설설계 초급 실무 및 정형 과업 수행,2,Skill(기술/도구),단위 결과물 산출
05,법률·경찰·소방·교도·국방,050208,소방시설설계,050208_L2,소방시설설계 초급 실무 및 정형 과업 수행,2,Attitude(태도),정확성과 꼼꼼함
05,법률·경찰·소방·교도·국방,050208,소방시설설계,050208_L2,소방시설설계 초급 실무 및 정형 과업 수행,2,Attitude(태도),기한 준수 책임감
05,법률·경찰·소방·교도·국방,050208,소방시설설계,050208_L3,소방시설설계 중급 독립 실무 및 문제해결 엔지니어링,3,Knowledge(지식),심화 모델링/설계 이론
05,법률·경찰·소방·교도·국방,050208,소방시설설계,050208_L3,소방시설설계 중급 독립 실무 및 문제해결 엔지니어링,3,Knowledge(지식),성능 지표(KPI) 분석법
05,법률·경찰·소방·교도·국방,050208,소방시설설계,050208_L3,소방시설설계 중급 독립 실무 및 문제해결 엔지니어링,3,Knowledge(지식),이슈 해결 방법론
05,법률·경찰·소방·교도·국방,050208,소방시설설계,050208_L3,소방시설설계 중급 독립 실무 및 문제해결 엔지니어링,3,Skill(기술/도구),고급 도구/코드/기기 활용
05,법률·경찰·소방·교도·국방,050208,소방시설설계,050208_L3,소방시설설계 중급 독립 실무 및 문제해결 엔지니어링,3,Skill(기술/도구),원인 분석 및 조치
05,법률·경찰·소방·교도·국방,050208,소방시설설계,050208_L3,소방시설설계 중급 독립 실무 및 문제해결 엔지니어링,3,Skill(기술/도구),성과 분석 리포팅
05,법률·경찰·소방·교도·국방,050208,소방시설설계,050208_L3,소방시설설계 중급 독립 실무 및 문제해결 엔지니어링,3,Attitude(태도),분석적 사고력
05,법률·경찰·소방·교도·국방,050208,소방시설설계,050208_L3,소방시설설계 중급 독립 실무 및 문제해결 엔지니어링,3,Attitude(태도),타 부서와의 원활한 협업 소통
05,법률·경찰·소방·교도·국방,050208,소방시설설계,050208_L4,소방시설설계 고급 전문화 및 프로젝트/팀 리딩,4,Knowledge(지식),신기술 융합 아키텍처
05,법률·경찰·소방·교도·국방,050208,소방시설설계,050208_L4,소방시설설계 고급 전문화 및 프로젝트/팀 리딩,4,Knowledge(지식),프로젝트 관리론(PMBOK/Agile)
05,법률·경찰·소방·교도·국방,050208,소방시설설계,050208_L4,소방시설설계 고급 전문화 및 프로젝트/팀 리딩,4,Knowledge(지식),품질보증(QA) 거버넌스
05,법률·경찰·소방·교도·국방,050208,소방시설설계,050208_L4,소방시설설계 고급 전문화 및 프로젝트/팀 리딩,4,Skill(기술/도구),전체 시스템 아키텍처 설계
05,법률·경찰·소방·교도·국방,050208,소방시설설계,050208_L4,소방시설설계 고급 전문화 및 프로젝트/팀 리딩,4,Skill(기술/도구),애자일 스프린트 리딩
05,법률·경찰·소방·교도·국방,050208,소방시설설계,050208_L4,소방시설설계 고급 전문화 및 프로젝트/팀 리딩,4,Skill(기술/도구),신기술 PoC 검증
05,법률·경찰·소방·교도·국방,050208,소방시설설계,050208_L4,소방시설설계 고급 전문화 및 프로젝트/팀 리딩,4,Attitude(태도),혁신 지향 리더십
05,법률·경찰·소방·교도·국방,050208,소방시설설계,050208_L4,소방시설설계 고급 전문화 및 프로젝트/팀 리딩,4,Attitude(태도),동료 성장 멘토링 마인드
05,법률·경찰·소방·교도·국방,050208,소방시설설계,050208_L5,소방시설설계 전략 기획 및 전사 거버넌스 총괄,5,Knowledge(지식),경영 전략 및 자본 예산 배분
05,법률·경찰·소방·교도·국방,050208,소방시설설계,050208_L5,소방시설설계 전략 기획 및 전사 거버넌스 총괄,5,Knowledge(지식),국내외 규제 컴플라이언스
05,법률·경찰·소방·교도·국방,050208,소방시설설계,050208_L5,소방시설설계 전략 기획 및 전사 거버넌스 총괄,5,Knowledge(지식),엔터프라이즈 거버넌스
05,법률·경찰·소방·교도·국방,050208,소방시설설계,050208_L5,소방시설설계 전략 기획 및 전사 거버넌스 총괄,5,Skill(기술/도구),전사 로드맵 수립
05,법률·경찰·소방·교도·국방,050208,소방시설설계,050208_L5,소방시설설계 전략 기획 및 전사 거버넌스 총괄,5,Skill(기술/도구),투자 대비 성과(ROI) 모델링
05,법률·경찰·소방·교도·국방,050208,소방시설설계,050208_L5,소방시설설계 전략 기획 및 전사 거버넌스 총괄,5,Skill(기술/도구),최고 의사결정 전략 제언
05,법률·경찰·소방·교도·국방,050208,소방시설설계,050208_L5,소방시설설계 전략 기획 및 전사 거버넌스 총괄,5,Attitude(태도),거시적 통찰력
05,법률·경찰·소방·교도·국방,050208,소방시설설계,050208_L5,소방시설설계 전략 기획 및 전사 거버넌스 총괄,5,Attitude(태도),전략적 윤리 리더십
05,법률·경찰·소방·교도·국방,050209,소방안전관리,050209_L1,소방안전관리 기초 입문 및 업무 환경 지원,1,Knowledge(지식),소방안전관리 개론
05,법률·경찰·소방·교도·국방,050209,소방안전관리,050209_L1,소방안전관리 기초 입문 및 업무 환경 지원,1,Knowledge(지식),표준 작업 지침서
05,법률·경찰·소방·교도·국방,050209,소방안전관리,050209_L1,소방안전관리 기초 입문 및 업무 환경 지원,1,Knowledge(지식),기초 법령/규정
05,법률·경찰·소방·교도·국방,050209,소방안전관리,050209_L1,소방안전관리 기초 입문 및 업무 환경 지원,1,Skill(기술/도구),기초 전산 툴 조작
05,법률·경찰·소방·교도·국방,050209,소방안전관리,050209_L1,소방안전관리 기초 입문 및 업무 환경 지원,1,Skill(기술/도구),문서 서식 작성
05,법률·경찰·소방·교도·국방,050209,소방안전관리,050209_L1,소방안전관리 기초 입문 및 업무 환경 지원,1,Skill(기술/도구),자료 검색 및 분류
05,법률·경찰·소방·교도·국방,050209,소방안전관리,050209_L1,소방안전관리 기초 입문 및 업무 환경 지원,1,Attitude(태도),규정 준수 의식
05,법률·경찰·소방·교도·국방,050209,소방안전관리,050209_L1,소방안전관리 기초 입문 및 업무 환경 지원,1,Attitude(태도),성실한 업무 지원 태도
05,법률·경찰·소방·교도·국방,050209,소방안전관리,050209_L2,소방안전관리 초급 실무 및 정형 과업 수행,2,Knowledge(지식),소방안전관리 실무 프로세스
05,법률·경찰·소방·교도·국방,050209,소방안전관리,050209_L2,소방안전관리 초급 실무 및 정형 과업 수행,2,Knowledge(지식),단위 업무 품질 기준
05,법률·경찰·소방·교도·국방,050209,소방안전관리,050209_L2,소방안전관리 초급 실무 및 정형 과업 수행,2,Knowledge(지식),데이터 검증 기법
05,법률·경찰·소방·교도·국방,050209,소방안전관리,050209_L2,소방안전관리 초급 실무 및 정형 과업 수행,2,Skill(기술/도구),실무 도구/SW 조작
05,법률·경찰·소방·교도·국방,050209,소방안전관리,050209_L2,소방안전관리 초급 실무 및 정형 과업 수행,2,Skill(기술/도구),데이터 정제 및 가공
05,법률·경찰·소방·교도·국방,050209,소방안전관리,050209_L2,소방안전관리 초급 실무 및 정형 과업 수행,2,Skill(기술/도구),단위 결과물 산출
05,법률·경찰·소방·교도·국방,050209,소방안전관리,050209_L2,소방안전관리 초급 실무 및 정형 과업 수행,2,Attitude(태도),정확성과 꼼꼼함
05,법률·경찰·소방·교도·국방,050209,소방안전관리,050209_L2,소방안전관리 초급 실무 및 정형 과업 수행,2,Attitude(태도),기한 준수 책임감
05,법률·경찰·소방·교도·국방,050209,소방안전관리,050209_L3,소방안전관리 중급 독립 실무 및 문제해결 엔지니어링,3,Knowledge(지식),심화 모델링/설계 이론
05,법률·경찰·소방·교도·국방,050209,소방안전관리,050209_L3,소방안전관리 중급 독립 실무 및 문제해결 엔지니어링,3,Knowledge(지식),성능 지표(KPI) 분석법
05,법률·경찰·소방·교도·국방,050209,소방안전관리,050209_L3,소방안전관리 중급 독립 실무 및 문제해결 엔지니어링,3,Knowledge(지식),이슈 해결 방법론
05,법률·경찰·소방·교도·국방,050209,소방안전관리,050209_L3,소방안전관리 중급 독립 실무 및 문제해결 엔지니어링,3,Skill(기술/도구),고급 도구/코드/기기 활용
05,법률·경찰·소방·교도·국방,050209,소방안전관리,050209_L3,소방안전관리 중급 독립 실무 및 문제해결 엔지니어링,3,Skill(기술/도구),원인 분석 및 조치
05,법률·경찰·소방·교도·국방,050209,소방안전관리,050209_L3,소방안전관리 중급 독립 실무 및 문제해결 엔지니어링,3,Skill(기술/도구),성과 분석 리포팅
05,법률·경찰·소방·교도·국방,050209,소방안전관리,050209_L3,소방안전관리 중급 독립 실무 및 문제해결 엔지니어링,3,Attitude(태도),분석적 사고력
05,법률·경찰·소방·교도·국방,050209,소방안전관리,050209_L3,소방안전관리 중급 독립 실무 및 문제해결 엔지니어링,3,Attitude(태도),타 부서와의 원활한 협업 소통
05,법률·경찰·소방·교도·국방,050209,소방안전관리,050209_L4,소방안전관리 고급 전문화 및 프로젝트/팀 리딩,4,Knowledge(지식),신기술 융합 아키텍처
05,법률·경찰·소방·교도·국방,050209,소방안전관리,050209_L4,소방안전관리 고급 전문화 및 프로젝트/팀 리딩,4,Knowledge(지식),프로젝트 관리론(PMBOK/Agile)
05,법률·경찰·소방·교도·국방,050209,소방안전관리,050209_L4,소방안전관리 고급 전문화 및 프로젝트/팀 리딩,4,Knowledge(지식),품질보증(QA) 거버넌스
05,법률·경찰·소방·교도·국방,050209,소방안전관리,050209_L4,소방안전관리 고급 전문화 및 프로젝트/팀 리딩,4,Skill(기술/도구),전체 시스템 아키텍처 설계
05,법률·경찰·소방·교도·국방,050209,소방안전관리,050209_L4,소방안전관리 고급 전문화 및 프로젝트/팀 리딩,4,Skill(기술/도구),애자일 스프린트 리딩
05,법률·경찰·소방·교도·국방,050209,소방안전관리,050209_L4,소방안전관리 고급 전문화 및 프로젝트/팀 리딩,4,Skill(기술/도구),신기술 PoC 검증
05,법률·경찰·소방·교도·국방,050209,소방안전관리,050209_L4,소방안전관리 고급 전문화 및 프로젝트/팀 리딩,4,Attitude(태도),혁신 지향 리더십
05,법률·경찰·소방·교도·국방,050209,소방안전관리,050209_L4,소방안전관리 고급 전문화 및 프로젝트/팀 리딩,4,Attitude(태도),동료 성장 멘토링 마인드
05,법률·경찰·소방·교도·국방,050209,소방안전관리,050209_L5,소방안전관리 전략 기획 및 전사 거버넌스 총괄,5,Knowledge(지식),경영 전략 및 자본 예산 배분
05,법률·경찰·소방·교도·국방,050209,소방안전관리,050209_L5,소방안전관리 전략 기획 및 전사 거버넌스 총괄,5,Knowledge(지식),국내외 규제 컴플라이언스
05,법률·경찰·소방·교도·국방,050209,소방안전관리,050209_L5,소방안전관리 전략 기획 및 전사 거버넌스 총괄,5,Knowledge(지식),엔터프라이즈 거버넌스
05,법률·경찰·소방·교도·국방,050209,소방안전관리,050209_L5,소방안전관리 전략 기획 및 전사 거버넌스 총괄,5,Skill(기술/도구),전사 로드맵 수립
05,법률·경찰·소방·교도·국방,050209,소방안전관리,050209_L5,소방안전관리 전략 기획 및 전사 거버넌스 총괄,5,Skill(기술/도구),투자 대비 성과(ROI) 모델링
05,법률·경찰·소방·교도·국방,050209,소방안전관리,050209_L5,소방안전관리 전략 기획 및 전사 거버넌스 총괄,5,Skill(기술/도구),최고 의사결정 전략 제언
05,법률·경찰·소방·교도·국방,050209,소방안전관리,050209_L5,소방안전관리 전략 기획 및 전사 거버넌스 총괄,5,Attitude(태도),거시적 통찰력
05,법률·경찰·소방·교도·국방,050209,소방안전관리,050209_L5,소방안전관리 전략 기획 및 전사 거버넌스 총괄,5,Attitude(태도),전략적 윤리 리더십
05,법률·경찰·소방·교도·국방,050210,화재조사감식,050210_L1,화재조사감식 기초 입문 및 업무 환경 지원,1,Knowledge(지식),화재조사감식 개론
05,법률·경찰·소방·교도·국방,050210,화재조사감식,050210_L1,화재조사감식 기초 입문 및 업무 환경 지원,1,Knowledge(지식),표준 작업 지침서
05,법률·경찰·소방·교도·국방,050210,화재조사감식,050210_L1,화재조사감식 기초 입문 및 업무 환경 지원,1,Knowledge(지식),기초 법령/규정
05,법률·경찰·소방·교도·국방,050210,화재조사감식,050210_L1,화재조사감식 기초 입문 및 업무 환경 지원,1,Skill(기술/도구),기초 전산 툴 조작
05,법률·경찰·소방·교도·국방,050210,화재조사감식,050210_L1,화재조사감식 기초 입문 및 업무 환경 지원,1,Skill(기술/도구),문서 서식 작성
05,법률·경찰·소방·교도·국방,050210,화재조사감식,050210_L1,화재조사감식 기초 입문 및 업무 환경 지원,1,Skill(기술/도구),자료 검색 및 분류
05,법률·경찰·소방·교도·국방,050210,화재조사감식,050210_L1,화재조사감식 기초 입문 및 업무 환경 지원,1,Attitude(태도),규정 준수 의식
05,법률·경찰·소방·교도·국방,050210,화재조사감식,050210_L1,화재조사감식 기초 입문 및 업무 환경 지원,1,Attitude(태도),성실한 업무 지원 태도
05,법률·경찰·소방·교도·국방,050210,화재조사감식,050210_L2,화재조사감식 초급 실무 및 정형 과업 수행,2,Knowledge(지식),화재조사감식 실무 프로세스
05,법률·경찰·소방·교도·국방,050210,화재조사감식,050210_L2,화재조사감식 초급 실무 및 정형 과업 수행,2,Knowledge(지식),단위 업무 품질 기준
05,법률·경찰·소방·교도·국방,050210,화재조사감식,050210_L2,화재조사감식 초급 실무 및 정형 과업 수행,2,Knowledge(지식),데이터 검증 기법
05,법률·경찰·소방·교도·국방,050210,화재조사감식,050210_L2,화재조사감식 초급 실무 및 정형 과업 수행,2,Skill(기술/도구),실무 도구/SW 조작
05,법률·경찰·소방·교도·국방,050210,화재조사감식,050210_L2,화재조사감식 초급 실무 및 정형 과업 수행,2,Skill(기술/도구),데이터 정제 및 가공
05,법률·경찰·소방·교도·국방,050210,화재조사감식,050210_L2,화재조사감식 초급 실무 및 정형 과업 수행,2,Skill(기술/도구),단위 결과물 산출
05,법률·경찰·소방·교도·국방,050210,화재조사감식,050210_L2,화재조사감식 초급 실무 및 정형 과업 수행,2,Attitude(태도),정확성과 꼼꼼함
05,법률·경찰·소방·교도·국방,050210,화재조사감식,050210_L2,화재조사감식 초급 실무 및 정형 과업 수행,2,Attitude(태도),기한 준수 책임감
05,법률·경찰·소방·교도·국방,050210,화재조사감식,050210_L3,화재조사감식 중급 독립 실무 및 문제해결 엔지니어링,3,Knowledge(지식),심화 모델링/설계 이론
05,법률·경찰·소방·교도·국방,050210,화재조사감식,050210_L3,화재조사감식 중급 독립 실무 및 문제해결 엔지니어링,3,Knowledge(지식),성능 지표(KPI) 분석법
05,법률·경찰·소방·교도·국방,050210,화재조사감식,050210_L3,화재조사감식 중급 독립 실무 및 문제해결 엔지니어링,3,Knowledge(지식),이슈 해결 방법론
05,법률·경찰·소방·교도·국방,050210,화재조사감식,050210_L3,화재조사감식 중급 독립 실무 및 문제해결 엔지니어링,3,Skill(기술/도구),고급 도구/코드/기기 활용
05,법률·경찰·소방·교도·국방,050210,화재조사감식,050210_L3,화재조사감식 중급 독립 실무 및 문제해결 엔지니어링,3,Skill(기술/도구),원인 분석 및 조치
05,법률·경찰·소방·교도·국방,050210,화재조사감식,050210_L3,화재조사감식 중급 독립 실무 및 문제해결 엔지니어링,3,Skill(기술/도구),성과 분석 리포팅
05,법률·경찰·소방·교도·국방,050210,화재조사감식,050210_L3,화재조사감식 중급 독립 실무 및 문제해결 엔지니어링,3,Attitude(태도),분석적 사고력
05,법률·경찰·소방·교도·국방,050210,화재조사감식,050210_L3,화재조사감식 중급 독립 실무 및 문제해결 엔지니어링,3,Attitude(태도),타 부서와의 원활한 협업 소통
05,법률·경찰·소방·교도·국방,050210,화재조사감식,050210_L4,화재조사감식 고급 전문화 및 프로젝트/팀 리딩,4,Knowledge(지식),신기술 융합 아키텍처
05,법률·경찰·소방·교도·국방,050210,화재조사감식,050210_L4,화재조사감식 고급 전문화 및 프로젝트/팀 리딩,4,Knowledge(지식),프로젝트 관리론(PMBOK/Agile)
05,법률·경찰·소방·교도·국방,050210,화재조사감식,050210_L4,화재조사감식 고급 전문화 및 프로젝트/팀 리딩,4,Knowledge(지식),품질보증(QA) 거버넌스
05,법률·경찰·소방·교도·국방,050210,화재조사감식,050210_L4,화재조사감식 고급 전문화 및 프로젝트/팀 리딩,4,Skill(기술/도구),전체 시스템 아키텍처 설계
05,법률·경찰·소방·교도·국방,050210,화재조사감식,050210_L4,화재조사감식 고급 전문화 및 프로젝트/팀 리딩,4,Skill(기술/도구),애자일 스프린트 리딩
05,법률·경찰·소방·교도·국방,050210,화재조사감식,050210_L4,화재조사감식 고급 전문화 및 프로젝트/팀 리딩,4,Skill(기술/도구),신기술 PoC 검증
05,법률·경찰·소방·교도·국방,050210,화재조사감식,050210_L4,화재조사감식 고급 전문화 및 프로젝트/팀 리딩,4,Attitude(태도),혁신 지향 리더십
05,법률·경찰·소방·교도·국방,050210,화재조사감식,050210_L4,화재조사감식 고급 전문화 및 프로젝트/팀 리딩,4,Attitude(태도),동료 성장 멘토링 마인드
05,법률·경찰·소방·교도·국방,050210,화재조사감식,050210_L5,화재조사감식 전략 기획 및 전사 거버넌스 총괄,5,Knowledge(지식),경영 전략 및 자본 예산 배분
05,법률·경찰·소방·교도·국방,050210,화재조사감식,050210_L5,화재조사감식 전략 기획 및 전사 거버넌스 총괄,5,Knowledge(지식),국내외 규제 컴플라이언스
05,법률·경찰·소방·교도·국방,050210,화재조사감식,050210_L5,화재조사감식 전략 기획 및 전사 거버넌스 총괄,5,Knowledge(지식),엔터프라이즈 거버넌스
05,법률·경찰·소방·교도·국방,050210,화재조사감식,050210_L5,화재조사감식 전략 기획 및 전사 거버넌스 총괄,5,Skill(기술/도구),전사 로드맵 수립
05,법률·경찰·소방·교도·국방,050210,화재조사감식,050210_L5,화재조사감식 전략 기획 및 전사 거버넌스 총괄,5,Skill(기술/도구),투자 대비 성과(ROI) 모델링
05,법률·경찰·소방·교도·국방,050210,화재조사감식,050210_L5,화재조사감식 전략 기획 및 전사 거버넌스 총괄,5,Skill(기술/도구),최고 의사결정 전략 제언
05,법률·경찰·소방·교도·국방,050210,화재조사감식,050210_L5,화재조사감식 전략 기획 및 전사 거버넌스 총괄,5,Attitude(태도),거시적 통찰력
05,법률·경찰·소방·교도·국방,050210,화재조사감식,050210_L5,화재조사감식 전략 기획 및 전사 거버넌스 총괄,5,Attitude(태도),전략적 윤리 리더십
05,법률·경찰·소방·교도·국방,050211,재난대응관리,050211_L1,재난대응관리 기초 입문 및 업무 환경 지원,1,Knowledge(지식),재난대응관리 개론
05,법률·경찰·소방·교도·국방,050211,재난대응관리,050211_L1,재난대응관리 기초 입문 및 업무 환경 지원,1,Knowledge(지식),표준 작업 지침서
05,법률·경찰·소방·교도·국방,050211,재난대응관리,050211_L1,재난대응관리 기초 입문 및 업무 환경 지원,1,Knowledge(지식),기초 법령/규정
05,법률·경찰·소방·교도·국방,050211,재난대응관리,050211_L1,재난대응관리 기초 입문 및 업무 환경 지원,1,Skill(기술/도구),기초 전산 툴 조작
05,법률·경찰·소방·교도·국방,050211,재난대응관리,050211_L1,재난대응관리 기초 입문 및 업무 환경 지원,1,Skill(기술/도구),문서 서식 작성
05,법률·경찰·소방·교도·국방,050211,재난대응관리,050211_L1,재난대응관리 기초 입문 및 업무 환경 지원,1,Skill(기술/도구),자료 검색 및 분류
05,법률·경찰·소방·교도·국방,050211,재난대응관리,050211_L1,재난대응관리 기초 입문 및 업무 환경 지원,1,Attitude(태도),규정 준수 의식
05,법률·경찰·소방·교도·국방,050211,재난대응관리,050211_L1,재난대응관리 기초 입문 및 업무 환경 지원,1,Attitude(태도),성실한 업무 지원 태도
05,법률·경찰·소방·교도·국방,050211,재난대응관리,050211_L2,재난대응관리 초급 실무 및 정형 과업 수행,2,Knowledge(지식),재난대응관리 실무 프로세스
05,법률·경찰·소방·교도·국방,050211,재난대응관리,050211_L2,재난대응관리 초급 실무 및 정형 과업 수행,2,Knowledge(지식),단위 업무 품질 기준
05,법률·경찰·소방·교도·국방,050211,재난대응관리,050211_L2,재난대응관리 초급 실무 및 정형 과업 수행,2,Knowledge(지식),데이터 검증 기법
05,법률·경찰·소방·교도·국방,050211,재난대응관리,050211_L2,재난대응관리 초급 실무 및 정형 과업 수행,2,Skill(기술/도구),실무 도구/SW 조작
05,법률·경찰·소방·교도·국방,050211,재난대응관리,050211_L2,재난대응관리 초급 실무 및 정형 과업 수행,2,Skill(기술/도구),데이터 정제 및 가공
05,법률·경찰·소방·교도·국방,050211,재난대응관리,050211_L2,재난대응관리 초급 실무 및 정형 과업 수행,2,Skill(기술/도구),단위 결과물 산출
05,법률·경찰·소방·교도·국방,050211,재난대응관리,050211_L2,재난대응관리 초급 실무 및 정형 과업 수행,2,Attitude(태도),정확성과 꼼꼼함
05,법률·경찰·소방·교도·국방,050211,재난대응관리,050211_L2,재난대응관리 초급 실무 및 정형 과업 수행,2,Attitude(태도),기한 준수 책임감
05,법률·경찰·소방·교도·국방,050211,재난대응관리,050211_L3,재난대응관리 중급 독립 실무 및 문제해결 엔지니어링,3,Knowledge(지식),심화 모델링/설계 이론
05,법률·경찰·소방·교도·국방,050211,재난대응관리,050211_L3,재난대응관리 중급 독립 실무 및 문제해결 엔지니어링,3,Knowledge(지식),성능 지표(KPI) 분석법
05,법률·경찰·소방·교도·국방,050211,재난대응관리,050211_L3,재난대응관리 중급 독립 실무 및 문제해결 엔지니어링,3,Knowledge(지식),이슈 해결 방법론
05,법률·경찰·소방·교도·국방,050211,재난대응관리,050211_L3,재난대응관리 중급 독립 실무 및 문제해결 엔지니어링,3,Skill(기술/도구),고급 도구/코드/기기 활용
05,법률·경찰·소방·교도·국방,050211,재난대응관리,050211_L3,재난대응관리 중급 독립 실무 및 문제해결 엔지니어링,3,Skill(기술/도구),원인 분석 및 조치
05,법률·경찰·소방·교도·국방,050211,재난대응관리,050211_L3,재난대응관리 중급 독립 실무 및 문제해결 엔지니어링,3,Skill(기술/도구),성과 분석 리포팅
05,법률·경찰·소방·교도·국방,050211,재난대응관리,050211_L3,재난대응관리 중급 독립 실무 및 문제해결 엔지니어링,3,Attitude(태도),분석적 사고력
05,법률·경찰·소방·교도·국방,050211,재난대응관리,050211_L3,재난대응관리 중급 독립 실무 및 문제해결 엔지니어링,3,Attitude(태도),타 부서와의 원활한 협업 소통
05,법률·경찰·소방·교도·국방,050211,재난대응관리,050211_L4,재난대응관리 고급 전문화 및 프로젝트/팀 리딩,4,Knowledge(지식),신기술 융합 아키텍처
05,법률·경찰·소방·교도·국방,050211,재난대응관리,050211_L4,재난대응관리 고급 전문화 및 프로젝트/팀 리딩,4,Knowledge(지식),프로젝트 관리론(PMBOK/Agile)
05,법률·경찰·소방·교도·국방,050211,재난대응관리,050211_L4,재난대응관리 고급 전문화 및 프로젝트/팀 리딩,4,Knowledge(지식),품질보증(QA) 거버넌스
05,법률·경찰·소방·교도·국방,050211,재난대응관리,050211_L4,재난대응관리 고급 전문화 및 프로젝트/팀 리딩,4,Skill(기술/도구),전체 시스템 아키텍처 설계
05,법률·경찰·소방·교도·국방,050211,재난대응관리,050211_L4,재난대응관리 고급 전문화 및 프로젝트/팀 리딩,4,Skill(기술/도구),애자일 스프린트 리딩
05,법률·경찰·소방·교도·국방,050211,재난대응관리,050211_L4,재난대응관리 고급 전문화 및 프로젝트/팀 리딩,4,Skill(기술/도구),신기술 PoC 검증
05,법률·경찰·소방·교도·국방,050211,재난대응관리,050211_L4,재난대응관리 고급 전문화 및 프로젝트/팀 리딩,4,Attitude(태도),혁신 지향 리더십
05,법률·경찰·소방·교도·국방,050211,재난대응관리,050211_L4,재난대응관리 고급 전문화 및 프로젝트/팀 리딩,4,Attitude(태도),동료 성장 멘토링 마인드
05,법률·경찰·소방·교도·국방,050211,재난대응관리,050211_L5,재난대응관리 전략 기획 및 전사 거버넌스 총괄,5,Knowledge(지식),경영 전략 및 자본 예산 배분
05,법률·경찰·소방·교도·국방,050211,재난대응관리,050211_L5,재난대응관리 전략 기획 및 전사 거버넌스 총괄,5,Knowledge(지식),국내외 규제 컴플라이언스
05,법률·경찰·소방·교도·국방,050211,재난대응관리,050211_L5,재난대응관리 전략 기획 및 전사 거버넌스 총괄,5,Knowledge(지식),엔터프라이즈 거버넌스
05,법률·경찰·소방·교도·국방,050211,재난대응관리,050211_L5,재난대응관리 전략 기획 및 전사 거버넌스 총괄,5,Skill(기술/도구),전사 로드맵 수립
05,법률·경찰·소방·교도·국방,050211,재난대응관리,050211_L5,재난대응관리 전략 기획 및 전사 거버넌스 총괄,5,Skill(기술/도구),투자 대비 성과(ROI) 모델링
05,법률·경찰·소방·교도·국방,050211,재난대응관리,050211_L5,재난대응관리 전략 기획 및 전사 거버넌스 총괄,5,Skill(기술/도구),최고 의사결정 전략 제언
05,법률·경찰·소방·교도·국방,050211,재난대응관리,050211_L5,재난대응관리 전략 기획 및 전사 거버넌스 총괄,5,Attitude(태도),거시적 통찰력
05,법률·경찰·소방·교도·국방,050211,재난대응관리,050211_L5,재난대응관리 전략 기획 및 전사 거버넌스 총괄,5,Attitude(태도),전략적 윤리 리더십
05,법률·경찰·소방·교도·국방,050212,국방물자관리,050212_L1,국방물자관리 기초 입문 및 업무 환경 지원,1,Knowledge(지식),국방물자관리 개론
05,법률·경찰·소방·교도·국방,050212,국방물자관리,050212_L1,국방물자관리 기초 입문 및 업무 환경 지원,1,Knowledge(지식),표준 작업 지침서
05,법률·경찰·소방·교도·국방,050212,국방물자관리,050212_L1,국방물자관리 기초 입문 및 업무 환경 지원,1,Knowledge(지식),기초 법령/규정
05,법률·경찰·소방·교도·국방,050212,국방물자관리,050212_L1,국방물자관리 기초 입문 및 업무 환경 지원,1,Skill(기술/도구),기초 전산 툴 조작
05,법률·경찰·소방·교도·국방,050212,국방물자관리,050212_L1,국방물자관리 기초 입문 및 업무 환경 지원,1,Skill(기술/도구),문서 서식 작성
05,법률·경찰·소방·교도·국방,050212,국방물자관리,050212_L1,국방물자관리 기초 입문 및 업무 환경 지원,1,Skill(기술/도구),자료 검색 및 분류
05,법률·경찰·소방·교도·국방,050212,국방물자관리,050212_L1,국방물자관리 기초 입문 및 업무 환경 지원,1,Attitude(태도),규정 준수 의식
05,법률·경찰·소방·교도·국방,050212,국방물자관리,050212_L1,국방물자관리 기초 입문 및 업무 환경 지원,1,Attitude(태도),성실한 업무 지원 태도
05,법률·경찰·소방·교도·국방,050212,국방물자관리,050212_L2,국방물자관리 초급 실무 및 정형 과업 수행,2,Knowledge(지식),국방물자관리 실무 프로세스
05,법률·경찰·소방·교도·국방,050212,국방물자관리,050212_L2,국방물자관리 초급 실무 및 정형 과업 수행,2,Knowledge(지식),단위 업무 품질 기준
05,법률·경찰·소방·교도·국방,050212,국방물자관리,050212_L2,국방물자관리 초급 실무 및 정형 과업 수행,2,Knowledge(지식),데이터 검증 기법
05,법률·경찰·소방·교도·국방,050212,국방물자관리,050212_L2,국방물자관리 초급 실무 및 정형 과업 수행,2,Skill(기술/도구),실무 도구/SW 조작
05,법률·경찰·소방·교도·국방,050212,국방물자관리,050212_L2,국방물자관리 초급 실무 및 정형 과업 수행,2,Skill(기술/도구),데이터 정제 및 가공
05,법률·경찰·소방·교도·국방,050212,국방물자관리,050212_L2,국방물자관리 초급 실무 및 정형 과업 수행,2,Skill(기술/도구),단위 결과물 산출
05,법률·경찰·소방·교도·국방,050212,국방물자관리,050212_L2,국방물자관리 초급 실무 및 정형 과업 수행,2,Attitude(태도),정확성과 꼼꼼함
05,법률·경찰·소방·교도·국방,050212,국방물자관리,050212_L2,국방물자관리 초급 실무 및 정형 과업 수행,2,Attitude(태도),기한 준수 책임감
05,법률·경찰·소방·교도·국방,050212,국방물자관리,050212_L3,국방물자관리 중급 독립 실무 및 문제해결 엔지니어링,3,Knowledge(지식),심화 모델링/설계 이론
05,법률·경찰·소방·교도·국방,050212,국방물자관리,050212_L3,국방물자관리 중급 독립 실무 및 문제해결 엔지니어링,3,Knowledge(지식),성능 지표(KPI) 분석법
05,법률·경찰·소방·교도·국방,050212,국방물자관리,050212_L3,국방물자관리 중급 독립 실무 및 문제해결 엔지니어링,3,Knowledge(지식),이슈 해결 방법론
05,법률·경찰·소방·교도·국방,050212,국방물자관리,050212_L3,국방물자관리 중급 독립 실무 및 문제해결 엔지니어링,3,Skill(기술/도구),고급 도구/코드/기기 활용
05,법률·경찰·소방·교도·국방,050212,국방물자관리,050212_L3,국방물자관리 중급 독립 실무 및 문제해결 엔지니어링,3,Skill(기술/도구),원인 분석 및 조치
05,법률·경찰·소방·교도·국방,050212,국방물자관리,050212_L3,국방물자관리 중급 독립 실무 및 문제해결 엔지니어링,3,Skill(기술/도구),성과 분석 리포팅
05,법률·경찰·소방·교도·국방,050212,국방물자관리,050212_L3,국방물자관리 중급 독립 실무 및 문제해결 엔지니어링,3,Attitude(태도),분석적 사고력
05,법률·경찰·소방·교도·국방,050212,국방물자관리,050212_L3,국방물자관리 중급 독립 실무 및 문제해결 엔지니어링,3,Attitude(태도),타 부서와의 원활한 협업 소통
05,법률·경찰·소방·교도·국방,050212,국방물자관리,050212_L4,국방물자관리 고급 전문화 및 프로젝트/팀 리딩,4,Knowledge(지식),신기술 융합 아키텍처
05,법률·경찰·소방·교도·국방,050212,국방물자관리,050212_L4,국방물자관리 고급 전문화 및 프로젝트/팀 리딩,4,Knowledge(지식),프로젝트 관리론(PMBOK/Agile)
05,법률·경찰·소방·교도·국방,050212,국방물자관리,050212_L4,국방물자관리 고급 전문화 및 프로젝트/팀 리딩,4,Knowledge(지식),품질보증(QA) 거버넌스
05,법률·경찰·소방·교도·국방,050212,국방물자관리,050212_L4,국방물자관리 고급 전문화 및 프로젝트/팀 리딩,4,Skill(기술/도구),전체 시스템 아키텍처 설계
05,법률·경찰·소방·교도·국방,050212,국방물자관리,050212_L4,국방물자관리 고급 전문화 및 프로젝트/팀 리딩,4,Skill(기술/도구),애자일 스프린트 리딩
05,법률·경찰·소방·교도·국방,050212,국방물자관리,050212_L4,국방물자관리 고급 전문화 및 프로젝트/팀 리딩,4,Skill(기술/도구),신기술 PoC 검증
05,법률·경찰·소방·교도·국방,050212,국방물자관리,050212_L4,국방물자관리 고급 전문화 및 프로젝트/팀 리딩,4,Attitude(태도),혁신 지향 리더십
05,법률·경찰·소방·교도·국방,050212,국방물자관리,050212_L4,국방물자관리 고급 전문화 및 프로젝트/팀 리딩,4,Attitude(태도),동료 성장 멘토링 마인드
05,법률·경찰·소방·교도·국방,050212,국방물자관리,050212_L5,국방물자관리 전략 기획 및 전사 거버넌스 총괄,5,Knowledge(지식),경영 전략 및 자본 예산 배분
05,법률·경찰·소방·교도·국방,050212,국방물자관리,050212_L5,국방물자관리 전략 기획 및 전사 거버넌스 총괄,5,Knowledge(지식),국내외 규제 컴플라이언스
05,법률·경찰·소방·교도·국방,050212,국방물자관리,050212_L5,국방물자관리 전략 기획 및 전사 거버넌스 총괄,5,Knowledge(지식),엔터프라이즈 거버넌스
05,법률·경찰·소방·교도·국방,050212,국방물자관리,050212_L5,국방물자관리 전략 기획 및 전사 거버넌스 총괄,5,Skill(기술/도구),전사 로드맵 수립
05,법률·경찰·소방·교도·국방,050212,국방물자관리,050212_L5,국방물자관리 전략 기획 및 전사 거버넌스 총괄,5,Skill(기술/도구),투자 대비 성과(ROI) 모델링
05,법률·경찰·소방·교도·국방,050212,국방물자관리,050212_L5,국방물자관리 전략 기획 및 전사 거버넌스 총괄,5,Skill(기술/도구),최고 의사결정 전략 제언
05,법률·경찰·소방·교도·국방,050212,국방물자관리,050212_L5,국방물자관리 전략 기획 및 전사 거버넌스 총괄,5,Attitude(태도),거시적 통찰력
05,법률·경찰·소방·교도·국방,050212,국방물자관리,050212_L5,국방물자관리 전략 기획 및 전사 거버넌스 총괄,5,Attitude(태도),전략적 윤리 리더십
06,보건·의료,060101,보건의료정보관리,060101_L1,보건의료정보관리 기초 입문 및 업무 환경 지원,1,Knowledge(지식),보건의료정보관리 개론
06,보건·의료,060101,보건의료정보관리,060101_L1,보건의료정보관리 기초 입문 및 업무 환경 지원,1,Knowledge(지식),표준 작업 지침서
06,보건·의료,060101,보건의료정보관리,060101_L1,보건의료정보관리 기초 입문 및 업무 환경 지원,1,Knowledge(지식),기초 법령/규정
06,보건·의료,060101,보건의료정보관리,060101_L1,보건의료정보관리 기초 입문 및 업무 환경 지원,1,Skill(기술/도구),기초 전산 툴 조작
06,보건·의료,060101,보건의료정보관리,060101_L1,보건의료정보관리 기초 입문 및 업무 환경 지원,1,Skill(기술/도구),문서 서식 작성
06,보건·의료,060101,보건의료정보관리,060101_L1,보건의료정보관리 기초 입문 및 업무 환경 지원,1,Skill(기술/도구),자료 검색 및 분류
06,보건·의료,060101,보건의료정보관리,060101_L1,보건의료정보관리 기초 입문 및 업무 환경 지원,1,Attitude(태도),규정 준수 의식
06,보건·의료,060101,보건의료정보관리,060101_L1,보건의료정보관리 기초 입문 및 업무 환경 지원,1,Attitude(태도),성실한 업무 지원 태도
06,보건·의료,060101,보건의료정보관리,060101_L2,보건의료정보관리 초급 실무 및 정형 과업 수행,2,Knowledge(지식),보건의료정보관리 실무 프로세스
06,보건·의료,060101,보건의료정보관리,060101_L2,보건의료정보관리 초급 실무 및 정형 과업 수행,2,Knowledge(지식),단위 업무 품질 기준
06,보건·의료,060101,보건의료정보관리,060101_L2,보건의료정보관리 초급 실무 및 정형 과업 수행,2,Knowledge(지식),데이터 검증 기법
06,보건·의료,060101,보건의료정보관리,060101_L2,보건의료정보관리 초급 실무 및 정형 과업 수행,2,Skill(기술/도구),실무 도구/SW 조작
06,보건·의료,060101,보건의료정보관리,060101_L2,보건의료정보관리 초급 실무 및 정형 과업 수행,2,Skill(기술/도구),데이터 정제 및 가공
06,보건·의료,060101,보건의료정보관리,060101_L2,보건의료정보관리 초급 실무 및 정형 과업 수행,2,Skill(기술/도구),단위 결과물 산출
06,보건·의료,060101,보건의료정보관리,060101_L2,보건의료정보관리 초급 실무 및 정형 과업 수행,2,Attitude(태도),정확성과 꼼꼼함
06,보건·의료,060101,보건의료정보관리,060101_L2,보건의료정보관리 초급 실무 및 정형 과업 수행,2,Attitude(태도),기한 준수 책임감
06,보건·의료,060101,보건의료정보관리,060101_L3,보건의료정보관리 중급 독립 실무 및 문제해결 엔지니어링,3,Knowledge(지식),심화 모델링/설계 이론
06,보건·의료,060101,보건의료정보관리,060101_L3,보건의료정보관리 중급 독립 실무 및 문제해결 엔지니어링,3,Knowledge(지식),성능 지표(KPI) 분석법
06,보건·의료,060101,보건의료정보관리,060101_L3,보건의료정보관리 중급 독립 실무 및 문제해결 엔지니어링,3,Knowledge(지식),이슈 해결 방법론
06,보건·의료,060101,보건의료정보관리,060101_L3,보건의료정보관리 중급 독립 실무 및 문제해결 엔지니어링,3,Skill(기술/도구),고급 도구/코드/기기 활용
06,보건·의료,060101,보건의료정보관리,060101_L3,보건의료정보관리 중급 독립 실무 및 문제해결 엔지니어링,3,Skill(기술/도구),원인 분석 및 조치
06,보건·의료,060101,보건의료정보관리,060101_L3,보건의료정보관리 중급 독립 실무 및 문제해결 엔지니어링,3,Skill(기술/도구),성과 분석 리포팅
06,보건·의료,060101,보건의료정보관리,060101_L3,보건의료정보관리 중급 독립 실무 및 문제해결 엔지니어링,3,Attitude(태도),분석적 사고력
06,보건·의료,060101,보건의료정보관리,060101_L3,보건의료정보관리 중급 독립 실무 및 문제해결 엔지니어링,3,Attitude(태도),타 부서와의 원활한 협업 소통
06,보건·의료,060101,보건의료정보관리,060101_L4,보건의료정보관리 고급 전문화 및 프로젝트/팀 리딩,4,Knowledge(지식),신기술 융합 아키텍처
06,보건·의료,060101,보건의료정보관리,060101_L4,보건의료정보관리 고급 전문화 및 프로젝트/팀 리딩,4,Knowledge(지식),프로젝트 관리론(PMBOK/Agile)
06,보건·의료,060101,보건의료정보관리,060101_L4,보건의료정보관리 고급 전문화 및 프로젝트/팀 리딩,4,Knowledge(지식),품질보증(QA) 거버넌스
06,보건·의료,060101,보건의료정보관리,060101_L4,보건의료정보관리 고급 전문화 및 프로젝트/팀 리딩,4,Skill(기술/도구),전체 시스템 아키텍처 설계
06,보건·의료,060101,보건의료정보관리,060101_L4,보건의료정보관리 고급 전문화 및 프로젝트/팀 리딩,4,Skill(기술/도구),애자일 스프린트 리딩
06,보건·의료,060101,보건의료정보관리,060101_L4,보건의료정보관리 고급 전문화 및 프로젝트/팀 리딩,4,Skill(기술/도구),신기술 PoC 검증
06,보건·의료,060101,보건의료정보관리,060101_L4,보건의료정보관리 고급 전문화 및 프로젝트/팀 리딩,4,Attitude(태도),혁신 지향 리더십
06,보건·의료,060101,보건의료정보관리,060101_L4,보건의료정보관리 고급 전문화 및 프로젝트/팀 리딩,4,Attitude(태도),동료 성장 멘토링 마인드
06,보건·의료,060101,보건의료정보관리,060101_L5,보건의료정보관리 전략 기획 및 전사 거버넌스 총괄,5,Knowledge(지식),경영 전략 및 자본 예산 배분
06,보건·의료,060101,보건의료정보관리,060101_L5,보건의료정보관리 전략 기획 및 전사 거버넌스 총괄,5,Knowledge(지식),국내외 규제 컴플라이언스
06,보건·의료,060101,보건의료정보관리,060101_L5,보건의료정보관리 전략 기획 및 전사 거버넌스 총괄,5,Knowledge(지식),엔터프라이즈 거버넌스
06,보건·의료,060101,보건의료정보관리,060101_L5,보건의료정보관리 전략 기획 및 전사 거버넌스 총괄,5,Skill(기술/도구),전사 로드맵 수립
06,보건·의료,060101,보건의료정보관리,060101_L5,보건의료정보관리 전략 기획 및 전사 거버넌스 총괄,5,Skill(기술/도구),투자 대비 성과(ROI) 모델링
06,보건·의료,060101,보건의료정보관리,060101_L5,보건의료정보관리 전략 기획 및 전사 거버넌스 총괄,5,Skill(기술/도구),최고 의사결정 전략 제언
06,보건·의료,060101,보건의료정보관리,060101_L5,보건의료정보관리 전략 기획 및 전사 거버넌스 총괄,5,Attitude(태도),거시적 통찰력
06,보건·의료,060101,보건의료정보관리,060101_L5,보건의료정보관리 전략 기획 및 전사 거버넌스 총괄,5,Attitude(태도),전략적 윤리 리더십
06,보건·의료,060102,병원원무행정,060102_L1,병원원무행정 기초 입문 및 업무 환경 지원,1,Knowledge(지식),병원원무행정 개론
06,보건·의료,060102,병원원무행정,060102_L1,병원원무행정 기초 입문 및 업무 환경 지원,1,Knowledge(지식),표준 작업 지침서
06,보건·의료,060102,병원원무행정,060102_L1,병원원무행정 기초 입문 및 업무 환경 지원,1,Knowledge(지식),기초 법령/규정
06,보건·의료,060102,병원원무행정,060102_L1,병원원무행정 기초 입문 및 업무 환경 지원,1,Skill(기술/도구),기초 전산 툴 조작
06,보건·의료,060102,병원원무행정,060102_L1,병원원무행정 기초 입문 및 업무 환경 지원,1,Skill(기술/도구),문서 서식 작성
06,보건·의료,060102,병원원무행정,060102_L1,병원원무행정 기초 입문 및 업무 환경 지원,1,Skill(기술/도구),자료 검색 및 분류
06,보건·의료,060102,병원원무행정,060102_L1,병원원무행정 기초 입문 및 업무 환경 지원,1,Attitude(태도),규정 준수 의식
06,보건·의료,060102,병원원무행정,060102_L1,병원원무행정 기초 입문 및 업무 환경 지원,1,Attitude(태도),성실한 업무 지원 태도
06,보건·의료,060102,병원원무행정,060102_L2,병원원무행정 초급 실무 및 정형 과업 수행,2,Knowledge(지식),병원원무행정 실무 프로세스
06,보건·의료,060102,병원원무행정,060102_L2,병원원무행정 초급 실무 및 정형 과업 수행,2,Knowledge(지식),단위 업무 품질 기준
06,보건·의료,060102,병원원무행정,060102_L2,병원원무행정 초급 실무 및 정형 과업 수행,2,Knowledge(지식),데이터 검증 기법
06,보건·의료,060102,병원원무행정,060102_L2,병원원무행정 초급 실무 및 정형 과업 수행,2,Skill(기술/도구),실무 도구/SW 조작
06,보건·의료,060102,병원원무행정,060102_L2,병원원무행정 초급 실무 및 정형 과업 수행,2,Skill(기술/도구),데이터 정제 및 가공
06,보건·의료,060102,병원원무행정,060102_L2,병원원무행정 초급 실무 및 정형 과업 수행,2,Skill(기술/도구),단위 결과물 산출
06,보건·의료,060102,병원원무행정,060102_L2,병원원무행정 초급 실무 및 정형 과업 수행,2,Attitude(태도),정확성과 꼼꼼함
06,보건·의료,060102,병원원무행정,060102_L2,병원원무행정 초급 실무 및 정형 과업 수행,2,Attitude(태도),기한 준수 책임감
06,보건·의료,060102,병원원무행정,060102_L3,병원원무행정 중급 독립 실무 및 문제해결 엔지니어링,3,Knowledge(지식),심화 모델링/설계 이론
06,보건·의료,060102,병원원무행정,060102_L3,병원원무행정 중급 독립 실무 및 문제해결 엔지니어링,3,Knowledge(지식),성능 지표(KPI) 분석법
06,보건·의료,060102,병원원무행정,060102_L3,병원원무행정 중급 독립 실무 및 문제해결 엔지니어링,3,Knowledge(지식),이슈 해결 방법론
06,보건·의료,060102,병원원무행정,060102_L3,병원원무행정 중급 독립 실무 및 문제해결 엔지니어링,3,Skill(기술/도구),고급 도구/코드/기기 활용
06,보건·의료,060102,병원원무행정,060102_L3,병원원무행정 중급 독립 실무 및 문제해결 엔지니어링,3,Skill(기술/도구),원인 분석 및 조치
06,보건·의료,060102,병원원무행정,060102_L3,병원원무행정 중급 독립 실무 및 문제해결 엔지니어링,3,Skill(기술/도구),성과 분석 리포팅
06,보건·의료,060102,병원원무행정,060102_L3,병원원무행정 중급 독립 실무 및 문제해결 엔지니어링,3,Attitude(태도),분석적 사고력
06,보건·의료,060102,병원원무행정,060102_L3,병원원무행정 중급 독립 실무 및 문제해결 엔지니어링,3,Attitude(태도),타 부서와의 원활한 협업 소통
06,보건·의료,060102,병원원무행정,060102_L4,병원원무행정 고급 전문화 및 프로젝트/팀 리딩,4,Knowledge(지식),신기술 융합 아키텍처
06,보건·의료,060102,병원원무행정,060102_L4,병원원무행정 고급 전문화 및 프로젝트/팀 리딩,4,Knowledge(지식),프로젝트 관리론(PMBOK/Agile)
06,보건·의료,060102,병원원무행정,060102_L4,병원원무행정 고급 전문화 및 프로젝트/팀 리딩,4,Knowledge(지식),품질보증(QA) 거버넌스
06,보건·의료,060102,병원원무행정,060102_L4,병원원무행정 고급 전문화 및 프로젝트/팀 리딩,4,Skill(기술/도구),전체 시스템 아키텍처 설계
06,보건·의료,060102,병원원무행정,060102_L4,병원원무행정 고급 전문화 및 프로젝트/팀 리딩,4,Skill(기술/도구),애자일 스프린트 리딩
06,보건·의료,060102,병원원무행정,060102_L4,병원원무행정 고급 전문화 및 프로젝트/팀 리딩,4,Skill(기술/도구),신기술 PoC 검증
06,보건·의료,060102,병원원무행정,060102_L4,병원원무행정 고급 전문화 및 프로젝트/팀 리딩,4,Attitude(태도),혁신 지향 리더십
06,보건·의료,060102,병원원무행정,060102_L4,병원원무행정 고급 전문화 및 프로젝트/팀 리딩,4,Attitude(태도),동료 성장 멘토링 마인드
06,보건·의료,060102,병원원무행정,060102_L5,병원원무행정 전략 기획 및 전사 거버넌스 총괄,5,Knowledge(지식),경영 전략 및 자본 예산 배분
06,보건·의료,060102,병원원무행정,060102_L5,병원원무행정 전략 기획 및 전사 거버넌스 총괄,5,Knowledge(지식),국내외 규제 컴플라이언스
06,보건·의료,060102,병원원무행정,060102_L5,병원원무행정 전략 기획 및 전사 거버넌스 총괄,5,Knowledge(지식),엔터프라이즈 거버넌스
06,보건·의료,060102,병원원무행정,060102_L5,병원원무행정 전략 기획 및 전사 거버넌스 총괄,5,Skill(기술/도구),전사 로드맵 수립
06,보건·의료,060102,병원원무행정,060102_L5,병원원무행정 전략 기획 및 전사 거버넌스 총괄,5,Skill(기술/도구),투자 대비 성과(ROI) 모델링
06,보건·의료,060102,병원원무행정,060102_L5,병원원무행정 전략 기획 및 전사 거버넌스 총괄,5,Skill(기술/도구),최고 의사결정 전략 제언
06,보건·의료,060102,병원원무행정,060102_L5,병원원무행정 전략 기획 및 전사 거버넌스 총괄,5,Attitude(태도),거시적 통찰력
06,보건·의료,060102,병원원무행정,060102_L5,병원원무행정 전략 기획 및 전사 거버넌스 총괄,5,Attitude(태도),전략적 윤리 리더십
06,보건·의료,060103,보건교육,060103_L1,보건교육 기초 입문 및 업무 환경 지원,1,Knowledge(지식),보건교육 개론
06,보건·의료,060103,보건교육,060103_L1,보건교육 기초 입문 및 업무 환경 지원,1,Knowledge(지식),표준 작업 지침서
06,보건·의료,060103,보건교육,060103_L1,보건교육 기초 입문 및 업무 환경 지원,1,Knowledge(지식),기초 법령/규정
06,보건·의료,060103,보건교육,060103_L1,보건교육 기초 입문 및 업무 환경 지원,1,Skill(기술/도구),기초 전산 툴 조작
06,보건·의료,060103,보건교육,060103_L1,보건교육 기초 입문 및 업무 환경 지원,1,Skill(기술/도구),문서 서식 작성
06,보건·의료,060103,보건교육,060103_L1,보건교육 기초 입문 및 업무 환경 지원,1,Skill(기술/도구),자료 검색 및 분류
06,보건·의료,060103,보건교육,060103_L1,보건교육 기초 입문 및 업무 환경 지원,1,Attitude(태도),규정 준수 의식
06,보건·의료,060103,보건교육,060103_L1,보건교육 기초 입문 및 업무 환경 지원,1,Attitude(태도),성실한 업무 지원 태도
06,보건·의료,060103,보건교육,060103_L2,보건교육 초급 실무 및 정형 과업 수행,2,Knowledge(지식),보건교육 실무 프로세스
06,보건·의료,060103,보건교육,060103_L2,보건교육 초급 실무 및 정형 과업 수행,2,Knowledge(지식),단위 업무 품질 기준
06,보건·의료,060103,보건교육,060103_L2,보건교육 초급 실무 및 정형 과업 수행,2,Knowledge(지식),데이터 검증 기법
06,보건·의료,060103,보건교육,060103_L2,보건교육 초급 실무 및 정형 과업 수행,2,Skill(기술/도구),실무 도구/SW 조작
06,보건·의료,060103,보건교육,060103_L2,보건교육 초급 실무 및 정형 과업 수행,2,Skill(기술/도구),데이터 정제 및 가공
06,보건·의료,060103,보건교육,060103_L2,보건교육 초급 실무 및 정형 과업 수행,2,Skill(기술/도구),단위 결과물 산출
06,보건·의료,060103,보건교육,060103_L2,보건교육 초급 실무 및 정형 과업 수행,2,Attitude(태도),정확성과 꼼꼼함
06,보건·의료,060103,보건교육,060103_L2,보건교육 초급 실무 및 정형 과업 수행,2,Attitude(태도),기한 준수 책임감
06,보건·의료,060103,보건교육,060103_L3,보건교육 중급 독립 실무 및 문제해결 엔지니어링,3,Knowledge(지식),심화 모델링/설계 이론
06,보건·의료,060103,보건교육,060103_L3,보건교육 중급 독립 실무 및 문제해결 엔지니어링,3,Knowledge(지식),성능 지표(KPI) 분석법
06,보건·의료,060103,보건교육,060103_L3,보건교육 중급 독립 실무 및 문제해결 엔지니어링,3,Knowledge(지식),이슈 해결 방법론
06,보건·의료,060103,보건교육,060103_L3,보건교육 중급 독립 실무 및 문제해결 엔지니어링,3,Skill(기술/도구),고급 도구/코드/기기 활용
06,보건·의료,060103,보건교육,060103_L3,보건교육 중급 독립 실무 및 문제해결 엔지니어링,3,Skill(기술/도구),원인 분석 및 조치
06,보건·의료,060103,보건교육,060103_L3,보건교육 중급 독립 실무 및 문제해결 엔지니어링,3,Skill(기술/도구),성과 분석 리포팅
06,보건·의료,060103,보건교육,060103_L3,보건교육 중급 독립 실무 및 문제해결 엔지니어링,3,Attitude(태도),분석적 사고력
06,보건·의료,060103,보건교육,060103_L3,보건교육 중급 독립 실무 및 문제해결 엔지니어링,3,Attitude(태도),타 부서와의 원활한 협업 소통
06,보건·의료,060103,보건교육,060103_L4,보건교육 고급 전문화 및 프로젝트/팀 리딩,4,Knowledge(지식),신기술 융합 아키텍처
06,보건·의료,060103,보건교육,060103_L4,보건교육 고급 전문화 및 프로젝트/팀 리딩,4,Knowledge(지식),프로젝트 관리론(PMBOK/Agile)
06,보건·의료,060103,보건교육,060103_L4,보건교육 고급 전문화 및 프로젝트/팀 리딩,4,Knowledge(지식),품질보증(QA) 거버넌스
06,보건·의료,060103,보건교육,060103_L4,보건교육 고급 전문화 및 프로젝트/팀 리딩,4,Skill(기술/도구),전체 시스템 아키텍처 설계
06,보건·의료,060103,보건교육,060103_L4,보건교육 고급 전문화 및 프로젝트/팀 리딩,4,Skill(기술/도구),애자일 스프린트 리딩
06,보건·의료,060103,보건교육,060103_L4,보건교육 고급 전문화 및 프로젝트/팀 리딩,4,Skill(기술/도구),신기술 PoC 검증
06,보건·의료,060103,보건교육,060103_L4,보건교육 고급 전문화 및 프로젝트/팀 리딩,4,Attitude(태도),혁신 지향 리더십
06,보건·의료,060103,보건교육,060103_L4,보건교육 고급 전문화 및 프로젝트/팀 리딩,4,Attitude(태도),동료 성장 멘토링 마인드
06,보건·의료,060103,보건교육,060103_L5,보건교육 전략 기획 및 전사 거버넌스 총괄,5,Knowledge(지식),경영 전략 및 자본 예산 배분
06,보건·의료,060103,보건교육,060103_L5,보건교육 전략 기획 및 전사 거버넌스 총괄,5,Knowledge(지식),국내외 규제 컴플라이언스
06,보건·의료,060103,보건교육,060103_L5,보건교육 전략 기획 및 전사 거버넌스 총괄,5,Knowledge(지식),엔터프라이즈 거버넌스
06,보건·의료,060103,보건교육,060103_L5,보건교육 전략 기획 및 전사 거버넌스 총괄,5,Skill(기술/도구),전사 로드맵 수립
06,보건·의료,060103,보건교육,060103_L5,보건교육 전략 기획 및 전사 거버넌스 총괄,5,Skill(기술/도구),투자 대비 성과(ROI) 모델링
06,보건·의료,060103,보건교육,060103_L5,보건교육 전략 기획 및 전사 거버넌스 총괄,5,Skill(기술/도구),최고 의사결정 전략 제언
06,보건·의료,060103,보건교육,060103_L5,보건교육 전략 기획 및 전사 거버넌스 총괄,5,Attitude(태도),거시적 통찰력
06,보건·의료,060103,보건교육,060103_L5,보건교육 전략 기획 및 전사 거버넌스 총괄,5,Attitude(태도),전략적 윤리 리더십
06,보건·의료,060104,산업보건관리,060104_L1,산업보건관리 기초 입문 및 업무 환경 지원,1,Knowledge(지식),산업보건관리 개론
06,보건·의료,060104,산업보건관리,060104_L1,산업보건관리 기초 입문 및 업무 환경 지원,1,Knowledge(지식),표준 작업 지침서
06,보건·의료,060104,산업보건관리,060104_L1,산업보건관리 기초 입문 및 업무 환경 지원,1,Knowledge(지식),기초 법령/규정
06,보건·의료,060104,산업보건관리,060104_L1,산업보건관리 기초 입문 및 업무 환경 지원,1,Skill(기술/도구),기초 전산 툴 조작
06,보건·의료,060104,산업보건관리,060104_L1,산업보건관리 기초 입문 및 업무 환경 지원,1,Skill(기술/도구),문서 서식 작성
06,보건·의료,060104,산업보건관리,060104_L1,산업보건관리 기초 입문 및 업무 환경 지원,1,Skill(기술/도구),자료 검색 및 분류
06,보건·의료,060104,산업보건관리,060104_L1,산업보건관리 기초 입문 및 업무 환경 지원,1,Attitude(태도),규정 준수 의식
06,보건·의료,060104,산업보건관리,060104_L1,산업보건관리 기초 입문 및 업무 환경 지원,1,Attitude(태도),성실한 업무 지원 태도
06,보건·의료,060104,산업보건관리,060104_L2,산업보건관리 초급 실무 및 정형 과업 수행,2,Knowledge(지식),산업보건관리 실무 프로세스
06,보건·의료,060104,산업보건관리,060104_L2,산업보건관리 초급 실무 및 정형 과업 수행,2,Knowledge(지식),단위 업무 품질 기준
06,보건·의료,060104,산업보건관리,060104_L2,산업보건관리 초급 실무 및 정형 과업 수행,2,Knowledge(지식),데이터 검증 기법
06,보건·의료,060104,산업보건관리,060104_L2,산업보건관리 초급 실무 및 정형 과업 수행,2,Skill(기술/도구),실무 도구/SW 조작
06,보건·의료,060104,산업보건관리,060104_L2,산업보건관리 초급 실무 및 정형 과업 수행,2,Skill(기술/도구),데이터 정제 및 가공
06,보건·의료,060104,산업보건관리,060104_L2,산업보건관리 초급 실무 및 정형 과업 수행,2,Skill(기술/도구),단위 결과물 산출
06,보건·의료,060104,산업보건관리,060104_L2,산업보건관리 초급 실무 및 정형 과업 수행,2,Attitude(태도),정확성과 꼼꼼함
06,보건·의료,060104,산업보건관리,060104_L2,산업보건관리 초급 실무 및 정형 과업 수행,2,Attitude(태도),기한 준수 책임감
06,보건·의료,060104,산업보건관리,060104_L3,산업보건관리 중급 독립 실무 및 문제해결 엔지니어링,3,Knowledge(지식),심화 모델링/설계 이론
06,보건·의료,060104,산업보건관리,060104_L3,산업보건관리 중급 독립 실무 및 문제해결 엔지니어링,3,Knowledge(지식),성능 지표(KPI) 분석법
06,보건·의료,060104,산업보건관리,060104_L3,산업보건관리 중급 독립 실무 및 문제해결 엔지니어링,3,Knowledge(지식),이슈 해결 방법론
06,보건·의료,060104,산업보건관리,060104_L3,산업보건관리 중급 독립 실무 및 문제해결 엔지니어링,3,Skill(기술/도구),고급 도구/코드/기기 활용
06,보건·의료,060104,산업보건관리,060104_L3,산업보건관리 중급 독립 실무 및 문제해결 엔지니어링,3,Skill(기술/도구),원인 분석 및 조치
06,보건·의료,060104,산업보건관리,060104_L3,산업보건관리 중급 독립 실무 및 문제해결 엔지니어링,3,Skill(기술/도구),성과 분석 리포팅
06,보건·의료,060104,산업보건관리,060104_L3,산업보건관리 중급 독립 실무 및 문제해결 엔지니어링,3,Attitude(태도),분석적 사고력
06,보건·의료,060104,산업보건관리,060104_L3,산업보건관리 중급 독립 실무 및 문제해결 엔지니어링,3,Attitude(태도),타 부서와의 원활한 협업 소통
06,보건·의료,060104,산업보건관리,060104_L4,산업보건관리 고급 전문화 및 프로젝트/팀 리딩,4,Knowledge(지식),신기술 융합 아키텍처
06,보건·의료,060104,산업보건관리,060104_L4,산업보건관리 고급 전문화 및 프로젝트/팀 리딩,4,Knowledge(지식),프로젝트 관리론(PMBOK/Agile)
06,보건·의료,060104,산업보건관리,060104_L4,산업보건관리 고급 전문화 및 프로젝트/팀 리딩,4,Knowledge(지식),품질보증(QA) 거버넌스
06,보건·의료,060104,산업보건관리,060104_L4,산업보건관리 고급 전문화 및 프로젝트/팀 리딩,4,Skill(기술/도구),전체 시스템 아키텍처 설계
06,보건·의료,060104,산업보건관리,060104_L4,산업보건관리 고급 전문화 및 프로젝트/팀 리딩,4,Skill(기술/도구),애자일 스프린트 리딩
06,보건·의료,060104,산업보건관리,060104_L4,산업보건관리 고급 전문화 및 프로젝트/팀 리딩,4,Skill(기술/도구),신기술 PoC 검증
06,보건·의료,060104,산업보건관리,060104_L4,산업보건관리 고급 전문화 및 프로젝트/팀 리딩,4,Attitude(태도),혁신 지향 리더십
06,보건·의료,060104,산업보건관리,060104_L4,산업보건관리 고급 전문화 및 프로젝트/팀 리딩,4,Attitude(태도),동료 성장 멘토링 마인드
06,보건·의료,060104,산업보건관리,060104_L5,산업보건관리 전략 기획 및 전사 거버넌스 총괄,5,Knowledge(지식),경영 전략 및 자본 예산 배분
06,보건·의료,060104,산업보건관리,060104_L5,산업보건관리 전략 기획 및 전사 거버넌스 총괄,5,Knowledge(지식),국내외 규제 컴플라이언스
06,보건·의료,060104,산업보건관리,060104_L5,산업보건관리 전략 기획 및 전사 거버넌스 총괄,5,Knowledge(지식),엔터프라이즈 거버넌스
06,보건·의료,060104,산업보건관리,060104_L5,산업보건관리 전략 기획 및 전사 거버넌스 총괄,5,Skill(기술/도구),전사 로드맵 수립
06,보건·의료,060104,산업보건관리,060104_L5,산업보건관리 전략 기획 및 전사 거버넌스 총괄,5,Skill(기술/도구),투자 대비 성과(ROI) 모델링
06,보건·의료,060104,산업보건관리,060104_L5,산업보건관리 전략 기획 및 전사 거버넌스 총괄,5,Skill(기술/도구),최고 의사결정 전략 제언
06,보건·의료,060104,산업보건관리,060104_L5,산업보건관리 전략 기획 및 전사 거버넌스 총괄,5,Attitude(태도),거시적 통찰력
06,보건·의료,060104,산업보건관리,060104_L5,산업보건관리 전략 기획 및 전사 거버넌스 총괄,5,Attitude(태도),전략적 윤리 리더십
06,보건·의료,060105,건강증진기획,060105_L1,건강증진기획 기초 입문 및 업무 환경 지원,1,Knowledge(지식),건강증진기획 개론
06,보건·의료,060105,건강증진기획,060105_L1,건강증진기획 기초 입문 및 업무 환경 지원,1,Knowledge(지식),표준 작업 지침서
06,보건·의료,060105,건강증진기획,060105_L1,건강증진기획 기초 입문 및 업무 환경 지원,1,Knowledge(지식),기초 법령/규정
06,보건·의료,060105,건강증진기획,060105_L1,건강증진기획 기초 입문 및 업무 환경 지원,1,Skill(기술/도구),기초 전산 툴 조작
06,보건·의료,060105,건강증진기획,060105_L1,건강증진기획 기초 입문 및 업무 환경 지원,1,Skill(기술/도구),문서 서식 작성
06,보건·의료,060105,건강증진기획,060105_L1,건강증진기획 기초 입문 및 업무 환경 지원,1,Skill(기술/도구),자료 검색 및 분류
06,보건·의료,060105,건강증진기획,060105_L1,건강증진기획 기초 입문 및 업무 환경 지원,1,Attitude(태도),규정 준수 의식
06,보건·의료,060105,건강증진기획,060105_L1,건강증진기획 기초 입문 및 업무 환경 지원,1,Attitude(태도),성실한 업무 지원 태도
06,보건·의료,060105,건강증진기획,060105_L2,건강증진기획 초급 실무 및 정형 과업 수행,2,Knowledge(지식),건강증진기획 실무 프로세스
06,보건·의료,060105,건강증진기획,060105_L2,건강증진기획 초급 실무 및 정형 과업 수행,2,Knowledge(지식),단위 업무 품질 기준
06,보건·의료,060105,건강증진기획,060105_L2,건강증진기획 초급 실무 및 정형 과업 수행,2,Knowledge(지식),데이터 검증 기법
06,보건·의료,060105,건강증진기획,060105_L2,건강증진기획 초급 실무 및 정형 과업 수행,2,Skill(기술/도구),실무 도구/SW 조작
06,보건·의료,060105,건강증진기획,060105_L2,건강증진기획 초급 실무 및 정형 과업 수행,2,Skill(기술/도구),데이터 정제 및 가공
06,보건·의료,060105,건강증진기획,060105_L2,건강증진기획 초급 실무 및 정형 과업 수행,2,Skill(기술/도구),단위 결과물 산출
06,보건·의료,060105,건강증진기획,060105_L2,건강증진기획 초급 실무 및 정형 과업 수행,2,Attitude(태도),정확성과 꼼꼼함
06,보건·의료,060105,건강증진기획,060105_L2,건강증진기획 초급 실무 및 정형 과업 수행,2,Attitude(태도),기한 준수 책임감
06,보건·의료,060105,건강증진기획,060105_L3,건강증진기획 중급 독립 실무 및 문제해결 엔지니어링,3,Knowledge(지식),심화 모델링/설계 이론
06,보건·의료,060105,건강증진기획,060105_L3,건강증진기획 중급 독립 실무 및 문제해결 엔지니어링,3,Knowledge(지식),성능 지표(KPI) 분석법
06,보건·의료,060105,건강증진기획,060105_L3,건강증진기획 중급 독립 실무 및 문제해결 엔지니어링,3,Knowledge(지식),이슈 해결 방법론
06,보건·의료,060105,건강증진기획,060105_L3,건강증진기획 중급 독립 실무 및 문제해결 엔지니어링,3,Skill(기술/도구),고급 도구/코드/기기 활용
06,보건·의료,060105,건강증진기획,060105_L3,건강증진기획 중급 독립 실무 및 문제해결 엔지니어링,3,Skill(기술/도구),원인 분석 및 조치
06,보건·의료,060105,건강증진기획,060105_L3,건강증진기획 중급 독립 실무 및 문제해결 엔지니어링,3,Skill(기술/도구),성과 분석 리포팅
06,보건·의료,060105,건강증진기획,060105_L3,건강증진기획 중급 독립 실무 및 문제해결 엔지니어링,3,Attitude(태도),분석적 사고력
06,보건·의료,060105,건강증진기획,060105_L3,건강증진기획 중급 독립 실무 및 문제해결 엔지니어링,3,Attitude(태도),타 부서와의 원활한 협업 소통
06,보건·의료,060105,건강증진기획,060105_L4,건강증진기획 고급 전문화 및 프로젝트/팀 리딩,4,Knowledge(지식),신기술 융합 아키텍처
06,보건·의료,060105,건강증진기획,060105_L4,건강증진기획 고급 전문화 및 프로젝트/팀 리딩,4,Knowledge(지식),프로젝트 관리론(PMBOK/Agile)
06,보건·의료,060105,건강증진기획,060105_L4,건강증진기획 고급 전문화 및 프로젝트/팀 리딩,4,Knowledge(지식),품질보증(QA) 거버넌스
06,보건·의료,060105,건강증진기획,060105_L4,건강증진기획 고급 전문화 및 프로젝트/팀 리딩,4,Skill(기술/도구),전체 시스템 아키텍처 설계
06,보건·의료,060105,건강증진기획,060105_L4,건강증진기획 고급 전문화 및 프로젝트/팀 리딩,4,Skill(기술/도구),애자일 스프린트 리딩
06,보건·의료,060105,건강증진기획,060105_L4,건강증진기획 고급 전문화 및 프로젝트/팀 리딩,4,Skill(기술/도구),신기술 PoC 검증
06,보건·의료,060105,건강증진기획,060105_L4,건강증진기획 고급 전문화 및 프로젝트/팀 리딩,4,Attitude(태도),혁신 지향 리더십
06,보건·의료,060105,건강증진기획,060105_L4,건강증진기획 고급 전문화 및 프로젝트/팀 리딩,4,Attitude(태도),동료 성장 멘토링 마인드
06,보건·의료,060105,건강증진기획,060105_L5,건강증진기획 전략 기획 및 전사 거버넌스 총괄,5,Knowledge(지식),경영 전략 및 자본 예산 배분
06,보건·의료,060105,건강증진기획,060105_L5,건강증진기획 전략 기획 및 전사 거버넌스 총괄,5,Knowledge(지식),국내외 규제 컴플라이언스
06,보건·의료,060105,건강증진기획,060105_L5,건강증진기획 전략 기획 및 전사 거버넌스 총괄,5,Knowledge(지식),엔터프라이즈 거버넌스
06,보건·의료,060105,건강증진기획,060105_L5,건강증진기획 전략 기획 및 전사 거버넌스 총괄,5,Skill(기술/도구),전사 로드맵 수립
06,보건·의료,060105,건강증진기획,060105_L5,건강증진기획 전략 기획 및 전사 거버넌스 총괄,5,Skill(기술/도구),투자 대비 성과(ROI) 모델링
06,보건·의료,060105,건강증진기획,060105_L5,건강증진기획 전략 기획 및 전사 거버넌스 총괄,5,Skill(기술/도구),최고 의사결정 전략 제언
06,보건·의료,060105,건강증진기획,060105_L5,건강증진기획 전략 기획 및 전사 거버넌스 총괄,5,Attitude(태도),거시적 통찰력
06,보건·의료,060105,건강증진기획,060105_L5,건강증진기획 전략 기획 및 전사 거버넌스 총괄,5,Attitude(태도),전략적 윤리 리더십
06,보건·의료,060106,역학조사,060106_L1,역학조사 기초 입문 및 업무 환경 지원,1,Knowledge(지식),역학조사 개론
06,보건·의료,060106,역학조사,060106_L1,역학조사 기초 입문 및 업무 환경 지원,1,Knowledge(지식),표준 작업 지침서
06,보건·의료,060106,역학조사,060106_L1,역학조사 기초 입문 및 업무 환경 지원,1,Knowledge(지식),기초 법령/규정
06,보건·의료,060106,역학조사,060106_L1,역학조사 기초 입문 및 업무 환경 지원,1,Skill(기술/도구),기초 전산 툴 조작
06,보건·의료,060106,역학조사,060106_L1,역학조사 기초 입문 및 업무 환경 지원,1,Skill(기술/도구),문서 서식 작성
06,보건·의료,060106,역학조사,060106_L1,역학조사 기초 입문 및 업무 환경 지원,1,Skill(기술/도구),자료 검색 및 분류
06,보건·의료,060106,역학조사,060106_L1,역학조사 기초 입문 및 업무 환경 지원,1,Attitude(태도),규정 준수 의식
06,보건·의료,060106,역학조사,060106_L1,역학조사 기초 입문 및 업무 환경 지원,1,Attitude(태도),성실한 업무 지원 태도
06,보건·의료,060106,역학조사,060106_L2,역학조사 초급 실무 및 정형 과업 수행,2,Knowledge(지식),역학조사 실무 프로세스
06,보건·의료,060106,역학조사,060106_L2,역학조사 초급 실무 및 정형 과업 수행,2,Knowledge(지식),단위 업무 품질 기준
06,보건·의료,060106,역학조사,060106_L2,역학조사 초급 실무 및 정형 과업 수행,2,Knowledge(지식),데이터 검증 기법
06,보건·의료,060106,역학조사,060106_L2,역학조사 초급 실무 및 정형 과업 수행,2,Skill(기술/도구),실무 도구/SW 조작
06,보건·의료,060106,역학조사,060106_L2,역학조사 초급 실무 및 정형 과업 수행,2,Skill(기술/도구),데이터 정제 및 가공
06,보건·의료,060106,역학조사,060106_L2,역학조사 초급 실무 및 정형 과업 수행,2,Skill(기술/도구),단위 결과물 산출
06,보건·의료,060106,역학조사,060106_L2,역학조사 초급 실무 및 정형 과업 수행,2,Attitude(태도),정확성과 꼼꼼함
06,보건·의료,060106,역학조사,060106_L2,역학조사 초급 실무 및 정형 과업 수행,2,Attitude(태도),기한 준수 책임감
06,보건·의료,060106,역학조사,060106_L3,역학조사 중급 독립 실무 및 문제해결 엔지니어링,3,Knowledge(지식),심화 모델링/설계 이론
06,보건·의료,060106,역학조사,060106_L3,역학조사 중급 독립 실무 및 문제해결 엔지니어링,3,Knowledge(지식),성능 지표(KPI) 분석법
06,보건·의료,060106,역학조사,060106_L3,역학조사 중급 독립 실무 및 문제해결 엔지니어링,3,Knowledge(지식),이슈 해결 방법론
06,보건·의료,060106,역학조사,060106_L3,역학조사 중급 독립 실무 및 문제해결 엔지니어링,3,Skill(기술/도구),고급 도구/코드/기기 활용
06,보건·의료,060106,역학조사,060106_L3,역학조사 중급 독립 실무 및 문제해결 엔지니어링,3,Skill(기술/도구),원인 분석 및 조치
06,보건·의료,060106,역학조사,060106_L3,역학조사 중급 독립 실무 및 문제해결 엔지니어링,3,Skill(기술/도구),성과 분석 리포팅
06,보건·의료,060106,역학조사,060106_L3,역학조사 중급 독립 실무 및 문제해결 엔지니어링,3,Attitude(태도),분석적 사고력
06,보건·의료,060106,역학조사,060106_L3,역학조사 중급 독립 실무 및 문제해결 엔지니어링,3,Attitude(태도),타 부서와의 원활한 협업 소통
06,보건·의료,060106,역학조사,060106_L4,역학조사 고급 전문화 및 프로젝트/팀 리딩,4,Knowledge(지식),신기술 융합 아키텍처
06,보건·의료,060106,역학조사,060106_L4,역학조사 고급 전문화 및 프로젝트/팀 리딩,4,Knowledge(지식),프로젝트 관리론(PMBOK/Agile)
06,보건·의료,060106,역학조사,060106_L4,역학조사 고급 전문화 및 프로젝트/팀 리딩,4,Knowledge(지식),품질보증(QA) 거버넌스
06,보건·의료,060106,역학조사,060106_L4,역학조사 고급 전문화 및 프로젝트/팀 리딩,4,Skill(기술/도구),전체 시스템 아키텍처 설계
06,보건·의료,060106,역학조사,060106_L4,역학조사 고급 전문화 및 프로젝트/팀 리딩,4,Skill(기술/도구),애자일 스프린트 리딩
06,보건·의료,060106,역학조사,060106_L4,역학조사 고급 전문화 및 프로젝트/팀 리딩,4,Skill(기술/도구),신기술 PoC 검증
06,보건·의료,060106,역학조사,060106_L4,역학조사 고급 전문화 및 프로젝트/팀 리딩,4,Attitude(태도),혁신 지향 리더십
06,보건·의료,060106,역학조사,060106_L4,역학조사 고급 전문화 및 프로젝트/팀 리딩,4,Attitude(태도),동료 성장 멘토링 마인드
06,보건·의료,060106,역학조사,060106_L5,역학조사 전략 기획 및 전사 거버넌스 총괄,5,Knowledge(지식),경영 전략 및 자본 예산 배분
06,보건·의료,060106,역학조사,060106_L5,역학조사 전략 기획 및 전사 거버넌스 총괄,5,Knowledge(지식),국내외 규제 컴플라이언스
06,보건·의료,060106,역학조사,060106_L5,역학조사 전략 기획 및 전사 거버넌스 총괄,5,Knowledge(지식),엔터프라이즈 거버넌스
06,보건·의료,060106,역학조사,060106_L5,역학조사 전략 기획 및 전사 거버넌스 총괄,5,Skill(기술/도구),전사 로드맵 수립
06,보건·의료,060106,역학조사,060106_L5,역학조사 전략 기획 및 전사 거버넌스 총괄,5,Skill(기술/도구),투자 대비 성과(ROI) 모델링
06,보건·의료,060106,역학조사,060106_L5,역학조사 전략 기획 및 전사 거버넌스 총괄,5,Skill(기술/도구),최고 의사결정 전략 제언
06,보건·의료,060106,역학조사,060106_L5,역학조사 전략 기획 및 전사 거버넌스 총괄,5,Attitude(태도),거시적 통찰력
06,보건·의료,060106,역학조사,060106_L5,역학조사 전략 기획 및 전사 거버넌스 총괄,5,Attitude(태도),전략적 윤리 리더십
06,보건·의료,060207,임상시험모니터링(CRA),060207_L1,임상시험모니터링(CRA) 기초 입문 및 업무 환경 지원,1,Knowledge(지식),임상시험모니터링(CRA) 개론
06,보건·의료,060207,임상시험모니터링(CRA),060207_L1,임상시험모니터링(CRA) 기초 입문 및 업무 환경 지원,1,Knowledge(지식),표준 작업 지침서
06,보건·의료,060207,임상시험모니터링(CRA),060207_L1,임상시험모니터링(CRA) 기초 입문 및 업무 환경 지원,1,Knowledge(지식),기초 법령/규정
06,보건·의료,060207,임상시험모니터링(CRA),060207_L1,임상시험모니터링(CRA) 기초 입문 및 업무 환경 지원,1,Skill(기술/도구),기초 전산 툴 조작
06,보건·의료,060207,임상시험모니터링(CRA),060207_L1,임상시험모니터링(CRA) 기초 입문 및 업무 환경 지원,1,Skill(기술/도구),문서 서식 작성
06,보건·의료,060207,임상시험모니터링(CRA),060207_L1,임상시험모니터링(CRA) 기초 입문 및 업무 환경 지원,1,Skill(기술/도구),자료 검색 및 분류
06,보건·의료,060207,임상시험모니터링(CRA),060207_L1,임상시험모니터링(CRA) 기초 입문 및 업무 환경 지원,1,Attitude(태도),규정 준수 의식
06,보건·의료,060207,임상시험모니터링(CRA),060207_L1,임상시험모니터링(CRA) 기초 입문 및 업무 환경 지원,1,Attitude(태도),성실한 업무 지원 태도
06,보건·의료,060207,임상시험모니터링(CRA),060207_L2,임상시험모니터링(CRA) 초급 실무 및 정형 과업 수행,2,Knowledge(지식),임상시험모니터링(CRA) 실무 프로세스
06,보건·의료,060207,임상시험모니터링(CRA),060207_L2,임상시험모니터링(CRA) 초급 실무 및 정형 과업 수행,2,Knowledge(지식),단위 업무 품질 기준
06,보건·의료,060207,임상시험모니터링(CRA),060207_L2,임상시험모니터링(CRA) 초급 실무 및 정형 과업 수행,2,Knowledge(지식),데이터 검증 기법
06,보건·의료,060207,임상시험모니터링(CRA),060207_L2,임상시험모니터링(CRA) 초급 실무 및 정형 과업 수행,2,Skill(기술/도구),실무 도구/SW 조작
06,보건·의료,060207,임상시험모니터링(CRA),060207_L2,임상시험모니터링(CRA) 초급 실무 및 정형 과업 수행,2,Skill(기술/도구),데이터 정제 및 가공
06,보건·의료,060207,임상시험모니터링(CRA),060207_L2,임상시험모니터링(CRA) 초급 실무 및 정형 과업 수행,2,Skill(기술/도구),단위 결과물 산출
06,보건·의료,060207,임상시험모니터링(CRA),060207_L2,임상시험모니터링(CRA) 초급 실무 및 정형 과업 수행,2,Attitude(태도),정확성과 꼼꼼함
06,보건·의료,060207,임상시험모니터링(CRA),060207_L2,임상시험모니터링(CRA) 초급 실무 및 정형 과업 수행,2,Attitude(태도),기한 준수 책임감
06,보건·의료,060207,임상시험모니터링(CRA),060207_L3,임상시험모니터링(CRA) 중급 독립 실무 및 문제해결 엔지니어링,3,Knowledge(지식),심화 모델링/설계 이론
06,보건·의료,060207,임상시험모니터링(CRA),060207_L3,임상시험모니터링(CRA) 중급 독립 실무 및 문제해결 엔지니어링,3,Knowledge(지식),성능 지표(KPI) 분석법
06,보건·의료,060207,임상시험모니터링(CRA),060207_L3,임상시험모니터링(CRA) 중급 독립 실무 및 문제해결 엔지니어링,3,Knowledge(지식),이슈 해결 방법론
06,보건·의료,060207,임상시험모니터링(CRA),060207_L3,임상시험모니터링(CRA) 중급 독립 실무 및 문제해결 엔지니어링,3,Skill(기술/도구),고급 도구/코드/기기 활용
06,보건·의료,060207,임상시험모니터링(CRA),060207_L3,임상시험모니터링(CRA) 중급 독립 실무 및 문제해결 엔지니어링,3,Skill(기술/도구),원인 분석 및 조치
06,보건·의료,060207,임상시험모니터링(CRA),060207_L3,임상시험모니터링(CRA) 중급 독립 실무 및 문제해결 엔지니어링,3,Skill(기술/도구),성과 분석 리포팅
06,보건·의료,060207,임상시험모니터링(CRA),060207_L3,임상시험모니터링(CRA) 중급 독립 실무 및 문제해결 엔지니어링,3,Attitude(태도),분석적 사고력
06,보건·의료,060207,임상시험모니터링(CRA),060207_L3,임상시험모니터링(CRA) 중급 독립 실무 및 문제해결 엔지니어링,3,Attitude(태도),타 부서와의 원활한 협업 소통
06,보건·의료,060207,임상시험모니터링(CRA),060207_L4,임상시험모니터링(CRA) 고급 전문화 및 프로젝트/팀 리딩,4,Knowledge(지식),신기술 융합 아키텍처
06,보건·의료,060207,임상시험모니터링(CRA),060207_L4,임상시험모니터링(CRA) 고급 전문화 및 프로젝트/팀 리딩,4,Knowledge(지식),프로젝트 관리론(PMBOK/Agile)
06,보건·의료,060207,임상시험모니터링(CRA),060207_L4,임상시험모니터링(CRA) 고급 전문화 및 프로젝트/팀 리딩,4,Knowledge(지식),품질보증(QA) 거버넌스
06,보건·의료,060207,임상시험모니터링(CRA),060207_L4,임상시험모니터링(CRA) 고급 전문화 및 프로젝트/팀 리딩,4,Skill(기술/도구),전체 시스템 아키텍처 설계
06,보건·의료,060207,임상시험모니터링(CRA),060207_L4,임상시험모니터링(CRA) 고급 전문화 및 프로젝트/팀 리딩,4,Skill(기술/도구),애자일 스프린트 리딩
06,보건·의료,060207,임상시험모니터링(CRA),060207_L4,임상시험모니터링(CRA) 고급 전문화 및 프로젝트/팀 리딩,4,Skill(기술/도구),신기술 PoC 검증
06,보건·의료,060207,임상시험모니터링(CRA),060207_L4,임상시험모니터링(CRA) 고급 전문화 및 프로젝트/팀 리딩,4,Attitude(태도),혁신 지향 리더십
06,보건·의료,060207,임상시험모니터링(CRA),060207_L4,임상시험모니터링(CRA) 고급 전문화 및 프로젝트/팀 리딩,4,Attitude(태도),동료 성장 멘토링 마인드
06,보건·의료,060207,임상시험모니터링(CRA),060207_L5,임상시험모니터링(CRA) 전략 기획 및 전사 거버넌스 총괄,5,Knowledge(지식),경영 전략 및 자본 예산 배분
06,보건·의료,060207,임상시험모니터링(CRA),060207_L5,임상시험모니터링(CRA) 전략 기획 및 전사 거버넌스 총괄,5,Knowledge(지식),국내외 규제 컴플라이언스
06,보건·의료,060207,임상시험모니터링(CRA),060207_L5,임상시험모니터링(CRA) 전략 기획 및 전사 거버넌스 총괄,5,Knowledge(지식),엔터프라이즈 거버넌스
06,보건·의료,060207,임상시험모니터링(CRA),060207_L5,임상시험모니터링(CRA) 전략 기획 및 전사 거버넌스 총괄,5,Skill(기술/도구),전사 로드맵 수립
06,보건·의료,060207,임상시험모니터링(CRA),060207_L5,임상시험모니터링(CRA) 전략 기획 및 전사 거버넌스 총괄,5,Skill(기술/도구),투자 대비 성과(ROI) 모델링
06,보건·의료,060207,임상시험모니터링(CRA),060207_L5,임상시험모니터링(CRA) 전략 기획 및 전사 거버넌스 총괄,5,Skill(기술/도구),최고 의사결정 전략 제언
06,보건·의료,060207,임상시험모니터링(CRA),060207_L5,임상시험모니터링(CRA) 전략 기획 및 전사 거버넌스 총괄,5,Attitude(태도),거시적 통찰력
06,보건·의료,060207,임상시험모니터링(CRA),060207_L5,임상시험모니터링(CRA) 전략 기획 및 전사 거버넌스 총괄,5,Attitude(태도),전략적 윤리 리더십
06,보건·의료,060208,임상연구코디네이터(CRC),060208_L1,임상연구코디네이터(CRC) 기초 입문 및 업무 환경 지원,1,Knowledge(지식),임상연구코디네이터(CRC) 개론
06,보건·의료,060208,임상연구코디네이터(CRC),060208_L1,임상연구코디네이터(CRC) 기초 입문 및 업무 환경 지원,1,Knowledge(지식),표준 작업 지침서
06,보건·의료,060208,임상연구코디네이터(CRC),060208_L1,임상연구코디네이터(CRC) 기초 입문 및 업무 환경 지원,1,Knowledge(지식),기초 법령/규정
06,보건·의료,060208,임상연구코디네이터(CRC),060208_L1,임상연구코디네이터(CRC) 기초 입문 및 업무 환경 지원,1,Skill(기술/도구),기초 전산 툴 조작
06,보건·의료,060208,임상연구코디네이터(CRC),060208_L1,임상연구코디네이터(CRC) 기초 입문 및 업무 환경 지원,1,Skill(기술/도구),문서 서식 작성
06,보건·의료,060208,임상연구코디네이터(CRC),060208_L1,임상연구코디네이터(CRC) 기초 입문 및 업무 환경 지원,1,Skill(기술/도구),자료 검색 및 분류
06,보건·의료,060208,임상연구코디네이터(CRC),060208_L1,임상연구코디네이터(CRC) 기초 입문 및 업무 환경 지원,1,Attitude(태도),규정 준수 의식
06,보건·의료,060208,임상연구코디네이터(CRC),060208_L1,임상연구코디네이터(CRC) 기초 입문 및 업무 환경 지원,1,Attitude(태도),성실한 업무 지원 태도
06,보건·의료,060208,임상연구코디네이터(CRC),060208_L2,임상연구코디네이터(CRC) 초급 실무 및 정형 과업 수행,2,Knowledge(지식),임상연구코디네이터(CRC) 실무 프로세스
06,보건·의료,060208,임상연구코디네이터(CRC),060208_L2,임상연구코디네이터(CRC) 초급 실무 및 정형 과업 수행,2,Knowledge(지식),단위 업무 품질 기준
06,보건·의료,060208,임상연구코디네이터(CRC),060208_L2,임상연구코디네이터(CRC) 초급 실무 및 정형 과업 수행,2,Knowledge(지식),데이터 검증 기법
06,보건·의료,060208,임상연구코디네이터(CRC),060208_L2,임상연구코디네이터(CRC) 초급 실무 및 정형 과업 수행,2,Skill(기술/도구),실무 도구/SW 조작
06,보건·의료,060208,임상연구코디네이터(CRC),060208_L2,임상연구코디네이터(CRC) 초급 실무 및 정형 과업 수행,2,Skill(기술/도구),데이터 정제 및 가공
06,보건·의료,060208,임상연구코디네이터(CRC),060208_L2,임상연구코디네이터(CRC) 초급 실무 및 정형 과업 수행,2,Skill(기술/도구),단위 결과물 산출
06,보건·의료,060208,임상연구코디네이터(CRC),060208_L2,임상연구코디네이터(CRC) 초급 실무 및 정형 과업 수행,2,Attitude(태도),정확성과 꼼꼼함
06,보건·의료,060208,임상연구코디네이터(CRC),060208_L2,임상연구코디네이터(CRC) 초급 실무 및 정형 과업 수행,2,Attitude(태도),기한 준수 책임감
06,보건·의료,060208,임상연구코디네이터(CRC),060208_L3,임상연구코디네이터(CRC) 중급 독립 실무 및 문제해결 엔지니어링,3,Knowledge(지식),심화 모델링/설계 이론
06,보건·의료,060208,임상연구코디네이터(CRC),060208_L3,임상연구코디네이터(CRC) 중급 독립 실무 및 문제해결 엔지니어링,3,Knowledge(지식),성능 지표(KPI) 분석법
06,보건·의료,060208,임상연구코디네이터(CRC),060208_L3,임상연구코디네이터(CRC) 중급 독립 실무 및 문제해결 엔지니어링,3,Knowledge(지식),이슈 해결 방법론
06,보건·의료,060208,임상연구코디네이터(CRC),060208_L3,임상연구코디네이터(CRC) 중급 독립 실무 및 문제해결 엔지니어링,3,Skill(기술/도구),고급 도구/코드/기기 활용
06,보건·의료,060208,임상연구코디네이터(CRC),060208_L3,임상연구코디네이터(CRC) 중급 독립 실무 및 문제해결 엔지니어링,3,Skill(기술/도구),원인 분석 및 조치
06,보건·의료,060208,임상연구코디네이터(CRC),060208_L3,임상연구코디네이터(CRC) 중급 독립 실무 및 문제해결 엔지니어링,3,Skill(기술/도구),성과 분석 리포팅
06,보건·의료,060208,임상연구코디네이터(CRC),060208_L3,임상연구코디네이터(CRC) 중급 독립 실무 및 문제해결 엔지니어링,3,Attitude(태도),분석적 사고력
06,보건·의료,060208,임상연구코디네이터(CRC),060208_L3,임상연구코디네이터(CRC) 중급 독립 실무 및 문제해결 엔지니어링,3,Attitude(태도),타 부서와의 원활한 협업 소통
06,보건·의료,060208,임상연구코디네이터(CRC),060208_L4,임상연구코디네이터(CRC) 고급 전문화 및 프로젝트/팀 리딩,4,Knowledge(지식),신기술 융합 아키텍처
06,보건·의료,060208,임상연구코디네이터(CRC),060208_L4,임상연구코디네이터(CRC) 고급 전문화 및 프로젝트/팀 리딩,4,Knowledge(지식),프로젝트 관리론(PMBOK/Agile)
06,보건·의료,060208,임상연구코디네이터(CRC),060208_L4,임상연구코디네이터(CRC) 고급 전문화 및 프로젝트/팀 리딩,4,Knowledge(지식),품질보증(QA) 거버넌스
06,보건·의료,060208,임상연구코디네이터(CRC),060208_L4,임상연구코디네이터(CRC) 고급 전문화 및 프로젝트/팀 리딩,4,Skill(기술/도구),전체 시스템 아키텍처 설계
06,보건·의료,060208,임상연구코디네이터(CRC),060208_L4,임상연구코디네이터(CRC) 고급 전문화 및 프로젝트/팀 리딩,4,Skill(기술/도구),애자일 스프린트 리딩
06,보건·의료,060208,임상연구코디네이터(CRC),060208_L4,임상연구코디네이터(CRC) 고급 전문화 및 프로젝트/팀 리딩,4,Skill(기술/도구),신기술 PoC 검증
06,보건·의료,060208,임상연구코디네이터(CRC),060208_L4,임상연구코디네이터(CRC) 고급 전문화 및 프로젝트/팀 리딩,4,Attitude(태도),혁신 지향 리더십
06,보건·의료,060208,임상연구코디네이터(CRC),060208_L4,임상연구코디네이터(CRC) 고급 전문화 및 프로젝트/팀 리딩,4,Attitude(태도),동료 성장 멘토링 마인드
06,보건·의료,060208,임상연구코디네이터(CRC),060208_L5,임상연구코디네이터(CRC) 전략 기획 및 전사 거버넌스 총괄,5,Knowledge(지식),경영 전략 및 자본 예산 배분
06,보건·의료,060208,임상연구코디네이터(CRC),060208_L5,임상연구코디네이터(CRC) 전략 기획 및 전사 거버넌스 총괄,5,Knowledge(지식),국내외 규제 컴플라이언스
06,보건·의료,060208,임상연구코디네이터(CRC),060208_L5,임상연구코디네이터(CRC) 전략 기획 및 전사 거버넌스 총괄,5,Knowledge(지식),엔터프라이즈 거버넌스
06,보건·의료,060208,임상연구코디네이터(CRC),060208_L5,임상연구코디네이터(CRC) 전략 기획 및 전사 거버넌스 총괄,5,Skill(기술/도구),전사 로드맵 수립
06,보건·의료,060208,임상연구코디네이터(CRC),060208_L5,임상연구코디네이터(CRC) 전략 기획 및 전사 거버넌스 총괄,5,Skill(기술/도구),투자 대비 성과(ROI) 모델링
06,보건·의료,060208,임상연구코디네이터(CRC),060208_L5,임상연구코디네이터(CRC) 전략 기획 및 전사 거버넌스 총괄,5,Skill(기술/도구),최고 의사결정 전략 제언
06,보건·의료,060208,임상연구코디네이터(CRC),060208_L5,임상연구코디네이터(CRC) 전략 기획 및 전사 거버넌스 총괄,5,Attitude(태도),거시적 통찰력
06,보건·의료,060208,임상연구코디네이터(CRC),060208_L5,임상연구코디네이터(CRC) 전략 기획 및 전사 거버넌스 총괄,5,Attitude(태도),전략적 윤리 리더십
06,보건·의료,060209,임상병리검사,060209_L1,임상병리검사 기초 입문 및 업무 환경 지원,1,Knowledge(지식),임상병리검사 개론
06,보건·의료,060209,임상병리검사,060209_L1,임상병리검사 기초 입문 및 업무 환경 지원,1,Knowledge(지식),표준 작업 지침서
06,보건·의료,060209,임상병리검사,060209_L1,임상병리검사 기초 입문 및 업무 환경 지원,1,Knowledge(지식),기초 법령/규정
06,보건·의료,060209,임상병리검사,060209_L1,임상병리검사 기초 입문 및 업무 환경 지원,1,Skill(기술/도구),기초 전산 툴 조작
06,보건·의료,060209,임상병리검사,060209_L1,임상병리검사 기초 입문 및 업무 환경 지원,1,Skill(기술/도구),문서 서식 작성
06,보건·의료,060209,임상병리검사,060209_L1,임상병리검사 기초 입문 및 업무 환경 지원,1,Skill(기술/도구),자료 검색 및 분류
06,보건·의료,060209,임상병리검사,060209_L1,임상병리검사 기초 입문 및 업무 환경 지원,1,Attitude(태도),규정 준수 의식
06,보건·의료,060209,임상병리검사,060209_L1,임상병리검사 기초 입문 및 업무 환경 지원,1,Attitude(태도),성실한 업무 지원 태도
06,보건·의료,060209,임상병리검사,060209_L2,임상병리검사 초급 실무 및 정형 과업 수행,2,Knowledge(지식),임상병리검사 실무 프로세스
06,보건·의료,060209,임상병리검사,060209_L2,임상병리검사 초급 실무 및 정형 과업 수행,2,Knowledge(지식),단위 업무 품질 기준
06,보건·의료,060209,임상병리검사,060209_L2,임상병리검사 초급 실무 및 정형 과업 수행,2,Knowledge(지식),데이터 검증 기법
06,보건·의료,060209,임상병리검사,060209_L2,임상병리검사 초급 실무 및 정형 과업 수행,2,Skill(기술/도구),실무 도구/SW 조작
06,보건·의료,060209,임상병리검사,060209_L2,임상병리검사 초급 실무 및 정형 과업 수행,2,Skill(기술/도구),데이터 정제 및 가공
06,보건·의료,060209,임상병리검사,060209_L2,임상병리검사 초급 실무 및 정형 과업 수행,2,Skill(기술/도구),단위 결과물 산출
06,보건·의료,060209,임상병리검사,060209_L2,임상병리검사 초급 실무 및 정형 과업 수행,2,Attitude(태도),정확성과 꼼꼼함
06,보건·의료,060209,임상병리검사,060209_L2,임상병리검사 초급 실무 및 정형 과업 수행,2,Attitude(태도),기한 준수 책임감
06,보건·의료,060209,임상병리검사,060209_L3,임상병리검사 중급 독립 실무 및 문제해결 엔지니어링,3,Knowledge(지식),심화 모델링/설계 이론
06,보건·의료,060209,임상병리검사,060209_L3,임상병리검사 중급 독립 실무 및 문제해결 엔지니어링,3,Knowledge(지식),성능 지표(KPI) 분석법
06,보건·의료,060209,임상병리검사,060209_L3,임상병리검사 중급 독립 실무 및 문제해결 엔지니어링,3,Knowledge(지식),이슈 해결 방법론
06,보건·의료,060209,임상병리검사,060209_L3,임상병리검사 중급 독립 실무 및 문제해결 엔지니어링,3,Skill(기술/도구),고급 도구/코드/기기 활용
06,보건·의료,060209,임상병리검사,060209_L3,임상병리검사 중급 독립 실무 및 문제해결 엔지니어링,3,Skill(기술/도구),원인 분석 및 조치
06,보건·의료,060209,임상병리검사,060209_L3,임상병리검사 중급 독립 실무 및 문제해결 엔지니어링,3,Skill(기술/도구),성과 분석 리포팅
06,보건·의료,060209,임상병리검사,060209_L3,임상병리검사 중급 독립 실무 및 문제해결 엔지니어링,3,Attitude(태도),분석적 사고력
06,보건·의료,060209,임상병리검사,060209_L3,임상병리검사 중급 독립 실무 및 문제해결 엔지니어링,3,Attitude(태도),타 부서와의 원활한 협업 소통
06,보건·의료,060209,임상병리검사,060209_L4,임상병리검사 고급 전문화 및 프로젝트/팀 리딩,4,Knowledge(지식),신기술 융합 아키텍처
06,보건·의료,060209,임상병리검사,060209_L4,임상병리검사 고급 전문화 및 프로젝트/팀 리딩,4,Knowledge(지식),프로젝트 관리론(PMBOK/Agile)
06,보건·의료,060209,임상병리검사,060209_L4,임상병리검사 고급 전문화 및 프로젝트/팀 리딩,4,Knowledge(지식),품질보증(QA) 거버넌스
06,보건·의료,060209,임상병리검사,060209_L4,임상병리검사 고급 전문화 및 프로젝트/팀 리딩,4,Skill(기술/도구),전체 시스템 아키텍처 설계
06,보건·의료,060209,임상병리검사,060209_L4,임상병리검사 고급 전문화 및 프로젝트/팀 리딩,4,Skill(기술/도구),애자일 스프린트 리딩
06,보건·의료,060209,임상병리검사,060209_L4,임상병리검사 고급 전문화 및 프로젝트/팀 리딩,4,Skill(기술/도구),신기술 PoC 검증
06,보건·의료,060209,임상병리검사,060209_L4,임상병리검사 고급 전문화 및 프로젝트/팀 리딩,4,Attitude(태도),혁신 지향 리더십
06,보건·의료,060209,임상병리검사,060209_L4,임상병리검사 고급 전문화 및 프로젝트/팀 리딩,4,Attitude(태도),동료 성장 멘토링 마인드
06,보건·의료,060209,임상병리검사,060209_L5,임상병리검사 전략 기획 및 전사 거버넌스 총괄,5,Knowledge(지식),경영 전략 및 자본 예산 배분
06,보건·의료,060209,임상병리검사,060209_L5,임상병리검사 전략 기획 및 전사 거버넌스 총괄,5,Knowledge(지식),국내외 규제 컴플라이언스
06,보건·의료,060209,임상병리검사,060209_L5,임상병리검사 전략 기획 및 전사 거버넌스 총괄,5,Knowledge(지식),엔터프라이즈 거버넌스
06,보건·의료,060209,임상병리검사,060209_L5,임상병리검사 전략 기획 및 전사 거버넌스 총괄,5,Skill(기술/도구),전사 로드맵 수립
06,보건·의료,060209,임상병리검사,060209_L5,임상병리검사 전략 기획 및 전사 거버넌스 총괄,5,Skill(기술/도구),투자 대비 성과(ROI) 모델링
06,보건·의료,060209,임상병리검사,060209_L5,임상병리검사 전략 기획 및 전사 거버넌스 총괄,5,Skill(기술/도구),최고 의사결정 전략 제언
06,보건·의료,060209,임상병리검사,060209_L5,임상병리검사 전략 기획 및 전사 거버넌스 총괄,5,Attitude(태도),거시적 통찰력
06,보건·의료,060209,임상병리검사,060209_L5,임상병리검사 전략 기획 및 전사 거버넌스 총괄,5,Attitude(태도),전략적 윤리 리더십
06,보건·의료,060210,방사선촬영관리,060210_L1,방사선촬영관리 기초 입문 및 업무 환경 지원,1,Knowledge(지식),방사선촬영관리 개론
06,보건·의료,060210,방사선촬영관리,060210_L1,방사선촬영관리 기초 입문 및 업무 환경 지원,1,Knowledge(지식),표준 작업 지침서
06,보건·의료,060210,방사선촬영관리,060210_L1,방사선촬영관리 기초 입문 및 업무 환경 지원,1,Knowledge(지식),기초 법령/규정
06,보건·의료,060210,방사선촬영관리,060210_L1,방사선촬영관리 기초 입문 및 업무 환경 지원,1,Skill(기술/도구),기초 전산 툴 조작
06,보건·의료,060210,방사선촬영관리,060210_L1,방사선촬영관리 기초 입문 및 업무 환경 지원,1,Skill(기술/도구),문서 서식 작성
06,보건·의료,060210,방사선촬영관리,060210_L1,방사선촬영관리 기초 입문 및 업무 환경 지원,1,Skill(기술/도구),자료 검색 및 분류
06,보건·의료,060210,방사선촬영관리,060210_L1,방사선촬영관리 기초 입문 및 업무 환경 지원,1,Attitude(태도),규정 준수 의식
06,보건·의료,060210,방사선촬영관리,060210_L1,방사선촬영관리 기초 입문 및 업무 환경 지원,1,Attitude(태도),성실한 업무 지원 태도
06,보건·의료,060210,방사선촬영관리,060210_L2,방사선촬영관리 초급 실무 및 정형 과업 수행,2,Knowledge(지식),방사선촬영관리 실무 프로세스
06,보건·의료,060210,방사선촬영관리,060210_L2,방사선촬영관리 초급 실무 및 정형 과업 수행,2,Knowledge(지식),단위 업무 품질 기준
06,보건·의료,060210,방사선촬영관리,060210_L2,방사선촬영관리 초급 실무 및 정형 과업 수행,2,Knowledge(지식),데이터 검증 기법
06,보건·의료,060210,방사선촬영관리,060210_L2,방사선촬영관리 초급 실무 및 정형 과업 수행,2,Skill(기술/도구),실무 도구/SW 조작
06,보건·의료,060210,방사선촬영관리,060210_L2,방사선촬영관리 초급 실무 및 정형 과업 수행,2,Skill(기술/도구),데이터 정제 및 가공
06,보건·의료,060210,방사선촬영관리,060210_L2,방사선촬영관리 초급 실무 및 정형 과업 수행,2,Skill(기술/도구),단위 결과물 산출
06,보건·의료,060210,방사선촬영관리,060210_L2,방사선촬영관리 초급 실무 및 정형 과업 수행,2,Attitude(태도),정확성과 꼼꼼함
06,보건·의료,060210,방사선촬영관리,060210_L2,방사선촬영관리 초급 실무 및 정형 과업 수행,2,Attitude(태도),기한 준수 책임감
06,보건·의료,060210,방사선촬영관리,060210_L3,방사선촬영관리 중급 독립 실무 및 문제해결 엔지니어링,3,Knowledge(지식),심화 모델링/설계 이론
06,보건·의료,060210,방사선촬영관리,060210_L3,방사선촬영관리 중급 독립 실무 및 문제해결 엔지니어링,3,Knowledge(지식),성능 지표(KPI) 분석법
06,보건·의료,060210,방사선촬영관리,060210_L3,방사선촬영관리 중급 독립 실무 및 문제해결 엔지니어링,3,Knowledge(지식),이슈 해결 방법론
06,보건·의료,060210,방사선촬영관리,060210_L3,방사선촬영관리 중급 독립 실무 및 문제해결 엔지니어링,3,Skill(기술/도구),고급 도구/코드/기기 활용
06,보건·의료,060210,방사선촬영관리,060210_L3,방사선촬영관리 중급 독립 실무 및 문제해결 엔지니어링,3,Skill(기술/도구),원인 분석 및 조치
06,보건·의료,060210,방사선촬영관리,060210_L3,방사선촬영관리 중급 독립 실무 및 문제해결 엔지니어링,3,Skill(기술/도구),성과 분석 리포팅
06,보건·의료,060210,방사선촬영관리,060210_L3,방사선촬영관리 중급 독립 실무 및 문제해결 엔지니어링,3,Attitude(태도),분석적 사고력
06,보건·의료,060210,방사선촬영관리,060210_L3,방사선촬영관리 중급 독립 실무 및 문제해결 엔지니어링,3,Attitude(태도),타 부서와의 원활한 협업 소통
06,보건·의료,060210,방사선촬영관리,060210_L4,방사선촬영관리 고급 전문화 및 프로젝트/팀 리딩,4,Knowledge(지식),신기술 융합 아키텍처
06,보건·의료,060210,방사선촬영관리,060210_L4,방사선촬영관리 고급 전문화 및 프로젝트/팀 리딩,4,Knowledge(지식),프로젝트 관리론(PMBOK/Agile)
06,보건·의료,060210,방사선촬영관리,060210_L4,방사선촬영관리 고급 전문화 및 프로젝트/팀 리딩,4,Knowledge(지식),품질보증(QA) 거버넌스
06,보건·의료,060210,방사선촬영관리,060210_L4,방사선촬영관리 고급 전문화 및 프로젝트/팀 리딩,4,Skill(기술/도구),전체 시스템 아키텍처 설계
06,보건·의료,060210,방사선촬영관리,060210_L4,방사선촬영관리 고급 전문화 및 프로젝트/팀 리딩,4,Skill(기술/도구),애자일 스프린트 리딩
06,보건·의료,060210,방사선촬영관리,060210_L4,방사선촬영관리 고급 전문화 및 프로젝트/팀 리딩,4,Skill(기술/도구),신기술 PoC 검증
06,보건·의료,060210,방사선촬영관리,060210_L4,방사선촬영관리 고급 전문화 및 프로젝트/팀 리딩,4,Attitude(태도),혁신 지향 리더십
06,보건·의료,060210,방사선촬영관리,060210_L4,방사선촬영관리 고급 전문화 및 프로젝트/팀 리딩,4,Attitude(태도),동료 성장 멘토링 마인드
06,보건·의료,060210,방사선촬영관리,060210_L5,방사선촬영관리 전략 기획 및 전사 거버넌스 총괄,5,Knowledge(지식),경영 전략 및 자본 예산 배분
06,보건·의료,060210,방사선촬영관리,060210_L5,방사선촬영관리 전략 기획 및 전사 거버넌스 총괄,5,Knowledge(지식),국내외 규제 컴플라이언스
06,보건·의료,060210,방사선촬영관리,060210_L5,방사선촬영관리 전략 기획 및 전사 거버넌스 총괄,5,Knowledge(지식),엔터프라이즈 거버넌스
06,보건·의료,060210,방사선촬영관리,060210_L5,방사선촬영관리 전략 기획 및 전사 거버넌스 총괄,5,Skill(기술/도구),전사 로드맵 수립
06,보건·의료,060210,방사선촬영관리,060210_L5,방사선촬영관리 전략 기획 및 전사 거버넌스 총괄,5,Skill(기술/도구),투자 대비 성과(ROI) 모델링
06,보건·의료,060210,방사선촬영관리,060210_L5,방사선촬영관리 전략 기획 및 전사 거버넌스 총괄,5,Skill(기술/도구),최고 의사결정 전략 제언
06,보건·의료,060210,방사선촬영관리,060210_L5,방사선촬영관리 전략 기획 및 전사 거버넌스 총괄,5,Attitude(태도),거시적 통찰력
06,보건·의료,060210,방사선촬영관리,060210_L5,방사선촬영관리 전략 기획 및 전사 거버넌스 총괄,5,Attitude(태도),전략적 윤리 리더십
06,보건·의료,060211,의료기기인허가(RA),060211_L1,의료기기인허가(RA) 기초 입문 및 업무 환경 지원,1,Knowledge(지식),의료기기인허가(RA) 개론
06,보건·의료,060211,의료기기인허가(RA),060211_L1,의료기기인허가(RA) 기초 입문 및 업무 환경 지원,1,Knowledge(지식),표준 작업 지침서
06,보건·의료,060211,의료기기인허가(RA),060211_L1,의료기기인허가(RA) 기초 입문 및 업무 환경 지원,1,Knowledge(지식),기초 법령/규정
06,보건·의료,060211,의료기기인허가(RA),060211_L1,의료기기인허가(RA) 기초 입문 및 업무 환경 지원,1,Skill(기술/도구),기초 전산 툴 조작
06,보건·의료,060211,의료기기인허가(RA),060211_L1,의료기기인허가(RA) 기초 입문 및 업무 환경 지원,1,Skill(기술/도구),문서 서식 작성
06,보건·의료,060211,의료기기인허가(RA),060211_L1,의료기기인허가(RA) 기초 입문 및 업무 환경 지원,1,Skill(기술/도구),자료 검색 및 분류
06,보건·의료,060211,의료기기인허가(RA),060211_L1,의료기기인허가(RA) 기초 입문 및 업무 환경 지원,1,Attitude(태도),규정 준수 의식
06,보건·의료,060211,의료기기인허가(RA),060211_L1,의료기기인허가(RA) 기초 입문 및 업무 환경 지원,1,Attitude(태도),성실한 업무 지원 태도
06,보건·의료,060211,의료기기인허가(RA),060211_L2,의료기기인허가(RA) 초급 실무 및 정형 과업 수행,2,Knowledge(지식),의료기기인허가(RA) 실무 프로세스
06,보건·의료,060211,의료기기인허가(RA),060211_L2,의료기기인허가(RA) 초급 실무 및 정형 과업 수행,2,Knowledge(지식),단위 업무 품질 기준
06,보건·의료,060211,의료기기인허가(RA),060211_L2,의료기기인허가(RA) 초급 실무 및 정형 과업 수행,2,Knowledge(지식),데이터 검증 기법
06,보건·의료,060211,의료기기인허가(RA),060211_L2,의료기기인허가(RA) 초급 실무 및 정형 과업 수행,2,Skill(기술/도구),실무 도구/SW 조작
06,보건·의료,060211,의료기기인허가(RA),060211_L2,의료기기인허가(RA) 초급 실무 및 정형 과업 수행,2,Skill(기술/도구),데이터 정제 및 가공
06,보건·의료,060211,의료기기인허가(RA),060211_L2,의료기기인허가(RA) 초급 실무 및 정형 과업 수행,2,Skill(기술/도구),단위 결과물 산출
06,보건·의료,060211,의료기기인허가(RA),060211_L2,의료기기인허가(RA) 초급 실무 및 정형 과업 수행,2,Attitude(태도),정확성과 꼼꼼함
06,보건·의료,060211,의료기기인허가(RA),060211_L2,의료기기인허가(RA) 초급 실무 및 정형 과업 수행,2,Attitude(태도),기한 준수 책임감
06,보건·의료,060211,의료기기인허가(RA),060211_L3,의료기기인허가(RA) 중급 독립 실무 및 문제해결 엔지니어링,3,Knowledge(지식),심화 모델링/설계 이론
06,보건·의료,060211,의료기기인허가(RA),060211_L3,의료기기인허가(RA) 중급 독립 실무 및 문제해결 엔지니어링,3,Knowledge(지식),성능 지표(KPI) 분석법
06,보건·의료,060211,의료기기인허가(RA),060211_L3,의료기기인허가(RA) 중급 독립 실무 및 문제해결 엔지니어링,3,Knowledge(지식),이슈 해결 방법론
06,보건·의료,060211,의료기기인허가(RA),060211_L3,의료기기인허가(RA) 중급 독립 실무 및 문제해결 엔지니어링,3,Skill(기술/도구),고급 도구/코드/기기 활용
06,보건·의료,060211,의료기기인허가(RA),060211_L3,의료기기인허가(RA) 중급 독립 실무 및 문제해결 엔지니어링,3,Skill(기술/도구),원인 분석 및 조치
06,보건·의료,060211,의료기기인허가(RA),060211_L3,의료기기인허가(RA) 중급 독립 실무 및 문제해결 엔지니어링,3,Skill(기술/도구),성과 분석 리포팅
06,보건·의료,060211,의료기기인허가(RA),060211_L3,의료기기인허가(RA) 중급 독립 실무 및 문제해결 엔지니어링,3,Attitude(태도),분석적 사고력
06,보건·의료,060211,의료기기인허가(RA),060211_L3,의료기기인허가(RA) 중급 독립 실무 및 문제해결 엔지니어링,3,Attitude(태도),타 부서와의 원활한 협업 소통
06,보건·의료,060211,의료기기인허가(RA),060211_L4,의료기기인허가(RA) 고급 전문화 및 프로젝트/팀 리딩,4,Knowledge(지식),신기술 융합 아키텍처
06,보건·의료,060211,의료기기인허가(RA),060211_L4,의료기기인허가(RA) 고급 전문화 및 프로젝트/팀 리딩,4,Knowledge(지식),프로젝트 관리론(PMBOK/Agile)
06,보건·의료,060211,의료기기인허가(RA),060211_L4,의료기기인허가(RA) 고급 전문화 및 프로젝트/팀 리딩,4,Knowledge(지식),품질보증(QA) 거버넌스
06,보건·의료,060211,의료기기인허가(RA),060211_L4,의료기기인허가(RA) 고급 전문화 및 프로젝트/팀 리딩,4,Skill(기술/도구),전체 시스템 아키텍처 설계
06,보건·의료,060211,의료기기인허가(RA),060211_L4,의료기기인허가(RA) 고급 전문화 및 프로젝트/팀 리딩,4,Skill(기술/도구),애자일 스프린트 리딩
06,보건·의료,060211,의료기기인허가(RA),060211_L4,의료기기인허가(RA) 고급 전문화 및 프로젝트/팀 리딩,4,Skill(기술/도구),신기술 PoC 검증
06,보건·의료,060211,의료기기인허가(RA),060211_L4,의료기기인허가(RA) 고급 전문화 및 프로젝트/팀 리딩,4,Attitude(태도),혁신 지향 리더십
06,보건·의료,060211,의료기기인허가(RA),060211_L4,의료기기인허가(RA) 고급 전문화 및 프로젝트/팀 리딩,4,Attitude(태도),동료 성장 멘토링 마인드
06,보건·의료,060211,의료기기인허가(RA),060211_L5,의료기기인허가(RA) 전략 기획 및 전사 거버넌스 총괄,5,Knowledge(지식),경영 전략 및 자본 예산 배분
06,보건·의료,060211,의료기기인허가(RA),060211_L5,의료기기인허가(RA) 전략 기획 및 전사 거버넌스 총괄,5,Knowledge(지식),국내외 규제 컴플라이언스
06,보건·의료,060211,의료기기인허가(RA),060211_L5,의료기기인허가(RA) 전략 기획 및 전사 거버넌스 총괄,5,Knowledge(지식),엔터프라이즈 거버넌스
06,보건·의료,060211,의료기기인허가(RA),060211_L5,의료기기인허가(RA) 전략 기획 및 전사 거버넌스 총괄,5,Skill(기술/도구),전사 로드맵 수립
06,보건·의료,060211,의료기기인허가(RA),060211_L5,의료기기인허가(RA) 전략 기획 및 전사 거버넌스 총괄,5,Skill(기술/도구),투자 대비 성과(ROI) 모델링
06,보건·의료,060211,의료기기인허가(RA),060211_L5,의료기기인허가(RA) 전략 기획 및 전사 거버넌스 총괄,5,Skill(기술/도구),최고 의사결정 전략 제언
06,보건·의료,060211,의료기기인허가(RA),060211_L5,의료기기인허가(RA) 전략 기획 및 전사 거버넌스 총괄,5,Attitude(태도),거시적 통찰력
06,보건·의료,060211,의료기기인허가(RA),060211_L5,의료기기인허가(RA) 전략 기획 및 전사 거버넌스 총괄,5,Attitude(태도),전략적 윤리 리더십
07,사회복지·종교,070101,사회복지프로그램개발,070101_L1,사회복지프로그램개발 기초 입문 및 업무 환경 지원,1,Knowledge(지식),사회복지프로그램개발 개론
07,사회복지·종교,070101,사회복지프로그램개발,070101_L1,사회복지프로그램개발 기초 입문 및 업무 환경 지원,1,Knowledge(지식),표준 작업 지침서
07,사회복지·종교,070101,사회복지프로그램개발,070101_L1,사회복지프로그램개발 기초 입문 및 업무 환경 지원,1,Knowledge(지식),기초 법령/규정
07,사회복지·종교,070101,사회복지프로그램개발,070101_L1,사회복지프로그램개발 기초 입문 및 업무 환경 지원,1,Skill(기술/도구),기초 전산 툴 조작
07,사회복지·종교,070101,사회복지프로그램개발,070101_L1,사회복지프로그램개발 기초 입문 및 업무 환경 지원,1,Skill(기술/도구),문서 서식 작성
07,사회복지·종교,070101,사회복지프로그램개발,070101_L1,사회복지프로그램개발 기초 입문 및 업무 환경 지원,1,Skill(기술/도구),자료 검색 및 분류
07,사회복지·종교,070101,사회복지프로그램개발,070101_L1,사회복지프로그램개발 기초 입문 및 업무 환경 지원,1,Attitude(태도),규정 준수 의식
07,사회복지·종교,070101,사회복지프로그램개발,070101_L1,사회복지프로그램개발 기초 입문 및 업무 환경 지원,1,Attitude(태도),성실한 업무 지원 태도
07,사회복지·종교,070101,사회복지프로그램개발,070101_L2,사회복지프로그램개발 초급 실무 및 정형 과업 수행,2,Knowledge(지식),사회복지프로그램개발 실무 프로세스
07,사회복지·종교,070101,사회복지프로그램개발,070101_L2,사회복지프로그램개발 초급 실무 및 정형 과업 수행,2,Knowledge(지식),단위 업무 품질 기준
07,사회복지·종교,070101,사회복지프로그램개발,070101_L2,사회복지프로그램개발 초급 실무 및 정형 과업 수행,2,Knowledge(지식),데이터 검증 기법
07,사회복지·종교,070101,사회복지프로그램개발,070101_L2,사회복지프로그램개발 초급 실무 및 정형 과업 수행,2,Skill(기술/도구),실무 도구/SW 조작
07,사회복지·종교,070101,사회복지프로그램개발,070101_L2,사회복지프로그램개발 초급 실무 및 정형 과업 수행,2,Skill(기술/도구),데이터 정제 및 가공
07,사회복지·종교,070101,사회복지프로그램개발,070101_L2,사회복지프로그램개발 초급 실무 및 정형 과업 수행,2,Skill(기술/도구),단위 결과물 산출
07,사회복지·종교,070101,사회복지프로그램개발,070101_L2,사회복지프로그램개발 초급 실무 및 정형 과업 수행,2,Attitude(태도),정확성과 꼼꼼함
07,사회복지·종교,070101,사회복지프로그램개발,070101_L2,사회복지프로그램개발 초급 실무 및 정형 과업 수행,2,Attitude(태도),기한 준수 책임감
07,사회복지·종교,070101,사회복지프로그램개발,070101_L3,사회복지프로그램개발 중급 독립 실무 및 문제해결 엔지니어링,3,Knowledge(지식),심화 모델링/설계 이론
07,사회복지·종교,070101,사회복지프로그램개발,070101_L3,사회복지프로그램개발 중급 독립 실무 및 문제해결 엔지니어링,3,Knowledge(지식),성능 지표(KPI) 분석법
07,사회복지·종교,070101,사회복지프로그램개발,070101_L3,사회복지프로그램개발 중급 독립 실무 및 문제해결 엔지니어링,3,Knowledge(지식),이슈 해결 방법론
07,사회복지·종교,070101,사회복지프로그램개발,070101_L3,사회복지프로그램개발 중급 독립 실무 및 문제해결 엔지니어링,3,Skill(기술/도구),고급 도구/코드/기기 활용
07,사회복지·종교,070101,사회복지프로그램개발,070101_L3,사회복지프로그램개발 중급 독립 실무 및 문제해결 엔지니어링,3,Skill(기술/도구),원인 분석 및 조치
07,사회복지·종교,070101,사회복지프로그램개발,070101_L3,사회복지프로그램개발 중급 독립 실무 및 문제해결 엔지니어링,3,Skill(기술/도구),성과 분석 리포팅
07,사회복지·종교,070101,사회복지프로그램개발,070101_L3,사회복지프로그램개발 중급 독립 실무 및 문제해결 엔지니어링,3,Attitude(태도),분석적 사고력
07,사회복지·종교,070101,사회복지프로그램개발,070101_L3,사회복지프로그램개발 중급 독립 실무 및 문제해결 엔지니어링,3,Attitude(태도),타 부서와의 원활한 협업 소통
07,사회복지·종교,070101,사회복지프로그램개발,070101_L4,사회복지프로그램개발 고급 전문화 및 프로젝트/팀 리딩,4,Knowledge(지식),신기술 융합 아키텍처
07,사회복지·종교,070101,사회복지프로그램개발,070101_L4,사회복지프로그램개발 고급 전문화 및 프로젝트/팀 리딩,4,Knowledge(지식),프로젝트 관리론(PMBOK/Agile)
07,사회복지·종교,070101,사회복지프로그램개발,070101_L4,사회복지프로그램개발 고급 전문화 및 프로젝트/팀 리딩,4,Knowledge(지식),품질보증(QA) 거버넌스
07,사회복지·종교,070101,사회복지프로그램개발,070101_L4,사회복지프로그램개발 고급 전문화 및 프로젝트/팀 리딩,4,Skill(기술/도구),전체 시스템 아키텍처 설계
07,사회복지·종교,070101,사회복지프로그램개발,070101_L4,사회복지프로그램개발 고급 전문화 및 프로젝트/팀 리딩,4,Skill(기술/도구),애자일 스프린트 리딩
07,사회복지·종교,070101,사회복지프로그램개발,070101_L4,사회복지프로그램개발 고급 전문화 및 프로젝트/팀 리딩,4,Skill(기술/도구),신기술 PoC 검증
07,사회복지·종교,070101,사회복지프로그램개발,070101_L4,사회복지프로그램개발 고급 전문화 및 프로젝트/팀 리딩,4,Attitude(태도),혁신 지향 리더십
07,사회복지·종교,070101,사회복지프로그램개발,070101_L4,사회복지프로그램개발 고급 전문화 및 프로젝트/팀 리딩,4,Attitude(태도),동료 성장 멘토링 마인드
07,사회복지·종교,070101,사회복지프로그램개발,070101_L5,사회복지프로그램개발 전략 기획 및 전사 거버넌스 총괄,5,Knowledge(지식),경영 전략 및 자본 예산 배분
07,사회복지·종교,070101,사회복지프로그램개발,070101_L5,사회복지프로그램개발 전략 기획 및 전사 거버넌스 총괄,5,Knowledge(지식),국내외 규제 컴플라이언스
07,사회복지·종교,070101,사회복지프로그램개발,070101_L5,사회복지프로그램개발 전략 기획 및 전사 거버넌스 총괄,5,Knowledge(지식),엔터프라이즈 거버넌스
07,사회복지·종교,070101,사회복지프로그램개발,070101_L5,사회복지프로그램개발 전략 기획 및 전사 거버넌스 총괄,5,Skill(기술/도구),전사 로드맵 수립
07,사회복지·종교,070101,사회복지프로그램개발,070101_L5,사회복지프로그램개발 전략 기획 및 전사 거버넌스 총괄,5,Skill(기술/도구),투자 대비 성과(ROI) 모델링
07,사회복지·종교,070101,사회복지프로그램개발,070101_L5,사회복지프로그램개발 전략 기획 및 전사 거버넌스 총괄,5,Skill(기술/도구),최고 의사결정 전략 제언
07,사회복지·종교,070101,사회복지프로그램개발,070101_L5,사회복지프로그램개발 전략 기획 및 전사 거버넌스 총괄,5,Attitude(태도),거시적 통찰력
07,사회복지·종교,070101,사회복지프로그램개발,070101_L5,사회복지프로그램개발 전략 기획 및 전사 거버넌스 총괄,5,Attitude(태도),전략적 윤리 리더십
07,사회복지·종교,070102,통합사례관리,070102_L1,통합사례관리 기초 입문 및 업무 환경 지원,1,Knowledge(지식),통합사례관리 개론
07,사회복지·종교,070102,통합사례관리,070102_L1,통합사례관리 기초 입문 및 업무 환경 지원,1,Knowledge(지식),표준 작업 지침서
07,사회복지·종교,070102,통합사례관리,070102_L1,통합사례관리 기초 입문 및 업무 환경 지원,1,Knowledge(지식),기초 법령/규정
07,사회복지·종교,070102,통합사례관리,070102_L1,통합사례관리 기초 입문 및 업무 환경 지원,1,Skill(기술/도구),기초 전산 툴 조작
07,사회복지·종교,070102,통합사례관리,070102_L1,통합사례관리 기초 입문 및 업무 환경 지원,1,Skill(기술/도구),문서 서식 작성
07,사회복지·종교,070102,통합사례관리,070102_L1,통합사례관리 기초 입문 및 업무 환경 지원,1,Skill(기술/도구),자료 검색 및 분류
07,사회복지·종교,070102,통합사례관리,070102_L1,통합사례관리 기초 입문 및 업무 환경 지원,1,Attitude(태도),규정 준수 의식
07,사회복지·종교,070102,통합사례관리,070102_L1,통합사례관리 기초 입문 및 업무 환경 지원,1,Attitude(태도),성실한 업무 지원 태도
07,사회복지·종교,070102,통합사례관리,070102_L2,통합사례관리 초급 실무 및 정형 과업 수행,2,Knowledge(지식),통합사례관리 실무 프로세스
07,사회복지·종교,070102,통합사례관리,070102_L2,통합사례관리 초급 실무 및 정형 과업 수행,2,Knowledge(지식),단위 업무 품질 기준
07,사회복지·종교,070102,통합사례관리,070102_L2,통합사례관리 초급 실무 및 정형 과업 수행,2,Knowledge(지식),데이터 검증 기법
07,사회복지·종교,070102,통합사례관리,070102_L2,통합사례관리 초급 실무 및 정형 과업 수행,2,Skill(기술/도구),실무 도구/SW 조작
07,사회복지·종교,070102,통합사례관리,070102_L2,통합사례관리 초급 실무 및 정형 과업 수행,2,Skill(기술/도구),데이터 정제 및 가공
07,사회복지·종교,070102,통합사례관리,070102_L2,통합사례관리 초급 실무 및 정형 과업 수행,2,Skill(기술/도구),단위 결과물 산출
07,사회복지·종교,070102,통합사례관리,070102_L2,통합사례관리 초급 실무 및 정형 과업 수행,2,Attitude(태도),정확성과 꼼꼼함
07,사회복지·종교,070102,통합사례관리,070102_L2,통합사례관리 초급 실무 및 정형 과업 수행,2,Attitude(태도),기한 준수 책임감
07,사회복지·종교,070102,통합사례관리,070102_L3,통합사례관리 중급 독립 실무 및 문제해결 엔지니어링,3,Knowledge(지식),심화 모델링/설계 이론
07,사회복지·종교,070102,통합사례관리,070102_L3,통합사례관리 중급 독립 실무 및 문제해결 엔지니어링,3,Knowledge(지식),성능 지표(KPI) 분석법
07,사회복지·종교,070102,통합사례관리,070102_L3,통합사례관리 중급 독립 실무 및 문제해결 엔지니어링,3,Knowledge(지식),이슈 해결 방법론
07,사회복지·종교,070102,통합사례관리,070102_L3,통합사례관리 중급 독립 실무 및 문제해결 엔지니어링,3,Skill(기술/도구),고급 도구/코드/기기 활용
07,사회복지·종교,070102,통합사례관리,070102_L3,통합사례관리 중급 독립 실무 및 문제해결 엔지니어링,3,Skill(기술/도구),원인 분석 및 조치
07,사회복지·종교,070102,통합사례관리,070102_L3,통합사례관리 중급 독립 실무 및 문제해결 엔지니어링,3,Skill(기술/도구),성과 분석 리포팅
07,사회복지·종교,070102,통합사례관리,070102_L3,통합사례관리 중급 독립 실무 및 문제해결 엔지니어링,3,Attitude(태도),분석적 사고력
07,사회복지·종교,070102,통합사례관리,070102_L3,통합사례관리 중급 독립 실무 및 문제해결 엔지니어링,3,Attitude(태도),타 부서와의 원활한 협업 소통
07,사회복지·종교,070102,통합사례관리,070102_L4,통합사례관리 고급 전문화 및 프로젝트/팀 리딩,4,Knowledge(지식),신기술 융합 아키텍처
07,사회복지·종교,070102,통합사례관리,070102_L4,통합사례관리 고급 전문화 및 프로젝트/팀 리딩,4,Knowledge(지식),프로젝트 관리론(PMBOK/Agile)
07,사회복지·종교,070102,통합사례관리,070102_L4,통합사례관리 고급 전문화 및 프로젝트/팀 리딩,4,Knowledge(지식),품질보증(QA) 거버넌스
07,사회복지·종교,070102,통합사례관리,070102_L4,통합사례관리 고급 전문화 및 프로젝트/팀 리딩,4,Skill(기술/도구),전체 시스템 아키텍처 설계
07,사회복지·종교,070102,통합사례관리,070102_L4,통합사례관리 고급 전문화 및 프로젝트/팀 리딩,4,Skill(기술/도구),애자일 스프린트 리딩
07,사회복지·종교,070102,통합사례관리,070102_L4,통합사례관리 고급 전문화 및 프로젝트/팀 리딩,4,Skill(기술/도구),신기술 PoC 검증
07,사회복지·종교,070102,통합사례관리,070102_L4,통합사례관리 고급 전문화 및 프로젝트/팀 리딩,4,Attitude(태도),혁신 지향 리더십
07,사회복지·종교,070102,통합사례관리,070102_L4,통합사례관리 고급 전문화 및 프로젝트/팀 리딩,4,Attitude(태도),동료 성장 멘토링 마인드
07,사회복지·종교,070102,통합사례관리,070102_L5,통합사례관리 전략 기획 및 전사 거버넌스 총괄,5,Knowledge(지식),경영 전략 및 자본 예산 배분
07,사회복지·종교,070102,통합사례관리,070102_L5,통합사례관리 전략 기획 및 전사 거버넌스 총괄,5,Knowledge(지식),국내외 규제 컴플라이언스
07,사회복지·종교,070102,통합사례관리,070102_L5,통합사례관리 전략 기획 및 전사 거버넌스 총괄,5,Knowledge(지식),엔터프라이즈 거버넌스
07,사회복지·종교,070102,통합사례관리,070102_L5,통합사례관리 전략 기획 및 전사 거버넌스 총괄,5,Skill(기술/도구),전사 로드맵 수립
07,사회복지·종교,070102,통합사례관리,070102_L5,통합사례관리 전략 기획 및 전사 거버넌스 총괄,5,Skill(기술/도구),투자 대비 성과(ROI) 모델링
07,사회복지·종교,070102,통합사례관리,070102_L5,통합사례관리 전략 기획 및 전사 거버넌스 총괄,5,Skill(기술/도구),최고 의사결정 전략 제언
07,사회복지·종교,070102,통합사례관리,070102_L5,통합사례관리 전략 기획 및 전사 거버넌스 총괄,5,Attitude(태도),거시적 통찰력
07,사회복지·종교,070102,통합사례관리,070102_L5,통합사례관리 전략 기획 및 전사 거버넌스 총괄,5,Attitude(태도),전략적 윤리 리더십
07,사회복지·종교,070103,노인복지서비스,070103_L1,노인복지서비스 기초 입문 및 업무 환경 지원,1,Knowledge(지식),노인복지서비스 개론
07,사회복지·종교,070103,노인복지서비스,070103_L1,노인복지서비스 기초 입문 및 업무 환경 지원,1,Knowledge(지식),표준 작업 지침서
07,사회복지·종교,070103,노인복지서비스,070103_L1,노인복지서비스 기초 입문 및 업무 환경 지원,1,Knowledge(지식),기초 법령/규정
07,사회복지·종교,070103,노인복지서비스,070103_L1,노인복지서비스 기초 입문 및 업무 환경 지원,1,Skill(기술/도구),기초 전산 툴 조작
07,사회복지·종교,070103,노인복지서비스,070103_L1,노인복지서비스 기초 입문 및 업무 환경 지원,1,Skill(기술/도구),문서 서식 작성
07,사회복지·종교,070103,노인복지서비스,070103_L1,노인복지서비스 기초 입문 및 업무 환경 지원,1,Skill(기술/도구),자료 검색 및 분류
07,사회복지·종교,070103,노인복지서비스,070103_L1,노인복지서비스 기초 입문 및 업무 환경 지원,1,Attitude(태도),규정 준수 의식
07,사회복지·종교,070103,노인복지서비스,070103_L1,노인복지서비스 기초 입문 및 업무 환경 지원,1,Attitude(태도),성실한 업무 지원 태도
07,사회복지·종교,070103,노인복지서비스,070103_L2,노인복지서비스 초급 실무 및 정형 과업 수행,2,Knowledge(지식),노인복지서비스 실무 프로세스
07,사회복지·종교,070103,노인복지서비스,070103_L2,노인복지서비스 초급 실무 및 정형 과업 수행,2,Knowledge(지식),단위 업무 품질 기준
07,사회복지·종교,070103,노인복지서비스,070103_L2,노인복지서비스 초급 실무 및 정형 과업 수행,2,Knowledge(지식),데이터 검증 기법
07,사회복지·종교,070103,노인복지서비스,070103_L2,노인복지서비스 초급 실무 및 정형 과업 수행,2,Skill(기술/도구),실무 도구/SW 조작
07,사회복지·종교,070103,노인복지서비스,070103_L2,노인복지서비스 초급 실무 및 정형 과업 수행,2,Skill(기술/도구),데이터 정제 및 가공
07,사회복지·종교,070103,노인복지서비스,070103_L2,노인복지서비스 초급 실무 및 정형 과업 수행,2,Skill(기술/도구),단위 결과물 산출
07,사회복지·종교,070103,노인복지서비스,070103_L2,노인복지서비스 초급 실무 및 정형 과업 수행,2,Attitude(태도),정확성과 꼼꼼함
07,사회복지·종교,070103,노인복지서비스,070103_L2,노인복지서비스 초급 실무 및 정형 과업 수행,2,Attitude(태도),기한 준수 책임감
07,사회복지·종교,070103,노인복지서비스,070103_L3,노인복지서비스 중급 독립 실무 및 문제해결 엔지니어링,3,Knowledge(지식),심화 모델링/설계 이론
07,사회복지·종교,070103,노인복지서비스,070103_L3,노인복지서비스 중급 독립 실무 및 문제해결 엔지니어링,3,Knowledge(지식),성능 지표(KPI) 분석법
07,사회복지·종교,070103,노인복지서비스,070103_L3,노인복지서비스 중급 독립 실무 및 문제해결 엔지니어링,3,Knowledge(지식),이슈 해결 방법론
07,사회복지·종교,070103,노인복지서비스,070103_L3,노인복지서비스 중급 독립 실무 및 문제해결 엔지니어링,3,Skill(기술/도구),고급 도구/코드/기기 활용
07,사회복지·종교,070103,노인복지서비스,070103_L3,노인복지서비스 중급 독립 실무 및 문제해결 엔지니어링,3,Skill(기술/도구),원인 분석 및 조치
07,사회복지·종교,070103,노인복지서비스,070103_L3,노인복지서비스 중급 독립 실무 및 문제해결 엔지니어링,3,Skill(기술/도구),성과 분석 리포팅
07,사회복지·종교,070103,노인복지서비스,070103_L3,노인복지서비스 중급 독립 실무 및 문제해결 엔지니어링,3,Attitude(태도),분석적 사고력
07,사회복지·종교,070103,노인복지서비스,070103_L3,노인복지서비스 중급 독립 실무 및 문제해결 엔지니어링,3,Attitude(태도),타 부서와의 원활한 협업 소통
07,사회복지·종교,070103,노인복지서비스,070103_L4,노인복지서비스 고급 전문화 및 프로젝트/팀 리딩,4,Knowledge(지식),신기술 융합 아키텍처
07,사회복지·종교,070103,노인복지서비스,070103_L4,노인복지서비스 고급 전문화 및 프로젝트/팀 리딩,4,Knowledge(지식),프로젝트 관리론(PMBOK/Agile)
07,사회복지·종교,070103,노인복지서비스,070103_L4,노인복지서비스 고급 전문화 및 프로젝트/팀 리딩,4,Knowledge(지식),품질보증(QA) 거버넌스
07,사회복지·종교,070103,노인복지서비스,070103_L4,노인복지서비스 고급 전문화 및 프로젝트/팀 리딩,4,Skill(기술/도구),전체 시스템 아키텍처 설계
07,사회복지·종교,070103,노인복지서비스,070103_L4,노인복지서비스 고급 전문화 및 프로젝트/팀 리딩,4,Skill(기술/도구),애자일 스프린트 리딩
07,사회복지·종교,070103,노인복지서비스,070103_L4,노인복지서비스 고급 전문화 및 프로젝트/팀 리딩,4,Skill(기술/도구),신기술 PoC 검증
07,사회복지·종교,070103,노인복지서비스,070103_L4,노인복지서비스 고급 전문화 및 프로젝트/팀 리딩,4,Attitude(태도),혁신 지향 리더십
07,사회복지·종교,070103,노인복지서비스,070103_L4,노인복지서비스 고급 전문화 및 프로젝트/팀 리딩,4,Attitude(태도),동료 성장 멘토링 마인드
07,사회복지·종교,070103,노인복지서비스,070103_L5,노인복지서비스 전략 기획 및 전사 거버넌스 총괄,5,Knowledge(지식),경영 전략 및 자본 예산 배분
07,사회복지·종교,070103,노인복지서비스,070103_L5,노인복지서비스 전략 기획 및 전사 거버넌스 총괄,5,Knowledge(지식),국내외 규제 컴플라이언스
07,사회복지·종교,070103,노인복지서비스,070103_L5,노인복지서비스 전략 기획 및 전사 거버넌스 총괄,5,Knowledge(지식),엔터프라이즈 거버넌스
07,사회복지·종교,070103,노인복지서비스,070103_L5,노인복지서비스 전략 기획 및 전사 거버넌스 총괄,5,Skill(기술/도구),전사 로드맵 수립
07,사회복지·종교,070103,노인복지서비스,070103_L5,노인복지서비스 전략 기획 및 전사 거버넌스 총괄,5,Skill(기술/도구),투자 대비 성과(ROI) 모델링
07,사회복지·종교,070103,노인복지서비스,070103_L5,노인복지서비스 전략 기획 및 전사 거버넌스 총괄,5,Skill(기술/도구),최고 의사결정 전략 제언
07,사회복지·종교,070103,노인복지서비스,070103_L5,노인복지서비스 전략 기획 및 전사 거버넌스 총괄,5,Attitude(태도),거시적 통찰력
07,사회복지·종교,070103,노인복지서비스,070103_L5,노인복지서비스 전략 기획 및 전사 거버넌스 총괄,5,Attitude(태도),전략적 윤리 리더십
07,사회복지·종교,070104,장애인자립지원,070104_L1,장애인자립지원 기초 입문 및 업무 환경 지원,1,Knowledge(지식),장애인자립지원 개론
07,사회복지·종교,070104,장애인자립지원,070104_L1,장애인자립지원 기초 입문 및 업무 환경 지원,1,Knowledge(지식),표준 작업 지침서
07,사회복지·종교,070104,장애인자립지원,070104_L1,장애인자립지원 기초 입문 및 업무 환경 지원,1,Knowledge(지식),기초 법령/규정
07,사회복지·종교,070104,장애인자립지원,070104_L1,장애인자립지원 기초 입문 및 업무 환경 지원,1,Skill(기술/도구),기초 전산 툴 조작
07,사회복지·종교,070104,장애인자립지원,070104_L1,장애인자립지원 기초 입문 및 업무 환경 지원,1,Skill(기술/도구),문서 서식 작성
07,사회복지·종교,070104,장애인자립지원,070104_L1,장애인자립지원 기초 입문 및 업무 환경 지원,1,Skill(기술/도구),자료 검색 및 분류
07,사회복지·종교,070104,장애인자립지원,070104_L1,장애인자립지원 기초 입문 및 업무 환경 지원,1,Attitude(태도),규정 준수 의식
07,사회복지·종교,070104,장애인자립지원,070104_L1,장애인자립지원 기초 입문 및 업무 환경 지원,1,Attitude(태도),성실한 업무 지원 태도
07,사회복지·종교,070104,장애인자립지원,070104_L2,장애인자립지원 초급 실무 및 정형 과업 수행,2,Knowledge(지식),장애인자립지원 실무 프로세스
07,사회복지·종교,070104,장애인자립지원,070104_L2,장애인자립지원 초급 실무 및 정형 과업 수행,2,Knowledge(지식),단위 업무 품질 기준
07,사회복지·종교,070104,장애인자립지원,070104_L2,장애인자립지원 초급 실무 및 정형 과업 수행,2,Knowledge(지식),데이터 검증 기법
07,사회복지·종교,070104,장애인자립지원,070104_L2,장애인자립지원 초급 실무 및 정형 과업 수행,2,Skill(기술/도구),실무 도구/SW 조작
07,사회복지·종교,070104,장애인자립지원,070104_L2,장애인자립지원 초급 실무 및 정형 과업 수행,2,Skill(기술/도구),데이터 정제 및 가공
07,사회복지·종교,070104,장애인자립지원,070104_L2,장애인자립지원 초급 실무 및 정형 과업 수행,2,Skill(기술/도구),단위 결과물 산출
07,사회복지·종교,070104,장애인자립지원,070104_L2,장애인자립지원 초급 실무 및 정형 과업 수행,2,Attitude(태도),정확성과 꼼꼼함
07,사회복지·종교,070104,장애인자립지원,070104_L2,장애인자립지원 초급 실무 및 정형 과업 수행,2,Attitude(태도),기한 준수 책임감
07,사회복지·종교,070104,장애인자립지원,070104_L3,장애인자립지원 중급 독립 실무 및 문제해결 엔지니어링,3,Knowledge(지식),심화 모델링/설계 이론
07,사회복지·종교,070104,장애인자립지원,070104_L3,장애인자립지원 중급 독립 실무 및 문제해결 엔지니어링,3,Knowledge(지식),성능 지표(KPI) 분석법
07,사회복지·종교,070104,장애인자립지원,070104_L3,장애인자립지원 중급 독립 실무 및 문제해결 엔지니어링,3,Knowledge(지식),이슈 해결 방법론
07,사회복지·종교,070104,장애인자립지원,070104_L3,장애인자립지원 중급 독립 실무 및 문제해결 엔지니어링,3,Skill(기술/도구),고급 도구/코드/기기 활용
07,사회복지·종교,070104,장애인자립지원,070104_L3,장애인자립지원 중급 독립 실무 및 문제해결 엔지니어링,3,Skill(기술/도구),원인 분석 및 조치
07,사회복지·종교,070104,장애인자립지원,070104_L3,장애인자립지원 중급 독립 실무 및 문제해결 엔지니어링,3,Skill(기술/도구),성과 분석 리포팅
07,사회복지·종교,070104,장애인자립지원,070104_L3,장애인자립지원 중급 독립 실무 및 문제해결 엔지니어링,3,Attitude(태도),분석적 사고력
07,사회복지·종교,070104,장애인자립지원,070104_L3,장애인자립지원 중급 독립 실무 및 문제해결 엔지니어링,3,Attitude(태도),타 부서와의 원활한 협업 소통
07,사회복지·종교,070104,장애인자립지원,070104_L4,장애인자립지원 고급 전문화 및 프로젝트/팀 리딩,4,Knowledge(지식),신기술 융합 아키텍처
07,사회복지·종교,070104,장애인자립지원,070104_L4,장애인자립지원 고급 전문화 및 프로젝트/팀 리딩,4,Knowledge(지식),프로젝트 관리론(PMBOK/Agile)
07,사회복지·종교,070104,장애인자립지원,070104_L4,장애인자립지원 고급 전문화 및 프로젝트/팀 리딩,4,Knowledge(지식),품질보증(QA) 거버넌스
07,사회복지·종교,070104,장애인자립지원,070104_L4,장애인자립지원 고급 전문화 및 프로젝트/팀 리딩,4,Skill(기술/도구),전체 시스템 아키텍처 설계
07,사회복지·종교,070104,장애인자립지원,070104_L4,장애인자립지원 고급 전문화 및 프로젝트/팀 리딩,4,Skill(기술/도구),애자일 스프린트 리딩
07,사회복지·종교,070104,장애인자립지원,070104_L4,장애인자립지원 고급 전문화 및 프로젝트/팀 리딩,4,Skill(기술/도구),신기술 PoC 검증
07,사회복지·종교,070104,장애인자립지원,070104_L4,장애인자립지원 고급 전문화 및 프로젝트/팀 리딩,4,Attitude(태도),혁신 지향 리더십
07,사회복지·종교,070104,장애인자립지원,070104_L4,장애인자립지원 고급 전문화 및 프로젝트/팀 리딩,4,Attitude(태도),동료 성장 멘토링 마인드
07,사회복지·종교,070104,장애인자립지원,070104_L5,장애인자립지원 전략 기획 및 전사 거버넌스 총괄,5,Knowledge(지식),경영 전략 및 자본 예산 배분
07,사회복지·종교,070104,장애인자립지원,070104_L5,장애인자립지원 전략 기획 및 전사 거버넌스 총괄,5,Knowledge(지식),국내외 규제 컴플라이언스
07,사회복지·종교,070104,장애인자립지원,070104_L5,장애인자립지원 전략 기획 및 전사 거버넌스 총괄,5,Knowledge(지식),엔터프라이즈 거버넌스
07,사회복지·종교,070104,장애인자립지원,070104_L5,장애인자립지원 전략 기획 및 전사 거버넌스 총괄,5,Skill(기술/도구),전사 로드맵 수립
07,사회복지·종교,070104,장애인자립지원,070104_L5,장애인자립지원 전략 기획 및 전사 거버넌스 총괄,5,Skill(기술/도구),투자 대비 성과(ROI) 모델링
07,사회복지·종교,070104,장애인자립지원,070104_L5,장애인자립지원 전략 기획 및 전사 거버넌스 총괄,5,Skill(기술/도구),최고 의사결정 전략 제언
07,사회복지·종교,070104,장애인자립지원,070104_L5,장애인자립지원 전략 기획 및 전사 거버넌스 총괄,5,Attitude(태도),거시적 통찰력
07,사회복지·종교,070104,장애인자립지원,070104_L5,장애인자립지원 전략 기획 및 전사 거버넌스 총괄,5,Attitude(태도),전략적 윤리 리더십
07,사회복지·종교,070105,지역사회복지조사,070105_L1,지역사회복지조사 기초 입문 및 업무 환경 지원,1,Knowledge(지식),지역사회복지조사 개론
07,사회복지·종교,070105,지역사회복지조사,070105_L1,지역사회복지조사 기초 입문 및 업무 환경 지원,1,Knowledge(지식),표준 작업 지침서
07,사회복지·종교,070105,지역사회복지조사,070105_L1,지역사회복지조사 기초 입문 및 업무 환경 지원,1,Knowledge(지식),기초 법령/규정
07,사회복지·종교,070105,지역사회복지조사,070105_L1,지역사회복지조사 기초 입문 및 업무 환경 지원,1,Skill(기술/도구),기초 전산 툴 조작
07,사회복지·종교,070105,지역사회복지조사,070105_L1,지역사회복지조사 기초 입문 및 업무 환경 지원,1,Skill(기술/도구),문서 서식 작성
07,사회복지·종교,070105,지역사회복지조사,070105_L1,지역사회복지조사 기초 입문 및 업무 환경 지원,1,Skill(기술/도구),자료 검색 및 분류
07,사회복지·종교,070105,지역사회복지조사,070105_L1,지역사회복지조사 기초 입문 및 업무 환경 지원,1,Attitude(태도),규정 준수 의식
07,사회복지·종교,070105,지역사회복지조사,070105_L1,지역사회복지조사 기초 입문 및 업무 환경 지원,1,Attitude(태도),성실한 업무 지원 태도
07,사회복지·종교,070105,지역사회복지조사,070105_L2,지역사회복지조사 초급 실무 및 정형 과업 수행,2,Knowledge(지식),지역사회복지조사 실무 프로세스
07,사회복지·종교,070105,지역사회복지조사,070105_L2,지역사회복지조사 초급 실무 및 정형 과업 수행,2,Knowledge(지식),단위 업무 품질 기준
07,사회복지·종교,070105,지역사회복지조사,070105_L2,지역사회복지조사 초급 실무 및 정형 과업 수행,2,Knowledge(지식),데이터 검증 기법
07,사회복지·종교,070105,지역사회복지조사,070105_L2,지역사회복지조사 초급 실무 및 정형 과업 수행,2,Skill(기술/도구),실무 도구/SW 조작
07,사회복지·종교,070105,지역사회복지조사,070105_L2,지역사회복지조사 초급 실무 및 정형 과업 수행,2,Skill(기술/도구),데이터 정제 및 가공
07,사회복지·종교,070105,지역사회복지조사,070105_L2,지역사회복지조사 초급 실무 및 정형 과업 수행,2,Skill(기술/도구),단위 결과물 산출
07,사회복지·종교,070105,지역사회복지조사,070105_L2,지역사회복지조사 초급 실무 및 정형 과업 수행,2,Attitude(태도),정확성과 꼼꼼함
07,사회복지·종교,070105,지역사회복지조사,070105_L2,지역사회복지조사 초급 실무 및 정형 과업 수행,2,Attitude(태도),기한 준수 책임감
07,사회복지·종교,070105,지역사회복지조사,070105_L3,지역사회복지조사 중급 독립 실무 및 문제해결 엔지니어링,3,Knowledge(지식),심화 모델링/설계 이론
07,사회복지·종교,070105,지역사회복지조사,070105_L3,지역사회복지조사 중급 독립 실무 및 문제해결 엔지니어링,3,Knowledge(지식),성능 지표(KPI) 분석법
07,사회복지·종교,070105,지역사회복지조사,070105_L3,지역사회복지조사 중급 독립 실무 및 문제해결 엔지니어링,3,Knowledge(지식),이슈 해결 방법론
07,사회복지·종교,070105,지역사회복지조사,070105_L3,지역사회복지조사 중급 독립 실무 및 문제해결 엔지니어링,3,Skill(기술/도구),고급 도구/코드/기기 활용
07,사회복지·종교,070105,지역사회복지조사,070105_L3,지역사회복지조사 중급 독립 실무 및 문제해결 엔지니어링,3,Skill(기술/도구),원인 분석 및 조치
07,사회복지·종교,070105,지역사회복지조사,070105_L3,지역사회복지조사 중급 독립 실무 및 문제해결 엔지니어링,3,Skill(기술/도구),성과 분석 리포팅
07,사회복지·종교,070105,지역사회복지조사,070105_L3,지역사회복지조사 중급 독립 실무 및 문제해결 엔지니어링,3,Attitude(태도),분석적 사고력
07,사회복지·종교,070105,지역사회복지조사,070105_L3,지역사회복지조사 중급 독립 실무 및 문제해결 엔지니어링,3,Attitude(태도),타 부서와의 원활한 협업 소통
07,사회복지·종교,070105,지역사회복지조사,070105_L4,지역사회복지조사 고급 전문화 및 프로젝트/팀 리딩,4,Knowledge(지식),신기술 융합 아키텍처
07,사회복지·종교,070105,지역사회복지조사,070105_L4,지역사회복지조사 고급 전문화 및 프로젝트/팀 리딩,4,Knowledge(지식),프로젝트 관리론(PMBOK/Agile)
07,사회복지·종교,070105,지역사회복지조사,070105_L4,지역사회복지조사 고급 전문화 및 프로젝트/팀 리딩,4,Knowledge(지식),품질보증(QA) 거버넌스
07,사회복지·종교,070105,지역사회복지조사,070105_L4,지역사회복지조사 고급 전문화 및 프로젝트/팀 리딩,4,Skill(기술/도구),전체 시스템 아키텍처 설계
07,사회복지·종교,070105,지역사회복지조사,070105_L4,지역사회복지조사 고급 전문화 및 프로젝트/팀 리딩,4,Skill(기술/도구),애자일 스프린트 리딩
07,사회복지·종교,070105,지역사회복지조사,070105_L4,지역사회복지조사 고급 전문화 및 프로젝트/팀 리딩,4,Skill(기술/도구),신기술 PoC 검증
07,사회복지·종교,070105,지역사회복지조사,070105_L4,지역사회복지조사 고급 전문화 및 프로젝트/팀 리딩,4,Attitude(태도),혁신 지향 리더십
07,사회복지·종교,070105,지역사회복지조사,070105_L4,지역사회복지조사 고급 전문화 및 프로젝트/팀 리딩,4,Attitude(태도),동료 성장 멘토링 마인드
07,사회복지·종교,070105,지역사회복지조사,070105_L5,지역사회복지조사 전략 기획 및 전사 거버넌스 총괄,5,Knowledge(지식),경영 전략 및 자본 예산 배분
07,사회복지·종교,070105,지역사회복지조사,070105_L5,지역사회복지조사 전략 기획 및 전사 거버넌스 총괄,5,Knowledge(지식),국내외 규제 컴플라이언스
07,사회복지·종교,070105,지역사회복지조사,070105_L5,지역사회복지조사 전략 기획 및 전사 거버넌스 총괄,5,Knowledge(지식),엔터프라이즈 거버넌스
07,사회복지·종교,070105,지역사회복지조사,070105_L5,지역사회복지조사 전략 기획 및 전사 거버넌스 총괄,5,Skill(기술/도구),전사 로드맵 수립
07,사회복지·종교,070105,지역사회복지조사,070105_L5,지역사회복지조사 전략 기획 및 전사 거버넌스 총괄,5,Skill(기술/도구),투자 대비 성과(ROI) 모델링
07,사회복지·종교,070105,지역사회복지조사,070105_L5,지역사회복지조사 전략 기획 및 전사 거버넌스 총괄,5,Skill(기술/도구),최고 의사결정 전략 제언
07,사회복지·종교,070105,지역사회복지조사,070105_L5,지역사회복지조사 전략 기획 및 전사 거버넌스 총괄,5,Attitude(태도),거시적 통찰력
07,사회복지·종교,070105,지역사회복지조사,070105_L5,지역사회복지조사 전략 기획 및 전사 거버넌스 총괄,5,Attitude(태도),전략적 윤리 리더십
07,사회복지·종교,070106,자원봉사관리,070106_L1,자원봉사관리 기초 입문 및 업무 환경 지원,1,Knowledge(지식),자원봉사관리 개론
07,사회복지·종교,070106,자원봉사관리,070106_L1,자원봉사관리 기초 입문 및 업무 환경 지원,1,Knowledge(지식),표준 작업 지침서
07,사회복지·종교,070106,자원봉사관리,070106_L1,자원봉사관리 기초 입문 및 업무 환경 지원,1,Knowledge(지식),기초 법령/규정
07,사회복지·종교,070106,자원봉사관리,070106_L1,자원봉사관리 기초 입문 및 업무 환경 지원,1,Skill(기술/도구),기초 전산 툴 조작
07,사회복지·종교,070106,자원봉사관리,070106_L1,자원봉사관리 기초 입문 및 업무 환경 지원,1,Skill(기술/도구),문서 서식 작성
07,사회복지·종교,070106,자원봉사관리,070106_L1,자원봉사관리 기초 입문 및 업무 환경 지원,1,Skill(기술/도구),자료 검색 및 분류
07,사회복지·종교,070106,자원봉사관리,070106_L1,자원봉사관리 기초 입문 및 업무 환경 지원,1,Attitude(태도),규정 준수 의식
07,사회복지·종교,070106,자원봉사관리,070106_L1,자원봉사관리 기초 입문 및 업무 환경 지원,1,Attitude(태도),성실한 업무 지원 태도
07,사회복지·종교,070106,자원봉사관리,070106_L2,자원봉사관리 초급 실무 및 정형 과업 수행,2,Knowledge(지식),자원봉사관리 실무 프로세스
07,사회복지·종교,070106,자원봉사관리,070106_L2,자원봉사관리 초급 실무 및 정형 과업 수행,2,Knowledge(지식),단위 업무 품질 기준
07,사회복지·종교,070106,자원봉사관리,070106_L2,자원봉사관리 초급 실무 및 정형 과업 수행,2,Knowledge(지식),데이터 검증 기법
07,사회복지·종교,070106,자원봉사관리,070106_L2,자원봉사관리 초급 실무 및 정형 과업 수행,2,Skill(기술/도구),실무 도구/SW 조작
07,사회복지·종교,070106,자원봉사관리,070106_L2,자원봉사관리 초급 실무 및 정형 과업 수행,2,Skill(기술/도구),데이터 정제 및 가공
07,사회복지·종교,070106,자원봉사관리,070106_L2,자원봉사관리 초급 실무 및 정형 과업 수행,2,Skill(기술/도구),단위 결과물 산출
07,사회복지·종교,070106,자원봉사관리,070106_L2,자원봉사관리 초급 실무 및 정형 과업 수행,2,Attitude(태도),정확성과 꼼꼼함
07,사회복지·종교,070106,자원봉사관리,070106_L2,자원봉사관리 초급 실무 및 정형 과업 수행,2,Attitude(태도),기한 준수 책임감
07,사회복지·종교,070106,자원봉사관리,070106_L3,자원봉사관리 중급 독립 실무 및 문제해결 엔지니어링,3,Knowledge(지식),심화 모델링/설계 이론
07,사회복지·종교,070106,자원봉사관리,070106_L3,자원봉사관리 중급 독립 실무 및 문제해결 엔지니어링,3,Knowledge(지식),성능 지표(KPI) 분석법
07,사회복지·종교,070106,자원봉사관리,070106_L3,자원봉사관리 중급 독립 실무 및 문제해결 엔지니어링,3,Knowledge(지식),이슈 해결 방법론
07,사회복지·종교,070106,자원봉사관리,070106_L3,자원봉사관리 중급 독립 실무 및 문제해결 엔지니어링,3,Skill(기술/도구),고급 도구/코드/기기 활용
07,사회복지·종교,070106,자원봉사관리,070106_L3,자원봉사관리 중급 독립 실무 및 문제해결 엔지니어링,3,Skill(기술/도구),원인 분석 및 조치
07,사회복지·종교,070106,자원봉사관리,070106_L3,자원봉사관리 중급 독립 실무 및 문제해결 엔지니어링,3,Skill(기술/도구),성과 분석 리포팅
07,사회복지·종교,070106,자원봉사관리,070106_L3,자원봉사관리 중급 독립 실무 및 문제해결 엔지니어링,3,Attitude(태도),분석적 사고력
07,사회복지·종교,070106,자원봉사관리,070106_L3,자원봉사관리 중급 독립 실무 및 문제해결 엔지니어링,3,Attitude(태도),타 부서와의 원활한 협업 소통
07,사회복지·종교,070106,자원봉사관리,070106_L4,자원봉사관리 고급 전문화 및 프로젝트/팀 리딩,4,Knowledge(지식),신기술 융합 아키텍처
07,사회복지·종교,070106,자원봉사관리,070106_L4,자원봉사관리 고급 전문화 및 프로젝트/팀 리딩,4,Knowledge(지식),프로젝트 관리론(PMBOK/Agile)
07,사회복지·종교,070106,자원봉사관리,070106_L4,자원봉사관리 고급 전문화 및 프로젝트/팀 리딩,4,Knowledge(지식),품질보증(QA) 거버넌스
07,사회복지·종교,070106,자원봉사관리,070106_L4,자원봉사관리 고급 전문화 및 프로젝트/팀 리딩,4,Skill(기술/도구),전체 시스템 아키텍처 설계
07,사회복지·종교,070106,자원봉사관리,070106_L4,자원봉사관리 고급 전문화 및 프로젝트/팀 리딩,4,Skill(기술/도구),애자일 스프린트 리딩
07,사회복지·종교,070106,자원봉사관리,070106_L4,자원봉사관리 고급 전문화 및 프로젝트/팀 리딩,4,Skill(기술/도구),신기술 PoC 검증
07,사회복지·종교,070106,자원봉사관리,070106_L4,자원봉사관리 고급 전문화 및 프로젝트/팀 리딩,4,Attitude(태도),혁신 지향 리더십
07,사회복지·종교,070106,자원봉사관리,070106_L4,자원봉사관리 고급 전문화 및 프로젝트/팀 리딩,4,Attitude(태도),동료 성장 멘토링 마인드
07,사회복지·종교,070106,자원봉사관리,070106_L5,자원봉사관리 전략 기획 및 전사 거버넌스 총괄,5,Knowledge(지식),경영 전략 및 자본 예산 배분
07,사회복지·종교,070106,자원봉사관리,070106_L5,자원봉사관리 전략 기획 및 전사 거버넌스 총괄,5,Knowledge(지식),국내외 규제 컴플라이언스
07,사회복지·종교,070106,자원봉사관리,070106_L5,자원봉사관리 전략 기획 및 전사 거버넌스 총괄,5,Knowledge(지식),엔터프라이즈 거버넌스
07,사회복지·종교,070106,자원봉사관리,070106_L5,자원봉사관리 전략 기획 및 전사 거버넌스 총괄,5,Skill(기술/도구),전사 로드맵 수립
07,사회복지·종교,070106,자원봉사관리,070106_L5,자원봉사관리 전략 기획 및 전사 거버넌스 총괄,5,Skill(기술/도구),투자 대비 성과(ROI) 모델링
07,사회복지·종교,070106,자원봉사관리,070106_L5,자원봉사관리 전략 기획 및 전사 거버넌스 총괄,5,Skill(기술/도구),최고 의사결정 전략 제언
07,사회복지·종교,070106,자원봉사관리,070106_L5,자원봉사관리 전략 기획 및 전사 거버넌스 총괄,5,Attitude(태도),거시적 통찰력
07,사회복지·종교,070106,자원봉사관리,070106_L5,자원봉사관리 전략 기획 및 전사 거버넌스 총괄,5,Attitude(태도),전략적 윤리 리더십
07,사회복지·종교,070207,직업상담,070207_L1,직업상담 기초 입문 및 업무 환경 지원,1,Knowledge(지식),직업상담 개론
07,사회복지·종교,070207,직업상담,070207_L1,직업상담 기초 입문 및 업무 환경 지원,1,Knowledge(지식),표준 작업 지침서
07,사회복지·종교,070207,직업상담,070207_L1,직업상담 기초 입문 및 업무 환경 지원,1,Knowledge(지식),기초 법령/규정
07,사회복지·종교,070207,직업상담,070207_L1,직업상담 기초 입문 및 업무 환경 지원,1,Skill(기술/도구),기초 전산 툴 조작
07,사회복지·종교,070207,직업상담,070207_L1,직업상담 기초 입문 및 업무 환경 지원,1,Skill(기술/도구),문서 서식 작성
07,사회복지·종교,070207,직업상담,070207_L1,직업상담 기초 입문 및 업무 환경 지원,1,Skill(기술/도구),자료 검색 및 분류
07,사회복지·종교,070207,직업상담,070207_L1,직업상담 기초 입문 및 업무 환경 지원,1,Attitude(태도),규정 준수 의식
07,사회복지·종교,070207,직업상담,070207_L1,직업상담 기초 입문 및 업무 환경 지원,1,Attitude(태도),성실한 업무 지원 태도
07,사회복지·종교,070207,직업상담,070207_L2,직업상담 초급 실무 및 정형 과업 수행,2,Knowledge(지식),직업상담 실무 프로세스
07,사회복지·종교,070207,직업상담,070207_L2,직업상담 초급 실무 및 정형 과업 수행,2,Knowledge(지식),단위 업무 품질 기준
07,사회복지·종교,070207,직업상담,070207_L2,직업상담 초급 실무 및 정형 과업 수행,2,Knowledge(지식),데이터 검증 기법
07,사회복지·종교,070207,직업상담,070207_L2,직업상담 초급 실무 및 정형 과업 수행,2,Skill(기술/도구),실무 도구/SW 조작
07,사회복지·종교,070207,직업상담,070207_L2,직업상담 초급 실무 및 정형 과업 수행,2,Skill(기술/도구),데이터 정제 및 가공
07,사회복지·종교,070207,직업상담,070207_L2,직업상담 초급 실무 및 정형 과업 수행,2,Skill(기술/도구),단위 결과물 산출
07,사회복지·종교,070207,직업상담,070207_L2,직업상담 초급 실무 및 정형 과업 수행,2,Attitude(태도),정확성과 꼼꼼함
07,사회복지·종교,070207,직업상담,070207_L2,직업상담 초급 실무 및 정형 과업 수행,2,Attitude(태도),기한 준수 책임감
07,사회복지·종교,070207,직업상담,070207_L3,직업상담 중급 독립 실무 및 문제해결 엔지니어링,3,Knowledge(지식),심화 모델링/설계 이론
07,사회복지·종교,070207,직업상담,070207_L3,직업상담 중급 독립 실무 및 문제해결 엔지니어링,3,Knowledge(지식),성능 지표(KPI) 분석법
07,사회복지·종교,070207,직업상담,070207_L3,직업상담 중급 독립 실무 및 문제해결 엔지니어링,3,Knowledge(지식),이슈 해결 방법론
07,사회복지·종교,070207,직업상담,070207_L3,직업상담 중급 독립 실무 및 문제해결 엔지니어링,3,Skill(기술/도구),고급 도구/코드/기기 활용
07,사회복지·종교,070207,직업상담,070207_L3,직업상담 중급 독립 실무 및 문제해결 엔지니어링,3,Skill(기술/도구),원인 분석 및 조치
07,사회복지·종교,070207,직업상담,070207_L3,직업상담 중급 독립 실무 및 문제해결 엔지니어링,3,Skill(기술/도구),성과 분석 리포팅
07,사회복지·종교,070207,직업상담,070207_L3,직업상담 중급 독립 실무 및 문제해결 엔지니어링,3,Attitude(태도),분석적 사고력
07,사회복지·종교,070207,직업상담,070207_L3,직업상담 중급 독립 실무 및 문제해결 엔지니어링,3,Attitude(태도),타 부서와의 원활한 협업 소통
07,사회복지·종교,070207,직업상담,070207_L4,직업상담 고급 전문화 및 프로젝트/팀 리딩,4,Knowledge(지식),신기술 융합 아키텍처
07,사회복지·종교,070207,직업상담,070207_L4,직업상담 고급 전문화 및 프로젝트/팀 리딩,4,Knowledge(지식),프로젝트 관리론(PMBOK/Agile)
07,사회복지·종교,070207,직업상담,070207_L4,직업상담 고급 전문화 및 프로젝트/팀 리딩,4,Knowledge(지식),품질보증(QA) 거버넌스
07,사회복지·종교,070207,직업상담,070207_L4,직업상담 고급 전문화 및 프로젝트/팀 리딩,4,Skill(기술/도구),전체 시스템 아키텍처 설계
07,사회복지·종교,070207,직업상담,070207_L4,직업상담 고급 전문화 및 프로젝트/팀 리딩,4,Skill(기술/도구),애자일 스프린트 리딩
07,사회복지·종교,070207,직업상담,070207_L4,직업상담 고급 전문화 및 프로젝트/팀 리딩,4,Skill(기술/도구),신기술 PoC 검증
07,사회복지·종교,070207,직업상담,070207_L4,직업상담 고급 전문화 및 프로젝트/팀 리딩,4,Attitude(태도),혁신 지향 리더십
07,사회복지·종교,070207,직업상담,070207_L4,직업상담 고급 전문화 및 프로젝트/팀 리딩,4,Attitude(태도),동료 성장 멘토링 마인드
07,사회복지·종교,070207,직업상담,070207_L5,직업상담 전략 기획 및 전사 거버넌스 총괄,5,Knowledge(지식),경영 전략 및 자본 예산 배분
07,사회복지·종교,070207,직업상담,070207_L5,직업상담 전략 기획 및 전사 거버넌스 총괄,5,Knowledge(지식),국내외 규제 컴플라이언스
07,사회복지·종교,070207,직업상담,070207_L5,직업상담 전략 기획 및 전사 거버넌스 총괄,5,Knowledge(지식),엔터프라이즈 거버넌스
07,사회복지·종교,070207,직업상담,070207_L5,직업상담 전략 기획 및 전사 거버넌스 총괄,5,Skill(기술/도구),전사 로드맵 수립
07,사회복지·종교,070207,직업상담,070207_L5,직업상담 전략 기획 및 전사 거버넌스 총괄,5,Skill(기술/도구),투자 대비 성과(ROI) 모델링
07,사회복지·종교,070207,직업상담,070207_L5,직업상담 전략 기획 및 전사 거버넌스 총괄,5,Skill(기술/도구),최고 의사결정 전략 제언
07,사회복지·종교,070207,직업상담,070207_L5,직업상담 전략 기획 및 전사 거버넌스 총괄,5,Attitude(태도),거시적 통찰력
07,사회복지·종교,070207,직업상담,070207_L5,직업상담 전략 기획 및 전사 거버넌스 총괄,5,Attitude(태도),전략적 윤리 리더십
07,사회복지·종교,070208,취업지원프로그램,070208_L1,취업지원프로그램 기초 입문 및 업무 환경 지원,1,Knowledge(지식),취업지원프로그램 개론
07,사회복지·종교,070208,취업지원프로그램,070208_L1,취업지원프로그램 기초 입문 및 업무 환경 지원,1,Knowledge(지식),표준 작업 지침서
07,사회복지·종교,070208,취업지원프로그램,070208_L1,취업지원프로그램 기초 입문 및 업무 환경 지원,1,Knowledge(지식),기초 법령/규정
07,사회복지·종교,070208,취업지원프로그램,070208_L1,취업지원프로그램 기초 입문 및 업무 환경 지원,1,Skill(기술/도구),기초 전산 툴 조작
07,사회복지·종교,070208,취업지원프로그램,070208_L1,취업지원프로그램 기초 입문 및 업무 환경 지원,1,Skill(기술/도구),문서 서식 작성
07,사회복지·종교,070208,취업지원프로그램,070208_L1,취업지원프로그램 기초 입문 및 업무 환경 지원,1,Skill(기술/도구),자료 검색 및 분류
07,사회복지·종교,070208,취업지원프로그램,070208_L1,취업지원프로그램 기초 입문 및 업무 환경 지원,1,Attitude(태도),규정 준수 의식
07,사회복지·종교,070208,취업지원프로그램,070208_L1,취업지원프로그램 기초 입문 및 업무 환경 지원,1,Attitude(태도),성실한 업무 지원 태도
07,사회복지·종교,070208,취업지원프로그램,070208_L2,취업지원프로그램 초급 실무 및 정형 과업 수행,2,Knowledge(지식),취업지원프로그램 실무 프로세스
07,사회복지·종교,070208,취업지원프로그램,070208_L2,취업지원프로그램 초급 실무 및 정형 과업 수행,2,Knowledge(지식),단위 업무 품질 기준
07,사회복지·종교,070208,취업지원프로그램,070208_L2,취업지원프로그램 초급 실무 및 정형 과업 수행,2,Knowledge(지식),데이터 검증 기법
07,사회복지·종교,070208,취업지원프로그램,070208_L2,취업지원프로그램 초급 실무 및 정형 과업 수행,2,Skill(기술/도구),실무 도구/SW 조작
07,사회복지·종교,070208,취업지원프로그램,070208_L2,취업지원프로그램 초급 실무 및 정형 과업 수행,2,Skill(기술/도구),데이터 정제 및 가공
07,사회복지·종교,070208,취업지원프로그램,070208_L2,취업지원프로그램 초급 실무 및 정형 과업 수행,2,Skill(기술/도구),단위 결과물 산출
07,사회복지·종교,070208,취업지원프로그램,070208_L2,취업지원프로그램 초급 실무 및 정형 과업 수행,2,Attitude(태도),정확성과 꼼꼼함
07,사회복지·종교,070208,취업지원프로그램,070208_L2,취업지원프로그램 초급 실무 및 정형 과업 수행,2,Attitude(태도),기한 준수 책임감
07,사회복지·종교,070208,취업지원프로그램,070208_L3,취업지원프로그램 중급 독립 실무 및 문제해결 엔지니어링,3,Knowledge(지식),심화 모델링/설계 이론
07,사회복지·종교,070208,취업지원프로그램,070208_L3,취업지원프로그램 중급 독립 실무 및 문제해결 엔지니어링,3,Knowledge(지식),성능 지표(KPI) 분석법
07,사회복지·종교,070208,취업지원프로그램,070208_L3,취업지원프로그램 중급 독립 실무 및 문제해결 엔지니어링,3,Knowledge(지식),이슈 해결 방법론
07,사회복지·종교,070208,취업지원프로그램,070208_L3,취업지원프로그램 중급 독립 실무 및 문제해결 엔지니어링,3,Skill(기술/도구),고급 도구/코드/기기 활용
07,사회복지·종교,070208,취업지원프로그램,070208_L3,취업지원프로그램 중급 독립 실무 및 문제해결 엔지니어링,3,Skill(기술/도구),원인 분석 및 조치
07,사회복지·종교,070208,취업지원프로그램,070208_L3,취업지원프로그램 중급 독립 실무 및 문제해결 엔지니어링,3,Skill(기술/도구),성과 분석 리포팅
07,사회복지·종교,070208,취업지원프로그램,070208_L3,취업지원프로그램 중급 독립 실무 및 문제해결 엔지니어링,3,Attitude(태도),분석적 사고력
07,사회복지·종교,070208,취업지원프로그램,070208_L3,취업지원프로그램 중급 독립 실무 및 문제해결 엔지니어링,3,Attitude(태도),타 부서와의 원활한 협업 소통
07,사회복지·종교,070208,취업지원프로그램,070208_L4,취업지원프로그램 고급 전문화 및 프로젝트/팀 리딩,4,Knowledge(지식),신기술 융합 아키텍처
07,사회복지·종교,070208,취업지원프로그램,070208_L4,취업지원프로그램 고급 전문화 및 프로젝트/팀 리딩,4,Knowledge(지식),프로젝트 관리론(PMBOK/Agile)
07,사회복지·종교,070208,취업지원프로그램,070208_L4,취업지원프로그램 고급 전문화 및 프로젝트/팀 리딩,4,Knowledge(지식),품질보증(QA) 거버넌스
07,사회복지·종교,070208,취업지원프로그램,070208_L4,취업지원프로그램 고급 전문화 및 프로젝트/팀 리딩,4,Skill(기술/도구),전체 시스템 아키텍처 설계
07,사회복지·종교,070208,취업지원프로그램,070208_L4,취업지원프로그램 고급 전문화 및 프로젝트/팀 리딩,4,Skill(기술/도구),애자일 스프린트 리딩
07,사회복지·종교,070208,취업지원프로그램,070208_L4,취업지원프로그램 고급 전문화 및 프로젝트/팀 리딩,4,Skill(기술/도구),신기술 PoC 검증
07,사회복지·종교,070208,취업지원프로그램,070208_L4,취업지원프로그램 고급 전문화 및 프로젝트/팀 리딩,4,Attitude(태도),혁신 지향 리더십
07,사회복지·종교,070208,취업지원프로그램,070208_L4,취업지원프로그램 고급 전문화 및 프로젝트/팀 리딩,4,Attitude(태도),동료 성장 멘토링 마인드
07,사회복지·종교,070208,취업지원프로그램,070208_L5,취업지원프로그램 전략 기획 및 전사 거버넌스 총괄,5,Knowledge(지식),경영 전략 및 자본 예산 배분
07,사회복지·종교,070208,취업지원프로그램,070208_L5,취업지원프로그램 전략 기획 및 전사 거버넌스 총괄,5,Knowledge(지식),국내외 규제 컴플라이언스
07,사회복지·종교,070208,취업지원프로그램,070208_L5,취업지원프로그램 전략 기획 및 전사 거버넌스 총괄,5,Knowledge(지식),엔터프라이즈 거버넌스
07,사회복지·종교,070208,취업지원프로그램,070208_L5,취업지원프로그램 전략 기획 및 전사 거버넌스 총괄,5,Skill(기술/도구),전사 로드맵 수립
07,사회복지·종교,070208,취업지원프로그램,070208_L5,취업지원프로그램 전략 기획 및 전사 거버넌스 총괄,5,Skill(기술/도구),투자 대비 성과(ROI) 모델링
07,사회복지·종교,070208,취업지원프로그램,070208_L5,취업지원프로그램 전략 기획 및 전사 거버넌스 총괄,5,Skill(기술/도구),최고 의사결정 전략 제언
07,사회복지·종교,070208,취업지원프로그램,070208_L5,취업지원프로그램 전략 기획 및 전사 거버넌스 총괄,5,Attitude(태도),거시적 통찰력
07,사회복지·종교,070208,취업지원프로그램,070208_L5,취업지원프로그램 전략 기획 및 전사 거버넌스 총괄,5,Attitude(태도),전략적 윤리 리더십
07,사회복지·종교,070209,청소년상담,070209_L1,청소년상담 기초 입문 및 업무 환경 지원,1,Knowledge(지식),청소년상담 개론
07,사회복지·종교,070209,청소년상담,070209_L1,청소년상담 기초 입문 및 업무 환경 지원,1,Knowledge(지식),표준 작업 지침서
07,사회복지·종교,070209,청소년상담,070209_L1,청소년상담 기초 입문 및 업무 환경 지원,1,Knowledge(지식),기초 법령/규정
07,사회복지·종교,070209,청소년상담,070209_L1,청소년상담 기초 입문 및 업무 환경 지원,1,Skill(기술/도구),기초 전산 툴 조작
07,사회복지·종교,070209,청소년상담,070209_L1,청소년상담 기초 입문 및 업무 환경 지원,1,Skill(기술/도구),문서 서식 작성
07,사회복지·종교,070209,청소년상담,070209_L1,청소년상담 기초 입문 및 업무 환경 지원,1,Skill(기술/도구),자료 검색 및 분류
07,사회복지·종교,070209,청소년상담,070209_L1,청소년상담 기초 입문 및 업무 환경 지원,1,Attitude(태도),규정 준수 의식
07,사회복지·종교,070209,청소년상담,070209_L1,청소년상담 기초 입문 및 업무 환경 지원,1,Attitude(태도),성실한 업무 지원 태도
07,사회복지·종교,070209,청소년상담,070209_L2,청소년상담 초급 실무 및 정형 과업 수행,2,Knowledge(지식),청소년상담 실무 프로세스
07,사회복지·종교,070209,청소년상담,070209_L2,청소년상담 초급 실무 및 정형 과업 수행,2,Knowledge(지식),단위 업무 품질 기준
07,사회복지·종교,070209,청소년상담,070209_L2,청소년상담 초급 실무 및 정형 과업 수행,2,Knowledge(지식),데이터 검증 기법
07,사회복지·종교,070209,청소년상담,070209_L2,청소년상담 초급 실무 및 정형 과업 수행,2,Skill(기술/도구),실무 도구/SW 조작
07,사회복지·종교,070209,청소년상담,070209_L2,청소년상담 초급 실무 및 정형 과업 수행,2,Skill(기술/도구),데이터 정제 및 가공
07,사회복지·종교,070209,청소년상담,070209_L2,청소년상담 초급 실무 및 정형 과업 수행,2,Skill(기술/도구),단위 결과물 산출
07,사회복지·종교,070209,청소년상담,070209_L2,청소년상담 초급 실무 및 정형 과업 수행,2,Attitude(태도),정확성과 꼼꼼함
07,사회복지·종교,070209,청소년상담,070209_L2,청소년상담 초급 실무 및 정형 과업 수행,2,Attitude(태도),기한 준수 책임감
07,사회복지·종교,070209,청소년상담,070209_L3,청소년상담 중급 독립 실무 및 문제해결 엔지니어링,3,Knowledge(지식),심화 모델링/설계 이론
07,사회복지·종교,070209,청소년상담,070209_L3,청소년상담 중급 독립 실무 및 문제해결 엔지니어링,3,Knowledge(지식),성능 지표(KPI) 분석법
07,사회복지·종교,070209,청소년상담,070209_L3,청소년상담 중급 독립 실무 및 문제해결 엔지니어링,3,Knowledge(지식),이슈 해결 방법론
07,사회복지·종교,070209,청소년상담,070209_L3,청소년상담 중급 독립 실무 및 문제해결 엔지니어링,3,Skill(기술/도구),고급 도구/코드/기기 활용
07,사회복지·종교,070209,청소년상담,070209_L3,청소년상담 중급 독립 실무 및 문제해결 엔지니어링,3,Skill(기술/도구),원인 분석 및 조치
07,사회복지·종교,070209,청소년상담,070209_L3,청소년상담 중급 독립 실무 및 문제해결 엔지니어링,3,Skill(기술/도구),성과 분석 리포팅
07,사회복지·종교,070209,청소년상담,070209_L3,청소년상담 중급 독립 실무 및 문제해결 엔지니어링,3,Attitude(태도),분석적 사고력
07,사회복지·종교,070209,청소년상담,070209_L3,청소년상담 중급 독립 실무 및 문제해결 엔지니어링,3,Attitude(태도),타 부서와의 원활한 협업 소통
07,사회복지·종교,070209,청소년상담,070209_L4,청소년상담 고급 전문화 및 프로젝트/팀 리딩,4,Knowledge(지식),신기술 융합 아키텍처
07,사회복지·종교,070209,청소년상담,070209_L4,청소년상담 고급 전문화 및 프로젝트/팀 리딩,4,Knowledge(지식),프로젝트 관리론(PMBOK/Agile)
07,사회복지·종교,070209,청소년상담,070209_L4,청소년상담 고급 전문화 및 프로젝트/팀 리딩,4,Knowledge(지식),품질보증(QA) 거버넌스
07,사회복지·종교,070209,청소년상담,070209_L4,청소년상담 고급 전문화 및 프로젝트/팀 리딩,4,Skill(기술/도구),전체 시스템 아키텍처 설계
07,사회복지·종교,070209,청소년상담,070209_L4,청소년상담 고급 전문화 및 프로젝트/팀 리딩,4,Skill(기술/도구),애자일 스프린트 리딩
07,사회복지·종교,070209,청소년상담,070209_L4,청소년상담 고급 전문화 및 프로젝트/팀 리딩,4,Skill(기술/도구),신기술 PoC 검증
07,사회복지·종교,070209,청소년상담,070209_L4,청소년상담 고급 전문화 및 프로젝트/팀 리딩,4,Attitude(태도),혁신 지향 리더십
07,사회복지·종교,070209,청소년상담,070209_L4,청소년상담 고급 전문화 및 프로젝트/팀 리딩,4,Attitude(태도),동료 성장 멘토링 마인드
07,사회복지·종교,070209,청소년상담,070209_L5,청소년상담 전략 기획 및 전사 거버넌스 총괄,5,Knowledge(지식),경영 전략 및 자본 예산 배분
07,사회복지·종교,070209,청소년상담,070209_L5,청소년상담 전략 기획 및 전사 거버넌스 총괄,5,Knowledge(지식),국내외 규제 컴플라이언스
07,사회복지·종교,070209,청소년상담,070209_L5,청소년상담 전략 기획 및 전사 거버넌스 총괄,5,Knowledge(지식),엔터프라이즈 거버넌스
07,사회복지·종교,070209,청소년상담,070209_L5,청소년상담 전략 기획 및 전사 거버넌스 총괄,5,Skill(기술/도구),전사 로드맵 수립
07,사회복지·종교,070209,청소년상담,070209_L5,청소년상담 전략 기획 및 전사 거버넌스 총괄,5,Skill(기술/도구),투자 대비 성과(ROI) 모델링
07,사회복지·종교,070209,청소년상담,070209_L5,청소년상담 전략 기획 및 전사 거버넌스 총괄,5,Skill(기술/도구),최고 의사결정 전략 제언
07,사회복지·종교,070209,청소년상담,070209_L5,청소년상담 전략 기획 및 전사 거버넌스 총괄,5,Attitude(태도),거시적 통찰력
07,사회복지·종교,070209,청소년상담,070209_L5,청소년상담 전략 기획 및 전사 거버넌스 총괄,5,Attitude(태도),전략적 윤리 리더십
07,사회복지·종교,070210,가족심리상담,070210_L1,가족심리상담 기초 입문 및 업무 환경 지원,1,Knowledge(지식),가족심리상담 개론
07,사회복지·종교,070210,가족심리상담,070210_L1,가족심리상담 기초 입문 및 업무 환경 지원,1,Knowledge(지식),표준 작업 지침서
07,사회복지·종교,070210,가족심리상담,070210_L1,가족심리상담 기초 입문 및 업무 환경 지원,1,Knowledge(지식),기초 법령/규정
07,사회복지·종교,070210,가족심리상담,070210_L1,가족심리상담 기초 입문 및 업무 환경 지원,1,Skill(기술/도구),기초 전산 툴 조작
07,사회복지·종교,070210,가족심리상담,070210_L1,가족심리상담 기초 입문 및 업무 환경 지원,1,Skill(기술/도구),문서 서식 작성
07,사회복지·종교,070210,가족심리상담,070210_L1,가족심리상담 기초 입문 및 업무 환경 지원,1,Skill(기술/도구),자료 검색 및 분류
07,사회복지·종교,070210,가족심리상담,070210_L1,가족심리상담 기초 입문 및 업무 환경 지원,1,Attitude(태도),규정 준수 의식
07,사회복지·종교,070210,가족심리상담,070210_L1,가족심리상담 기초 입문 및 업무 환경 지원,1,Attitude(태도),성실한 업무 지원 태도
07,사회복지·종교,070210,가족심리상담,070210_L2,가족심리상담 초급 실무 및 정형 과업 수행,2,Knowledge(지식),가족심리상담 실무 프로세스
07,사회복지·종교,070210,가족심리상담,070210_L2,가족심리상담 초급 실무 및 정형 과업 수행,2,Knowledge(지식),단위 업무 품질 기준
07,사회복지·종교,070210,가족심리상담,070210_L2,가족심리상담 초급 실무 및 정형 과업 수행,2,Knowledge(지식),데이터 검증 기법
07,사회복지·종교,070210,가족심리상담,070210_L2,가족심리상담 초급 실무 및 정형 과업 수행,2,Skill(기술/도구),실무 도구/SW 조작
07,사회복지·종교,070210,가족심리상담,070210_L2,가족심리상담 초급 실무 및 정형 과업 수행,2,Skill(기술/도구),데이터 정제 및 가공
07,사회복지·종교,070210,가족심리상담,070210_L2,가족심리상담 초급 실무 및 정형 과업 수행,2,Skill(기술/도구),단위 결과물 산출
07,사회복지·종교,070210,가족심리상담,070210_L2,가족심리상담 초급 실무 및 정형 과업 수행,2,Attitude(태도),정확성과 꼼꼼함
07,사회복지·종교,070210,가족심리상담,070210_L2,가족심리상담 초급 실무 및 정형 과업 수행,2,Attitude(태도),기한 준수 책임감
07,사회복지·종교,070210,가족심리상담,070210_L3,가족심리상담 중급 독립 실무 및 문제해결 엔지니어링,3,Knowledge(지식),심화 모델링/설계 이론
07,사회복지·종교,070210,가족심리상담,070210_L3,가족심리상담 중급 독립 실무 및 문제해결 엔지니어링,3,Knowledge(지식),성능 지표(KPI) 분석법
07,사회복지·종교,070210,가족심리상담,070210_L3,가족심리상담 중급 독립 실무 및 문제해결 엔지니어링,3,Knowledge(지식),이슈 해결 방법론
07,사회복지·종교,070210,가족심리상담,070210_L3,가족심리상담 중급 독립 실무 및 문제해결 엔지니어링,3,Skill(기술/도구),고급 도구/코드/기기 활용
07,사회복지·종교,070210,가족심리상담,070210_L3,가족심리상담 중급 독립 실무 및 문제해결 엔지니어링,3,Skill(기술/도구),원인 분석 및 조치
07,사회복지·종교,070210,가족심리상담,070210_L3,가족심리상담 중급 독립 실무 및 문제해결 엔지니어링,3,Skill(기술/도구),성과 분석 리포팅
07,사회복지·종교,070210,가족심리상담,070210_L3,가족심리상담 중급 독립 실무 및 문제해결 엔지니어링,3,Attitude(태도),분석적 사고력
07,사회복지·종교,070210,가족심리상담,070210_L3,가족심리상담 중급 독립 실무 및 문제해결 엔지니어링,3,Attitude(태도),타 부서와의 원활한 협업 소통
07,사회복지·종교,070210,가족심리상담,070210_L4,가족심리상담 고급 전문화 및 프로젝트/팀 리딩,4,Knowledge(지식),신기술 융합 아키텍처
07,사회복지·종교,070210,가족심리상담,070210_L4,가족심리상담 고급 전문화 및 프로젝트/팀 리딩,4,Knowledge(지식),프로젝트 관리론(PMBOK/Agile)
07,사회복지·종교,070210,가족심리상담,070210_L4,가족심리상담 고급 전문화 및 프로젝트/팀 리딩,4,Knowledge(지식),품질보증(QA) 거버넌스
07,사회복지·종교,070210,가족심리상담,070210_L4,가족심리상담 고급 전문화 및 프로젝트/팀 리딩,4,Skill(기술/도구),전체 시스템 아키텍처 설계
07,사회복지·종교,070210,가족심리상담,070210_L4,가족심리상담 고급 전문화 및 프로젝트/팀 리딩,4,Skill(기술/도구),애자일 스프린트 리딩
07,사회복지·종교,070210,가족심리상담,070210_L4,가족심리상담 고급 전문화 및 프로젝트/팀 리딩,4,Skill(기술/도구),신기술 PoC 검증
07,사회복지·종교,070210,가족심리상담,070210_L4,가족심리상담 고급 전문화 및 프로젝트/팀 리딩,4,Attitude(태도),혁신 지향 리더십
07,사회복지·종교,070210,가족심리상담,070210_L4,가족심리상담 고급 전문화 및 프로젝트/팀 리딩,4,Attitude(태도),동료 성장 멘토링 마인드
07,사회복지·종교,070210,가족심리상담,070210_L5,가족심리상담 전략 기획 및 전사 거버넌스 총괄,5,Knowledge(지식),경영 전략 및 자본 예산 배분
07,사회복지·종교,070210,가족심리상담,070210_L5,가족심리상담 전략 기획 및 전사 거버넌스 총괄,5,Knowledge(지식),국내외 규제 컴플라이언스
07,사회복지·종교,070210,가족심리상담,070210_L5,가족심리상담 전략 기획 및 전사 거버넌스 총괄,5,Knowledge(지식),엔터프라이즈 거버넌스
07,사회복지·종교,070210,가족심리상담,070210_L5,가족심리상담 전략 기획 및 전사 거버넌스 총괄,5,Skill(기술/도구),전사 로드맵 수립
07,사회복지·종교,070210,가족심리상담,070210_L5,가족심리상담 전략 기획 및 전사 거버넌스 총괄,5,Skill(기술/도구),투자 대비 성과(ROI) 모델링
07,사회복지·종교,070210,가족심리상담,070210_L5,가족심리상담 전략 기획 및 전사 거버넌스 총괄,5,Skill(기술/도구),최고 의사결정 전략 제언
07,사회복지·종교,070210,가족심리상담,070210_L5,가족심리상담 전략 기획 및 전사 거버넌스 총괄,5,Attitude(태도),거시적 통찰력
07,사회복지·종교,070210,가족심리상담,070210_L5,가족심리상담 전략 기획 및 전사 거버넌스 총괄,5,Attitude(태도),전략적 윤리 리더십
07,사회복지·종교,070211,진로코칭,070211_L1,진로코칭 기초 입문 및 업무 환경 지원,1,Knowledge(지식),진로코칭 개론
07,사회복지·종교,070211,진로코칭,070211_L1,진로코칭 기초 입문 및 업무 환경 지원,1,Knowledge(지식),표준 작업 지침서
07,사회복지·종교,070211,진로코칭,070211_L1,진로코칭 기초 입문 및 업무 환경 지원,1,Knowledge(지식),기초 법령/규정
07,사회복지·종교,070211,진로코칭,070211_L1,진로코칭 기초 입문 및 업무 환경 지원,1,Skill(기술/도구),기초 전산 툴 조작
07,사회복지·종교,070211,진로코칭,070211_L1,진로코칭 기초 입문 및 업무 환경 지원,1,Skill(기술/도구),문서 서식 작성
07,사회복지·종교,070211,진로코칭,070211_L1,진로코칭 기초 입문 및 업무 환경 지원,1,Skill(기술/도구),자료 검색 및 분류
07,사회복지·종교,070211,진로코칭,070211_L1,진로코칭 기초 입문 및 업무 환경 지원,1,Attitude(태도),규정 준수 의식
07,사회복지·종교,070211,진로코칭,070211_L1,진로코칭 기초 입문 및 업무 환경 지원,1,Attitude(태도),성실한 업무 지원 태도
07,사회복지·종교,070211,진로코칭,070211_L2,진로코칭 초급 실무 및 정형 과업 수행,2,Knowledge(지식),진로코칭 실무 프로세스
07,사회복지·종교,070211,진로코칭,070211_L2,진로코칭 초급 실무 및 정형 과업 수행,2,Knowledge(지식),단위 업무 품질 기준
07,사회복지·종교,070211,진로코칭,070211_L2,진로코칭 초급 실무 및 정형 과업 수행,2,Knowledge(지식),데이터 검증 기법
07,사회복지·종교,070211,진로코칭,070211_L2,진로코칭 초급 실무 및 정형 과업 수행,2,Skill(기술/도구),실무 도구/SW 조작
07,사회복지·종교,070211,진로코칭,070211_L2,진로코칭 초급 실무 및 정형 과업 수행,2,Skill(기술/도구),데이터 정제 및 가공
07,사회복지·종교,070211,진로코칭,070211_L2,진로코칭 초급 실무 및 정형 과업 수행,2,Skill(기술/도구),단위 결과물 산출
07,사회복지·종교,070211,진로코칭,070211_L2,진로코칭 초급 실무 및 정형 과업 수행,2,Attitude(태도),정확성과 꼼꼼함
07,사회복지·종교,070211,진로코칭,070211_L2,진로코칭 초급 실무 및 정형 과업 수행,2,Attitude(태도),기한 준수 책임감
07,사회복지·종교,070211,진로코칭,070211_L3,진로코칭 중급 독립 실무 및 문제해결 엔지니어링,3,Knowledge(지식),심화 모델링/설계 이론
07,사회복지·종교,070211,진로코칭,070211_L3,진로코칭 중급 독립 실무 및 문제해결 엔지니어링,3,Knowledge(지식),성능 지표(KPI) 분석법
07,사회복지·종교,070211,진로코칭,070211_L3,진로코칭 중급 독립 실무 및 문제해결 엔지니어링,3,Knowledge(지식),이슈 해결 방법론
07,사회복지·종교,070211,진로코칭,070211_L3,진로코칭 중급 독립 실무 및 문제해결 엔지니어링,3,Skill(기술/도구),고급 도구/코드/기기 활용
07,사회복지·종교,070211,진로코칭,070211_L3,진로코칭 중급 독립 실무 및 문제해결 엔지니어링,3,Skill(기술/도구),원인 분석 및 조치
07,사회복지·종교,070211,진로코칭,070211_L3,진로코칭 중급 독립 실무 및 문제해결 엔지니어링,3,Skill(기술/도구),성과 분석 리포팅
07,사회복지·종교,070211,진로코칭,070211_L3,진로코칭 중급 독립 실무 및 문제해결 엔지니어링,3,Attitude(태도),분석적 사고력
07,사회복지·종교,070211,진로코칭,070211_L3,진로코칭 중급 독립 실무 및 문제해결 엔지니어링,3,Attitude(태도),타 부서와의 원활한 협업 소통
07,사회복지·종교,070211,진로코칭,070211_L4,진로코칭 고급 전문화 및 프로젝트/팀 리딩,4,Knowledge(지식),신기술 융합 아키텍처
07,사회복지·종교,070211,진로코칭,070211_L4,진로코칭 고급 전문화 및 프로젝트/팀 리딩,4,Knowledge(지식),프로젝트 관리론(PMBOK/Agile)
07,사회복지·종교,070211,진로코칭,070211_L4,진로코칭 고급 전문화 및 프로젝트/팀 리딩,4,Knowledge(지식),품질보증(QA) 거버넌스
07,사회복지·종교,070211,진로코칭,070211_L4,진로코칭 고급 전문화 및 프로젝트/팀 리딩,4,Skill(기술/도구),전체 시스템 아키텍처 설계
07,사회복지·종교,070211,진로코칭,070211_L4,진로코칭 고급 전문화 및 프로젝트/팀 리딩,4,Skill(기술/도구),애자일 스프린트 리딩
07,사회복지·종교,070211,진로코칭,070211_L4,진로코칭 고급 전문화 및 프로젝트/팀 리딩,4,Skill(기술/도구),신기술 PoC 검증
07,사회복지·종교,070211,진로코칭,070211_L4,진로코칭 고급 전문화 및 프로젝트/팀 리딩,4,Attitude(태도),혁신 지향 리더십
07,사회복지·종교,070211,진로코칭,070211_L4,진로코칭 고급 전문화 및 프로젝트/팀 리딩,4,Attitude(태도),동료 성장 멘토링 마인드
07,사회복지·종교,070211,진로코칭,070211_L5,진로코칭 전략 기획 및 전사 거버넌스 총괄,5,Knowledge(지식),경영 전략 및 자본 예산 배분
07,사회복지·종교,070211,진로코칭,070211_L5,진로코칭 전략 기획 및 전사 거버넌스 총괄,5,Knowledge(지식),국내외 규제 컴플라이언스
07,사회복지·종교,070211,진로코칭,070211_L5,진로코칭 전략 기획 및 전사 거버넌스 총괄,5,Knowledge(지식),엔터프라이즈 거버넌스
07,사회복지·종교,070211,진로코칭,070211_L5,진로코칭 전략 기획 및 전사 거버넌스 총괄,5,Skill(기술/도구),전사 로드맵 수립
07,사회복지·종교,070211,진로코칭,070211_L5,진로코칭 전략 기획 및 전사 거버넌스 총괄,5,Skill(기술/도구),투자 대비 성과(ROI) 모델링
07,사회복지·종교,070211,진로코칭,070211_L5,진로코칭 전략 기획 및 전사 거버넌스 총괄,5,Skill(기술/도구),최고 의사결정 전략 제언
07,사회복지·종교,070211,진로코칭,070211_L5,진로코칭 전략 기획 및 전사 거버넌스 총괄,5,Attitude(태도),거시적 통찰력
07,사회복지·종교,070211,진로코칭,070211_L5,진로코칭 전략 기획 및 전사 거버넌스 총괄,5,Attitude(태도),전략적 윤리 리더십
08,문화·예술·디자인·방송,080101,UI/UX인터랙션디자인,080101_L1,UI/UX인터랙션디자인 기초 입문 및 업무 환경 지원,1,Knowledge(지식),UI/UX인터랙션디자인 개론
08,문화·예술·디자인·방송,080101,UI/UX인터랙션디자인,080101_L1,UI/UX인터랙션디자인 기초 입문 및 업무 환경 지원,1,Knowledge(지식),표준 작업 지침서
08,문화·예술·디자인·방송,080101,UI/UX인터랙션디자인,080101_L1,UI/UX인터랙션디자인 기초 입문 및 업무 환경 지원,1,Knowledge(지식),기초 법령/규정
08,문화·예술·디자인·방송,080101,UI/UX인터랙션디자인,080101_L1,UI/UX인터랙션디자인 기초 입문 및 업무 환경 지원,1,Skill(기술/도구),기초 전산 툴 조작
08,문화·예술·디자인·방송,080101,UI/UX인터랙션디자인,080101_L1,UI/UX인터랙션디자인 기초 입문 및 업무 환경 지원,1,Skill(기술/도구),문서 서식 작성
08,문화·예술·디자인·방송,080101,UI/UX인터랙션디자인,080101_L1,UI/UX인터랙션디자인 기초 입문 및 업무 환경 지원,1,Skill(기술/도구),자료 검색 및 분류
08,문화·예술·디자인·방송,080101,UI/UX인터랙션디자인,080101_L1,UI/UX인터랙션디자인 기초 입문 및 업무 환경 지원,1,Attitude(태도),규정 준수 의식
08,문화·예술·디자인·방송,080101,UI/UX인터랙션디자인,080101_L1,UI/UX인터랙션디자인 기초 입문 및 업무 환경 지원,1,Attitude(태도),성실한 업무 지원 태도
08,문화·예술·디자인·방송,080101,UI/UX인터랙션디자인,080101_L2,UI/UX인터랙션디자인 초급 실무 및 정형 과업 수행,2,Knowledge(지식),UI/UX인터랙션디자인 실무 프로세스
08,문화·예술·디자인·방송,080101,UI/UX인터랙션디자인,080101_L2,UI/UX인터랙션디자인 초급 실무 및 정형 과업 수행,2,Knowledge(지식),단위 업무 품질 기준
08,문화·예술·디자인·방송,080101,UI/UX인터랙션디자인,080101_L2,UI/UX인터랙션디자인 초급 실무 및 정형 과업 수행,2,Knowledge(지식),데이터 검증 기법
08,문화·예술·디자인·방송,080101,UI/UX인터랙션디자인,080101_L2,UI/UX인터랙션디자인 초급 실무 및 정형 과업 수행,2,Skill(기술/도구),실무 도구/SW 조작
08,문화·예술·디자인·방송,080101,UI/UX인터랙션디자인,080101_L2,UI/UX인터랙션디자인 초급 실무 및 정형 과업 수행,2,Skill(기술/도구),데이터 정제 및 가공
08,문화·예술·디자인·방송,080101,UI/UX인터랙션디자인,080101_L2,UI/UX인터랙션디자인 초급 실무 및 정형 과업 수행,2,Skill(기술/도구),단위 결과물 산출
08,문화·예술·디자인·방송,080101,UI/UX인터랙션디자인,080101_L2,UI/UX인터랙션디자인 초급 실무 및 정형 과업 수행,2,Attitude(태도),정확성과 꼼꼼함
08,문화·예술·디자인·방송,080101,UI/UX인터랙션디자인,080101_L2,UI/UX인터랙션디자인 초급 실무 및 정형 과업 수행,2,Attitude(태도),기한 준수 책임감
08,문화·예술·디자인·방송,080101,UI/UX인터랙션디자인,080101_L3,UI/UX인터랙션디자인 중급 독립 실무 및 문제해결 엔지니어링,3,Knowledge(지식),심화 모델링/설계 이론
08,문화·예술·디자인·방송,080101,UI/UX인터랙션디자인,080101_L3,UI/UX인터랙션디자인 중급 독립 실무 및 문제해결 엔지니어링,3,Knowledge(지식),성능 지표(KPI) 분석법
08,문화·예술·디자인·방송,080101,UI/UX인터랙션디자인,080101_L3,UI/UX인터랙션디자인 중급 독립 실무 및 문제해결 엔지니어링,3,Knowledge(지식),이슈 해결 방법론
08,문화·예술·디자인·방송,080101,UI/UX인터랙션디자인,080101_L3,UI/UX인터랙션디자인 중급 독립 실무 및 문제해결 엔지니어링,3,Skill(기술/도구),고급 도구/코드/기기 활용
08,문화·예술·디자인·방송,080101,UI/UX인터랙션디자인,080101_L3,UI/UX인터랙션디자인 중급 독립 실무 및 문제해결 엔지니어링,3,Skill(기술/도구),원인 분석 및 조치
08,문화·예술·디자인·방송,080101,UI/UX인터랙션디자인,080101_L3,UI/UX인터랙션디자인 중급 독립 실무 및 문제해결 엔지니어링,3,Skill(기술/도구),성과 분석 리포팅
08,문화·예술·디자인·방송,080101,UI/UX인터랙션디자인,080101_L3,UI/UX인터랙션디자인 중급 독립 실무 및 문제해결 엔지니어링,3,Attitude(태도),분석적 사고력
08,문화·예술·디자인·방송,080101,UI/UX인터랙션디자인,080101_L3,UI/UX인터랙션디자인 중급 독립 실무 및 문제해결 엔지니어링,3,Attitude(태도),타 부서와의 원활한 협업 소통
08,문화·예술·디자인·방송,080101,UI/UX인터랙션디자인,080101_L4,UI/UX인터랙션디자인 고급 전문화 및 프로젝트/팀 리딩,4,Knowledge(지식),신기술 융합 아키텍처
08,문화·예술·디자인·방송,080101,UI/UX인터랙션디자인,080101_L4,UI/UX인터랙션디자인 고급 전문화 및 프로젝트/팀 리딩,4,Knowledge(지식),프로젝트 관리론(PMBOK/Agile)
08,문화·예술·디자인·방송,080101,UI/UX인터랙션디자인,080101_L4,UI/UX인터랙션디자인 고급 전문화 및 프로젝트/팀 리딩,4,Knowledge(지식),품질보증(QA) 거버넌스
08,문화·예술·디자인·방송,080101,UI/UX인터랙션디자인,080101_L4,UI/UX인터랙션디자인 고급 전문화 및 프로젝트/팀 리딩,4,Skill(기술/도구),전체 시스템 아키텍처 설계
08,문화·예술·디자인·방송,080101,UI/UX인터랙션디자인,080101_L4,UI/UX인터랙션디자인 고급 전문화 및 프로젝트/팀 리딩,4,Skill(기술/도구),애자일 스프린트 리딩
08,문화·예술·디자인·방송,080101,UI/UX인터랙션디자인,080101_L4,UI/UX인터랙션디자인 고급 전문화 및 프로젝트/팀 리딩,4,Skill(기술/도구),신기술 PoC 검증
08,문화·예술·디자인·방송,080101,UI/UX인터랙션디자인,080101_L4,UI/UX인터랙션디자인 고급 전문화 및 프로젝트/팀 리딩,4,Attitude(태도),혁신 지향 리더십
08,문화·예술·디자인·방송,080101,UI/UX인터랙션디자인,080101_L4,UI/UX인터랙션디자인 고급 전문화 및 프로젝트/팀 리딩,4,Attitude(태도),동료 성장 멘토링 마인드
08,문화·예술·디자인·방송,080101,UI/UX인터랙션디자인,080101_L5,UI/UX인터랙션디자인 전략 기획 및 전사 거버넌스 총괄,5,Knowledge(지식),경영 전략 및 자본 예산 배분
08,문화·예술·디자인·방송,080101,UI/UX인터랙션디자인,080101_L5,UI/UX인터랙션디자인 전략 기획 및 전사 거버넌스 총괄,5,Knowledge(지식),국내외 규제 컴플라이언스
08,문화·예술·디자인·방송,080101,UI/UX인터랙션디자인,080101_L5,UI/UX인터랙션디자인 전략 기획 및 전사 거버넌스 총괄,5,Knowledge(지식),엔터프라이즈 거버넌스
08,문화·예술·디자인·방송,080101,UI/UX인터랙션디자인,080101_L5,UI/UX인터랙션디자인 전략 기획 및 전사 거버넌스 총괄,5,Skill(기술/도구),전사 로드맵 수립
08,문화·예술·디자인·방송,080101,UI/UX인터랙션디자인,080101_L5,UI/UX인터랙션디자인 전략 기획 및 전사 거버넌스 총괄,5,Skill(기술/도구),투자 대비 성과(ROI) 모델링
08,문화·예술·디자인·방송,080101,UI/UX인터랙션디자인,080101_L5,UI/UX인터랙션디자인 전략 기획 및 전사 거버넌스 총괄,5,Skill(기술/도구),최고 의사결정 전략 제언
08,문화·예술·디자인·방송,080101,UI/UX인터랙션디자인,080101_L5,UI/UX인터랙션디자인 전략 기획 및 전사 거버넌스 총괄,5,Attitude(태도),거시적 통찰력
08,문화·예술·디자인·방송,080101,UI/UX인터랙션디자인,080101_L5,UI/UX인터랙션디자인 전략 기획 및 전사 거버넌스 총괄,5,Attitude(태도),전략적 윤리 리더십
08,문화·예술·디자인·방송,080102,시각(그래픽)디자인,080102_L1,시각(그래픽)디자인 기초 입문 및 업무 환경 지원,1,Knowledge(지식),시각(그래픽)디자인 개론
08,문화·예술·디자인·방송,080102,시각(그래픽)디자인,080102_L1,시각(그래픽)디자인 기초 입문 및 업무 환경 지원,1,Knowledge(지식),표준 작업 지침서
08,문화·예술·디자인·방송,080102,시각(그래픽)디자인,080102_L1,시각(그래픽)디자인 기초 입문 및 업무 환경 지원,1,Knowledge(지식),기초 법령/규정
08,문화·예술·디자인·방송,080102,시각(그래픽)디자인,080102_L1,시각(그래픽)디자인 기초 입문 및 업무 환경 지원,1,Skill(기술/도구),기초 전산 툴 조작
08,문화·예술·디자인·방송,080102,시각(그래픽)디자인,080102_L1,시각(그래픽)디자인 기초 입문 및 업무 환경 지원,1,Skill(기술/도구),문서 서식 작성
08,문화·예술·디자인·방송,080102,시각(그래픽)디자인,080102_L1,시각(그래픽)디자인 기초 입문 및 업무 환경 지원,1,Skill(기술/도구),자료 검색 및 분류
08,문화·예술·디자인·방송,080102,시각(그래픽)디자인,080102_L1,시각(그래픽)디자인 기초 입문 및 업무 환경 지원,1,Attitude(태도),규정 준수 의식
08,문화·예술·디자인·방송,080102,시각(그래픽)디자인,080102_L1,시각(그래픽)디자인 기초 입문 및 업무 환경 지원,1,Attitude(태도),성실한 업무 지원 태도
08,문화·예술·디자인·방송,080102,시각(그래픽)디자인,080102_L2,시각(그래픽)디자인 초급 실무 및 정형 과업 수행,2,Knowledge(지식),시각(그래픽)디자인 실무 프로세스
08,문화·예술·디자인·방송,080102,시각(그래픽)디자인,080102_L2,시각(그래픽)디자인 초급 실무 및 정형 과업 수행,2,Knowledge(지식),단위 업무 품질 기준
08,문화·예술·디자인·방송,080102,시각(그래픽)디자인,080102_L2,시각(그래픽)디자인 초급 실무 및 정형 과업 수행,2,Knowledge(지식),데이터 검증 기법
08,문화·예술·디자인·방송,080102,시각(그래픽)디자인,080102_L2,시각(그래픽)디자인 초급 실무 및 정형 과업 수행,2,Skill(기술/도구),실무 도구/SW 조작
08,문화·예술·디자인·방송,080102,시각(그래픽)디자인,080102_L2,시각(그래픽)디자인 초급 실무 및 정형 과업 수행,2,Skill(기술/도구),데이터 정제 및 가공
08,문화·예술·디자인·방송,080102,시각(그래픽)디자인,080102_L2,시각(그래픽)디자인 초급 실무 및 정형 과업 수행,2,Skill(기술/도구),단위 결과물 산출
08,문화·예술·디자인·방송,080102,시각(그래픽)디자인,080102_L2,시각(그래픽)디자인 초급 실무 및 정형 과업 수행,2,Attitude(태도),정확성과 꼼꼼함
08,문화·예술·디자인·방송,080102,시각(그래픽)디자인,080102_L2,시각(그래픽)디자인 초급 실무 및 정형 과업 수행,2,Attitude(태도),기한 준수 책임감
08,문화·예술·디자인·방송,080102,시각(그래픽)디자인,080102_L3,시각(그래픽)디자인 중급 독립 실무 및 문제해결 엔지니어링,3,Knowledge(지식),심화 모델링/설계 이론
08,문화·예술·디자인·방송,080102,시각(그래픽)디자인,080102_L3,시각(그래픽)디자인 중급 독립 실무 및 문제해결 엔지니어링,3,Knowledge(지식),성능 지표(KPI) 분석법
08,문화·예술·디자인·방송,080102,시각(그래픽)디자인,080102_L3,시각(그래픽)디자인 중급 독립 실무 및 문제해결 엔지니어링,3,Knowledge(지식),이슈 해결 방법론
08,문화·예술·디자인·방송,080102,시각(그래픽)디자인,080102_L3,시각(그래픽)디자인 중급 독립 실무 및 문제해결 엔지니어링,3,Skill(기술/도구),고급 도구/코드/기기 활용
08,문화·예술·디자인·방송,080102,시각(그래픽)디자인,080102_L3,시각(그래픽)디자인 중급 독립 실무 및 문제해결 엔지니어링,3,Skill(기술/도구),원인 분석 및 조치
08,문화·예술·디자인·방송,080102,시각(그래픽)디자인,080102_L3,시각(그래픽)디자인 중급 독립 실무 및 문제해결 엔지니어링,3,Skill(기술/도구),성과 분석 리포팅
08,문화·예술·디자인·방송,080102,시각(그래픽)디자인,080102_L3,시각(그래픽)디자인 중급 독립 실무 및 문제해결 엔지니어링,3,Attitude(태도),분석적 사고력
08,문화·예술·디자인·방송,080102,시각(그래픽)디자인,080102_L3,시각(그래픽)디자인 중급 독립 실무 및 문제해결 엔지니어링,3,Attitude(태도),타 부서와의 원활한 협업 소통
08,문화·예술·디자인·방송,080102,시각(그래픽)디자인,080102_L4,시각(그래픽)디자인 고급 전문화 및 프로젝트/팀 리딩,4,Knowledge(지식),신기술 융합 아키텍처
08,문화·예술·디자인·방송,080102,시각(그래픽)디자인,080102_L4,시각(그래픽)디자인 고급 전문화 및 프로젝트/팀 리딩,4,Knowledge(지식),프로젝트 관리론(PMBOK/Agile)
08,문화·예술·디자인·방송,080102,시각(그래픽)디자인,080102_L4,시각(그래픽)디자인 고급 전문화 및 프로젝트/팀 리딩,4,Knowledge(지식),품질보증(QA) 거버넌스
08,문화·예술·디자인·방송,080102,시각(그래픽)디자인,080102_L4,시각(그래픽)디자인 고급 전문화 및 프로젝트/팀 리딩,4,Skill(기술/도구),전체 시스템 아키텍처 설계
08,문화·예술·디자인·방송,080102,시각(그래픽)디자인,080102_L4,시각(그래픽)디자인 고급 전문화 및 프로젝트/팀 리딩,4,Skill(기술/도구),애자일 스프린트 리딩
08,문화·예술·디자인·방송,080102,시각(그래픽)디자인,080102_L4,시각(그래픽)디자인 고급 전문화 및 프로젝트/팀 리딩,4,Skill(기술/도구),신기술 PoC 검증
08,문화·예술·디자인·방송,080102,시각(그래픽)디자인,080102_L4,시각(그래픽)디자인 고급 전문화 및 프로젝트/팀 리딩,4,Attitude(태도),혁신 지향 리더십
08,문화·예술·디자인·방송,080102,시각(그래픽)디자인,080102_L4,시각(그래픽)디자인 고급 전문화 및 프로젝트/팀 리딩,4,Attitude(태도),동료 성장 멘토링 마인드
08,문화·예술·디자인·방송,080102,시각(그래픽)디자인,080102_L5,시각(그래픽)디자인 전략 기획 및 전사 거버넌스 총괄,5,Knowledge(지식),경영 전략 및 자본 예산 배분
08,문화·예술·디자인·방송,080102,시각(그래픽)디자인,080102_L5,시각(그래픽)디자인 전략 기획 및 전사 거버넌스 총괄,5,Knowledge(지식),국내외 규제 컴플라이언스
08,문화·예술·디자인·방송,080102,시각(그래픽)디자인,080102_L5,시각(그래픽)디자인 전략 기획 및 전사 거버넌스 총괄,5,Knowledge(지식),엔터프라이즈 거버넌스
08,문화·예술·디자인·방송,080102,시각(그래픽)디자인,080102_L5,시각(그래픽)디자인 전략 기획 및 전사 거버넌스 총괄,5,Skill(기술/도구),전사 로드맵 수립
08,문화·예술·디자인·방송,080102,시각(그래픽)디자인,080102_L5,시각(그래픽)디자인 전략 기획 및 전사 거버넌스 총괄,5,Skill(기술/도구),투자 대비 성과(ROI) 모델링
08,문화·예술·디자인·방송,080102,시각(그래픽)디자인,080102_L5,시각(그래픽)디자인 전략 기획 및 전사 거버넌스 총괄,5,Skill(기술/도구),최고 의사결정 전략 제언
08,문화·예술·디자인·방송,080102,시각(그래픽)디자인,080102_L5,시각(그래픽)디자인 전략 기획 및 전사 거버넌스 총괄,5,Attitude(태도),거시적 통찰력
08,문화·예술·디자인·방송,080102,시각(그래픽)디자인,080102_L5,시각(그래픽)디자인 전략 기획 및 전사 거버넌스 총괄,5,Attitude(태도),전략적 윤리 리더십
08,문화·예술·디자인·방송,080103,제품디자인,080103_L1,제품디자인 기초 입문 및 업무 환경 지원,1,Knowledge(지식),제품디자인 개론
08,문화·예술·디자인·방송,080103,제품디자인,080103_L1,제품디자인 기초 입문 및 업무 환경 지원,1,Knowledge(지식),표준 작업 지침서
08,문화·예술·디자인·방송,080103,제품디자인,080103_L1,제품디자인 기초 입문 및 업무 환경 지원,1,Knowledge(지식),기초 법령/규정
08,문화·예술·디자인·방송,080103,제품디자인,080103_L1,제품디자인 기초 입문 및 업무 환경 지원,1,Skill(기술/도구),기초 전산 툴 조작
08,문화·예술·디자인·방송,080103,제품디자인,080103_L1,제품디자인 기초 입문 및 업무 환경 지원,1,Skill(기술/도구),문서 서식 작성
08,문화·예술·디자인·방송,080103,제품디자인,080103_L1,제품디자인 기초 입문 및 업무 환경 지원,1,Skill(기술/도구),자료 검색 및 분류
08,문화·예술·디자인·방송,080103,제품디자인,080103_L1,제품디자인 기초 입문 및 업무 환경 지원,1,Attitude(태도),규정 준수 의식
08,문화·예술·디자인·방송,080103,제품디자인,080103_L1,제품디자인 기초 입문 및 업무 환경 지원,1,Attitude(태도),성실한 업무 지원 태도
08,문화·예술·디자인·방송,080103,제품디자인,080103_L2,제품디자인 초급 실무 및 정형 과업 수행,2,Knowledge(지식),제품디자인 실무 프로세스
08,문화·예술·디자인·방송,080103,제품디자인,080103_L2,제품디자인 초급 실무 및 정형 과업 수행,2,Knowledge(지식),단위 업무 품질 기준
08,문화·예술·디자인·방송,080103,제품디자인,080103_L2,제품디자인 초급 실무 및 정형 과업 수행,2,Knowledge(지식),데이터 검증 기법
08,문화·예술·디자인·방송,080103,제품디자인,080103_L2,제품디자인 초급 실무 및 정형 과업 수행,2,Skill(기술/도구),실무 도구/SW 조작
08,문화·예술·디자인·방송,080103,제품디자인,080103_L2,제품디자인 초급 실무 및 정형 과업 수행,2,Skill(기술/도구),데이터 정제 및 가공
08,문화·예술·디자인·방송,080103,제품디자인,080103_L2,제품디자인 초급 실무 및 정형 과업 수행,2,Skill(기술/도구),단위 결과물 산출
08,문화·예술·디자인·방송,080103,제품디자인,080103_L2,제품디자인 초급 실무 및 정형 과업 수행,2,Attitude(태도),정확성과 꼼꼼함
08,문화·예술·디자인·방송,080103,제품디자인,080103_L2,제품디자인 초급 실무 및 정형 과업 수행,2,Attitude(태도),기한 준수 책임감
08,문화·예술·디자인·방송,080103,제품디자인,080103_L3,제품디자인 중급 독립 실무 및 문제해결 엔지니어링,3,Knowledge(지식),심화 모델링/설계 이론
08,문화·예술·디자인·방송,080103,제품디자인,080103_L3,제품디자인 중급 독립 실무 및 문제해결 엔지니어링,3,Knowledge(지식),성능 지표(KPI) 분석법
08,문화·예술·디자인·방송,080103,제품디자인,080103_L3,제품디자인 중급 독립 실무 및 문제해결 엔지니어링,3,Knowledge(지식),이슈 해결 방법론
08,문화·예술·디자인·방송,080103,제품디자인,080103_L3,제품디자인 중급 독립 실무 및 문제해결 엔지니어링,3,Skill(기술/도구),고급 도구/코드/기기 활용
08,문화·예술·디자인·방송,080103,제품디자인,080103_L3,제품디자인 중급 독립 실무 및 문제해결 엔지니어링,3,Skill(기술/도구),원인 분석 및 조치
08,문화·예술·디자인·방송,080103,제품디자인,080103_L3,제품디자인 중급 독립 실무 및 문제해결 엔지니어링,3,Skill(기술/도구),성과 분석 리포팅
08,문화·예술·디자인·방송,080103,제품디자인,080103_L3,제품디자인 중급 독립 실무 및 문제해결 엔지니어링,3,Attitude(태도),분석적 사고력
08,문화·예술·디자인·방송,080103,제품디자인,080103_L3,제품디자인 중급 독립 실무 및 문제해결 엔지니어링,3,Attitude(태도),타 부서와의 원활한 협업 소통
08,문화·예술·디자인·방송,080103,제품디자인,080103_L4,제품디자인 고급 전문화 및 프로젝트/팀 리딩,4,Knowledge(지식),신기술 융합 아키텍처
08,문화·예술·디자인·방송,080103,제품디자인,080103_L4,제품디자인 고급 전문화 및 프로젝트/팀 리딩,4,Knowledge(지식),프로젝트 관리론(PMBOK/Agile)
08,문화·예술·디자인·방송,080103,제품디자인,080103_L4,제품디자인 고급 전문화 및 프로젝트/팀 리딩,4,Knowledge(지식),품질보증(QA) 거버넌스
08,문화·예술·디자인·방송,080103,제품디자인,080103_L4,제품디자인 고급 전문화 및 프로젝트/팀 리딩,4,Skill(기술/도구),전체 시스템 아키텍처 설계
08,문화·예술·디자인·방송,080103,제품디자인,080103_L4,제품디자인 고급 전문화 및 프로젝트/팀 리딩,4,Skill(기술/도구),애자일 스프린트 리딩
08,문화·예술·디자인·방송,080103,제품디자인,080103_L4,제품디자인 고급 전문화 및 프로젝트/팀 리딩,4,Skill(기술/도구),신기술 PoC 검증
08,문화·예술·디자인·방송,080103,제품디자인,080103_L4,제품디자인 고급 전문화 및 프로젝트/팀 리딩,4,Attitude(태도),혁신 지향 리더십
08,문화·예술·디자인·방송,080103,제품디자인,080103_L4,제품디자인 고급 전문화 및 프로젝트/팀 리딩,4,Attitude(태도),동료 성장 멘토링 마인드
08,문화·예술·디자인·방송,080103,제품디자인,080103_L5,제품디자인 전략 기획 및 전사 거버넌스 총괄,5,Knowledge(지식),경영 전략 및 자본 예산 배분
08,문화·예술·디자인·방송,080103,제품디자인,080103_L5,제품디자인 전략 기획 및 전사 거버넌스 총괄,5,Knowledge(지식),국내외 규제 컴플라이언스
08,문화·예술·디자인·방송,080103,제품디자인,080103_L5,제품디자인 전략 기획 및 전사 거버넌스 총괄,5,Knowledge(지식),엔터프라이즈 거버넌스
08,문화·예술·디자인·방송,080103,제품디자인,080103_L5,제품디자인 전략 기획 및 전사 거버넌스 총괄,5,Skill(기술/도구),전사 로드맵 수립
08,문화·예술·디자인·방송,080103,제품디자인,080103_L5,제품디자인 전략 기획 및 전사 거버넌스 총괄,5,Skill(기술/도구),투자 대비 성과(ROI) 모델링
08,문화·예술·디자인·방송,080103,제품디자인,080103_L5,제품디자인 전략 기획 및 전사 거버넌스 총괄,5,Skill(기술/도구),최고 의사결정 전략 제언
08,문화·예술·디자인·방송,080103,제품디자인,080103_L5,제품디자인 전략 기획 및 전사 거버넌스 총괄,5,Attitude(태도),거시적 통찰력
08,문화·예술·디자인·방송,080103,제품디자인,080103_L5,제품디자인 전략 기획 및 전사 거버넌스 총괄,5,Attitude(태도),전략적 윤리 리더십
08,문화·예술·디자인·방송,080104,공간디자인,080104_L1,공간디자인 기초 입문 및 업무 환경 지원,1,Knowledge(지식),공간디자인 개론
08,문화·예술·디자인·방송,080104,공간디자인,080104_L1,공간디자인 기초 입문 및 업무 환경 지원,1,Knowledge(지식),표준 작업 지침서
08,문화·예술·디자인·방송,080104,공간디자인,080104_L1,공간디자인 기초 입문 및 업무 환경 지원,1,Knowledge(지식),기초 법령/규정
08,문화·예술·디자인·방송,080104,공간디자인,080104_L1,공간디자인 기초 입문 및 업무 환경 지원,1,Skill(기술/도구),기초 전산 툴 조작
08,문화·예술·디자인·방송,080104,공간디자인,080104_L1,공간디자인 기초 입문 및 업무 환경 지원,1,Skill(기술/도구),문서 서식 작성
08,문화·예술·디자인·방송,080104,공간디자인,080104_L1,공간디자인 기초 입문 및 업무 환경 지원,1,Skill(기술/도구),자료 검색 및 분류
08,문화·예술·디자인·방송,080104,공간디자인,080104_L1,공간디자인 기초 입문 및 업무 환경 지원,1,Attitude(태도),규정 준수 의식
08,문화·예술·디자인·방송,080104,공간디자인,080104_L1,공간디자인 기초 입문 및 업무 환경 지원,1,Attitude(태도),성실한 업무 지원 태도
08,문화·예술·디자인·방송,080104,공간디자인,080104_L2,공간디자인 초급 실무 및 정형 과업 수행,2,Knowledge(지식),공간디자인 실무 프로세스
08,문화·예술·디자인·방송,080104,공간디자인,080104_L2,공간디자인 초급 실무 및 정형 과업 수행,2,Knowledge(지식),단위 업무 품질 기준
08,문화·예술·디자인·방송,080104,공간디자인,080104_L2,공간디자인 초급 실무 및 정형 과업 수행,2,Knowledge(지식),데이터 검증 기법
08,문화·예술·디자인·방송,080104,공간디자인,080104_L2,공간디자인 초급 실무 및 정형 과업 수행,2,Skill(기술/도구),실무 도구/SW 조작
08,문화·예술·디자인·방송,080104,공간디자인,080104_L2,공간디자인 초급 실무 및 정형 과업 수행,2,Skill(기술/도구),데이터 정제 및 가공
08,문화·예술·디자인·방송,080104,공간디자인,080104_L2,공간디자인 초급 실무 및 정형 과업 수행,2,Skill(기술/도구),단위 결과물 산출
08,문화·예술·디자인·방송,080104,공간디자인,080104_L2,공간디자인 초급 실무 및 정형 과업 수행,2,Attitude(태도),정확성과 꼼꼼함
08,문화·예술·디자인·방송,080104,공간디자인,080104_L2,공간디자인 초급 실무 및 정형 과업 수행,2,Attitude(태도),기한 준수 책임감
08,문화·예술·디자인·방송,080104,공간디자인,080104_L3,공간디자인 중급 독립 실무 및 문제해결 엔지니어링,3,Knowledge(지식),심화 모델링/설계 이론
08,문화·예술·디자인·방송,080104,공간디자인,080104_L3,공간디자인 중급 독립 실무 및 문제해결 엔지니어링,3,Knowledge(지식),성능 지표(KPI) 분석법
08,문화·예술·디자인·방송,080104,공간디자인,080104_L3,공간디자인 중급 독립 실무 및 문제해결 엔지니어링,3,Knowledge(지식),이슈 해결 방법론
08,문화·예술·디자인·방송,080104,공간디자인,080104_L3,공간디자인 중급 독립 실무 및 문제해결 엔지니어링,3,Skill(기술/도구),고급 도구/코드/기기 활용
08,문화·예술·디자인·방송,080104,공간디자인,080104_L3,공간디자인 중급 독립 실무 및 문제해결 엔지니어링,3,Skill(기술/도구),원인 분석 및 조치
08,문화·예술·디자인·방송,080104,공간디자인,080104_L3,공간디자인 중급 독립 실무 및 문제해결 엔지니어링,3,Skill(기술/도구),성과 분석 리포팅
08,문화·예술·디자인·방송,080104,공간디자인,080104_L3,공간디자인 중급 독립 실무 및 문제해결 엔지니어링,3,Attitude(태도),분석적 사고력
08,문화·예술·디자인·방송,080104,공간디자인,080104_L3,공간디자인 중급 독립 실무 및 문제해결 엔지니어링,3,Attitude(태도),타 부서와의 원활한 협업 소통
08,문화·예술·디자인·방송,080104,공간디자인,080104_L4,공간디자인 고급 전문화 및 프로젝트/팀 리딩,4,Knowledge(지식),신기술 융합 아키텍처
08,문화·예술·디자인·방송,080104,공간디자인,080104_L4,공간디자인 고급 전문화 및 프로젝트/팀 리딩,4,Knowledge(지식),프로젝트 관리론(PMBOK/Agile)
08,문화·예술·디자인·방송,080104,공간디자인,080104_L4,공간디자인 고급 전문화 및 프로젝트/팀 리딩,4,Knowledge(지식),품질보증(QA) 거버넌스
08,문화·예술·디자인·방송,080104,공간디자인,080104_L4,공간디자인 고급 전문화 및 프로젝트/팀 리딩,4,Skill(기술/도구),전체 시스템 아키텍처 설계
08,문화·예술·디자인·방송,080104,공간디자인,080104_L4,공간디자인 고급 전문화 및 프로젝트/팀 리딩,4,Skill(기술/도구),애자일 스프린트 리딩
08,문화·예술·디자인·방송,080104,공간디자인,080104_L4,공간디자인 고급 전문화 및 프로젝트/팀 리딩,4,Skill(기술/도구),신기술 PoC 검증
08,문화·예술·디자인·방송,080104,공간디자인,080104_L4,공간디자인 고급 전문화 및 프로젝트/팀 리딩,4,Attitude(태도),혁신 지향 리더십
08,문화·예술·디자인·방송,080104,공간디자인,080104_L4,공간디자인 고급 전문화 및 프로젝트/팀 리딩,4,Attitude(태도),동료 성장 멘토링 마인드
08,문화·예술·디자인·방송,080104,공간디자인,080104_L5,공간디자인 전략 기획 및 전사 거버넌스 총괄,5,Knowledge(지식),경영 전략 및 자본 예산 배분
08,문화·예술·디자인·방송,080104,공간디자인,080104_L5,공간디자인 전략 기획 및 전사 거버넌스 총괄,5,Knowledge(지식),국내외 규제 컴플라이언스
08,문화·예술·디자인·방송,080104,공간디자인,080104_L5,공간디자인 전략 기획 및 전사 거버넌스 총괄,5,Knowledge(지식),엔터프라이즈 거버넌스
08,문화·예술·디자인·방송,080104,공간디자인,080104_L5,공간디자인 전략 기획 및 전사 거버넌스 총괄,5,Skill(기술/도구),전사 로드맵 수립
08,문화·예술·디자인·방송,080104,공간디자인,080104_L5,공간디자인 전략 기획 및 전사 거버넌스 총괄,5,Skill(기술/도구),투자 대비 성과(ROI) 모델링
08,문화·예술·디자인·방송,080104,공간디자인,080104_L5,공간디자인 전략 기획 및 전사 거버넌스 총괄,5,Skill(기술/도구),최고 의사결정 전략 제언
08,문화·예술·디자인·방송,080104,공간디자인,080104_L5,공간디자인 전략 기획 및 전사 거버넌스 총괄,5,Attitude(태도),거시적 통찰력
08,문화·예술·디자인·방송,080104,공간디자인,080104_L5,공간디자인 전략 기획 및 전사 거버넌스 총괄,5,Attitude(태도),전략적 윤리 리더십
08,문화·예술·디자인·방송,080105,캐릭터디자인,080105_L1,캐릭터디자인 기초 입문 및 업무 환경 지원,1,Knowledge(지식),캐릭터디자인 개론
08,문화·예술·디자인·방송,080105,캐릭터디자인,080105_L1,캐릭터디자인 기초 입문 및 업무 환경 지원,1,Knowledge(지식),표준 작업 지침서
08,문화·예술·디자인·방송,080105,캐릭터디자인,080105_L1,캐릭터디자인 기초 입문 및 업무 환경 지원,1,Knowledge(지식),기초 법령/규정
08,문화·예술·디자인·방송,080105,캐릭터디자인,080105_L1,캐릭터디자인 기초 입문 및 업무 환경 지원,1,Skill(기술/도구),기초 전산 툴 조작
08,문화·예술·디자인·방송,080105,캐릭터디자인,080105_L1,캐릭터디자인 기초 입문 및 업무 환경 지원,1,Skill(기술/도구),문서 서식 작성
08,문화·예술·디자인·방송,080105,캐릭터디자인,080105_L1,캐릭터디자인 기초 입문 및 업무 환경 지원,1,Skill(기술/도구),자료 검색 및 분류
08,문화·예술·디자인·방송,080105,캐릭터디자인,080105_L1,캐릭터디자인 기초 입문 및 업무 환경 지원,1,Attitude(태도),규정 준수 의식
08,문화·예술·디자인·방송,080105,캐릭터디자인,080105_L1,캐릭터디자인 기초 입문 및 업무 환경 지원,1,Attitude(태도),성실한 업무 지원 태도
08,문화·예술·디자인·방송,080105,캐릭터디자인,080105_L2,캐릭터디자인 초급 실무 및 정형 과업 수행,2,Knowledge(지식),캐릭터디자인 실무 프로세스
08,문화·예술·디자인·방송,080105,캐릭터디자인,080105_L2,캐릭터디자인 초급 실무 및 정형 과업 수행,2,Knowledge(지식),단위 업무 품질 기준
08,문화·예술·디자인·방송,080105,캐릭터디자인,080105_L2,캐릭터디자인 초급 실무 및 정형 과업 수행,2,Knowledge(지식),데이터 검증 기법
08,문화·예술·디자인·방송,080105,캐릭터디자인,080105_L2,캐릭터디자인 초급 실무 및 정형 과업 수행,2,Skill(기술/도구),실무 도구/SW 조작
08,문화·예술·디자인·방송,080105,캐릭터디자인,080105_L2,캐릭터디자인 초급 실무 및 정형 과업 수행,2,Skill(기술/도구),데이터 정제 및 가공
08,문화·예술·디자인·방송,080105,캐릭터디자인,080105_L2,캐릭터디자인 초급 실무 및 정형 과업 수행,2,Skill(기술/도구),단위 결과물 산출
08,문화·예술·디자인·방송,080105,캐릭터디자인,080105_L2,캐릭터디자인 초급 실무 및 정형 과업 수행,2,Attitude(태도),정확성과 꼼꼼함
08,문화·예술·디자인·방송,080105,캐릭터디자인,080105_L2,캐릭터디자인 초급 실무 및 정형 과업 수행,2,Attitude(태도),기한 준수 책임감
08,문화·예술·디자인·방송,080105,캐릭터디자인,080105_L3,캐릭터디자인 중급 독립 실무 및 문제해결 엔지니어링,3,Knowledge(지식),심화 모델링/설계 이론
08,문화·예술·디자인·방송,080105,캐릭터디자인,080105_L3,캐릭터디자인 중급 독립 실무 및 문제해결 엔지니어링,3,Knowledge(지식),성능 지표(KPI) 분석법
08,문화·예술·디자인·방송,080105,캐릭터디자인,080105_L3,캐릭터디자인 중급 독립 실무 및 문제해결 엔지니어링,3,Knowledge(지식),이슈 해결 방법론
08,문화·예술·디자인·방송,080105,캐릭터디자인,080105_L3,캐릭터디자인 중급 독립 실무 및 문제해결 엔지니어링,3,Skill(기술/도구),고급 도구/코드/기기 활용
08,문화·예술·디자인·방송,080105,캐릭터디자인,080105_L3,캐릭터디자인 중급 독립 실무 및 문제해결 엔지니어링,3,Skill(기술/도구),원인 분석 및 조치
08,문화·예술·디자인·방송,080105,캐릭터디자인,080105_L3,캐릭터디자인 중급 독립 실무 및 문제해결 엔지니어링,3,Skill(기술/도구),성과 분석 리포팅
08,문화·예술·디자인·방송,080105,캐릭터디자인,080105_L3,캐릭터디자인 중급 독립 실무 및 문제해결 엔지니어링,3,Attitude(태도),분석적 사고력
08,문화·예술·디자인·방송,080105,캐릭터디자인,080105_L3,캐릭터디자인 중급 독립 실무 및 문제해결 엔지니어링,3,Attitude(태도),타 부서와의 원활한 협업 소통
08,문화·예술·디자인·방송,080105,캐릭터디자인,080105_L4,캐릭터디자인 고급 전문화 및 프로젝트/팀 리딩,4,Knowledge(지식),신기술 융합 아키텍처
08,문화·예술·디자인·방송,080105,캐릭터디자인,080105_L4,캐릭터디자인 고급 전문화 및 프로젝트/팀 리딩,4,Knowledge(지식),프로젝트 관리론(PMBOK/Agile)
08,문화·예술·디자인·방송,080105,캐릭터디자인,080105_L4,캐릭터디자인 고급 전문화 및 프로젝트/팀 리딩,4,Knowledge(지식),품질보증(QA) 거버넌스
08,문화·예술·디자인·방송,080105,캐릭터디자인,080105_L4,캐릭터디자인 고급 전문화 및 프로젝트/팀 리딩,4,Skill(기술/도구),전체 시스템 아키텍처 설계
08,문화·예술·디자인·방송,080105,캐릭터디자인,080105_L4,캐릭터디자인 고급 전문화 및 프로젝트/팀 리딩,4,Skill(기술/도구),애자일 스프린트 리딩
08,문화·예술·디자인·방송,080105,캐릭터디자인,080105_L4,캐릭터디자인 고급 전문화 및 프로젝트/팀 리딩,4,Skill(기술/도구),신기술 PoC 검증
08,문화·예술·디자인·방송,080105,캐릭터디자인,080105_L4,캐릭터디자인 고급 전문화 및 프로젝트/팀 리딩,4,Attitude(태도),혁신 지향 리더십
08,문화·예술·디자인·방송,080105,캐릭터디자인,080105_L4,캐릭터디자인 고급 전문화 및 프로젝트/팀 리딩,4,Attitude(태도),동료 성장 멘토링 마인드
08,문화·예술·디자인·방송,080105,캐릭터디자인,080105_L5,캐릭터디자인 전략 기획 및 전사 거버넌스 총괄,5,Knowledge(지식),경영 전략 및 자본 예산 배분
08,문화·예술·디자인·방송,080105,캐릭터디자인,080105_L5,캐릭터디자인 전략 기획 및 전사 거버넌스 총괄,5,Knowledge(지식),국내외 규제 컴플라이언스
08,문화·예술·디자인·방송,080105,캐릭터디자인,080105_L5,캐릭터디자인 전략 기획 및 전사 거버넌스 총괄,5,Knowledge(지식),엔터프라이즈 거버넌스
08,문화·예술·디자인·방송,080105,캐릭터디자인,080105_L5,캐릭터디자인 전략 기획 및 전사 거버넌스 총괄,5,Skill(기술/도구),전사 로드맵 수립
08,문화·예술·디자인·방송,080105,캐릭터디자인,080105_L5,캐릭터디자인 전략 기획 및 전사 거버넌스 총괄,5,Skill(기술/도구),투자 대비 성과(ROI) 모델링
08,문화·예술·디자인·방송,080105,캐릭터디자인,080105_L5,캐릭터디자인 전략 기획 및 전사 거버넌스 총괄,5,Skill(기술/도구),최고 의사결정 전략 제언
08,문화·예술·디자인·방송,080105,캐릭터디자인,080105_L5,캐릭터디자인 전략 기획 및 전사 거버넌스 총괄,5,Attitude(태도),거시적 통찰력
08,문화·예술·디자인·방송,080105,캐릭터디자인,080105_L5,캐릭터디자인 전략 기획 및 전사 거버넌스 총괄,5,Attitude(태도),전략적 윤리 리더십
08,문화·예술·디자인·방송,080106,패키지디자인,080106_L1,패키지디자인 기초 입문 및 업무 환경 지원,1,Knowledge(지식),패키지디자인 개론
08,문화·예술·디자인·방송,080106,패키지디자인,080106_L1,패키지디자인 기초 입문 및 업무 환경 지원,1,Knowledge(지식),표준 작업 지침서
08,문화·예술·디자인·방송,080106,패키지디자인,080106_L1,패키지디자인 기초 입문 및 업무 환경 지원,1,Knowledge(지식),기초 법령/규정
08,문화·예술·디자인·방송,080106,패키지디자인,080106_L1,패키지디자인 기초 입문 및 업무 환경 지원,1,Skill(기술/도구),기초 전산 툴 조작
08,문화·예술·디자인·방송,080106,패키지디자인,080106_L1,패키지디자인 기초 입문 및 업무 환경 지원,1,Skill(기술/도구),문서 서식 작성
08,문화·예술·디자인·방송,080106,패키지디자인,080106_L1,패키지디자인 기초 입문 및 업무 환경 지원,1,Skill(기술/도구),자료 검색 및 분류
08,문화·예술·디자인·방송,080106,패키지디자인,080106_L1,패키지디자인 기초 입문 및 업무 환경 지원,1,Attitude(태도),규정 준수 의식
08,문화·예술·디자인·방송,080106,패키지디자인,080106_L1,패키지디자인 기초 입문 및 업무 환경 지원,1,Attitude(태도),성실한 업무 지원 태도
08,문화·예술·디자인·방송,080106,패키지디자인,080106_L2,패키지디자인 초급 실무 및 정형 과업 수행,2,Knowledge(지식),패키지디자인 실무 프로세스
08,문화·예술·디자인·방송,080106,패키지디자인,080106_L2,패키지디자인 초급 실무 및 정형 과업 수행,2,Knowledge(지식),단위 업무 품질 기준
08,문화·예술·디자인·방송,080106,패키지디자인,080106_L2,패키지디자인 초급 실무 및 정형 과업 수행,2,Knowledge(지식),데이터 검증 기법
08,문화·예술·디자인·방송,080106,패키지디자인,080106_L2,패키지디자인 초급 실무 및 정형 과업 수행,2,Skill(기술/도구),실무 도구/SW 조작
08,문화·예술·디자인·방송,080106,패키지디자인,080106_L2,패키지디자인 초급 실무 및 정형 과업 수행,2,Skill(기술/도구),데이터 정제 및 가공
08,문화·예술·디자인·방송,080106,패키지디자인,080106_L2,패키지디자인 초급 실무 및 정형 과업 수행,2,Skill(기술/도구),단위 결과물 산출
08,문화·예술·디자인·방송,080106,패키지디자인,080106_L2,패키지디자인 초급 실무 및 정형 과업 수행,2,Attitude(태도),정확성과 꼼꼼함
08,문화·예술·디자인·방송,080106,패키지디자인,080106_L2,패키지디자인 초급 실무 및 정형 과업 수행,2,Attitude(태도),기한 준수 책임감
08,문화·예술·디자인·방송,080106,패키지디자인,080106_L3,패키지디자인 중급 독립 실무 및 문제해결 엔지니어링,3,Knowledge(지식),심화 모델링/설계 이론
08,문화·예술·디자인·방송,080106,패키지디자인,080106_L3,패키지디자인 중급 독립 실무 및 문제해결 엔지니어링,3,Knowledge(지식),성능 지표(KPI) 분석법
08,문화·예술·디자인·방송,080106,패키지디자인,080106_L3,패키지디자인 중급 독립 실무 및 문제해결 엔지니어링,3,Knowledge(지식),이슈 해결 방법론
08,문화·예술·디자인·방송,080106,패키지디자인,080106_L3,패키지디자인 중급 독립 실무 및 문제해결 엔지니어링,3,Skill(기술/도구),고급 도구/코드/기기 활용
08,문화·예술·디자인·방송,080106,패키지디자인,080106_L3,패키지디자인 중급 독립 실무 및 문제해결 엔지니어링,3,Skill(기술/도구),원인 분석 및 조치
08,문화·예술·디자인·방송,080106,패키지디자인,080106_L3,패키지디자인 중급 독립 실무 및 문제해결 엔지니어링,3,Skill(기술/도구),성과 분석 리포팅
08,문화·예술·디자인·방송,080106,패키지디자인,080106_L3,패키지디자인 중급 독립 실무 및 문제해결 엔지니어링,3,Attitude(태도),분석적 사고력
08,문화·예술·디자인·방송,080106,패키지디자인,080106_L3,패키지디자인 중급 독립 실무 및 문제해결 엔지니어링,3,Attitude(태도),타 부서와의 원활한 협업 소통
08,문화·예술·디자인·방송,080106,패키지디자인,080106_L4,패키지디자인 고급 전문화 및 프로젝트/팀 리딩,4,Knowledge(지식),신기술 융합 아키텍처
08,문화·예술·디자인·방송,080106,패키지디자인,080106_L4,패키지디자인 고급 전문화 및 프로젝트/팀 리딩,4,Knowledge(지식),프로젝트 관리론(PMBOK/Agile)
08,문화·예술·디자인·방송,080106,패키지디자인,080106_L4,패키지디자인 고급 전문화 및 프로젝트/팀 리딩,4,Knowledge(지식),품질보증(QA) 거버넌스
08,문화·예술·디자인·방송,080106,패키지디자인,080106_L4,패키지디자인 고급 전문화 및 프로젝트/팀 리딩,4,Skill(기술/도구),전체 시스템 아키텍처 설계
08,문화·예술·디자인·방송,080106,패키지디자인,080106_L4,패키지디자인 고급 전문화 및 프로젝트/팀 리딩,4,Skill(기술/도구),애자일 스프린트 리딩
08,문화·예술·디자인·방송,080106,패키지디자인,080106_L4,패키지디자인 고급 전문화 및 프로젝트/팀 리딩,4,Skill(기술/도구),신기술 PoC 검증
08,문화·예술·디자인·방송,080106,패키지디자인,080106_L4,패키지디자인 고급 전문화 및 프로젝트/팀 리딩,4,Attitude(태도),혁신 지향 리더십
08,문화·예술·디자인·방송,080106,패키지디자인,080106_L4,패키지디자인 고급 전문화 및 프로젝트/팀 리딩,4,Attitude(태도),동료 성장 멘토링 마인드
08,문화·예술·디자인·방송,080106,패키지디자인,080106_L5,패키지디자인 전략 기획 및 전사 거버넌스 총괄,5,Knowledge(지식),경영 전략 및 자본 예산 배분
08,문화·예술·디자인·방송,080106,패키지디자인,080106_L5,패키지디자인 전략 기획 및 전사 거버넌스 총괄,5,Knowledge(지식),국내외 규제 컴플라이언스
08,문화·예술·디자인·방송,080106,패키지디자인,080106_L5,패키지디자인 전략 기획 및 전사 거버넌스 총괄,5,Knowledge(지식),엔터프라이즈 거버넌스
08,문화·예술·디자인·방송,080106,패키지디자인,080106_L5,패키지디자인 전략 기획 및 전사 거버넌스 총괄,5,Skill(기술/도구),전사 로드맵 수립
08,문화·예술·디자인·방송,080106,패키지디자인,080106_L5,패키지디자인 전략 기획 및 전사 거버넌스 총괄,5,Skill(기술/도구),투자 대비 성과(ROI) 모델링
08,문화·예술·디자인·방송,080106,패키지디자인,080106_L5,패키지디자인 전략 기획 및 전사 거버넌스 총괄,5,Skill(기술/도구),최고 의사결정 전략 제언
08,문화·예술·디자인·방송,080106,패키지디자인,080106_L5,패키지디자인 전략 기획 및 전사 거버넌스 총괄,5,Attitude(태도),거시적 통찰력
08,문화·예술·디자인·방송,080106,패키지디자인,080106_L5,패키지디자인 전략 기획 및 전사 거버넌스 총괄,5,Attitude(태도),전략적 윤리 리더십
08,문화·예술·디자인·방송,080207,영상콘텐츠기획·연출(PD),080207_L1,영상콘텐츠기획·연출(PD) 기초 입문 및 업무 환경 지원,1,Knowledge(지식),영상콘텐츠기획·연출(PD) 개론
08,문화·예술·디자인·방송,080207,영상콘텐츠기획·연출(PD),080207_L1,영상콘텐츠기획·연출(PD) 기초 입문 및 업무 환경 지원,1,Knowledge(지식),표준 작업 지침서
08,문화·예술·디자인·방송,080207,영상콘텐츠기획·연출(PD),080207_L1,영상콘텐츠기획·연출(PD) 기초 입문 및 업무 환경 지원,1,Knowledge(지식),기초 법령/규정
08,문화·예술·디자인·방송,080207,영상콘텐츠기획·연출(PD),080207_L1,영상콘텐츠기획·연출(PD) 기초 입문 및 업무 환경 지원,1,Skill(기술/도구),기초 전산 툴 조작
08,문화·예술·디자인·방송,080207,영상콘텐츠기획·연출(PD),080207_L1,영상콘텐츠기획·연출(PD) 기초 입문 및 업무 환경 지원,1,Skill(기술/도구),문서 서식 작성
08,문화·예술·디자인·방송,080207,영상콘텐츠기획·연출(PD),080207_L1,영상콘텐츠기획·연출(PD) 기초 입문 및 업무 환경 지원,1,Skill(기술/도구),자료 검색 및 분류
08,문화·예술·디자인·방송,080207,영상콘텐츠기획·연출(PD),080207_L1,영상콘텐츠기획·연출(PD) 기초 입문 및 업무 환경 지원,1,Attitude(태도),규정 준수 의식
08,문화·예술·디자인·방송,080207,영상콘텐츠기획·연출(PD),080207_L1,영상콘텐츠기획·연출(PD) 기초 입문 및 업무 환경 지원,1,Attitude(태도),성실한 업무 지원 태도
08,문화·예술·디자인·방송,080207,영상콘텐츠기획·연출(PD),080207_L2,영상콘텐츠기획·연출(PD) 초급 실무 및 정형 과업 수행,2,Knowledge(지식),영상콘텐츠기획·연출(PD) 실무 프로세스
08,문화·예술·디자인·방송,080207,영상콘텐츠기획·연출(PD),080207_L2,영상콘텐츠기획·연출(PD) 초급 실무 및 정형 과업 수행,2,Knowledge(지식),단위 업무 품질 기준
08,문화·예술·디자인·방송,080207,영상콘텐츠기획·연출(PD),080207_L2,영상콘텐츠기획·연출(PD) 초급 실무 및 정형 과업 수행,2,Knowledge(지식),데이터 검증 기법
08,문화·예술·디자인·방송,080207,영상콘텐츠기획·연출(PD),080207_L2,영상콘텐츠기획·연출(PD) 초급 실무 및 정형 과업 수행,2,Skill(기술/도구),실무 도구/SW 조작
08,문화·예술·디자인·방송,080207,영상콘텐츠기획·연출(PD),080207_L2,영상콘텐츠기획·연출(PD) 초급 실무 및 정형 과업 수행,2,Skill(기술/도구),데이터 정제 및 가공
08,문화·예술·디자인·방송,080207,영상콘텐츠기획·연출(PD),080207_L2,영상콘텐츠기획·연출(PD) 초급 실무 및 정형 과업 수행,2,Skill(기술/도구),단위 결과물 산출
08,문화·예술·디자인·방송,080207,영상콘텐츠기획·연출(PD),080207_L2,영상콘텐츠기획·연출(PD) 초급 실무 및 정형 과업 수행,2,Attitude(태도),정확성과 꼼꼼함
08,문화·예술·디자인·방송,080207,영상콘텐츠기획·연출(PD),080207_L2,영상콘텐츠기획·연출(PD) 초급 실무 및 정형 과업 수행,2,Attitude(태도),기한 준수 책임감
08,문화·예술·디자인·방송,080207,영상콘텐츠기획·연출(PD),080207_L3,영상콘텐츠기획·연출(PD) 중급 독립 실무 및 문제해결 엔지니어링,3,Knowledge(지식),심화 모델링/설계 이론
08,문화·예술·디자인·방송,080207,영상콘텐츠기획·연출(PD),080207_L3,영상콘텐츠기획·연출(PD) 중급 독립 실무 및 문제해결 엔지니어링,3,Knowledge(지식),성능 지표(KPI) 분석법
08,문화·예술·디자인·방송,080207,영상콘텐츠기획·연출(PD),080207_L3,영상콘텐츠기획·연출(PD) 중급 독립 실무 및 문제해결 엔지니어링,3,Knowledge(지식),이슈 해결 방법론
08,문화·예술·디자인·방송,080207,영상콘텐츠기획·연출(PD),080207_L3,영상콘텐츠기획·연출(PD) 중급 독립 실무 및 문제해결 엔지니어링,3,Skill(기술/도구),고급 도구/코드/기기 활용
08,문화·예술·디자인·방송,080207,영상콘텐츠기획·연출(PD),080207_L3,영상콘텐츠기획·연출(PD) 중급 독립 실무 및 문제해결 엔지니어링,3,Skill(기술/도구),원인 분석 및 조치
08,문화·예술·디자인·방송,080207,영상콘텐츠기획·연출(PD),080207_L3,영상콘텐츠기획·연출(PD) 중급 독립 실무 및 문제해결 엔지니어링,3,Skill(기술/도구),성과 분석 리포팅
08,문화·예술·디자인·방송,080207,영상콘텐츠기획·연출(PD),080207_L3,영상콘텐츠기획·연출(PD) 중급 독립 실무 및 문제해결 엔지니어링,3,Attitude(태도),분석적 사고력
08,문화·예술·디자인·방송,080207,영상콘텐츠기획·연출(PD),080207_L3,영상콘텐츠기획·연출(PD) 중급 독립 실무 및 문제해결 엔지니어링,3,Attitude(태도),타 부서와의 원활한 협업 소통
08,문화·예술·디자인·방송,080207,영상콘텐츠기획·연출(PD),080207_L4,영상콘텐츠기획·연출(PD) 고급 전문화 및 프로젝트/팀 리딩,4,Knowledge(지식),신기술 융합 아키텍처
08,문화·예술·디자인·방송,080207,영상콘텐츠기획·연출(PD),080207_L4,영상콘텐츠기획·연출(PD) 고급 전문화 및 프로젝트/팀 리딩,4,Knowledge(지식),프로젝트 관리론(PMBOK/Agile)
08,문화·예술·디자인·방송,080207,영상콘텐츠기획·연출(PD),080207_L4,영상콘텐츠기획·연출(PD) 고급 전문화 및 프로젝트/팀 리딩,4,Knowledge(지식),품질보증(QA) 거버넌스
08,문화·예술·디자인·방송,080207,영상콘텐츠기획·연출(PD),080207_L4,영상콘텐츠기획·연출(PD) 고급 전문화 및 프로젝트/팀 리딩,4,Skill(기술/도구),전체 시스템 아키텍처 설계
08,문화·예술·디자인·방송,080207,영상콘텐츠기획·연출(PD),080207_L4,영상콘텐츠기획·연출(PD) 고급 전문화 및 프로젝트/팀 리딩,4,Skill(기술/도구),애자일 스프린트 리딩
08,문화·예술·디자인·방송,080207,영상콘텐츠기획·연출(PD),080207_L4,영상콘텐츠기획·연출(PD) 고급 전문화 및 프로젝트/팀 리딩,4,Skill(기술/도구),신기술 PoC 검증
08,문화·예술·디자인·방송,080207,영상콘텐츠기획·연출(PD),080207_L4,영상콘텐츠기획·연출(PD) 고급 전문화 및 프로젝트/팀 리딩,4,Attitude(태도),혁신 지향 리더십
08,문화·예술·디자인·방송,080207,영상콘텐츠기획·연출(PD),080207_L4,영상콘텐츠기획·연출(PD) 고급 전문화 및 프로젝트/팀 리딩,4,Attitude(태도),동료 성장 멘토링 마인드
08,문화·예술·디자인·방송,080207,영상콘텐츠기획·연출(PD),080207_L5,영상콘텐츠기획·연출(PD) 전략 기획 및 전사 거버넌스 총괄,5,Knowledge(지식),경영 전략 및 자본 예산 배분
08,문화·예술·디자인·방송,080207,영상콘텐츠기획·연출(PD),080207_L5,영상콘텐츠기획·연출(PD) 전략 기획 및 전사 거버넌스 총괄,5,Knowledge(지식),국내외 규제 컴플라이언스
08,문화·예술·디자인·방송,080207,영상콘텐츠기획·연출(PD),080207_L5,영상콘텐츠기획·연출(PD) 전략 기획 및 전사 거버넌스 총괄,5,Knowledge(지식),엔터프라이즈 거버넌스
08,문화·예술·디자인·방송,080207,영상콘텐츠기획·연출(PD),080207_L5,영상콘텐츠기획·연출(PD) 전략 기획 및 전사 거버넌스 총괄,5,Skill(기술/도구),전사 로드맵 수립
08,문화·예술·디자인·방송,080207,영상콘텐츠기획·연출(PD),080207_L5,영상콘텐츠기획·연출(PD) 전략 기획 및 전사 거버넌스 총괄,5,Skill(기술/도구),투자 대비 성과(ROI) 모델링
08,문화·예술·디자인·방송,080207,영상콘텐츠기획·연출(PD),080207_L5,영상콘텐츠기획·연출(PD) 전략 기획 및 전사 거버넌스 총괄,5,Skill(기술/도구),최고 의사결정 전략 제언
08,문화·예술·디자인·방송,080207,영상콘텐츠기획·연출(PD),080207_L5,영상콘텐츠기획·연출(PD) 전략 기획 및 전사 거버넌스 총괄,5,Attitude(태도),거시적 통찰력
08,문화·예술·디자인·방송,080207,영상콘텐츠기획·연출(PD),080207_L5,영상콘텐츠기획·연출(PD) 전략 기획 및 전사 거버넌스 총괄,5,Attitude(태도),전략적 윤리 리더십
08,문화·예술·디자인·방송,080208,영상편집·모션그래픽,080208_L1,영상편집·모션그래픽 기초 입문 및 업무 환경 지원,1,Knowledge(지식),영상편집·모션그래픽 개론
08,문화·예술·디자인·방송,080208,영상편집·모션그래픽,080208_L1,영상편집·모션그래픽 기초 입문 및 업무 환경 지원,1,Knowledge(지식),표준 작업 지침서
08,문화·예술·디자인·방송,080208,영상편집·모션그래픽,080208_L1,영상편집·모션그래픽 기초 입문 및 업무 환경 지원,1,Knowledge(지식),기초 법령/규정
08,문화·예술·디자인·방송,080208,영상편집·모션그래픽,080208_L1,영상편집·모션그래픽 기초 입문 및 업무 환경 지원,1,Skill(기술/도구),기초 전산 툴 조작
08,문화·예술·디자인·방송,080208,영상편집·모션그래픽,080208_L1,영상편집·모션그래픽 기초 입문 및 업무 환경 지원,1,Skill(기술/도구),문서 서식 작성
08,문화·예술·디자인·방송,080208,영상편집·모션그래픽,080208_L1,영상편집·모션그래픽 기초 입문 및 업무 환경 지원,1,Skill(기술/도구),자료 검색 및 분류
08,문화·예술·디자인·방송,080208,영상편집·모션그래픽,080208_L1,영상편집·모션그래픽 기초 입문 및 업무 환경 지원,1,Attitude(태도),규정 준수 의식
08,문화·예술·디자인·방송,080208,영상편집·모션그래픽,080208_L1,영상편집·모션그래픽 기초 입문 및 업무 환경 지원,1,Attitude(태도),성실한 업무 지원 태도
08,문화·예술·디자인·방송,080208,영상편집·모션그래픽,080208_L2,영상편집·모션그래픽 초급 실무 및 정형 과업 수행,2,Knowledge(지식),영상편집·모션그래픽 실무 프로세스
08,문화·예술·디자인·방송,080208,영상편집·모션그래픽,080208_L2,영상편집·모션그래픽 초급 실무 및 정형 과업 수행,2,Knowledge(지식),단위 업무 품질 기준
08,문화·예술·디자인·방송,080208,영상편집·모션그래픽,080208_L2,영상편집·모션그래픽 초급 실무 및 정형 과업 수행,2,Knowledge(지식),데이터 검증 기법
08,문화·예술·디자인·방송,080208,영상편집·모션그래픽,080208_L2,영상편집·모션그래픽 초급 실무 및 정형 과업 수행,2,Skill(기술/도구),실무 도구/SW 조작
08,문화·예술·디자인·방송,080208,영상편집·모션그래픽,080208_L2,영상편집·모션그래픽 초급 실무 및 정형 과업 수행,2,Skill(기술/도구),데이터 정제 및 가공
08,문화·예술·디자인·방송,080208,영상편집·모션그래픽,080208_L2,영상편집·모션그래픽 초급 실무 및 정형 과업 수행,2,Skill(기술/도구),단위 결과물 산출
08,문화·예술·디자인·방송,080208,영상편집·모션그래픽,080208_L2,영상편집·모션그래픽 초급 실무 및 정형 과업 수행,2,Attitude(태도),정확성과 꼼꼼함
08,문화·예술·디자인·방송,080208,영상편집·모션그래픽,080208_L2,영상편집·모션그래픽 초급 실무 및 정형 과업 수행,2,Attitude(태도),기한 준수 책임감
08,문화·예술·디자인·방송,080208,영상편집·모션그래픽,080208_L3,영상편집·모션그래픽 중급 독립 실무 및 문제해결 엔지니어링,3,Knowledge(지식),심화 모델링/설계 이론
08,문화·예술·디자인·방송,080208,영상편집·모션그래픽,080208_L3,영상편집·모션그래픽 중급 독립 실무 및 문제해결 엔지니어링,3,Knowledge(지식),성능 지표(KPI) 분석법
08,문화·예술·디자인·방송,080208,영상편집·모션그래픽,080208_L3,영상편집·모션그래픽 중급 독립 실무 및 문제해결 엔지니어링,3,Knowledge(지식),이슈 해결 방법론
08,문화·예술·디자인·방송,080208,영상편집·모션그래픽,080208_L3,영상편집·모션그래픽 중급 독립 실무 및 문제해결 엔지니어링,3,Skill(기술/도구),고급 도구/코드/기기 활용
08,문화·예술·디자인·방송,080208,영상편집·모션그래픽,080208_L3,영상편집·모션그래픽 중급 독립 실무 및 문제해결 엔지니어링,3,Skill(기술/도구),원인 분석 및 조치
08,문화·예술·디자인·방송,080208,영상편집·모션그래픽,080208_L3,영상편집·모션그래픽 중급 독립 실무 및 문제해결 엔지니어링,3,Skill(기술/도구),성과 분석 리포팅
08,문화·예술·디자인·방송,080208,영상편집·모션그래픽,080208_L3,영상편집·모션그래픽 중급 독립 실무 및 문제해결 엔지니어링,3,Attitude(태도),분석적 사고력
08,문화·예술·디자인·방송,080208,영상편집·모션그래픽,080208_L3,영상편집·모션그래픽 중급 독립 실무 및 문제해결 엔지니어링,3,Attitude(태도),타 부서와의 원활한 협업 소통
08,문화·예술·디자인·방송,080208,영상편집·모션그래픽,080208_L4,영상편집·모션그래픽 고급 전문화 및 프로젝트/팀 리딩,4,Knowledge(지식),신기술 융합 아키텍처
08,문화·예술·디자인·방송,080208,영상편집·모션그래픽,080208_L4,영상편집·모션그래픽 고급 전문화 및 프로젝트/팀 리딩,4,Knowledge(지식),프로젝트 관리론(PMBOK/Agile)
08,문화·예술·디자인·방송,080208,영상편집·모션그래픽,080208_L4,영상편집·모션그래픽 고급 전문화 및 프로젝트/팀 리딩,4,Knowledge(지식),품질보증(QA) 거버넌스
08,문화·예술·디자인·방송,080208,영상편집·모션그래픽,080208_L4,영상편집·모션그래픽 고급 전문화 및 프로젝트/팀 리딩,4,Skill(기술/도구),전체 시스템 아키텍처 설계
08,문화·예술·디자인·방송,080208,영상편집·모션그래픽,080208_L4,영상편집·모션그래픽 고급 전문화 및 프로젝트/팀 리딩,4,Skill(기술/도구),애자일 스프린트 리딩
08,문화·예술·디자인·방송,080208,영상편집·모션그래픽,080208_L4,영상편집·모션그래픽 고급 전문화 및 프로젝트/팀 리딩,4,Skill(기술/도구),신기술 PoC 검증
08,문화·예술·디자인·방송,080208,영상편집·모션그래픽,080208_L4,영상편집·모션그래픽 고급 전문화 및 프로젝트/팀 리딩,4,Attitude(태도),혁신 지향 리더십
08,문화·예술·디자인·방송,080208,영상편집·모션그래픽,080208_L4,영상편집·모션그래픽 고급 전문화 및 프로젝트/팀 리딩,4,Attitude(태도),동료 성장 멘토링 마인드
08,문화·예술·디자인·방송,080208,영상편집·모션그래픽,080208_L5,영상편집·모션그래픽 전략 기획 및 전사 거버넌스 총괄,5,Knowledge(지식),경영 전략 및 자본 예산 배분
08,문화·예술·디자인·방송,080208,영상편집·모션그래픽,080208_L5,영상편집·모션그래픽 전략 기획 및 전사 거버넌스 총괄,5,Knowledge(지식),국내외 규제 컴플라이언스
08,문화·예술·디자인·방송,080208,영상편집·모션그래픽,080208_L5,영상편집·모션그래픽 전략 기획 및 전사 거버넌스 총괄,5,Knowledge(지식),엔터프라이즈 거버넌스
08,문화·예술·디자인·방송,080208,영상편집·모션그래픽,080208_L5,영상편집·모션그래픽 전략 기획 및 전사 거버넌스 총괄,5,Skill(기술/도구),전사 로드맵 수립
08,문화·예술·디자인·방송,080208,영상편집·모션그래픽,080208_L5,영상편집·모션그래픽 전략 기획 및 전사 거버넌스 총괄,5,Skill(기술/도구),투자 대비 성과(ROI) 모델링
08,문화·예술·디자인·방송,080208,영상편집·모션그래픽,080208_L5,영상편집·모션그래픽 전략 기획 및 전사 거버넌스 총괄,5,Skill(기술/도구),최고 의사결정 전략 제언
08,문화·예술·디자인·방송,080208,영상편집·모션그래픽,080208_L5,영상편집·모션그래픽 전략 기획 및 전사 거버넌스 총괄,5,Attitude(태도),거시적 통찰력
08,문화·예술·디자인·방송,080208,영상편집·모션그래픽,080208_L5,영상편집·모션그래픽 전략 기획 및 전사 거버넌스 총괄,5,Attitude(태도),전략적 윤리 리더십
08,문화·예술·디자인·방송,080209,방송기술(음향/조명),080209_L1,방송기술(음향/조명) 기초 입문 및 업무 환경 지원,1,Knowledge(지식),방송기술(음향/조명) 개론
08,문화·예술·디자인·방송,080209,방송기술(음향/조명),080209_L1,방송기술(음향/조명) 기초 입문 및 업무 환경 지원,1,Knowledge(지식),표준 작업 지침서
08,문화·예술·디자인·방송,080209,방송기술(음향/조명),080209_L1,방송기술(음향/조명) 기초 입문 및 업무 환경 지원,1,Knowledge(지식),기초 법령/규정
08,문화·예술·디자인·방송,080209,방송기술(음향/조명),080209_L1,방송기술(음향/조명) 기초 입문 및 업무 환경 지원,1,Skill(기술/도구),기초 전산 툴 조작
08,문화·예술·디자인·방송,080209,방송기술(음향/조명),080209_L1,방송기술(음향/조명) 기초 입문 및 업무 환경 지원,1,Skill(기술/도구),문서 서식 작성
08,문화·예술·디자인·방송,080209,방송기술(음향/조명),080209_L1,방송기술(음향/조명) 기초 입문 및 업무 환경 지원,1,Skill(기술/도구),자료 검색 및 분류
08,문화·예술·디자인·방송,080209,방송기술(음향/조명),080209_L1,방송기술(음향/조명) 기초 입문 및 업무 환경 지원,1,Attitude(태도),규정 준수 의식
08,문화·예술·디자인·방송,080209,방송기술(음향/조명),080209_L1,방송기술(음향/조명) 기초 입문 및 업무 환경 지원,1,Attitude(태도),성실한 업무 지원 태도
08,문화·예술·디자인·방송,080209,방송기술(음향/조명),080209_L2,방송기술(음향/조명) 초급 실무 및 정형 과업 수행,2,Knowledge(지식),방송기술(음향/조명) 실무 프로세스
08,문화·예술·디자인·방송,080209,방송기술(음향/조명),080209_L2,방송기술(음향/조명) 초급 실무 및 정형 과업 수행,2,Knowledge(지식),단위 업무 품질 기준
08,문화·예술·디자인·방송,080209,방송기술(음향/조명),080209_L2,방송기술(음향/조명) 초급 실무 및 정형 과업 수행,2,Knowledge(지식),데이터 검증 기법
08,문화·예술·디자인·방송,080209,방송기술(음향/조명),080209_L2,방송기술(음향/조명) 초급 실무 및 정형 과업 수행,2,Skill(기술/도구),실무 도구/SW 조작
08,문화·예술·디자인·방송,080209,방송기술(음향/조명),080209_L2,방송기술(음향/조명) 초급 실무 및 정형 과업 수행,2,Skill(기술/도구),데이터 정제 및 가공
08,문화·예술·디자인·방송,080209,방송기술(음향/조명),080209_L2,방송기술(음향/조명) 초급 실무 및 정형 과업 수행,2,Skill(기술/도구),단위 결과물 산출
08,문화·예술·디자인·방송,080209,방송기술(음향/조명),080209_L2,방송기술(음향/조명) 초급 실무 및 정형 과업 수행,2,Attitude(태도),정확성과 꼼꼼함
08,문화·예술·디자인·방송,080209,방송기술(음향/조명),080209_L2,방송기술(음향/조명) 초급 실무 및 정형 과업 수행,2,Attitude(태도),기한 준수 책임감
08,문화·예술·디자인·방송,080209,방송기술(음향/조명),080209_L3,방송기술(음향/조명) 중급 독립 실무 및 문제해결 엔지니어링,3,Knowledge(지식),심화 모델링/설계 이론
08,문화·예술·디자인·방송,080209,방송기술(음향/조명),080209_L3,방송기술(음향/조명) 중급 독립 실무 및 문제해결 엔지니어링,3,Knowledge(지식),성능 지표(KPI) 분석법
08,문화·예술·디자인·방송,080209,방송기술(음향/조명),080209_L3,방송기술(음향/조명) 중급 독립 실무 및 문제해결 엔지니어링,3,Knowledge(지식),이슈 해결 방법론
08,문화·예술·디자인·방송,080209,방송기술(음향/조명),080209_L3,방송기술(음향/조명) 중급 독립 실무 및 문제해결 엔지니어링,3,Skill(기술/도구),고급 도구/코드/기기 활용
08,문화·예술·디자인·방송,080209,방송기술(음향/조명),080209_L3,방송기술(음향/조명) 중급 독립 실무 및 문제해결 엔지니어링,3,Skill(기술/도구),원인 분석 및 조치
08,문화·예술·디자인·방송,080209,방송기술(음향/조명),080209_L3,방송기술(음향/조명) 중급 독립 실무 및 문제해결 엔지니어링,3,Skill(기술/도구),성과 분석 리포팅
08,문화·예술·디자인·방송,080209,방송기술(음향/조명),080209_L3,방송기술(음향/조명) 중급 독립 실무 및 문제해결 엔지니어링,3,Attitude(태도),분석적 사고력
08,문화·예술·디자인·방송,080209,방송기술(음향/조명),080209_L3,방송기술(음향/조명) 중급 독립 실무 및 문제해결 엔지니어링,3,Attitude(태도),타 부서와의 원활한 협업 소통
08,문화·예술·디자인·방송,080209,방송기술(음향/조명),080209_L4,방송기술(음향/조명) 고급 전문화 및 프로젝트/팀 리딩,4,Knowledge(지식),신기술 융합 아키텍처
08,문화·예술·디자인·방송,080209,방송기술(음향/조명),080209_L4,방송기술(음향/조명) 고급 전문화 및 프로젝트/팀 리딩,4,Knowledge(지식),프로젝트 관리론(PMBOK/Agile)
08,문화·예술·디자인·방송,080209,방송기술(음향/조명),080209_L4,방송기술(음향/조명) 고급 전문화 및 프로젝트/팀 리딩,4,Knowledge(지식),품질보증(QA) 거버넌스
08,문화·예술·디자인·방송,080209,방송기술(음향/조명),080209_L4,방송기술(음향/조명) 고급 전문화 및 프로젝트/팀 리딩,4,Skill(기술/도구),전체 시스템 아키텍처 설계
08,문화·예술·디자인·방송,080209,방송기술(음향/조명),080209_L4,방송기술(음향/조명) 고급 전문화 및 프로젝트/팀 리딩,4,Skill(기술/도구),애자일 스프린트 리딩
08,문화·예술·디자인·방송,080209,방송기술(음향/조명),080209_L4,방송기술(음향/조명) 고급 전문화 및 프로젝트/팀 리딩,4,Skill(기술/도구),신기술 PoC 검증
08,문화·예술·디자인·방송,080209,방송기술(음향/조명),080209_L4,방송기술(음향/조명) 고급 전문화 및 프로젝트/팀 리딩,4,Attitude(태도),혁신 지향 리더십
08,문화·예술·디자인·방송,080209,방송기술(음향/조명),080209_L4,방송기술(음향/조명) 고급 전문화 및 프로젝트/팀 리딩,4,Attitude(태도),동료 성장 멘토링 마인드
08,문화·예술·디자인·방송,080209,방송기술(음향/조명),080209_L5,방송기술(음향/조명) 전략 기획 및 전사 거버넌스 총괄,5,Knowledge(지식),경영 전략 및 자본 예산 배분
08,문화·예술·디자인·방송,080209,방송기술(음향/조명),080209_L5,방송기술(음향/조명) 전략 기획 및 전사 거버넌스 총괄,5,Knowledge(지식),국내외 규제 컴플라이언스
08,문화·예술·디자인·방송,080209,방송기술(음향/조명),080209_L5,방송기술(음향/조명) 전략 기획 및 전사 거버넌스 총괄,5,Knowledge(지식),엔터프라이즈 거버넌스
08,문화·예술·디자인·방송,080209,방송기술(음향/조명),080209_L5,방송기술(음향/조명) 전략 기획 및 전사 거버넌스 총괄,5,Skill(기술/도구),전사 로드맵 수립
08,문화·예술·디자인·방송,080209,방송기술(음향/조명),080209_L5,방송기술(음향/조명) 전략 기획 및 전사 거버넌스 총괄,5,Skill(기술/도구),투자 대비 성과(ROI) 모델링
08,문화·예술·디자인·방송,080209,방송기술(음향/조명),080209_L5,방송기술(음향/조명) 전략 기획 및 전사 거버넌스 총괄,5,Skill(기술/도구),최고 의사결정 전략 제언
08,문화·예술·디자인·방송,080209,방송기술(음향/조명),080209_L5,방송기술(음향/조명) 전략 기획 및 전사 거버넌스 총괄,5,Attitude(태도),거시적 통찰력
08,문화·예술·디자인·방송,080209,방송기술(음향/조명),080209_L5,방송기술(음향/조명) 전략 기획 및 전사 거버넌스 총괄,5,Attitude(태도),전략적 윤리 리더십
08,문화·예술·디자인·방송,080210,게임기획,080210_L1,게임기획 기초 입문 및 업무 환경 지원,1,Knowledge(지식),게임기획 개론
08,문화·예술·디자인·방송,080210,게임기획,080210_L1,게임기획 기초 입문 및 업무 환경 지원,1,Knowledge(지식),표준 작업 지침서
08,문화·예술·디자인·방송,080210,게임기획,080210_L1,게임기획 기초 입문 및 업무 환경 지원,1,Knowledge(지식),기초 법령/규정
08,문화·예술·디자인·방송,080210,게임기획,080210_L1,게임기획 기초 입문 및 업무 환경 지원,1,Skill(기술/도구),기초 전산 툴 조작
08,문화·예술·디자인·방송,080210,게임기획,080210_L1,게임기획 기초 입문 및 업무 환경 지원,1,Skill(기술/도구),문서 서식 작성
08,문화·예술·디자인·방송,080210,게임기획,080210_L1,게임기획 기초 입문 및 업무 환경 지원,1,Skill(기술/도구),자료 검색 및 분류
08,문화·예술·디자인·방송,080210,게임기획,080210_L1,게임기획 기초 입문 및 업무 환경 지원,1,Attitude(태도),규정 준수 의식
08,문화·예술·디자인·방송,080210,게임기획,080210_L1,게임기획 기초 입문 및 업무 환경 지원,1,Attitude(태도),성실한 업무 지원 태도
08,문화·예술·디자인·방송,080210,게임기획,080210_L2,게임기획 초급 실무 및 정형 과업 수행,2,Knowledge(지식),게임기획 실무 프로세스
08,문화·예술·디자인·방송,080210,게임기획,080210_L2,게임기획 초급 실무 및 정형 과업 수행,2,Knowledge(지식),단위 업무 품질 기준
08,문화·예술·디자인·방송,080210,게임기획,080210_L2,게임기획 초급 실무 및 정형 과업 수행,2,Knowledge(지식),데이터 검증 기법
08,문화·예술·디자인·방송,080210,게임기획,080210_L2,게임기획 초급 실무 및 정형 과업 수행,2,Skill(기술/도구),실무 도구/SW 조작
08,문화·예술·디자인·방송,080210,게임기획,080210_L2,게임기획 초급 실무 및 정형 과업 수행,2,Skill(기술/도구),데이터 정제 및 가공
08,문화·예술·디자인·방송,080210,게임기획,080210_L2,게임기획 초급 실무 및 정형 과업 수행,2,Skill(기술/도구),단위 결과물 산출
08,문화·예술·디자인·방송,080210,게임기획,080210_L2,게임기획 초급 실무 및 정형 과업 수행,2,Attitude(태도),정확성과 꼼꼼함
08,문화·예술·디자인·방송,080210,게임기획,080210_L2,게임기획 초급 실무 및 정형 과업 수행,2,Attitude(태도),기한 준수 책임감
08,문화·예술·디자인·방송,080210,게임기획,080210_L3,게임기획 중급 독립 실무 및 문제해결 엔지니어링,3,Knowledge(지식),심화 모델링/설계 이론
08,문화·예술·디자인·방송,080210,게임기획,080210_L3,게임기획 중급 독립 실무 및 문제해결 엔지니어링,3,Knowledge(지식),성능 지표(KPI) 분석법
08,문화·예술·디자인·방송,080210,게임기획,080210_L3,게임기획 중급 독립 실무 및 문제해결 엔지니어링,3,Knowledge(지식),이슈 해결 방법론
08,문화·예술·디자인·방송,080210,게임기획,080210_L3,게임기획 중급 독립 실무 및 문제해결 엔지니어링,3,Skill(기술/도구),고급 도구/코드/기기 활용
08,문화·예술·디자인·방송,080210,게임기획,080210_L3,게임기획 중급 독립 실무 및 문제해결 엔지니어링,3,Skill(기술/도구),원인 분석 및 조치
08,문화·예술·디자인·방송,080210,게임기획,080210_L3,게임기획 중급 독립 실무 및 문제해결 엔지니어링,3,Skill(기술/도구),성과 분석 리포팅
08,문화·예술·디자인·방송,080210,게임기획,080210_L3,게임기획 중급 독립 실무 및 문제해결 엔지니어링,3,Attitude(태도),분석적 사고력
08,문화·예술·디자인·방송,080210,게임기획,080210_L3,게임기획 중급 독립 실무 및 문제해결 엔지니어링,3,Attitude(태도),타 부서와의 원활한 협업 소통
08,문화·예술·디자인·방송,080210,게임기획,080210_L4,게임기획 고급 전문화 및 프로젝트/팀 리딩,4,Knowledge(지식),신기술 융합 아키텍처
08,문화·예술·디자인·방송,080210,게임기획,080210_L4,게임기획 고급 전문화 및 프로젝트/팀 리딩,4,Knowledge(지식),프로젝트 관리론(PMBOK/Agile)
08,문화·예술·디자인·방송,080210,게임기획,080210_L4,게임기획 고급 전문화 및 프로젝트/팀 리딩,4,Knowledge(지식),품질보증(QA) 거버넌스
08,문화·예술·디자인·방송,080210,게임기획,080210_L4,게임기획 고급 전문화 및 프로젝트/팀 리딩,4,Skill(기술/도구),전체 시스템 아키텍처 설계
08,문화·예술·디자인·방송,080210,게임기획,080210_L4,게임기획 고급 전문화 및 프로젝트/팀 리딩,4,Skill(기술/도구),애자일 스프린트 리딩
08,문화·예술·디자인·방송,080210,게임기획,080210_L4,게임기획 고급 전문화 및 프로젝트/팀 리딩,4,Skill(기술/도구),신기술 PoC 검증
08,문화·예술·디자인·방송,080210,게임기획,080210_L4,게임기획 고급 전문화 및 프로젝트/팀 리딩,4,Attitude(태도),혁신 지향 리더십
08,문화·예술·디자인·방송,080210,게임기획,080210_L4,게임기획 고급 전문화 및 프로젝트/팀 리딩,4,Attitude(태도),동료 성장 멘토링 마인드
08,문화·예술·디자인·방송,080210,게임기획,080210_L5,게임기획 전략 기획 및 전사 거버넌스 총괄,5,Knowledge(지식),경영 전략 및 자본 예산 배분
08,문화·예술·디자인·방송,080210,게임기획,080210_L5,게임기획 전략 기획 및 전사 거버넌스 총괄,5,Knowledge(지식),국내외 규제 컴플라이언스
08,문화·예술·디자인·방송,080210,게임기획,080210_L5,게임기획 전략 기획 및 전사 거버넌스 총괄,5,Knowledge(지식),엔터프라이즈 거버넌스
08,문화·예술·디자인·방송,080210,게임기획,080210_L5,게임기획 전략 기획 및 전사 거버넌스 총괄,5,Skill(기술/도구),전사 로드맵 수립
08,문화·예술·디자인·방송,080210,게임기획,080210_L5,게임기획 전략 기획 및 전사 거버넌스 총괄,5,Skill(기술/도구),투자 대비 성과(ROI) 모델링
08,문화·예술·디자인·방송,080210,게임기획,080210_L5,게임기획 전략 기획 및 전사 거버넌스 총괄,5,Skill(기술/도구),최고 의사결정 전략 제언
08,문화·예술·디자인·방송,080210,게임기획,080210_L5,게임기획 전략 기획 및 전사 거버넌스 총괄,5,Attitude(태도),거시적 통찰력
08,문화·예술·디자인·방송,080210,게임기획,080210_L5,게임기획 전략 기획 및 전사 거버넌스 총괄,5,Attitude(태도),전략적 윤리 리더십
08,문화·예술·디자인·방송,080211,게임그래픽,080211_L1,게임그래픽 기초 입문 및 업무 환경 지원,1,Knowledge(지식),게임그래픽 개론
08,문화·예술·디자인·방송,080211,게임그래픽,080211_L1,게임그래픽 기초 입문 및 업무 환경 지원,1,Knowledge(지식),표준 작업 지침서
08,문화·예술·디자인·방송,080211,게임그래픽,080211_L1,게임그래픽 기초 입문 및 업무 환경 지원,1,Knowledge(지식),기초 법령/규정
08,문화·예술·디자인·방송,080211,게임그래픽,080211_L1,게임그래픽 기초 입문 및 업무 환경 지원,1,Skill(기술/도구),기초 전산 툴 조작
08,문화·예술·디자인·방송,080211,게임그래픽,080211_L1,게임그래픽 기초 입문 및 업무 환경 지원,1,Skill(기술/도구),문서 서식 작성
08,문화·예술·디자인·방송,080211,게임그래픽,080211_L1,게임그래픽 기초 입문 및 업무 환경 지원,1,Skill(기술/도구),자료 검색 및 분류
08,문화·예술·디자인·방송,080211,게임그래픽,080211_L1,게임그래픽 기초 입문 및 업무 환경 지원,1,Attitude(태도),규정 준수 의식
08,문화·예술·디자인·방송,080211,게임그래픽,080211_L1,게임그래픽 기초 입문 및 업무 환경 지원,1,Attitude(태도),성실한 업무 지원 태도
08,문화·예술·디자인·방송,080211,게임그래픽,080211_L2,게임그래픽 초급 실무 및 정형 과업 수행,2,Knowledge(지식),게임그래픽 실무 프로세스
08,문화·예술·디자인·방송,080211,게임그래픽,080211_L2,게임그래픽 초급 실무 및 정형 과업 수행,2,Knowledge(지식),단위 업무 품질 기준
08,문화·예술·디자인·방송,080211,게임그래픽,080211_L2,게임그래픽 초급 실무 및 정형 과업 수행,2,Knowledge(지식),데이터 검증 기법
08,문화·예술·디자인·방송,080211,게임그래픽,080211_L2,게임그래픽 초급 실무 및 정형 과업 수행,2,Skill(기술/도구),실무 도구/SW 조작
08,문화·예술·디자인·방송,080211,게임그래픽,080211_L2,게임그래픽 초급 실무 및 정형 과업 수행,2,Skill(기술/도구),데이터 정제 및 가공
08,문화·예술·디자인·방송,080211,게임그래픽,080211_L2,게임그래픽 초급 실무 및 정형 과업 수행,2,Skill(기술/도구),단위 결과물 산출
08,문화·예술·디자인·방송,080211,게임그래픽,080211_L2,게임그래픽 초급 실무 및 정형 과업 수행,2,Attitude(태도),정확성과 꼼꼼함
08,문화·예술·디자인·방송,080211,게임그래픽,080211_L2,게임그래픽 초급 실무 및 정형 과업 수행,2,Attitude(태도),기한 준수 책임감
08,문화·예술·디자인·방송,080211,게임그래픽,080211_L3,게임그래픽 중급 독립 실무 및 문제해결 엔지니어링,3,Knowledge(지식),심화 모델링/설계 이론
08,문화·예술·디자인·방송,080211,게임그래픽,080211_L3,게임그래픽 중급 독립 실무 및 문제해결 엔지니어링,3,Knowledge(지식),성능 지표(KPI) 분석법
08,문화·예술·디자인·방송,080211,게임그래픽,080211_L3,게임그래픽 중급 독립 실무 및 문제해결 엔지니어링,3,Knowledge(지식),이슈 해결 방법론
08,문화·예술·디자인·방송,080211,게임그래픽,080211_L3,게임그래픽 중급 독립 실무 및 문제해결 엔지니어링,3,Skill(기술/도구),고급 도구/코드/기기 활용
08,문화·예술·디자인·방송,080211,게임그래픽,080211_L3,게임그래픽 중급 독립 실무 및 문제해결 엔지니어링,3,Skill(기술/도구),원인 분석 및 조치
08,문화·예술·디자인·방송,080211,게임그래픽,080211_L3,게임그래픽 중급 독립 실무 및 문제해결 엔지니어링,3,Skill(기술/도구),성과 분석 리포팅
08,문화·예술·디자인·방송,080211,게임그래픽,080211_L3,게임그래픽 중급 독립 실무 및 문제해결 엔지니어링,3,Attitude(태도),분석적 사고력
08,문화·예술·디자인·방송,080211,게임그래픽,080211_L3,게임그래픽 중급 독립 실무 및 문제해결 엔지니어링,3,Attitude(태도),타 부서와의 원활한 협업 소통
08,문화·예술·디자인·방송,080211,게임그래픽,080211_L4,게임그래픽 고급 전문화 및 프로젝트/팀 리딩,4,Knowledge(지식),신기술 융합 아키텍처
08,문화·예술·디자인·방송,080211,게임그래픽,080211_L4,게임그래픽 고급 전문화 및 프로젝트/팀 리딩,4,Knowledge(지식),프로젝트 관리론(PMBOK/Agile)
08,문화·예술·디자인·방송,080211,게임그래픽,080211_L4,게임그래픽 고급 전문화 및 프로젝트/팀 리딩,4,Knowledge(지식),품질보증(QA) 거버넌스
08,문화·예술·디자인·방송,080211,게임그래픽,080211_L4,게임그래픽 고급 전문화 및 프로젝트/팀 리딩,4,Skill(기술/도구),전체 시스템 아키텍처 설계
08,문화·예술·디자인·방송,080211,게임그래픽,080211_L4,게임그래픽 고급 전문화 및 프로젝트/팀 리딩,4,Skill(기술/도구),애자일 스프린트 리딩
08,문화·예술·디자인·방송,080211,게임그래픽,080211_L4,게임그래픽 고급 전문화 및 프로젝트/팀 리딩,4,Skill(기술/도구),신기술 PoC 검증
08,문화·예술·디자인·방송,080211,게임그래픽,080211_L4,게임그래픽 고급 전문화 및 프로젝트/팀 리딩,4,Attitude(태도),혁신 지향 리더십
08,문화·예술·디자인·방송,080211,게임그래픽,080211_L4,게임그래픽 고급 전문화 및 프로젝트/팀 리딩,4,Attitude(태도),동료 성장 멘토링 마인드
08,문화·예술·디자인·방송,080211,게임그래픽,080211_L5,게임그래픽 전략 기획 및 전사 거버넌스 총괄,5,Knowledge(지식),경영 전략 및 자본 예산 배분
08,문화·예술·디자인·방송,080211,게임그래픽,080211_L5,게임그래픽 전략 기획 및 전사 거버넌스 총괄,5,Knowledge(지식),국내외 규제 컴플라이언스
08,문화·예술·디자인·방송,080211,게임그래픽,080211_L5,게임그래픽 전략 기획 및 전사 거버넌스 총괄,5,Knowledge(지식),엔터프라이즈 거버넌스
08,문화·예술·디자인·방송,080211,게임그래픽,080211_L5,게임그래픽 전략 기획 및 전사 거버넌스 총괄,5,Skill(기술/도구),전사 로드맵 수립
08,문화·예술·디자인·방송,080211,게임그래픽,080211_L5,게임그래픽 전략 기획 및 전사 거버넌스 총괄,5,Skill(기술/도구),투자 대비 성과(ROI) 모델링
08,문화·예술·디자인·방송,080211,게임그래픽,080211_L5,게임그래픽 전략 기획 및 전사 거버넌스 총괄,5,Skill(기술/도구),최고 의사결정 전략 제언
08,문화·예술·디자인·방송,080211,게임그래픽,080211_L5,게임그래픽 전략 기획 및 전사 거버넌스 총괄,5,Attitude(태도),거시적 통찰력
08,문화·예술·디자인·방송,080211,게임그래픽,080211_L5,게임그래픽 전략 기획 및 전사 거버넌스 총괄,5,Attitude(태도),전략적 윤리 리더십
08,문화·예술·디자인·방송,080212,공연기획,080212_L1,공연기획 기초 입문 및 업무 환경 지원,1,Knowledge(지식),공연기획 개론
08,문화·예술·디자인·방송,080212,공연기획,080212_L1,공연기획 기초 입문 및 업무 환경 지원,1,Knowledge(지식),표준 작업 지침서
08,문화·예술·디자인·방송,080212,공연기획,080212_L1,공연기획 기초 입문 및 업무 환경 지원,1,Knowledge(지식),기초 법령/규정
08,문화·예술·디자인·방송,080212,공연기획,080212_L1,공연기획 기초 입문 및 업무 환경 지원,1,Skill(기술/도구),기초 전산 툴 조작
08,문화·예술·디자인·방송,080212,공연기획,080212_L1,공연기획 기초 입문 및 업무 환경 지원,1,Skill(기술/도구),문서 서식 작성
08,문화·예술·디자인·방송,080212,공연기획,080212_L1,공연기획 기초 입문 및 업무 환경 지원,1,Skill(기술/도구),자료 검색 및 분류
08,문화·예술·디자인·방송,080212,공연기획,080212_L1,공연기획 기초 입문 및 업무 환경 지원,1,Attitude(태도),규정 준수 의식
08,문화·예술·디자인·방송,080212,공연기획,080212_L1,공연기획 기초 입문 및 업무 환경 지원,1,Attitude(태도),성실한 업무 지원 태도
08,문화·예술·디자인·방송,080212,공연기획,080212_L2,공연기획 초급 실무 및 정형 과업 수행,2,Knowledge(지식),공연기획 실무 프로세스
08,문화·예술·디자인·방송,080212,공연기획,080212_L2,공연기획 초급 실무 및 정형 과업 수행,2,Knowledge(지식),단위 업무 품질 기준
08,문화·예술·디자인·방송,080212,공연기획,080212_L2,공연기획 초급 실무 및 정형 과업 수행,2,Knowledge(지식),데이터 검증 기법
08,문화·예술·디자인·방송,080212,공연기획,080212_L2,공연기획 초급 실무 및 정형 과업 수행,2,Skill(기술/도구),실무 도구/SW 조작
08,문화·예술·디자인·방송,080212,공연기획,080212_L2,공연기획 초급 실무 및 정형 과업 수행,2,Skill(기술/도구),데이터 정제 및 가공
08,문화·예술·디자인·방송,080212,공연기획,080212_L2,공연기획 초급 실무 및 정형 과업 수행,2,Skill(기술/도구),단위 결과물 산출
08,문화·예술·디자인·방송,080212,공연기획,080212_L2,공연기획 초급 실무 및 정형 과업 수행,2,Attitude(태도),정확성과 꼼꼼함
08,문화·예술·디자인·방송,080212,공연기획,080212_L2,공연기획 초급 실무 및 정형 과업 수행,2,Attitude(태도),기한 준수 책임감
08,문화·예술·디자인·방송,080212,공연기획,080212_L3,공연기획 중급 독립 실무 및 문제해결 엔지니어링,3,Knowledge(지식),심화 모델링/설계 이론
08,문화·예술·디자인·방송,080212,공연기획,080212_L3,공연기획 중급 독립 실무 및 문제해결 엔지니어링,3,Knowledge(지식),성능 지표(KPI) 분석법
08,문화·예술·디자인·방송,080212,공연기획,080212_L3,공연기획 중급 독립 실무 및 문제해결 엔지니어링,3,Knowledge(지식),이슈 해결 방법론
08,문화·예술·디자인·방송,080212,공연기획,080212_L3,공연기획 중급 독립 실무 및 문제해결 엔지니어링,3,Skill(기술/도구),고급 도구/코드/기기 활용
08,문화·예술·디자인·방송,080212,공연기획,080212_L3,공연기획 중급 독립 실무 및 문제해결 엔지니어링,3,Skill(기술/도구),원인 분석 및 조치
08,문화·예술·디자인·방송,080212,공연기획,080212_L3,공연기획 중급 독립 실무 및 문제해결 엔지니어링,3,Skill(기술/도구),성과 분석 리포팅
08,문화·예술·디자인·방송,080212,공연기획,080212_L3,공연기획 중급 독립 실무 및 문제해결 엔지니어링,3,Attitude(태도),분석적 사고력
08,문화·예술·디자인·방송,080212,공연기획,080212_L3,공연기획 중급 독립 실무 및 문제해결 엔지니어링,3,Attitude(태도),타 부서와의 원활한 협업 소통
08,문화·예술·디자인·방송,080212,공연기획,080212_L4,공연기획 고급 전문화 및 프로젝트/팀 리딩,4,Knowledge(지식),신기술 융합 아키텍처
08,문화·예술·디자인·방송,080212,공연기획,080212_L4,공연기획 고급 전문화 및 프로젝트/팀 리딩,4,Knowledge(지식),프로젝트 관리론(PMBOK/Agile)
08,문화·예술·디자인·방송,080212,공연기획,080212_L4,공연기획 고급 전문화 및 프로젝트/팀 리딩,4,Knowledge(지식),품질보증(QA) 거버넌스
08,문화·예술·디자인·방송,080212,공연기획,080212_L4,공연기획 고급 전문화 및 프로젝트/팀 리딩,4,Skill(기술/도구),전체 시스템 아키텍처 설계
08,문화·예술·디자인·방송,080212,공연기획,080212_L4,공연기획 고급 전문화 및 프로젝트/팀 리딩,4,Skill(기술/도구),애자일 스프린트 리딩
08,문화·예술·디자인·방송,080212,공연기획,080212_L4,공연기획 고급 전문화 및 프로젝트/팀 리딩,4,Skill(기술/도구),신기술 PoC 검증
08,문화·예술·디자인·방송,080212,공연기획,080212_L4,공연기획 고급 전문화 및 프로젝트/팀 리딩,4,Attitude(태도),혁신 지향 리더십
08,문화·예술·디자인·방송,080212,공연기획,080212_L4,공연기획 고급 전문화 및 프로젝트/팀 리딩,4,Attitude(태도),동료 성장 멘토링 마인드
08,문화·예술·디자인·방송,080212,공연기획,080212_L5,공연기획 전략 기획 및 전사 거버넌스 총괄,5,Knowledge(지식),경영 전략 및 자본 예산 배분
08,문화·예술·디자인·방송,080212,공연기획,080212_L5,공연기획 전략 기획 및 전사 거버넌스 총괄,5,Knowledge(지식),국내외 규제 컴플라이언스
08,문화·예술·디자인·방송,080212,공연기획,080212_L5,공연기획 전략 기획 및 전사 거버넌스 총괄,5,Knowledge(지식),엔터프라이즈 거버넌스
08,문화·예술·디자인·방송,080212,공연기획,080212_L5,공연기획 전략 기획 및 전사 거버넌스 총괄,5,Skill(기술/도구),전사 로드맵 수립
08,문화·예술·디자인·방송,080212,공연기획,080212_L5,공연기획 전략 기획 및 전사 거버넌스 총괄,5,Skill(기술/도구),투자 대비 성과(ROI) 모델링
08,문화·예술·디자인·방송,080212,공연기획,080212_L5,공연기획 전략 기획 및 전사 거버넌스 총괄,5,Skill(기술/도구),최고 의사결정 전략 제언
08,문화·예술·디자인·방송,080212,공연기획,080212_L5,공연기획 전략 기획 및 전사 거버넌스 총괄,5,Attitude(태도),거시적 통찰력
08,문화·예술·디자인·방송,080212,공연기획,080212_L5,공연기획 전략 기획 및 전사 거버넌스 총괄,5,Attitude(태도),전략적 윤리 리더십
08,문화·예술·디자인·방송,080213,전시기획(큐레이터),080213_L1,전시기획(큐레이터) 기초 입문 및 업무 환경 지원,1,Knowledge(지식),전시기획(큐레이터) 개론
08,문화·예술·디자인·방송,080213,전시기획(큐레이터),080213_L1,전시기획(큐레이터) 기초 입문 및 업무 환경 지원,1,Knowledge(지식),표준 작업 지침서
08,문화·예술·디자인·방송,080213,전시기획(큐레이터),080213_L1,전시기획(큐레이터) 기초 입문 및 업무 환경 지원,1,Knowledge(지식),기초 법령/규정
08,문화·예술·디자인·방송,080213,전시기획(큐레이터),080213_L1,전시기획(큐레이터) 기초 입문 및 업무 환경 지원,1,Skill(기술/도구),기초 전산 툴 조작
08,문화·예술·디자인·방송,080213,전시기획(큐레이터),080213_L1,전시기획(큐레이터) 기초 입문 및 업무 환경 지원,1,Skill(기술/도구),문서 서식 작성
08,문화·예술·디자인·방송,080213,전시기획(큐레이터),080213_L1,전시기획(큐레이터) 기초 입문 및 업무 환경 지원,1,Skill(기술/도구),자료 검색 및 분류
08,문화·예술·디자인·방송,080213,전시기획(큐레이터),080213_L1,전시기획(큐레이터) 기초 입문 및 업무 환경 지원,1,Attitude(태도),규정 준수 의식
08,문화·예술·디자인·방송,080213,전시기획(큐레이터),080213_L1,전시기획(큐레이터) 기초 입문 및 업무 환경 지원,1,Attitude(태도),성실한 업무 지원 태도
08,문화·예술·디자인·방송,080213,전시기획(큐레이터),080213_L2,전시기획(큐레이터) 초급 실무 및 정형 과업 수행,2,Knowledge(지식),전시기획(큐레이터) 실무 프로세스
08,문화·예술·디자인·방송,080213,전시기획(큐레이터),080213_L2,전시기획(큐레이터) 초급 실무 및 정형 과업 수행,2,Knowledge(지식),단위 업무 품질 기준
08,문화·예술·디자인·방송,080213,전시기획(큐레이터),080213_L2,전시기획(큐레이터) 초급 실무 및 정형 과업 수행,2,Knowledge(지식),데이터 검증 기법
08,문화·예술·디자인·방송,080213,전시기획(큐레이터),080213_L2,전시기획(큐레이터) 초급 실무 및 정형 과업 수행,2,Skill(기술/도구),실무 도구/SW 조작
08,문화·예술·디자인·방송,080213,전시기획(큐레이터),080213_L2,전시기획(큐레이터) 초급 실무 및 정형 과업 수행,2,Skill(기술/도구),데이터 정제 및 가공
08,문화·예술·디자인·방송,080213,전시기획(큐레이터),080213_L2,전시기획(큐레이터) 초급 실무 및 정형 과업 수행,2,Skill(기술/도구),단위 결과물 산출
08,문화·예술·디자인·방송,080213,전시기획(큐레이터),080213_L2,전시기획(큐레이터) 초급 실무 및 정형 과업 수행,2,Attitude(태도),정확성과 꼼꼼함
08,문화·예술·디자인·방송,080213,전시기획(큐레이터),080213_L2,전시기획(큐레이터) 초급 실무 및 정형 과업 수행,2,Attitude(태도),기한 준수 책임감
08,문화·예술·디자인·방송,080213,전시기획(큐레이터),080213_L3,전시기획(큐레이터) 중급 독립 실무 및 문제해결 엔지니어링,3,Knowledge(지식),심화 모델링/설계 이론
08,문화·예술·디자인·방송,080213,전시기획(큐레이터),080213_L3,전시기획(큐레이터) 중급 독립 실무 및 문제해결 엔지니어링,3,Knowledge(지식),성능 지표(KPI) 분석법
08,문화·예술·디자인·방송,080213,전시기획(큐레이터),080213_L3,전시기획(큐레이터) 중급 독립 실무 및 문제해결 엔지니어링,3,Knowledge(지식),이슈 해결 방법론
08,문화·예술·디자인·방송,080213,전시기획(큐레이터),080213_L3,전시기획(큐레이터) 중급 독립 실무 및 문제해결 엔지니어링,3,Skill(기술/도구),고급 도구/코드/기기 활용
08,문화·예술·디자인·방송,080213,전시기획(큐레이터),080213_L3,전시기획(큐레이터) 중급 독립 실무 및 문제해결 엔지니어링,3,Skill(기술/도구),원인 분석 및 조치
08,문화·예술·디자인·방송,080213,전시기획(큐레이터),080213_L3,전시기획(큐레이터) 중급 독립 실무 및 문제해결 엔지니어링,3,Skill(기술/도구),성과 분석 리포팅
08,문화·예술·디자인·방송,080213,전시기획(큐레이터),080213_L3,전시기획(큐레이터) 중급 독립 실무 및 문제해결 엔지니어링,3,Attitude(태도),분석적 사고력
08,문화·예술·디자인·방송,080213,전시기획(큐레이터),080213_L3,전시기획(큐레이터) 중급 독립 실무 및 문제해결 엔지니어링,3,Attitude(태도),타 부서와의 원활한 협업 소통
08,문화·예술·디자인·방송,080213,전시기획(큐레이터),080213_L4,전시기획(큐레이터) 고급 전문화 및 프로젝트/팀 리딩,4,Knowledge(지식),신기술 융합 아키텍처
08,문화·예술·디자인·방송,080213,전시기획(큐레이터),080213_L4,전시기획(큐레이터) 고급 전문화 및 프로젝트/팀 리딩,4,Knowledge(지식),프로젝트 관리론(PMBOK/Agile)
08,문화·예술·디자인·방송,080213,전시기획(큐레이터),080213_L4,전시기획(큐레이터) 고급 전문화 및 프로젝트/팀 리딩,4,Knowledge(지식),품질보증(QA) 거버넌스
08,문화·예술·디자인·방송,080213,전시기획(큐레이터),080213_L4,전시기획(큐레이터) 고급 전문화 및 프로젝트/팀 리딩,4,Skill(기술/도구),전체 시스템 아키텍처 설계
08,문화·예술·디자인·방송,080213,전시기획(큐레이터),080213_L4,전시기획(큐레이터) 고급 전문화 및 프로젝트/팀 리딩,4,Skill(기술/도구),애자일 스프린트 리딩
08,문화·예술·디자인·방송,080213,전시기획(큐레이터),080213_L4,전시기획(큐레이터) 고급 전문화 및 프로젝트/팀 리딩,4,Skill(기술/도구),신기술 PoC 검증
08,문화·예술·디자인·방송,080213,전시기획(큐레이터),080213_L4,전시기획(큐레이터) 고급 전문화 및 프로젝트/팀 리딩,4,Attitude(태도),혁신 지향 리더십
08,문화·예술·디자인·방송,080213,전시기획(큐레이터),080213_L4,전시기획(큐레이터) 고급 전문화 및 프로젝트/팀 리딩,4,Attitude(태도),동료 성장 멘토링 마인드
08,문화·예술·디자인·방송,080213,전시기획(큐레이터),080213_L5,전시기획(큐레이터) 전략 기획 및 전사 거버넌스 총괄,5,Knowledge(지식),경영 전략 및 자본 예산 배분
08,문화·예술·디자인·방송,080213,전시기획(큐레이터),080213_L5,전시기획(큐레이터) 전략 기획 및 전사 거버넌스 총괄,5,Knowledge(지식),국내외 규제 컴플라이언스
08,문화·예술·디자인·방송,080213,전시기획(큐레이터),080213_L5,전시기획(큐레이터) 전략 기획 및 전사 거버넌스 총괄,5,Knowledge(지식),엔터프라이즈 거버넌스
08,문화·예술·디자인·방송,080213,전시기획(큐레이터),080213_L5,전시기획(큐레이터) 전략 기획 및 전사 거버넌스 총괄,5,Skill(기술/도구),전사 로드맵 수립
08,문화·예술·디자인·방송,080213,전시기획(큐레이터),080213_L5,전시기획(큐레이터) 전략 기획 및 전사 거버넌스 총괄,5,Skill(기술/도구),투자 대비 성과(ROI) 모델링
08,문화·예술·디자인·방송,080213,전시기획(큐레이터),080213_L5,전시기획(큐레이터) 전략 기획 및 전사 거버넌스 총괄,5,Skill(기술/도구),최고 의사결정 전략 제언
08,문화·예술·디자인·방송,080213,전시기획(큐레이터),080213_L5,전시기획(큐레이터) 전략 기획 및 전사 거버넌스 총괄,5,Attitude(태도),거시적 통찰력
08,문화·예술·디자인·방송,080213,전시기획(큐레이터),080213_L5,전시기획(큐레이터) 전략 기획 및 전사 거버넌스 총괄,5,Attitude(태도),전략적 윤리 리더십
09,운전·운송,090101,스마트물류SCM관리,090101_L1,스마트물류SCM관리 기초 입문 및 업무 환경 지원,1,Knowledge(지식),스마트물류SCM관리 개론
09,운전·운송,090101,스마트물류SCM관리,090101_L1,스마트물류SCM관리 기초 입문 및 업무 환경 지원,1,Knowledge(지식),표준 작업 지침서
09,운전·운송,090101,스마트물류SCM관리,090101_L1,스마트물류SCM관리 기초 입문 및 업무 환경 지원,1,Knowledge(지식),기초 법령/규정
09,운전·운송,090101,스마트물류SCM관리,090101_L1,스마트물류SCM관리 기초 입문 및 업무 환경 지원,1,Skill(기술/도구),기초 전산 툴 조작
09,운전·운송,090101,스마트물류SCM관리,090101_L1,스마트물류SCM관리 기초 입문 및 업무 환경 지원,1,Skill(기술/도구),문서 서식 작성
09,운전·운송,090101,스마트물류SCM관리,090101_L1,스마트물류SCM관리 기초 입문 및 업무 환경 지원,1,Skill(기술/도구),자료 검색 및 분류
09,운전·운송,090101,스마트물류SCM관리,090101_L1,스마트물류SCM관리 기초 입문 및 업무 환경 지원,1,Attitude(태도),규정 준수 의식
09,운전·운송,090101,스마트물류SCM관리,090101_L1,스마트물류SCM관리 기초 입문 및 업무 환경 지원,1,Attitude(태도),성실한 업무 지원 태도
09,운전·운송,090101,스마트물류SCM관리,090101_L2,스마트물류SCM관리 초급 실무 및 정형 과업 수행,2,Knowledge(지식),스마트물류SCM관리 실무 프로세스
09,운전·운송,090101,스마트물류SCM관리,090101_L2,스마트물류SCM관리 초급 실무 및 정형 과업 수행,2,Knowledge(지식),단위 업무 품질 기준
09,운전·운송,090101,스마트물류SCM관리,090101_L2,스마트물류SCM관리 초급 실무 및 정형 과업 수행,2,Knowledge(지식),데이터 검증 기법
09,운전·운송,090101,스마트물류SCM관리,090101_L2,스마트물류SCM관리 초급 실무 및 정형 과업 수행,2,Skill(기술/도구),실무 도구/SW 조작
09,운전·운송,090101,스마트물류SCM관리,090101_L2,스마트물류SCM관리 초급 실무 및 정형 과업 수행,2,Skill(기술/도구),데이터 정제 및 가공
09,운전·운송,090101,스마트물류SCM관리,090101_L2,스마트물류SCM관리 초급 실무 및 정형 과업 수행,2,Skill(기술/도구),단위 결과물 산출
09,운전·운송,090101,스마트물류SCM관리,090101_L2,스마트물류SCM관리 초급 실무 및 정형 과업 수행,2,Attitude(태도),정확성과 꼼꼼함
09,운전·운송,090101,스마트물류SCM관리,090101_L2,스마트물류SCM관리 초급 실무 및 정형 과업 수행,2,Attitude(태도),기한 준수 책임감
09,운전·운송,090101,스마트물류SCM관리,090101_L3,스마트물류SCM관리 중급 독립 실무 및 문제해결 엔지니어링,3,Knowledge(지식),심화 모델링/설계 이론
09,운전·운송,090101,스마트물류SCM관리,090101_L3,스마트물류SCM관리 중급 독립 실무 및 문제해결 엔지니어링,3,Knowledge(지식),성능 지표(KPI) 분석법
09,운전·운송,090101,스마트물류SCM관리,090101_L3,스마트물류SCM관리 중급 독립 실무 및 문제해결 엔지니어링,3,Knowledge(지식),이슈 해결 방법론
09,운전·운송,090101,스마트물류SCM관리,090101_L3,스마트물류SCM관리 중급 독립 실무 및 문제해결 엔지니어링,3,Skill(기술/도구),고급 도구/코드/기기 활용
09,운전·운송,090101,스마트물류SCM관리,090101_L3,스마트물류SCM관리 중급 독립 실무 및 문제해결 엔지니어링,3,Skill(기술/도구),원인 분석 및 조치
09,운전·운송,090101,스마트물류SCM관리,090101_L3,스마트물류SCM관리 중급 독립 실무 및 문제해결 엔지니어링,3,Skill(기술/도구),성과 분석 리포팅
09,운전·운송,090101,스마트물류SCM관리,090101_L3,스마트물류SCM관리 중급 독립 실무 및 문제해결 엔지니어링,3,Attitude(태도),분석적 사고력
09,운전·운송,090101,스마트물류SCM관리,090101_L3,스마트물류SCM관리 중급 독립 실무 및 문제해결 엔지니어링,3,Attitude(태도),타 부서와의 원활한 협업 소통
09,운전·운송,090101,스마트물류SCM관리,090101_L4,스마트물류SCM관리 고급 전문화 및 프로젝트/팀 리딩,4,Knowledge(지식),신기술 융합 아키텍처
09,운전·운송,090101,스마트물류SCM관리,090101_L4,스마트물류SCM관리 고급 전문화 및 프로젝트/팀 리딩,4,Knowledge(지식),프로젝트 관리론(PMBOK/Agile)
09,운전·운송,090101,스마트물류SCM관리,090101_L4,스마트물류SCM관리 고급 전문화 및 프로젝트/팀 리딩,4,Knowledge(지식),품질보증(QA) 거버넌스
09,운전·운송,090101,스마트물류SCM관리,090101_L4,스마트물류SCM관리 고급 전문화 및 프로젝트/팀 리딩,4,Skill(기술/도구),전체 시스템 아키텍처 설계
09,운전·운송,090101,스마트물류SCM관리,090101_L4,스마트물류SCM관리 고급 전문화 및 프로젝트/팀 리딩,4,Skill(기술/도구),애자일 스프린트 리딩
09,운전·운송,090101,스마트물류SCM관리,090101_L4,스마트물류SCM관리 고급 전문화 및 프로젝트/팀 리딩,4,Skill(기술/도구),신기술 PoC 검증
09,운전·운송,090101,스마트물류SCM관리,090101_L4,스마트물류SCM관리 고급 전문화 및 프로젝트/팀 리딩,4,Attitude(태도),혁신 지향 리더십
09,운전·운송,090101,스마트물류SCM관리,090101_L4,스마트물류SCM관리 고급 전문화 및 프로젝트/팀 리딩,4,Attitude(태도),동료 성장 멘토링 마인드
09,운전·운송,090101,스마트물류SCM관리,090101_L5,스마트물류SCM관리 전략 기획 및 전사 거버넌스 총괄,5,Knowledge(지식),경영 전략 및 자본 예산 배분
09,운전·운송,090101,스마트물류SCM관리,090101_L5,스마트물류SCM관리 전략 기획 및 전사 거버넌스 총괄,5,Knowledge(지식),국내외 규제 컴플라이언스
09,운전·운송,090101,스마트물류SCM관리,090101_L5,스마트물류SCM관리 전략 기획 및 전사 거버넌스 총괄,5,Knowledge(지식),엔터프라이즈 거버넌스
09,운전·운송,090101,스마트물류SCM관리,090101_L5,스마트물류SCM관리 전략 기획 및 전사 거버넌스 총괄,5,Skill(기술/도구),전사 로드맵 수립
09,운전·운송,090101,스마트물류SCM관리,090101_L5,스마트물류SCM관리 전략 기획 및 전사 거버넌스 총괄,5,Skill(기술/도구),투자 대비 성과(ROI) 모델링
09,운전·운송,090101,스마트물류SCM관리,090101_L5,스마트물류SCM관리 전략 기획 및 전사 거버넌스 총괄,5,Skill(기술/도구),최고 의사결정 전략 제언
09,운전·운송,090101,스마트물류SCM관리,090101_L5,스마트물류SCM관리 전략 기획 및 전사 거버넌스 총괄,5,Attitude(태도),거시적 통찰력
09,운전·운송,090101,스마트물류SCM관리,090101_L5,스마트물류SCM관리 전략 기획 및 전사 거버넌스 총괄,5,Attitude(태도),전략적 윤리 리더십
09,운전·운송,090102,보관하역관리(WMS),090102_L1,보관하역관리(WMS) 기초 입문 및 업무 환경 지원,1,Knowledge(지식),보관하역관리(WMS) 개론
09,운전·운송,090102,보관하역관리(WMS),090102_L1,보관하역관리(WMS) 기초 입문 및 업무 환경 지원,1,Knowledge(지식),표준 작업 지침서
09,운전·운송,090102,보관하역관리(WMS),090102_L1,보관하역관리(WMS) 기초 입문 및 업무 환경 지원,1,Knowledge(지식),기초 법령/규정
09,운전·운송,090102,보관하역관리(WMS),090102_L1,보관하역관리(WMS) 기초 입문 및 업무 환경 지원,1,Skill(기술/도구),기초 전산 툴 조작
09,운전·운송,090102,보관하역관리(WMS),090102_L1,보관하역관리(WMS) 기초 입문 및 업무 환경 지원,1,Skill(기술/도구),문서 서식 작성
09,운전·운송,090102,보관하역관리(WMS),090102_L1,보관하역관리(WMS) 기초 입문 및 업무 환경 지원,1,Skill(기술/도구),자료 검색 및 분류
09,운전·운송,090102,보관하역관리(WMS),090102_L1,보관하역관리(WMS) 기초 입문 및 업무 환경 지원,1,Attitude(태도),규정 준수 의식
09,운전·운송,090102,보관하역관리(WMS),090102_L1,보관하역관리(WMS) 기초 입문 및 업무 환경 지원,1,Attitude(태도),성실한 업무 지원 태도
09,운전·운송,090102,보관하역관리(WMS),090102_L2,보관하역관리(WMS) 초급 실무 및 정형 과업 수행,2,Knowledge(지식),보관하역관리(WMS) 실무 프로세스
09,운전·운송,090102,보관하역관리(WMS),090102_L2,보관하역관리(WMS) 초급 실무 및 정형 과업 수행,2,Knowledge(지식),단위 업무 품질 기준
09,운전·운송,090102,보관하역관리(WMS),090102_L2,보관하역관리(WMS) 초급 실무 및 정형 과업 수행,2,Knowledge(지식),데이터 검증 기법
09,운전·운송,090102,보관하역관리(WMS),090102_L2,보관하역관리(WMS) 초급 실무 및 정형 과업 수행,2,Skill(기술/도구),실무 도구/SW 조작
09,운전·운송,090102,보관하역관리(WMS),090102_L2,보관하역관리(WMS) 초급 실무 및 정형 과업 수행,2,Skill(기술/도구),데이터 정제 및 가공
09,운전·운송,090102,보관하역관리(WMS),090102_L2,보관하역관리(WMS) 초급 실무 및 정형 과업 수행,2,Skill(기술/도구),단위 결과물 산출
09,운전·운송,090102,보관하역관리(WMS),090102_L2,보관하역관리(WMS) 초급 실무 및 정형 과업 수행,2,Attitude(태도),정확성과 꼼꼼함
09,운전·운송,090102,보관하역관리(WMS),090102_L2,보관하역관리(WMS) 초급 실무 및 정형 과업 수행,2,Attitude(태도),기한 준수 책임감
09,운전·운송,090102,보관하역관리(WMS),090102_L3,보관하역관리(WMS) 중급 독립 실무 및 문제해결 엔지니어링,3,Knowledge(지식),심화 모델링/설계 이론
09,운전·운송,090102,보관하역관리(WMS),090102_L3,보관하역관리(WMS) 중급 독립 실무 및 문제해결 엔지니어링,3,Knowledge(지식),성능 지표(KPI) 분석법
09,운전·운송,090102,보관하역관리(WMS),090102_L3,보관하역관리(WMS) 중급 독립 실무 및 문제해결 엔지니어링,3,Knowledge(지식),이슈 해결 방법론
09,운전·운송,090102,보관하역관리(WMS),090102_L3,보관하역관리(WMS) 중급 독립 실무 및 문제해결 엔지니어링,3,Skill(기술/도구),고급 도구/코드/기기 활용
09,운전·운송,090102,보관하역관리(WMS),090102_L3,보관하역관리(WMS) 중급 독립 실무 및 문제해결 엔지니어링,3,Skill(기술/도구),원인 분석 및 조치
09,운전·운송,090102,보관하역관리(WMS),090102_L3,보관하역관리(WMS) 중급 독립 실무 및 문제해결 엔지니어링,3,Skill(기술/도구),성과 분석 리포팅
09,운전·운송,090102,보관하역관리(WMS),090102_L3,보관하역관리(WMS) 중급 독립 실무 및 문제해결 엔지니어링,3,Attitude(태도),분석적 사고력
09,운전·운송,090102,보관하역관리(WMS),090102_L3,보관하역관리(WMS) 중급 독립 실무 및 문제해결 엔지니어링,3,Attitude(태도),타 부서와의 원활한 협업 소통
09,운전·운송,090102,보관하역관리(WMS),090102_L4,보관하역관리(WMS) 고급 전문화 및 프로젝트/팀 리딩,4,Knowledge(지식),신기술 융합 아키텍처
09,운전·운송,090102,보관하역관리(WMS),090102_L4,보관하역관리(WMS) 고급 전문화 및 프로젝트/팀 리딩,4,Knowledge(지식),프로젝트 관리론(PMBOK/Agile)
09,운전·운송,090102,보관하역관리(WMS),090102_L4,보관하역관리(WMS) 고급 전문화 및 프로젝트/팀 리딩,4,Knowledge(지식),품질보증(QA) 거버넌스
09,운전·운송,090102,보관하역관리(WMS),090102_L4,보관하역관리(WMS) 고급 전문화 및 프로젝트/팀 리딩,4,Skill(기술/도구),전체 시스템 아키텍처 설계
09,운전·운송,090102,보관하역관리(WMS),090102_L4,보관하역관리(WMS) 고급 전문화 및 프로젝트/팀 리딩,4,Skill(기술/도구),애자일 스프린트 리딩
09,운전·운송,090102,보관하역관리(WMS),090102_L4,보관하역관리(WMS) 고급 전문화 및 프로젝트/팀 리딩,4,Skill(기술/도구),신기술 PoC 검증
09,운전·운송,090102,보관하역관리(WMS),090102_L4,보관하역관리(WMS) 고급 전문화 및 프로젝트/팀 리딩,4,Attitude(태도),혁신 지향 리더십
09,운전·운송,090102,보관하역관리(WMS),090102_L4,보관하역관리(WMS) 고급 전문화 및 프로젝트/팀 리딩,4,Attitude(태도),동료 성장 멘토링 마인드
09,운전·운송,090102,보관하역관리(WMS),090102_L5,보관하역관리(WMS) 전략 기획 및 전사 거버넌스 총괄,5,Knowledge(지식),경영 전략 및 자본 예산 배분
09,운전·운송,090102,보관하역관리(WMS),090102_L5,보관하역관리(WMS) 전략 기획 및 전사 거버넌스 총괄,5,Knowledge(지식),국내외 규제 컴플라이언스
09,운전·운송,090102,보관하역관리(WMS),090102_L5,보관하역관리(WMS) 전략 기획 및 전사 거버넌스 총괄,5,Knowledge(지식),엔터프라이즈 거버넌스
09,운전·운송,090102,보관하역관리(WMS),090102_L5,보관하역관리(WMS) 전략 기획 및 전사 거버넌스 총괄,5,Skill(기술/도구),전사 로드맵 수립
09,운전·운송,090102,보관하역관리(WMS),090102_L5,보관하역관리(WMS) 전략 기획 및 전사 거버넌스 총괄,5,Skill(기술/도구),투자 대비 성과(ROI) 모델링
09,운전·운송,090102,보관하역관리(WMS),090102_L5,보관하역관리(WMS) 전략 기획 및 전사 거버넌스 총괄,5,Skill(기술/도구),최고 의사결정 전략 제언
09,운전·운송,090102,보관하역관리(WMS),090102_L5,보관하역관리(WMS) 전략 기획 및 전사 거버넌스 총괄,5,Attitude(태도),거시적 통찰력
09,운전·운송,090102,보관하역관리(WMS),090102_L5,보관하역관리(WMS) 전략 기획 및 전사 거버넌스 총괄,5,Attitude(태도),전략적 윤리 리더십
09,운전·운송,090103,화물운송배차,090103_L1,화물운송배차 기초 입문 및 업무 환경 지원,1,Knowledge(지식),화물운송배차 개론
09,운전·운송,090103,화물운송배차,090103_L1,화물운송배차 기초 입문 및 업무 환경 지원,1,Knowledge(지식),표준 작업 지침서
09,운전·운송,090103,화물운송배차,090103_L1,화물운송배차 기초 입문 및 업무 환경 지원,1,Knowledge(지식),기초 법령/규정
09,운전·운송,090103,화물운송배차,090103_L1,화물운송배차 기초 입문 및 업무 환경 지원,1,Skill(기술/도구),기초 전산 툴 조작
09,운전·운송,090103,화물운송배차,090103_L1,화물운송배차 기초 입문 및 업무 환경 지원,1,Skill(기술/도구),문서 서식 작성
09,운전·운송,090103,화물운송배차,090103_L1,화물운송배차 기초 입문 및 업무 환경 지원,1,Skill(기술/도구),자료 검색 및 분류
09,운전·운송,090103,화물운송배차,090103_L1,화물운송배차 기초 입문 및 업무 환경 지원,1,Attitude(태도),규정 준수 의식
09,운전·운송,090103,화물운송배차,090103_L1,화물운송배차 기초 입문 및 업무 환경 지원,1,Attitude(태도),성실한 업무 지원 태도
09,운전·운송,090103,화물운송배차,090103_L2,화물운송배차 초급 실무 및 정형 과업 수행,2,Knowledge(지식),화물운송배차 실무 프로세스
09,운전·운송,090103,화물운송배차,090103_L2,화물운송배차 초급 실무 및 정형 과업 수행,2,Knowledge(지식),단위 업무 품질 기준
09,운전·운송,090103,화물운송배차,090103_L2,화물운송배차 초급 실무 및 정형 과업 수행,2,Knowledge(지식),데이터 검증 기법
09,운전·운송,090103,화물운송배차,090103_L2,화물운송배차 초급 실무 및 정형 과업 수행,2,Skill(기술/도구),실무 도구/SW 조작
09,운전·운송,090103,화물운송배차,090103_L2,화물운송배차 초급 실무 및 정형 과업 수행,2,Skill(기술/도구),데이터 정제 및 가공
09,운전·운송,090103,화물운송배차,090103_L2,화물운송배차 초급 실무 및 정형 과업 수행,2,Skill(기술/도구),단위 결과물 산출
09,운전·운송,090103,화물운송배차,090103_L2,화물운송배차 초급 실무 및 정형 과업 수행,2,Attitude(태도),정확성과 꼼꼼함
09,운전·운송,090103,화물운송배차,090103_L2,화물운송배차 초급 실무 및 정형 과업 수행,2,Attitude(태도),기한 준수 책임감
09,운전·운송,090103,화물운송배차,090103_L3,화물운송배차 중급 독립 실무 및 문제해결 엔지니어링,3,Knowledge(지식),심화 모델링/설계 이론
09,운전·운송,090103,화물운송배차,090103_L3,화물운송배차 중급 독립 실무 및 문제해결 엔지니어링,3,Knowledge(지식),성능 지표(KPI) 분석법
09,운전·운송,090103,화물운송배차,090103_L3,화물운송배차 중급 독립 실무 및 문제해결 엔지니어링,3,Knowledge(지식),이슈 해결 방법론
09,운전·운송,090103,화물운송배차,090103_L3,화물운송배차 중급 독립 실무 및 문제해결 엔지니어링,3,Skill(기술/도구),고급 도구/코드/기기 활용
09,운전·운송,090103,화물운송배차,090103_L3,화물운송배차 중급 독립 실무 및 문제해결 엔지니어링,3,Skill(기술/도구),원인 분석 및 조치
09,운전·운송,090103,화물운송배차,090103_L3,화물운송배차 중급 독립 실무 및 문제해결 엔지니어링,3,Skill(기술/도구),성과 분석 리포팅
09,운전·운송,090103,화물운송배차,090103_L3,화물운송배차 중급 독립 실무 및 문제해결 엔지니어링,3,Attitude(태도),분석적 사고력
09,운전·운송,090103,화물운송배차,090103_L3,화물운송배차 중급 독립 실무 및 문제해결 엔지니어링,3,Attitude(태도),타 부서와의 원활한 협업 소통
09,운전·운송,090103,화물운송배차,090103_L4,화물운송배차 고급 전문화 및 프로젝트/팀 리딩,4,Knowledge(지식),신기술 융합 아키텍처
09,운전·운송,090103,화물운송배차,090103_L4,화물운송배차 고급 전문화 및 프로젝트/팀 리딩,4,Knowledge(지식),프로젝트 관리론(PMBOK/Agile)
09,운전·운송,090103,화물운송배차,090103_L4,화물운송배차 고급 전문화 및 프로젝트/팀 리딩,4,Knowledge(지식),품질보증(QA) 거버넌스
09,운전·운송,090103,화물운송배차,090103_L4,화물운송배차 고급 전문화 및 프로젝트/팀 리딩,4,Skill(기술/도구),전체 시스템 아키텍처 설계
09,운전·운송,090103,화물운송배차,090103_L4,화물운송배차 고급 전문화 및 프로젝트/팀 리딩,4,Skill(기술/도구),애자일 스프린트 리딩
09,운전·운송,090103,화물운송배차,090103_L4,화물운송배차 고급 전문화 및 프로젝트/팀 리딩,4,Skill(기술/도구),신기술 PoC 검증
09,운전·운송,090103,화물운송배차,090103_L4,화물운송배차 고급 전문화 및 프로젝트/팀 리딩,4,Attitude(태도),혁신 지향 리더십
09,운전·운송,090103,화물운송배차,090103_L4,화물운송배차 고급 전문화 및 프로젝트/팀 리딩,4,Attitude(태도),동료 성장 멘토링 마인드
09,운전·운송,090103,화물운송배차,090103_L5,화물운송배차 전략 기획 및 전사 거버넌스 총괄,5,Knowledge(지식),경영 전략 및 자본 예산 배분
09,운전·운송,090103,화물운송배차,090103_L5,화물운송배차 전략 기획 및 전사 거버넌스 총괄,5,Knowledge(지식),국내외 규제 컴플라이언스
09,운전·운송,090103,화물운송배차,090103_L5,화물운송배차 전략 기획 및 전사 거버넌스 총괄,5,Knowledge(지식),엔터프라이즈 거버넌스
09,운전·운송,090103,화물운송배차,090103_L5,화물운송배차 전략 기획 및 전사 거버넌스 총괄,5,Skill(기술/도구),전사 로드맵 수립
09,운전·운송,090103,화물운송배차,090103_L5,화물운송배차 전략 기획 및 전사 거버넌스 총괄,5,Skill(기술/도구),투자 대비 성과(ROI) 모델링
09,운전·운송,090103,화물운송배차,090103_L5,화물운송배차 전략 기획 및 전사 거버넌스 총괄,5,Skill(기술/도구),최고 의사결정 전략 제언
09,운전·운송,090103,화물운송배차,090103_L5,화물운송배차 전략 기획 및 전사 거버넌스 총괄,5,Attitude(태도),거시적 통찰력
09,운전·운송,090103,화물운송배차,090103_L5,화물운송배차 전략 기획 및 전사 거버넌스 총괄,5,Attitude(태도),전략적 윤리 리더십
09,운전·운송,090104,수출입물류통관,090104_L1,수출입물류통관 기초 입문 및 업무 환경 지원,1,Knowledge(지식),수출입물류통관 개론
09,운전·운송,090104,수출입물류통관,090104_L1,수출입물류통관 기초 입문 및 업무 환경 지원,1,Knowledge(지식),표준 작업 지침서
09,운전·운송,090104,수출입물류통관,090104_L1,수출입물류통관 기초 입문 및 업무 환경 지원,1,Knowledge(지식),기초 법령/규정
09,운전·운송,090104,수출입물류통관,090104_L1,수출입물류통관 기초 입문 및 업무 환경 지원,1,Skill(기술/도구),기초 전산 툴 조작
09,운전·운송,090104,수출입물류통관,090104_L1,수출입물류통관 기초 입문 및 업무 환경 지원,1,Skill(기술/도구),문서 서식 작성
09,운전·운송,090104,수출입물류통관,090104_L1,수출입물류통관 기초 입문 및 업무 환경 지원,1,Skill(기술/도구),자료 검색 및 분류
09,운전·운송,090104,수출입물류통관,090104_L1,수출입물류통관 기초 입문 및 업무 환경 지원,1,Attitude(태도),규정 준수 의식
09,운전·운송,090104,수출입물류통관,090104_L1,수출입물류통관 기초 입문 및 업무 환경 지원,1,Attitude(태도),성실한 업무 지원 태도
09,운전·운송,090104,수출입물류통관,090104_L2,수출입물류통관 초급 실무 및 정형 과업 수행,2,Knowledge(지식),수출입물류통관 실무 프로세스
09,운전·운송,090104,수출입물류통관,090104_L2,수출입물류통관 초급 실무 및 정형 과업 수행,2,Knowledge(지식),단위 업무 품질 기준
09,운전·운송,090104,수출입물류통관,090104_L2,수출입물류통관 초급 실무 및 정형 과업 수행,2,Knowledge(지식),데이터 검증 기법
09,운전·운송,090104,수출입물류통관,090104_L2,수출입물류통관 초급 실무 및 정형 과업 수행,2,Skill(기술/도구),실무 도구/SW 조작
09,운전·운송,090104,수출입물류통관,090104_L2,수출입물류통관 초급 실무 및 정형 과업 수행,2,Skill(기술/도구),데이터 정제 및 가공
09,운전·운송,090104,수출입물류통관,090104_L2,수출입물류통관 초급 실무 및 정형 과업 수행,2,Skill(기술/도구),단위 결과물 산출
09,운전·운송,090104,수출입물류통관,090104_L2,수출입물류통관 초급 실무 및 정형 과업 수행,2,Attitude(태도),정확성과 꼼꼼함
09,운전·운송,090104,수출입물류통관,090104_L2,수출입물류통관 초급 실무 및 정형 과업 수행,2,Attitude(태도),기한 준수 책임감
09,운전·운송,090104,수출입물류통관,090104_L3,수출입물류통관 중급 독립 실무 및 문제해결 엔지니어링,3,Knowledge(지식),심화 모델링/설계 이론
09,운전·운송,090104,수출입물류통관,090104_L3,수출입물류통관 중급 독립 실무 및 문제해결 엔지니어링,3,Knowledge(지식),성능 지표(KPI) 분석법
09,운전·운송,090104,수출입물류통관,090104_L3,수출입물류통관 중급 독립 실무 및 문제해결 엔지니어링,3,Knowledge(지식),이슈 해결 방법론
09,운전·운송,090104,수출입물류통관,090104_L3,수출입물류통관 중급 독립 실무 및 문제해결 엔지니어링,3,Skill(기술/도구),고급 도구/코드/기기 활용
09,운전·운송,090104,수출입물류통관,090104_L3,수출입물류통관 중급 독립 실무 및 문제해결 엔지니어링,3,Skill(기술/도구),원인 분석 및 조치
09,운전·운송,090104,수출입물류통관,090104_L3,수출입물류통관 중급 독립 실무 및 문제해결 엔지니어링,3,Skill(기술/도구),성과 분석 리포팅
09,운전·운송,090104,수출입물류통관,090104_L3,수출입물류통관 중급 독립 실무 및 문제해결 엔지니어링,3,Attitude(태도),분석적 사고력
09,운전·운송,090104,수출입물류통관,090104_L3,수출입물류통관 중급 독립 실무 및 문제해결 엔지니어링,3,Attitude(태도),타 부서와의 원활한 협업 소통
09,운전·운송,090104,수출입물류통관,090104_L4,수출입물류통관 고급 전문화 및 프로젝트/팀 리딩,4,Knowledge(지식),신기술 융합 아키텍처
09,운전·운송,090104,수출입물류통관,090104_L4,수출입물류통관 고급 전문화 및 프로젝트/팀 리딩,4,Knowledge(지식),프로젝트 관리론(PMBOK/Agile)
09,운전·운송,090104,수출입물류통관,090104_L4,수출입물류통관 고급 전문화 및 프로젝트/팀 리딩,4,Knowledge(지식),품질보증(QA) 거버넌스
09,운전·운송,090104,수출입물류통관,090104_L4,수출입물류통관 고급 전문화 및 프로젝트/팀 리딩,4,Skill(기술/도구),전체 시스템 아키텍처 설계
09,운전·운송,090104,수출입물류통관,090104_L4,수출입물류통관 고급 전문화 및 프로젝트/팀 리딩,4,Skill(기술/도구),애자일 스프린트 리딩
09,운전·운송,090104,수출입물류통관,090104_L4,수출입물류통관 고급 전문화 및 프로젝트/팀 리딩,4,Skill(기술/도구),신기술 PoC 검증
09,운전·운송,090104,수출입물류통관,090104_L4,수출입물류통관 고급 전문화 및 프로젝트/팀 리딩,4,Attitude(태도),혁신 지향 리더십
09,운전·운송,090104,수출입물류통관,090104_L4,수출입물류통관 고급 전문화 및 프로젝트/팀 리딩,4,Attitude(태도),동료 성장 멘토링 마인드
09,운전·운송,090104,수출입물류통관,090104_L5,수출입물류통관 전략 기획 및 전사 거버넌스 총괄,5,Knowledge(지식),경영 전략 및 자본 예산 배분
09,운전·운송,090104,수출입물류통관,090104_L5,수출입물류통관 전략 기획 및 전사 거버넌스 총괄,5,Knowledge(지식),국내외 규제 컴플라이언스
09,운전·운송,090104,수출입물류통관,090104_L5,수출입물류통관 전략 기획 및 전사 거버넌스 총괄,5,Knowledge(지식),엔터프라이즈 거버넌스
09,운전·운송,090104,수출입물류통관,090104_L5,수출입물류통관 전략 기획 및 전사 거버넌스 총괄,5,Skill(기술/도구),전사 로드맵 수립
09,운전·운송,090104,수출입물류통관,090104_L5,수출입물류통관 전략 기획 및 전사 거버넌스 총괄,5,Skill(기술/도구),투자 대비 성과(ROI) 모델링
09,운전·운송,090104,수출입물류통관,090104_L5,수출입물류통관 전략 기획 및 전사 거버넌스 총괄,5,Skill(기술/도구),최고 의사결정 전략 제언
09,운전·운송,090104,수출입물류통관,090104_L5,수출입물류통관 전략 기획 및 전사 거버넌스 총괄,5,Attitude(태도),거시적 통찰력
09,운전·운송,090104,수출입물류통관,090104_L5,수출입물류통관 전략 기획 및 전사 거버넌스 총괄,5,Attitude(태도),전략적 윤리 리더십
09,운전·운송,090105,택배풀필먼트운영,090105_L1,택배풀필먼트운영 기초 입문 및 업무 환경 지원,1,Knowledge(지식),택배풀필먼트운영 개론
09,운전·운송,090105,택배풀필먼트운영,090105_L1,택배풀필먼트운영 기초 입문 및 업무 환경 지원,1,Knowledge(지식),표준 작업 지침서
09,운전·운송,090105,택배풀필먼트운영,090105_L1,택배풀필먼트운영 기초 입문 및 업무 환경 지원,1,Knowledge(지식),기초 법령/규정
09,운전·운송,090105,택배풀필먼트운영,090105_L1,택배풀필먼트운영 기초 입문 및 업무 환경 지원,1,Skill(기술/도구),기초 전산 툴 조작
09,운전·운송,090105,택배풀필먼트운영,090105_L1,택배풀필먼트운영 기초 입문 및 업무 환경 지원,1,Skill(기술/도구),문서 서식 작성
09,운전·운송,090105,택배풀필먼트운영,090105_L1,택배풀필먼트운영 기초 입문 및 업무 환경 지원,1,Skill(기술/도구),자료 검색 및 분류
09,운전·운송,090105,택배풀필먼트운영,090105_L1,택배풀필먼트운영 기초 입문 및 업무 환경 지원,1,Attitude(태도),규정 준수 의식
09,운전·운송,090105,택배풀필먼트운영,090105_L1,택배풀필먼트운영 기초 입문 및 업무 환경 지원,1,Attitude(태도),성실한 업무 지원 태도
09,운전·운송,090105,택배풀필먼트운영,090105_L2,택배풀필먼트운영 초급 실무 및 정형 과업 수행,2,Knowledge(지식),택배풀필먼트운영 실무 프로세스
09,운전·운송,090105,택배풀필먼트운영,090105_L2,택배풀필먼트운영 초급 실무 및 정형 과업 수행,2,Knowledge(지식),단위 업무 품질 기준
09,운전·운송,090105,택배풀필먼트운영,090105_L2,택배풀필먼트운영 초급 실무 및 정형 과업 수행,2,Knowledge(지식),데이터 검증 기법
09,운전·운송,090105,택배풀필먼트운영,090105_L2,택배풀필먼트운영 초급 실무 및 정형 과업 수행,2,Skill(기술/도구),실무 도구/SW 조작
09,운전·운송,090105,택배풀필먼트운영,090105_L2,택배풀필먼트운영 초급 실무 및 정형 과업 수행,2,Skill(기술/도구),데이터 정제 및 가공
09,운전·운송,090105,택배풀필먼트운영,090105_L2,택배풀필먼트운영 초급 실무 및 정형 과업 수행,2,Skill(기술/도구),단위 결과물 산출
09,운전·운송,090105,택배풀필먼트운영,090105_L2,택배풀필먼트운영 초급 실무 및 정형 과업 수행,2,Attitude(태도),정확성과 꼼꼼함
09,운전·운송,090105,택배풀필먼트운영,090105_L2,택배풀필먼트운영 초급 실무 및 정형 과업 수행,2,Attitude(태도),기한 준수 책임감
09,운전·운송,090105,택배풀필먼트운영,090105_L3,택배풀필먼트운영 중급 독립 실무 및 문제해결 엔지니어링,3,Knowledge(지식),심화 모델링/설계 이론
09,운전·운송,090105,택배풀필먼트운영,090105_L3,택배풀필먼트운영 중급 독립 실무 및 문제해결 엔지니어링,3,Knowledge(지식),성능 지표(KPI) 분석법
09,운전·운송,090105,택배풀필먼트운영,090105_L3,택배풀필먼트운영 중급 독립 실무 및 문제해결 엔지니어링,3,Knowledge(지식),이슈 해결 방법론
09,운전·운송,090105,택배풀필먼트운영,090105_L3,택배풀필먼트운영 중급 독립 실무 및 문제해결 엔지니어링,3,Skill(기술/도구),고급 도구/코드/기기 활용
09,운전·운송,090105,택배풀필먼트운영,090105_L3,택배풀필먼트운영 중급 독립 실무 및 문제해결 엔지니어링,3,Skill(기술/도구),원인 분석 및 조치
09,운전·운송,090105,택배풀필먼트운영,090105_L3,택배풀필먼트운영 중급 독립 실무 및 문제해결 엔지니어링,3,Skill(기술/도구),성과 분석 리포팅
09,운전·운송,090105,택배풀필먼트운영,090105_L3,택배풀필먼트운영 중급 독립 실무 및 문제해결 엔지니어링,3,Attitude(태도),분석적 사고력
09,운전·운송,090105,택배풀필먼트운영,090105_L3,택배풀필먼트운영 중급 독립 실무 및 문제해결 엔지니어링,3,Attitude(태도),타 부서와의 원활한 협업 소통
09,운전·운송,090105,택배풀필먼트운영,090105_L4,택배풀필먼트운영 고급 전문화 및 프로젝트/팀 리딩,4,Knowledge(지식),신기술 융합 아키텍처
09,운전·운송,090105,택배풀필먼트운영,090105_L4,택배풀필먼트운영 고급 전문화 및 프로젝트/팀 리딩,4,Knowledge(지식),프로젝트 관리론(PMBOK/Agile)
09,운전·운송,090105,택배풀필먼트운영,090105_L4,택배풀필먼트운영 고급 전문화 및 프로젝트/팀 리딩,4,Knowledge(지식),품질보증(QA) 거버넌스
09,운전·운송,090105,택배풀필먼트운영,090105_L4,택배풀필먼트운영 고급 전문화 및 프로젝트/팀 리딩,4,Skill(기술/도구),전체 시스템 아키텍처 설계
09,운전·운송,090105,택배풀필먼트운영,090105_L4,택배풀필먼트운영 고급 전문화 및 프로젝트/팀 리딩,4,Skill(기술/도구),애자일 스프린트 리딩
09,운전·운송,090105,택배풀필먼트운영,090105_L4,택배풀필먼트운영 고급 전문화 및 프로젝트/팀 리딩,4,Skill(기술/도구),신기술 PoC 검증
09,운전·운송,090105,택배풀필먼트운영,090105_L4,택배풀필먼트운영 고급 전문화 및 프로젝트/팀 리딩,4,Attitude(태도),혁신 지향 리더십
09,운전·운송,090105,택배풀필먼트운영,090105_L4,택배풀필먼트운영 고급 전문화 및 프로젝트/팀 리딩,4,Attitude(태도),동료 성장 멘토링 마인드
09,운전·운송,090105,택배풀필먼트운영,090105_L5,택배풀필먼트운영 전략 기획 및 전사 거버넌스 총괄,5,Knowledge(지식),경영 전략 및 자본 예산 배분
09,운전·운송,090105,택배풀필먼트운영,090105_L5,택배풀필먼트운영 전략 기획 및 전사 거버넌스 총괄,5,Knowledge(지식),국내외 규제 컴플라이언스
09,운전·운송,090105,택배풀필먼트운영,090105_L5,택배풀필먼트운영 전략 기획 및 전사 거버넌스 총괄,5,Knowledge(지식),엔터프라이즈 거버넌스
09,운전·운송,090105,택배풀필먼트운영,090105_L5,택배풀필먼트운영 전략 기획 및 전사 거버넌스 총괄,5,Skill(기술/도구),전사 로드맵 수립
09,운전·운송,090105,택배풀필먼트운영,090105_L5,택배풀필먼트운영 전략 기획 및 전사 거버넌스 총괄,5,Skill(기술/도구),투자 대비 성과(ROI) 모델링
09,운전·운송,090105,택배풀필먼트운영,090105_L5,택배풀필먼트운영 전략 기획 및 전사 거버넌스 총괄,5,Skill(기술/도구),최고 의사결정 전략 제언
09,운전·운송,090105,택배풀필먼트운영,090105_L5,택배풀필먼트운영 전략 기획 및 전사 거버넌스 총괄,5,Attitude(태도),거시적 통찰력
09,운전·운송,090105,택배풀필먼트운영,090105_L5,택배풀필먼트운영 전략 기획 및 전사 거버넌스 총괄,5,Attitude(태도),전략적 윤리 리더십
09,운전·운송,090206,항공운항관리,090206_L1,항공운항관리 기초 입문 및 업무 환경 지원,1,Knowledge(지식),항공운항관리 개론
09,운전·운송,090206,항공운항관리,090206_L1,항공운항관리 기초 입문 및 업무 환경 지원,1,Knowledge(지식),표준 작업 지침서
09,운전·운송,090206,항공운항관리,090206_L1,항공운항관리 기초 입문 및 업무 환경 지원,1,Knowledge(지식),기초 법령/규정
09,운전·운송,090206,항공운항관리,090206_L1,항공운항관리 기초 입문 및 업무 환경 지원,1,Skill(기술/도구),기초 전산 툴 조작
09,운전·운송,090206,항공운항관리,090206_L1,항공운항관리 기초 입문 및 업무 환경 지원,1,Skill(기술/도구),문서 서식 작성
09,운전·운송,090206,항공운항관리,090206_L1,항공운항관리 기초 입문 및 업무 환경 지원,1,Skill(기술/도구),자료 검색 및 분류
09,운전·운송,090206,항공운항관리,090206_L1,항공운항관리 기초 입문 및 업무 환경 지원,1,Attitude(태도),규정 준수 의식
09,운전·운송,090206,항공운항관리,090206_L1,항공운항관리 기초 입문 및 업무 환경 지원,1,Attitude(태도),성실한 업무 지원 태도
09,운전·운송,090206,항공운항관리,090206_L2,항공운항관리 초급 실무 및 정형 과업 수행,2,Knowledge(지식),항공운항관리 실무 프로세스
09,운전·운송,090206,항공운항관리,090206_L2,항공운항관리 초급 실무 및 정형 과업 수행,2,Knowledge(지식),단위 업무 품질 기준
09,운전·운송,090206,항공운항관리,090206_L2,항공운항관리 초급 실무 및 정형 과업 수행,2,Knowledge(지식),데이터 검증 기법
09,운전·운송,090206,항공운항관리,090206_L2,항공운항관리 초급 실무 및 정형 과업 수행,2,Skill(기술/도구),실무 도구/SW 조작
09,운전·운송,090206,항공운항관리,090206_L2,항공운항관리 초급 실무 및 정형 과업 수행,2,Skill(기술/도구),데이터 정제 및 가공
09,운전·운송,090206,항공운항관리,090206_L2,항공운항관리 초급 실무 및 정형 과업 수행,2,Skill(기술/도구),단위 결과물 산출
09,운전·운송,090206,항공운항관리,090206_L2,항공운항관리 초급 실무 및 정형 과업 수행,2,Attitude(태도),정확성과 꼼꼼함
09,운전·운송,090206,항공운항관리,090206_L2,항공운항관리 초급 실무 및 정형 과업 수행,2,Attitude(태도),기한 준수 책임감
09,운전·운송,090206,항공운항관리,090206_L3,항공운항관리 중급 독립 실무 및 문제해결 엔지니어링,3,Knowledge(지식),심화 모델링/설계 이론
09,운전·운송,090206,항공운항관리,090206_L3,항공운항관리 중급 독립 실무 및 문제해결 엔지니어링,3,Knowledge(지식),성능 지표(KPI) 분석법
09,운전·운송,090206,항공운항관리,090206_L3,항공운항관리 중급 독립 실무 및 문제해결 엔지니어링,3,Knowledge(지식),이슈 해결 방법론
09,운전·운송,090206,항공운항관리,090206_L3,항공운항관리 중급 독립 실무 및 문제해결 엔지니어링,3,Skill(기술/도구),고급 도구/코드/기기 활용
09,운전·운송,090206,항공운항관리,090206_L3,항공운항관리 중급 독립 실무 및 문제해결 엔지니어링,3,Skill(기술/도구),원인 분석 및 조치
09,운전·운송,090206,항공운항관리,090206_L3,항공운항관리 중급 독립 실무 및 문제해결 엔지니어링,3,Skill(기술/도구),성과 분석 리포팅
09,운전·운송,090206,항공운항관리,090206_L3,항공운항관리 중급 독립 실무 및 문제해결 엔지니어링,3,Attitude(태도),분석적 사고력
09,운전·운송,090206,항공운항관리,090206_L3,항공운항관리 중급 독립 실무 및 문제해결 엔지니어링,3,Attitude(태도),타 부서와의 원활한 협업 소통
09,운전·운송,090206,항공운항관리,090206_L4,항공운항관리 고급 전문화 및 프로젝트/팀 리딩,4,Knowledge(지식),신기술 융합 아키텍처
09,운전·운송,090206,항공운항관리,090206_L4,항공운항관리 고급 전문화 및 프로젝트/팀 리딩,4,Knowledge(지식),프로젝트 관리론(PMBOK/Agile)
09,운전·운송,090206,항공운항관리,090206_L4,항공운항관리 고급 전문화 및 프로젝트/팀 리딩,4,Knowledge(지식),품질보증(QA) 거버넌스
09,운전·운송,090206,항공운항관리,090206_L4,항공운항관리 고급 전문화 및 프로젝트/팀 리딩,4,Skill(기술/도구),전체 시스템 아키텍처 설계
09,운전·운송,090206,항공운항관리,090206_L4,항공운항관리 고급 전문화 및 프로젝트/팀 리딩,4,Skill(기술/도구),애자일 스프린트 리딩
09,운전·운송,090206,항공운항관리,090206_L4,항공운항관리 고급 전문화 및 프로젝트/팀 리딩,4,Skill(기술/도구),신기술 PoC 검증
09,운전·운송,090206,항공운항관리,090206_L4,항공운항관리 고급 전문화 및 프로젝트/팀 리딩,4,Attitude(태도),혁신 지향 리더십
09,운전·운송,090206,항공운항관리,090206_L4,항공운항관리 고급 전문화 및 프로젝트/팀 리딩,4,Attitude(태도),동료 성장 멘토링 마인드
09,운전·운송,090206,항공운항관리,090206_L5,항공운항관리 전략 기획 및 전사 거버넌스 총괄,5,Knowledge(지식),경영 전략 및 자본 예산 배분
09,운전·운송,090206,항공운항관리,090206_L5,항공운항관리 전략 기획 및 전사 거버넌스 총괄,5,Knowledge(지식),국내외 규제 컴플라이언스
09,운전·운송,090206,항공운항관리,090206_L5,항공운항관리 전략 기획 및 전사 거버넌스 총괄,5,Knowledge(지식),엔터프라이즈 거버넌스
09,운전·운송,090206,항공운항관리,090206_L5,항공운항관리 전략 기획 및 전사 거버넌스 총괄,5,Skill(기술/도구),전사 로드맵 수립
09,운전·운송,090206,항공운항관리,090206_L5,항공운항관리 전략 기획 및 전사 거버넌스 총괄,5,Skill(기술/도구),투자 대비 성과(ROI) 모델링
09,운전·운송,090206,항공운항관리,090206_L5,항공운항관리 전략 기획 및 전사 거버넌스 총괄,5,Skill(기술/도구),최고 의사결정 전략 제언
09,운전·운송,090206,항공운항관리,090206_L5,항공운항관리 전략 기획 및 전사 거버넌스 총괄,5,Attitude(태도),거시적 통찰력
09,운전·운송,090206,항공운항관리,090206_L5,항공운항관리 전략 기획 및 전사 거버넌스 총괄,5,Attitude(태도),전략적 윤리 리더십
09,운전·운송,090207,항공교통관제,090207_L1,항공교통관제 기초 입문 및 업무 환경 지원,1,Knowledge(지식),항공교통관제 개론
09,운전·운송,090207,항공교통관제,090207_L1,항공교통관제 기초 입문 및 업무 환경 지원,1,Knowledge(지식),표준 작업 지침서
09,운전·운송,090207,항공교통관제,090207_L1,항공교통관제 기초 입문 및 업무 환경 지원,1,Knowledge(지식),기초 법령/규정
09,운전·운송,090207,항공교통관제,090207_L1,항공교통관제 기초 입문 및 업무 환경 지원,1,Skill(기술/도구),기초 전산 툴 조작
09,운전·운송,090207,항공교통관제,090207_L1,항공교통관제 기초 입문 및 업무 환경 지원,1,Skill(기술/도구),문서 서식 작성
09,운전·운송,090207,항공교통관제,090207_L1,항공교통관제 기초 입문 및 업무 환경 지원,1,Skill(기술/도구),자료 검색 및 분류
09,운전·운송,090207,항공교통관제,090207_L1,항공교통관제 기초 입문 및 업무 환경 지원,1,Attitude(태도),규정 준수 의식
09,운전·운송,090207,항공교통관제,090207_L1,항공교통관제 기초 입문 및 업무 환경 지원,1,Attitude(태도),성실한 업무 지원 태도
09,운전·운송,090207,항공교통관제,090207_L2,항공교통관제 초급 실무 및 정형 과업 수행,2,Knowledge(지식),항공교통관제 실무 프로세스
09,운전·운송,090207,항공교통관제,090207_L2,항공교통관제 초급 실무 및 정형 과업 수행,2,Knowledge(지식),단위 업무 품질 기준
09,운전·운송,090207,항공교통관제,090207_L2,항공교통관제 초급 실무 및 정형 과업 수행,2,Knowledge(지식),데이터 검증 기법
09,운전·운송,090207,항공교통관제,090207_L2,항공교통관제 초급 실무 및 정형 과업 수행,2,Skill(기술/도구),실무 도구/SW 조작
09,운전·운송,090207,항공교통관제,090207_L2,항공교통관제 초급 실무 및 정형 과업 수행,2,Skill(기술/도구),데이터 정제 및 가공
09,운전·운송,090207,항공교통관제,090207_L2,항공교통관제 초급 실무 및 정형 과업 수행,2,Skill(기술/도구),단위 결과물 산출
09,운전·운송,090207,항공교통관제,090207_L2,항공교통관제 초급 실무 및 정형 과업 수행,2,Attitude(태도),정확성과 꼼꼼함
09,운전·운송,090207,항공교통관제,090207_L2,항공교통관제 초급 실무 및 정형 과업 수행,2,Attitude(태도),기한 준수 책임감
09,운전·운송,090207,항공교통관제,090207_L3,항공교통관제 중급 독립 실무 및 문제해결 엔지니어링,3,Knowledge(지식),심화 모델링/설계 이론
09,운전·운송,090207,항공교통관제,090207_L3,항공교통관제 중급 독립 실무 및 문제해결 엔지니어링,3,Knowledge(지식),성능 지표(KPI) 분석법
09,운전·운송,090207,항공교통관제,090207_L3,항공교통관제 중급 독립 실무 및 문제해결 엔지니어링,3,Knowledge(지식),이슈 해결 방법론
09,운전·운송,090207,항공교통관제,090207_L3,항공교통관제 중급 독립 실무 및 문제해결 엔지니어링,3,Skill(기술/도구),고급 도구/코드/기기 활용
09,운전·운송,090207,항공교통관제,090207_L3,항공교통관제 중급 독립 실무 및 문제해결 엔지니어링,3,Skill(기술/도구),원인 분석 및 조치
09,운전·운송,090207,항공교통관제,090207_L3,항공교통관제 중급 독립 실무 및 문제해결 엔지니어링,3,Skill(기술/도구),성과 분석 리포팅
09,운전·운송,090207,항공교통관제,090207_L3,항공교통관제 중급 독립 실무 및 문제해결 엔지니어링,3,Attitude(태도),분석적 사고력
09,운전·운송,090207,항공교통관제,090207_L3,항공교통관제 중급 독립 실무 및 문제해결 엔지니어링,3,Attitude(태도),타 부서와의 원활한 협업 소통
09,운전·운송,090207,항공교통관제,090207_L4,항공교통관제 고급 전문화 및 프로젝트/팀 리딩,4,Knowledge(지식),신기술 융합 아키텍처
09,운전·운송,090207,항공교통관제,090207_L4,항공교통관제 고급 전문화 및 프로젝트/팀 리딩,4,Knowledge(지식),프로젝트 관리론(PMBOK/Agile)
09,운전·운송,090207,항공교통관제,090207_L4,항공교통관제 고급 전문화 및 프로젝트/팀 리딩,4,Knowledge(지식),품질보증(QA) 거버넌스
09,운전·운송,090207,항공교통관제,090207_L4,항공교통관제 고급 전문화 및 프로젝트/팀 리딩,4,Skill(기술/도구),전체 시스템 아키텍처 설계
09,운전·운송,090207,항공교통관제,090207_L4,항공교통관제 고급 전문화 및 프로젝트/팀 리딩,4,Skill(기술/도구),애자일 스프린트 리딩
09,운전·운송,090207,항공교통관제,090207_L4,항공교통관제 고급 전문화 및 프로젝트/팀 리딩,4,Skill(기술/도구),신기술 PoC 검증
09,운전·운송,090207,항공교통관제,090207_L4,항공교통관제 고급 전문화 및 프로젝트/팀 리딩,4,Attitude(태도),혁신 지향 리더십
09,운전·운송,090207,항공교통관제,090207_L4,항공교통관제 고급 전문화 및 프로젝트/팀 리딩,4,Attitude(태도),동료 성장 멘토링 마인드
09,운전·운송,090207,항공교통관제,090207_L5,항공교통관제 전략 기획 및 전사 거버넌스 총괄,5,Knowledge(지식),경영 전략 및 자본 예산 배분
09,운전·운송,090207,항공교통관제,090207_L5,항공교통관제 전략 기획 및 전사 거버넌스 총괄,5,Knowledge(지식),국내외 규제 컴플라이언스
09,운전·운송,090207,항공교통관제,090207_L5,항공교통관제 전략 기획 및 전사 거버넌스 총괄,5,Knowledge(지식),엔터프라이즈 거버넌스
09,운전·운송,090207,항공교통관제,090207_L5,항공교통관제 전략 기획 및 전사 거버넌스 총괄,5,Skill(기술/도구),전사 로드맵 수립
09,운전·운송,090207,항공교통관제,090207_L5,항공교통관제 전략 기획 및 전사 거버넌스 총괄,5,Skill(기술/도구),투자 대비 성과(ROI) 모델링
09,운전·운송,090207,항공교통관제,090207_L5,항공교통관제 전략 기획 및 전사 거버넌스 총괄,5,Skill(기술/도구),최고 의사결정 전략 제언
09,운전·운송,090207,항공교통관제,090207_L5,항공교통관제 전략 기획 및 전사 거버넌스 총괄,5,Attitude(태도),거시적 통찰력
09,운전·운송,090207,항공교통관제,090207_L5,항공교통관제 전략 기획 및 전사 거버넌스 총괄,5,Attitude(태도),전략적 윤리 리더십
09,운전·운송,090208,철도운행제어,090208_L1,철도운행제어 기초 입문 및 업무 환경 지원,1,Knowledge(지식),철도운행제어 개론
09,운전·운송,090208,철도운행제어,090208_L1,철도운행제어 기초 입문 및 업무 환경 지원,1,Knowledge(지식),표준 작업 지침서
09,운전·운송,090208,철도운행제어,090208_L1,철도운행제어 기초 입문 및 업무 환경 지원,1,Knowledge(지식),기초 법령/규정
09,운전·운송,090208,철도운행제어,090208_L1,철도운행제어 기초 입문 및 업무 환경 지원,1,Skill(기술/도구),기초 전산 툴 조작
09,운전·운송,090208,철도운행제어,090208_L1,철도운행제어 기초 입문 및 업무 환경 지원,1,Skill(기술/도구),문서 서식 작성
09,운전·운송,090208,철도운행제어,090208_L1,철도운행제어 기초 입문 및 업무 환경 지원,1,Skill(기술/도구),자료 검색 및 분류
09,운전·운송,090208,철도운행제어,090208_L1,철도운행제어 기초 입문 및 업무 환경 지원,1,Attitude(태도),규정 준수 의식
09,운전·운송,090208,철도운행제어,090208_L1,철도운행제어 기초 입문 및 업무 환경 지원,1,Attitude(태도),성실한 업무 지원 태도
09,운전·운송,090208,철도운행제어,090208_L2,철도운행제어 초급 실무 및 정형 과업 수행,2,Knowledge(지식),철도운행제어 실무 프로세스
09,운전·운송,090208,철도운행제어,090208_L2,철도운행제어 초급 실무 및 정형 과업 수행,2,Knowledge(지식),단위 업무 품질 기준
09,운전·운송,090208,철도운행제어,090208_L2,철도운행제어 초급 실무 및 정형 과업 수행,2,Knowledge(지식),데이터 검증 기법
09,운전·운송,090208,철도운행제어,090208_L2,철도운행제어 초급 실무 및 정형 과업 수행,2,Skill(기술/도구),실무 도구/SW 조작
09,운전·운송,090208,철도운행제어,090208_L2,철도운행제어 초급 실무 및 정형 과업 수행,2,Skill(기술/도구),데이터 정제 및 가공
09,운전·운송,090208,철도운행제어,090208_L2,철도운행제어 초급 실무 및 정형 과업 수행,2,Skill(기술/도구),단위 결과물 산출
09,운전·운송,090208,철도운행제어,090208_L2,철도운행제어 초급 실무 및 정형 과업 수행,2,Attitude(태도),정확성과 꼼꼼함
09,운전·운송,090208,철도운행제어,090208_L2,철도운행제어 초급 실무 및 정형 과업 수행,2,Attitude(태도),기한 준수 책임감
09,운전·운송,090208,철도운행제어,090208_L3,철도운행제어 중급 독립 실무 및 문제해결 엔지니어링,3,Knowledge(지식),심화 모델링/설계 이론
09,운전·운송,090208,철도운행제어,090208_L3,철도운행제어 중급 독립 실무 및 문제해결 엔지니어링,3,Knowledge(지식),성능 지표(KPI) 분석법
09,운전·운송,090208,철도운행제어,090208_L3,철도운행제어 중급 독립 실무 및 문제해결 엔지니어링,3,Knowledge(지식),이슈 해결 방법론
09,운전·운송,090208,철도운행제어,090208_L3,철도운행제어 중급 독립 실무 및 문제해결 엔지니어링,3,Skill(기술/도구),고급 도구/코드/기기 활용
09,운전·운송,090208,철도운행제어,090208_L3,철도운행제어 중급 독립 실무 및 문제해결 엔지니어링,3,Skill(기술/도구),원인 분석 및 조치
09,운전·운송,090208,철도운행제어,090208_L3,철도운행제어 중급 독립 실무 및 문제해결 엔지니어링,3,Skill(기술/도구),성과 분석 리포팅
09,운전·운송,090208,철도운행제어,090208_L3,철도운행제어 중급 독립 실무 및 문제해결 엔지니어링,3,Attitude(태도),분석적 사고력
09,운전·운송,090208,철도운행제어,090208_L3,철도운행제어 중급 독립 실무 및 문제해결 엔지니어링,3,Attitude(태도),타 부서와의 원활한 협업 소통
09,운전·운송,090208,철도운행제어,090208_L4,철도운행제어 고급 전문화 및 프로젝트/팀 리딩,4,Knowledge(지식),신기술 융합 아키텍처
09,운전·운송,090208,철도운행제어,090208_L4,철도운행제어 고급 전문화 및 프로젝트/팀 리딩,4,Knowledge(지식),프로젝트 관리론(PMBOK/Agile)
09,운전·운송,090208,철도운행제어,090208_L4,철도운행제어 고급 전문화 및 프로젝트/팀 리딩,4,Knowledge(지식),품질보증(QA) 거버넌스
09,운전·운송,090208,철도운행제어,090208_L4,철도운행제어 고급 전문화 및 프로젝트/팀 리딩,4,Skill(기술/도구),전체 시스템 아키텍처 설계
09,운전·운송,090208,철도운행제어,090208_L4,철도운행제어 고급 전문화 및 프로젝트/팀 리딩,4,Skill(기술/도구),애자일 스프린트 리딩
09,운전·운송,090208,철도운행제어,090208_L4,철도운행제어 고급 전문화 및 프로젝트/팀 리딩,4,Skill(기술/도구),신기술 PoC 검증
09,운전·운송,090208,철도운행제어,090208_L4,철도운행제어 고급 전문화 및 프로젝트/팀 리딩,4,Attitude(태도),혁신 지향 리더십
09,운전·운송,090208,철도운행제어,090208_L4,철도운행제어 고급 전문화 및 프로젝트/팀 리딩,4,Attitude(태도),동료 성장 멘토링 마인드
09,운전·운송,090208,철도운행제어,090208_L5,철도운행제어 전략 기획 및 전사 거버넌스 총괄,5,Knowledge(지식),경영 전략 및 자본 예산 배분
09,운전·운송,090208,철도운행제어,090208_L5,철도운행제어 전략 기획 및 전사 거버넌스 총괄,5,Knowledge(지식),국내외 규제 컴플라이언스
09,운전·운송,090208,철도운행제어,090208_L5,철도운행제어 전략 기획 및 전사 거버넌스 총괄,5,Knowledge(지식),엔터프라이즈 거버넌스
09,운전·운송,090208,철도운행제어,090208_L5,철도운행제어 전략 기획 및 전사 거버넌스 총괄,5,Skill(기술/도구),전사 로드맵 수립
09,운전·운송,090208,철도운행제어,090208_L5,철도운행제어 전략 기획 및 전사 거버넌스 총괄,5,Skill(기술/도구),투자 대비 성과(ROI) 모델링
09,운전·운송,090208,철도운행제어,090208_L5,철도운행제어 전략 기획 및 전사 거버넌스 총괄,5,Skill(기술/도구),최고 의사결정 전략 제언
09,운전·운송,090208,철도운행제어,090208_L5,철도운행제어 전략 기획 및 전사 거버넌스 총괄,5,Attitude(태도),거시적 통찰력
09,운전·운송,090208,철도운행제어,090208_L5,철도운행제어 전략 기획 및 전사 거버넌스 총괄,5,Attitude(태도),전략적 윤리 리더십
09,운전·운송,090209,선박운항관리,090209_L1,선박운항관리 기초 입문 및 업무 환경 지원,1,Knowledge(지식),선박운항관리 개론
09,운전·운송,090209,선박운항관리,090209_L1,선박운항관리 기초 입문 및 업무 환경 지원,1,Knowledge(지식),표준 작업 지침서
09,운전·운송,090209,선박운항관리,090209_L1,선박운항관리 기초 입문 및 업무 환경 지원,1,Knowledge(지식),기초 법령/규정
09,운전·운송,090209,선박운항관리,090209_L1,선박운항관리 기초 입문 및 업무 환경 지원,1,Skill(기술/도구),기초 전산 툴 조작
09,운전·운송,090209,선박운항관리,090209_L1,선박운항관리 기초 입문 및 업무 환경 지원,1,Skill(기술/도구),문서 서식 작성
09,운전·운송,090209,선박운항관리,090209_L1,선박운항관리 기초 입문 및 업무 환경 지원,1,Skill(기술/도구),자료 검색 및 분류
09,운전·운송,090209,선박운항관리,090209_L1,선박운항관리 기초 입문 및 업무 환경 지원,1,Attitude(태도),규정 준수 의식
09,운전·운송,090209,선박운항관리,090209_L1,선박운항관리 기초 입문 및 업무 환경 지원,1,Attitude(태도),성실한 업무 지원 태도
09,운전·운송,090209,선박운항관리,090209_L2,선박운항관리 초급 실무 및 정형 과업 수행,2,Knowledge(지식),선박운항관리 실무 프로세스
09,운전·운송,090209,선박운항관리,090209_L2,선박운항관리 초급 실무 및 정형 과업 수행,2,Knowledge(지식),단위 업무 품질 기준
09,운전·운송,090209,선박운항관리,090209_L2,선박운항관리 초급 실무 및 정형 과업 수행,2,Knowledge(지식),데이터 검증 기법
09,운전·운송,090209,선박운항관리,090209_L2,선박운항관리 초급 실무 및 정형 과업 수행,2,Skill(기술/도구),실무 도구/SW 조작
09,운전·운송,090209,선박운항관리,090209_L2,선박운항관리 초급 실무 및 정형 과업 수행,2,Skill(기술/도구),데이터 정제 및 가공
09,운전·운송,090209,선박운항관리,090209_L2,선박운항관리 초급 실무 및 정형 과업 수행,2,Skill(기술/도구),단위 결과물 산출
09,운전·운송,090209,선박운항관리,090209_L2,선박운항관리 초급 실무 및 정형 과업 수행,2,Attitude(태도),정확성과 꼼꼼함
09,운전·운송,090209,선박운항관리,090209_L2,선박운항관리 초급 실무 및 정형 과업 수행,2,Attitude(태도),기한 준수 책임감
09,운전·운송,090209,선박운항관리,090209_L3,선박운항관리 중급 독립 실무 및 문제해결 엔지니어링,3,Knowledge(지식),심화 모델링/설계 이론
09,운전·운송,090209,선박운항관리,090209_L3,선박운항관리 중급 독립 실무 및 문제해결 엔지니어링,3,Knowledge(지식),성능 지표(KPI) 분석법
09,운전·운송,090209,선박운항관리,090209_L3,선박운항관리 중급 독립 실무 및 문제해결 엔지니어링,3,Knowledge(지식),이슈 해결 방법론
09,운전·운송,090209,선박운항관리,090209_L3,선박운항관리 중급 독립 실무 및 문제해결 엔지니어링,3,Skill(기술/도구),고급 도구/코드/기기 활용
09,운전·운송,090209,선박운항관리,090209_L3,선박운항관리 중급 독립 실무 및 문제해결 엔지니어링,3,Skill(기술/도구),원인 분석 및 조치
09,운전·운송,090209,선박운항관리,090209_L3,선박운항관리 중급 독립 실무 및 문제해결 엔지니어링,3,Skill(기술/도구),성과 분석 리포팅
09,운전·운송,090209,선박운항관리,090209_L3,선박운항관리 중급 독립 실무 및 문제해결 엔지니어링,3,Attitude(태도),분석적 사고력
09,운전·운송,090209,선박운항관리,090209_L3,선박운항관리 중급 독립 실무 및 문제해결 엔지니어링,3,Attitude(태도),타 부서와의 원활한 협업 소통
09,운전·운송,090209,선박운항관리,090209_L4,선박운항관리 고급 전문화 및 프로젝트/팀 리딩,4,Knowledge(지식),신기술 융합 아키텍처
09,운전·운송,090209,선박운항관리,090209_L4,선박운항관리 고급 전문화 및 프로젝트/팀 리딩,4,Knowledge(지식),프로젝트 관리론(PMBOK/Agile)
09,운전·운송,090209,선박운항관리,090209_L4,선박운항관리 고급 전문화 및 프로젝트/팀 리딩,4,Knowledge(지식),품질보증(QA) 거버넌스
09,운전·운송,090209,선박운항관리,090209_L4,선박운항관리 고급 전문화 및 프로젝트/팀 리딩,4,Skill(기술/도구),전체 시스템 아키텍처 설계
09,운전·운송,090209,선박운항관리,090209_L4,선박운항관리 고급 전문화 및 프로젝트/팀 리딩,4,Skill(기술/도구),애자일 스프린트 리딩
09,운전·운송,090209,선박운항관리,090209_L4,선박운항관리 고급 전문화 및 프로젝트/팀 리딩,4,Skill(기술/도구),신기술 PoC 검증
09,운전·운송,090209,선박운항관리,090209_L4,선박운항관리 고급 전문화 및 프로젝트/팀 리딩,4,Attitude(태도),혁신 지향 리더십
09,운전·운송,090209,선박운항관리,090209_L4,선박운항관리 고급 전문화 및 프로젝트/팀 리딩,4,Attitude(태도),동료 성장 멘토링 마인드
09,운전·운송,090209,선박운항관리,090209_L5,선박운항관리 전략 기획 및 전사 거버넌스 총괄,5,Knowledge(지식),경영 전략 및 자본 예산 배분
09,운전·운송,090209,선박운항관리,090209_L5,선박운항관리 전략 기획 및 전사 거버넌스 총괄,5,Knowledge(지식),국내외 규제 컴플라이언스
09,운전·운송,090209,선박운항관리,090209_L5,선박운항관리 전략 기획 및 전사 거버넌스 총괄,5,Knowledge(지식),엔터프라이즈 거버넌스
09,운전·운송,090209,선박운항관리,090209_L5,선박운항관리 전략 기획 및 전사 거버넌스 총괄,5,Skill(기술/도구),전사 로드맵 수립
09,운전·운송,090209,선박운항관리,090209_L5,선박운항관리 전략 기획 및 전사 거버넌스 총괄,5,Skill(기술/도구),투자 대비 성과(ROI) 모델링
09,운전·운송,090209,선박운항관리,090209_L5,선박운항관리 전략 기획 및 전사 거버넌스 총괄,5,Skill(기술/도구),최고 의사결정 전략 제언
09,운전·운송,090209,선박운항관리,090209_L5,선박운항관리 전략 기획 및 전사 거버넌스 총괄,5,Attitude(태도),거시적 통찰력
09,운전·운송,090209,선박운항관리,090209_L5,선박운항관리 전략 기획 및 전사 거버넌스 총괄,5,Attitude(태도),전략적 윤리 리더십
09,운전·운송,090210,항만물류하역제어,090210_L1,항만물류하역제어 기초 입문 및 업무 환경 지원,1,Knowledge(지식),항만물류하역제어 개론
09,운전·운송,090210,항만물류하역제어,090210_L1,항만물류하역제어 기초 입문 및 업무 환경 지원,1,Knowledge(지식),표준 작업 지침서
09,운전·운송,090210,항만물류하역제어,090210_L1,항만물류하역제어 기초 입문 및 업무 환경 지원,1,Knowledge(지식),기초 법령/규정
09,운전·운송,090210,항만물류하역제어,090210_L1,항만물류하역제어 기초 입문 및 업무 환경 지원,1,Skill(기술/도구),기초 전산 툴 조작
09,운전·운송,090210,항만물류하역제어,090210_L1,항만물류하역제어 기초 입문 및 업무 환경 지원,1,Skill(기술/도구),문서 서식 작성
09,운전·운송,090210,항만물류하역제어,090210_L1,항만물류하역제어 기초 입문 및 업무 환경 지원,1,Skill(기술/도구),자료 검색 및 분류
09,운전·운송,090210,항만물류하역제어,090210_L1,항만물류하역제어 기초 입문 및 업무 환경 지원,1,Attitude(태도),규정 준수 의식
09,운전·운송,090210,항만물류하역제어,090210_L1,항만물류하역제어 기초 입문 및 업무 환경 지원,1,Attitude(태도),성실한 업무 지원 태도
09,운전·운송,090210,항만물류하역제어,090210_L2,항만물류하역제어 초급 실무 및 정형 과업 수행,2,Knowledge(지식),항만물류하역제어 실무 프로세스
09,운전·운송,090210,항만물류하역제어,090210_L2,항만물류하역제어 초급 실무 및 정형 과업 수행,2,Knowledge(지식),단위 업무 품질 기준
09,운전·운송,090210,항만물류하역제어,090210_L2,항만물류하역제어 초급 실무 및 정형 과업 수행,2,Knowledge(지식),데이터 검증 기법
09,운전·운송,090210,항만물류하역제어,090210_L2,항만물류하역제어 초급 실무 및 정형 과업 수행,2,Skill(기술/도구),실무 도구/SW 조작
09,운전·운송,090210,항만물류하역제어,090210_L2,항만물류하역제어 초급 실무 및 정형 과업 수행,2,Skill(기술/도구),데이터 정제 및 가공
09,운전·운송,090210,항만물류하역제어,090210_L2,항만물류하역제어 초급 실무 및 정형 과업 수행,2,Skill(기술/도구),단위 결과물 산출
09,운전·운송,090210,항만물류하역제어,090210_L2,항만물류하역제어 초급 실무 및 정형 과업 수행,2,Attitude(태도),정확성과 꼼꼼함
09,운전·운송,090210,항만물류하역제어,090210_L2,항만물류하역제어 초급 실무 및 정형 과업 수행,2,Attitude(태도),기한 준수 책임감
09,운전·운송,090210,항만물류하역제어,090210_L3,항만물류하역제어 중급 독립 실무 및 문제해결 엔지니어링,3,Knowledge(지식),심화 모델링/설계 이론
09,운전·운송,090210,항만물류하역제어,090210_L3,항만물류하역제어 중급 독립 실무 및 문제해결 엔지니어링,3,Knowledge(지식),성능 지표(KPI) 분석법
09,운전·운송,090210,항만물류하역제어,090210_L3,항만물류하역제어 중급 독립 실무 및 문제해결 엔지니어링,3,Knowledge(지식),이슈 해결 방법론
09,운전·운송,090210,항만물류하역제어,090210_L3,항만물류하역제어 중급 독립 실무 및 문제해결 엔지니어링,3,Skill(기술/도구),고급 도구/코드/기기 활용
09,운전·운송,090210,항만물류하역제어,090210_L3,항만물류하역제어 중급 독립 실무 및 문제해결 엔지니어링,3,Skill(기술/도구),원인 분석 및 조치
09,운전·운송,090210,항만물류하역제어,090210_L3,항만물류하역제어 중급 독립 실무 및 문제해결 엔지니어링,3,Skill(기술/도구),성과 분석 리포팅
09,운전·운송,090210,항만물류하역제어,090210_L3,항만물류하역제어 중급 독립 실무 및 문제해결 엔지니어링,3,Attitude(태도),분석적 사고력
09,운전·운송,090210,항만물류하역제어,090210_L3,항만물류하역제어 중급 독립 실무 및 문제해결 엔지니어링,3,Attitude(태도),타 부서와의 원활한 협업 소통
09,운전·운송,090210,항만물류하역제어,090210_L4,항만물류하역제어 고급 전문화 및 프로젝트/팀 리딩,4,Knowledge(지식),신기술 융합 아키텍처
09,운전·운송,090210,항만물류하역제어,090210_L4,항만물류하역제어 고급 전문화 및 프로젝트/팀 리딩,4,Knowledge(지식),프로젝트 관리론(PMBOK/Agile)
09,운전·운송,090210,항만물류하역제어,090210_L4,항만물류하역제어 고급 전문화 및 프로젝트/팀 리딩,4,Knowledge(지식),품질보증(QA) 거버넌스
09,운전·운송,090210,항만물류하역제어,090210_L4,항만물류하역제어 고급 전문화 및 프로젝트/팀 리딩,4,Skill(기술/도구),전체 시스템 아키텍처 설계
09,운전·운송,090210,항만물류하역제어,090210_L4,항만물류하역제어 고급 전문화 및 프로젝트/팀 리딩,4,Skill(기술/도구),애자일 스프린트 리딩
09,운전·운송,090210,항만물류하역제어,090210_L4,항만물류하역제어 고급 전문화 및 프로젝트/팀 리딩,4,Skill(기술/도구),신기술 PoC 검증
09,운전·운송,090210,항만물류하역제어,090210_L4,항만물류하역제어 고급 전문화 및 프로젝트/팀 리딩,4,Attitude(태도),혁신 지향 리더십
09,운전·운송,090210,항만물류하역제어,090210_L4,항만물류하역제어 고급 전문화 및 프로젝트/팀 리딩,4,Attitude(태도),동료 성장 멘토링 마인드
09,운전·운송,090210,항만물류하역제어,090210_L5,항만물류하역제어 전략 기획 및 전사 거버넌스 총괄,5,Knowledge(지식),경영 전략 및 자본 예산 배분
09,운전·운송,090210,항만물류하역제어,090210_L5,항만물류하역제어 전략 기획 및 전사 거버넌스 총괄,5,Knowledge(지식),국내외 규제 컴플라이언스
09,운전·운송,090210,항만물류하역제어,090210_L5,항만물류하역제어 전략 기획 및 전사 거버넌스 총괄,5,Knowledge(지식),엔터프라이즈 거버넌스
09,운전·운송,090210,항만물류하역제어,090210_L5,항만물류하역제어 전략 기획 및 전사 거버넌스 총괄,5,Skill(기술/도구),전사 로드맵 수립
09,운전·운송,090210,항만물류하역제어,090210_L5,항만물류하역제어 전략 기획 및 전사 거버넌스 총괄,5,Skill(기술/도구),투자 대비 성과(ROI) 모델링
09,운전·운송,090210,항만물류하역제어,090210_L5,항만물류하역제어 전략 기획 및 전사 거버넌스 총괄,5,Skill(기술/도구),최고 의사결정 전략 제언
09,운전·운송,090210,항만물류하역제어,090210_L5,항만물류하역제어 전략 기획 및 전사 거버넌스 총괄,5,Attitude(태도),거시적 통찰력
09,운전·운송,090210,항만물류하역제어,090210_L5,항만물류하역제어 전략 기획 및 전사 거버넌스 총괄,5,Attitude(태도),전략적 윤리 리더십
10,영업판매,100101,B2B기술솔루션영업,100101_L1,B2B기술솔루션영업 기초 입문 및 업무 환경 지원,1,Knowledge(지식),B2B기술솔루션영업 개론
10,영업판매,100101,B2B기술솔루션영업,100101_L1,B2B기술솔루션영업 기초 입문 및 업무 환경 지원,1,Knowledge(지식),표준 작업 지침서
10,영업판매,100101,B2B기술솔루션영업,100101_L1,B2B기술솔루션영업 기초 입문 및 업무 환경 지원,1,Knowledge(지식),기초 법령/규정
10,영업판매,100101,B2B기술솔루션영업,100101_L1,B2B기술솔루션영업 기초 입문 및 업무 환경 지원,1,Skill(기술/도구),기초 전산 툴 조작
10,영업판매,100101,B2B기술솔루션영업,100101_L1,B2B기술솔루션영업 기초 입문 및 업무 환경 지원,1,Skill(기술/도구),문서 서식 작성
10,영업판매,100101,B2B기술솔루션영업,100101_L1,B2B기술솔루션영업 기초 입문 및 업무 환경 지원,1,Skill(기술/도구),자료 검색 및 분류
10,영업판매,100101,B2B기술솔루션영업,100101_L1,B2B기술솔루션영업 기초 입문 및 업무 환경 지원,1,Attitude(태도),규정 준수 의식
10,영업판매,100101,B2B기술솔루션영업,100101_L1,B2B기술솔루션영업 기초 입문 및 업무 환경 지원,1,Attitude(태도),성실한 업무 지원 태도
10,영업판매,100101,B2B기술솔루션영업,100101_L2,B2B기술솔루션영업 초급 실무 및 정형 과업 수행,2,Knowledge(지식),B2B기술솔루션영업 실무 프로세스
10,영업판매,100101,B2B기술솔루션영업,100101_L2,B2B기술솔루션영업 초급 실무 및 정형 과업 수행,2,Knowledge(지식),단위 업무 품질 기준
10,영업판매,100101,B2B기술솔루션영업,100101_L2,B2B기술솔루션영업 초급 실무 및 정형 과업 수행,2,Knowledge(지식),데이터 검증 기법
10,영업판매,100101,B2B기술솔루션영업,100101_L2,B2B기술솔루션영업 초급 실무 및 정형 과업 수행,2,Skill(기술/도구),실무 도구/SW 조작
10,영업판매,100101,B2B기술솔루션영업,100101_L2,B2B기술솔루션영업 초급 실무 및 정형 과업 수행,2,Skill(기술/도구),데이터 정제 및 가공
10,영업판매,100101,B2B기술솔루션영업,100101_L2,B2B기술솔루션영업 초급 실무 및 정형 과업 수행,2,Skill(기술/도구),단위 결과물 산출
10,영업판매,100101,B2B기술솔루션영업,100101_L2,B2B기술솔루션영업 초급 실무 및 정형 과업 수행,2,Attitude(태도),정확성과 꼼꼼함
10,영업판매,100101,B2B기술솔루션영업,100101_L2,B2B기술솔루션영업 초급 실무 및 정형 과업 수행,2,Attitude(태도),기한 준수 책임감
10,영업판매,100101,B2B기술솔루션영업,100101_L3,B2B기술솔루션영업 중급 독립 실무 및 문제해결 엔지니어링,3,Knowledge(지식),심화 모델링/설계 이론
10,영업판매,100101,B2B기술솔루션영업,100101_L3,B2B기술솔루션영업 중급 독립 실무 및 문제해결 엔지니어링,3,Knowledge(지식),성능 지표(KPI) 분석법
10,영업판매,100101,B2B기술솔루션영업,100101_L3,B2B기술솔루션영업 중급 독립 실무 및 문제해결 엔지니어링,3,Knowledge(지식),이슈 해결 방법론
10,영업판매,100101,B2B기술솔루션영업,100101_L3,B2B기술솔루션영업 중급 독립 실무 및 문제해결 엔지니어링,3,Skill(기술/도구),고급 도구/코드/기기 활용
10,영업판매,100101,B2B기술솔루션영업,100101_L3,B2B기술솔루션영업 중급 독립 실무 및 문제해결 엔지니어링,3,Skill(기술/도구),원인 분석 및 조치
10,영업판매,100101,B2B기술솔루션영업,100101_L3,B2B기술솔루션영업 중급 독립 실무 및 문제해결 엔지니어링,3,Skill(기술/도구),성과 분석 리포팅
10,영업판매,100101,B2B기술솔루션영업,100101_L3,B2B기술솔루션영업 중급 독립 실무 및 문제해결 엔지니어링,3,Attitude(태도),분석적 사고력
10,영업판매,100101,B2B기술솔루션영업,100101_L3,B2B기술솔루션영업 중급 독립 실무 및 문제해결 엔지니어링,3,Attitude(태도),타 부서와의 원활한 협업 소통
10,영업판매,100101,B2B기술솔루션영업,100101_L4,B2B기술솔루션영업 고급 전문화 및 프로젝트/팀 리딩,4,Knowledge(지식),신기술 융합 아키텍처
10,영업판매,100101,B2B기술솔루션영업,100101_L4,B2B기술솔루션영업 고급 전문화 및 프로젝트/팀 리딩,4,Knowledge(지식),프로젝트 관리론(PMBOK/Agile)
10,영업판매,100101,B2B기술솔루션영업,100101_L4,B2B기술솔루션영업 고급 전문화 및 프로젝트/팀 리딩,4,Knowledge(지식),품질보증(QA) 거버넌스
10,영업판매,100101,B2B기술솔루션영업,100101_L4,B2B기술솔루션영업 고급 전문화 및 프로젝트/팀 리딩,4,Skill(기술/도구),전체 시스템 아키텍처 설계
10,영업판매,100101,B2B기술솔루션영업,100101_L4,B2B기술솔루션영업 고급 전문화 및 프로젝트/팀 리딩,4,Skill(기술/도구),애자일 스프린트 리딩
10,영업판매,100101,B2B기술솔루션영업,100101_L4,B2B기술솔루션영업 고급 전문화 및 프로젝트/팀 리딩,4,Skill(기술/도구),신기술 PoC 검증
10,영업판매,100101,B2B기술솔루션영업,100101_L4,B2B기술솔루션영업 고급 전문화 및 프로젝트/팀 리딩,4,Attitude(태도),혁신 지향 리더십
10,영업판매,100101,B2B기술솔루션영업,100101_L4,B2B기술솔루션영업 고급 전문화 및 프로젝트/팀 리딩,4,Attitude(태도),동료 성장 멘토링 마인드
10,영업판매,100101,B2B기술솔루션영업,100101_L5,B2B기술솔루션영업 전략 기획 및 전사 거버넌스 총괄,5,Knowledge(지식),경영 전략 및 자본 예산 배분
10,영업판매,100101,B2B기술솔루션영업,100101_L5,B2B기술솔루션영업 전략 기획 및 전사 거버넌스 총괄,5,Knowledge(지식),국내외 규제 컴플라이언스
10,영업판매,100101,B2B기술솔루션영업,100101_L5,B2B기술솔루션영업 전략 기획 및 전사 거버넌스 총괄,5,Knowledge(지식),엔터프라이즈 거버넌스
10,영업판매,100101,B2B기술솔루션영업,100101_L5,B2B기술솔루션영업 전략 기획 및 전사 거버넌스 총괄,5,Skill(기술/도구),전사 로드맵 수립
10,영업판매,100101,B2B기술솔루션영업,100101_L5,B2B기술솔루션영업 전략 기획 및 전사 거버넌스 총괄,5,Skill(기술/도구),투자 대비 성과(ROI) 모델링
10,영업판매,100101,B2B기술솔루션영업,100101_L5,B2B기술솔루션영업 전략 기획 및 전사 거버넌스 총괄,5,Skill(기술/도구),최고 의사결정 전략 제언
10,영업판매,100101,B2B기술솔루션영업,100101_L5,B2B기술솔루션영업 전략 기획 및 전사 거버넌스 총괄,5,Attitude(태도),거시적 통찰력
10,영업판매,100101,B2B기술솔루션영업,100101_L5,B2B기술솔루션영업 전략 기획 및 전사 거버넌스 총괄,5,Attitude(태도),전략적 윤리 리더십
10,영업판매,100102,해외무역영업,100102_L1,해외무역영업 기초 입문 및 업무 환경 지원,1,Knowledge(지식),해외무역영업 개론
10,영업판매,100102,해외무역영업,100102_L1,해외무역영업 기초 입문 및 업무 환경 지원,1,Knowledge(지식),표준 작업 지침서
10,영업판매,100102,해외무역영업,100102_L1,해외무역영업 기초 입문 및 업무 환경 지원,1,Knowledge(지식),기초 법령/규정
10,영업판매,100102,해외무역영업,100102_L1,해외무역영업 기초 입문 및 업무 환경 지원,1,Skill(기술/도구),기초 전산 툴 조작
10,영업판매,100102,해외무역영업,100102_L1,해외무역영업 기초 입문 및 업무 환경 지원,1,Skill(기술/도구),문서 서식 작성
10,영업판매,100102,해외무역영업,100102_L1,해외무역영업 기초 입문 및 업무 환경 지원,1,Skill(기술/도구),자료 검색 및 분류
10,영업판매,100102,해외무역영업,100102_L1,해외무역영업 기초 입문 및 업무 환경 지원,1,Attitude(태도),규정 준수 의식
10,영업판매,100102,해외무역영업,100102_L1,해외무역영업 기초 입문 및 업무 환경 지원,1,Attitude(태도),성실한 업무 지원 태도
10,영업판매,100102,해외무역영업,100102_L2,해외무역영업 초급 실무 및 정형 과업 수행,2,Knowledge(지식),해외무역영업 실무 프로세스
10,영업판매,100102,해외무역영업,100102_L2,해외무역영업 초급 실무 및 정형 과업 수행,2,Knowledge(지식),단위 업무 품질 기준
10,영업판매,100102,해외무역영업,100102_L2,해외무역영업 초급 실무 및 정형 과업 수행,2,Knowledge(지식),데이터 검증 기법
10,영업판매,100102,해외무역영업,100102_L2,해외무역영업 초급 실무 및 정형 과업 수행,2,Skill(기술/도구),실무 도구/SW 조작
10,영업판매,100102,해외무역영업,100102_L2,해외무역영업 초급 실무 및 정형 과업 수행,2,Skill(기술/도구),데이터 정제 및 가공
10,영업판매,100102,해외무역영업,100102_L2,해외무역영업 초급 실무 및 정형 과업 수행,2,Skill(기술/도구),단위 결과물 산출
10,영업판매,100102,해외무역영업,100102_L2,해외무역영업 초급 실무 및 정형 과업 수행,2,Attitude(태도),정확성과 꼼꼼함
10,영업판매,100102,해외무역영업,100102_L2,해외무역영업 초급 실무 및 정형 과업 수행,2,Attitude(태도),기한 준수 책임감
10,영업판매,100102,해외무역영업,100102_L3,해외무역영업 중급 독립 실무 및 문제해결 엔지니어링,3,Knowledge(지식),심화 모델링/설계 이론
10,영업판매,100102,해외무역영업,100102_L3,해외무역영업 중급 독립 실무 및 문제해결 엔지니어링,3,Knowledge(지식),성능 지표(KPI) 분석법
10,영업판매,100102,해외무역영업,100102_L3,해외무역영업 중급 독립 실무 및 문제해결 엔지니어링,3,Knowledge(지식),이슈 해결 방법론
10,영업판매,100102,해외무역영업,100102_L3,해외무역영업 중급 독립 실무 및 문제해결 엔지니어링,3,Skill(기술/도구),고급 도구/코드/기기 활용
10,영업판매,100102,해외무역영업,100102_L3,해외무역영업 중급 독립 실무 및 문제해결 엔지니어링,3,Skill(기술/도구),원인 분석 및 조치
10,영업판매,100102,해외무역영업,100102_L3,해외무역영업 중급 독립 실무 및 문제해결 엔지니어링,3,Skill(기술/도구),성과 분석 리포팅
10,영업판매,100102,해외무역영업,100102_L3,해외무역영업 중급 독립 실무 및 문제해결 엔지니어링,3,Attitude(태도),분석적 사고력
10,영업판매,100102,해외무역영업,100102_L3,해외무역영업 중급 독립 실무 및 문제해결 엔지니어링,3,Attitude(태도),타 부서와의 원활한 협업 소통
10,영업판매,100102,해외무역영업,100102_L4,해외무역영업 고급 전문화 및 프로젝트/팀 리딩,4,Knowledge(지식),신기술 융합 아키텍처
10,영업판매,100102,해외무역영업,100102_L4,해외무역영업 고급 전문화 및 프로젝트/팀 리딩,4,Knowledge(지식),프로젝트 관리론(PMBOK/Agile)
10,영업판매,100102,해외무역영업,100102_L4,해외무역영업 고급 전문화 및 프로젝트/팀 리딩,4,Knowledge(지식),품질보증(QA) 거버넌스
10,영업판매,100102,해외무역영업,100102_L4,해외무역영업 고급 전문화 및 프로젝트/팀 리딩,4,Skill(기술/도구),전체 시스템 아키텍처 설계
10,영업판매,100102,해외무역영업,100102_L4,해외무역영업 고급 전문화 및 프로젝트/팀 리딩,4,Skill(기술/도구),애자일 스프린트 리딩
10,영업판매,100102,해외무역영업,100102_L4,해외무역영업 고급 전문화 및 프로젝트/팀 리딩,4,Skill(기술/도구),신기술 PoC 검증
10,영업판매,100102,해외무역영업,100102_L4,해외무역영업 고급 전문화 및 프로젝트/팀 리딩,4,Attitude(태도),혁신 지향 리더십
10,영업판매,100102,해외무역영업,100102_L4,해외무역영업 고급 전문화 및 프로젝트/팀 리딩,4,Attitude(태도),동료 성장 멘토링 마인드
10,영업판매,100102,해외무역영업,100102_L5,해외무역영업 전략 기획 및 전사 거버넌스 총괄,5,Knowledge(지식),경영 전략 및 자본 예산 배분
10,영업판매,100102,해외무역영업,100102_L5,해외무역영업 전략 기획 및 전사 거버넌스 총괄,5,Knowledge(지식),국내외 규제 컴플라이언스
10,영업판매,100102,해외무역영업,100102_L5,해외무역영업 전략 기획 및 전사 거버넌스 총괄,5,Knowledge(지식),엔터프라이즈 거버넌스
10,영업판매,100102,해외무역영업,100102_L5,해외무역영업 전략 기획 및 전사 거버넌스 총괄,5,Skill(기술/도구),전사 로드맵 수립
10,영업판매,100102,해외무역영업,100102_L5,해외무역영업 전략 기획 및 전사 거버넌스 총괄,5,Skill(기술/도구),투자 대비 성과(ROI) 모델링
10,영업판매,100102,해외무역영업,100102_L5,해외무역영업 전략 기획 및 전사 거버넌스 총괄,5,Skill(기술/도구),최고 의사결정 전략 제언
10,영업판매,100102,해외무역영업,100102_L5,해외무역영업 전략 기획 및 전사 거버넌스 총괄,5,Attitude(태도),거시적 통찰력
10,영업판매,100102,해외무역영업,100102_L5,해외무역영업 전략 기획 및 전사 거버넌스 총괄,5,Attitude(태도),전략적 윤리 리더십
10,영업판매,100103,일반영업관리,100103_L1,일반영업관리 기초 입문 및 업무 환경 지원,1,Knowledge(지식),일반영업관리 개론
10,영업판매,100103,일반영업관리,100103_L1,일반영업관리 기초 입문 및 업무 환경 지원,1,Knowledge(지식),표준 작업 지침서
10,영업판매,100103,일반영업관리,100103_L1,일반영업관리 기초 입문 및 업무 환경 지원,1,Knowledge(지식),기초 법령/규정
10,영업판매,100103,일반영업관리,100103_L1,일반영업관리 기초 입문 및 업무 환경 지원,1,Skill(기술/도구),기초 전산 툴 조작
10,영업판매,100103,일반영업관리,100103_L1,일반영업관리 기초 입문 및 업무 환경 지원,1,Skill(기술/도구),문서 서식 작성
10,영업판매,100103,일반영업관리,100103_L1,일반영업관리 기초 입문 및 업무 환경 지원,1,Skill(기술/도구),자료 검색 및 분류
10,영업판매,100103,일반영업관리,100103_L1,일반영업관리 기초 입문 및 업무 환경 지원,1,Attitude(태도),규정 준수 의식
10,영업판매,100103,일반영업관리,100103_L1,일반영업관리 기초 입문 및 업무 환경 지원,1,Attitude(태도),성실한 업무 지원 태도
10,영업판매,100103,일반영업관리,100103_L2,일반영업관리 초급 실무 및 정형 과업 수행,2,Knowledge(지식),일반영업관리 실무 프로세스
10,영업판매,100103,일반영업관리,100103_L2,일반영업관리 초급 실무 및 정형 과업 수행,2,Knowledge(지식),단위 업무 품질 기준
10,영업판매,100103,일반영업관리,100103_L2,일반영업관리 초급 실무 및 정형 과업 수행,2,Knowledge(지식),데이터 검증 기법
10,영업판매,100103,일반영업관리,100103_L2,일반영업관리 초급 실무 및 정형 과업 수행,2,Skill(기술/도구),실무 도구/SW 조작
10,영업판매,100103,일반영업관리,100103_L2,일반영업관리 초급 실무 및 정형 과업 수행,2,Skill(기술/도구),데이터 정제 및 가공
10,영업판매,100103,일반영업관리,100103_L2,일반영업관리 초급 실무 및 정형 과업 수행,2,Skill(기술/도구),단위 결과물 산출
10,영업판매,100103,일반영업관리,100103_L2,일반영업관리 초급 실무 및 정형 과업 수행,2,Attitude(태도),정확성과 꼼꼼함
10,영업판매,100103,일반영업관리,100103_L2,일반영업관리 초급 실무 및 정형 과업 수행,2,Attitude(태도),기한 준수 책임감
10,영업판매,100103,일반영업관리,100103_L3,일반영업관리 중급 독립 실무 및 문제해결 엔지니어링,3,Knowledge(지식),심화 모델링/설계 이론
10,영업판매,100103,일반영업관리,100103_L3,일반영업관리 중급 독립 실무 및 문제해결 엔지니어링,3,Knowledge(지식),성능 지표(KPI) 분석법
10,영업판매,100103,일반영업관리,100103_L3,일반영업관리 중급 독립 실무 및 문제해결 엔지니어링,3,Knowledge(지식),이슈 해결 방법론
10,영업판매,100103,일반영업관리,100103_L3,일반영업관리 중급 독립 실무 및 문제해결 엔지니어링,3,Skill(기술/도구),고급 도구/코드/기기 활용
10,영업판매,100103,일반영업관리,100103_L3,일반영업관리 중급 독립 실무 및 문제해결 엔지니어링,3,Skill(기술/도구),원인 분석 및 조치
10,영업판매,100103,일반영업관리,100103_L3,일반영업관리 중급 독립 실무 및 문제해결 엔지니어링,3,Skill(기술/도구),성과 분석 리포팅
10,영업판매,100103,일반영업관리,100103_L3,일반영업관리 중급 독립 실무 및 문제해결 엔지니어링,3,Attitude(태도),분석적 사고력
10,영업판매,100103,일반영업관리,100103_L3,일반영업관리 중급 독립 실무 및 문제해결 엔지니어링,3,Attitude(태도),타 부서와의 원활한 협업 소통
10,영업판매,100103,일반영업관리,100103_L4,일반영업관리 고급 전문화 및 프로젝트/팀 리딩,4,Knowledge(지식),신기술 융합 아키텍처
10,영업판매,100103,일반영업관리,100103_L4,일반영업관리 고급 전문화 및 프로젝트/팀 리딩,4,Knowledge(지식),프로젝트 관리론(PMBOK/Agile)
10,영업판매,100103,일반영업관리,100103_L4,일반영업관리 고급 전문화 및 프로젝트/팀 리딩,4,Knowledge(지식),품질보증(QA) 거버넌스
10,영업판매,100103,일반영업관리,100103_L4,일반영업관리 고급 전문화 및 프로젝트/팀 리딩,4,Skill(기술/도구),전체 시스템 아키텍처 설계
10,영업판매,100103,일반영업관리,100103_L4,일반영업관리 고급 전문화 및 프로젝트/팀 리딩,4,Skill(기술/도구),애자일 스프린트 리딩
10,영업판매,100103,일반영업관리,100103_L4,일반영업관리 고급 전문화 및 프로젝트/팀 리딩,4,Skill(기술/도구),신기술 PoC 검증
10,영업판매,100103,일반영업관리,100103_L4,일반영업관리 고급 전문화 및 프로젝트/팀 리딩,4,Attitude(태도),혁신 지향 리더십
10,영업판매,100103,일반영업관리,100103_L4,일반영업관리 고급 전문화 및 프로젝트/팀 리딩,4,Attitude(태도),동료 성장 멘토링 마인드
10,영업판매,100103,일반영업관리,100103_L5,일반영업관리 전략 기획 및 전사 거버넌스 총괄,5,Knowledge(지식),경영 전략 및 자본 예산 배분
10,영업판매,100103,일반영업관리,100103_L5,일반영업관리 전략 기획 및 전사 거버넌스 총괄,5,Knowledge(지식),국내외 규제 컴플라이언스
10,영업판매,100103,일반영업관리,100103_L5,일반영업관리 전략 기획 및 전사 거버넌스 총괄,5,Knowledge(지식),엔터프라이즈 거버넌스
10,영업판매,100103,일반영업관리,100103_L5,일반영업관리 전략 기획 및 전사 거버넌스 총괄,5,Skill(기술/도구),전사 로드맵 수립
10,영업판매,100103,일반영업관리,100103_L5,일반영업관리 전략 기획 및 전사 거버넌스 총괄,5,Skill(기술/도구),투자 대비 성과(ROI) 모델링
10,영업판매,100103,일반영업관리,100103_L5,일반영업관리 전략 기획 및 전사 거버넌스 총괄,5,Skill(기술/도구),최고 의사결정 전략 제언
10,영업판매,100103,일반영업관리,100103_L5,일반영업관리 전략 기획 및 전사 거버넌스 총괄,5,Attitude(태도),거시적 통찰력
10,영업판매,100103,일반영업관리,100103_L5,일반영업관리 전략 기획 및 전사 거버넌스 총괄,5,Attitude(태도),전략적 윤리 리더십
10,영업판매,100104,법인영업,100104_L1,법인영업 기초 입문 및 업무 환경 지원,1,Knowledge(지식),법인영업 개론
10,영업판매,100104,법인영업,100104_L1,법인영업 기초 입문 및 업무 환경 지원,1,Knowledge(지식),표준 작업 지침서
10,영업판매,100104,법인영업,100104_L1,법인영업 기초 입문 및 업무 환경 지원,1,Knowledge(지식),기초 법령/규정
10,영업판매,100104,법인영업,100104_L1,법인영업 기초 입문 및 업무 환경 지원,1,Skill(기술/도구),기초 전산 툴 조작
10,영업판매,100104,법인영업,100104_L1,법인영업 기초 입문 및 업무 환경 지원,1,Skill(기술/도구),문서 서식 작성
10,영업판매,100104,법인영업,100104_L1,법인영업 기초 입문 및 업무 환경 지원,1,Skill(기술/도구),자료 검색 및 분류
10,영업판매,100104,법인영업,100104_L1,법인영업 기초 입문 및 업무 환경 지원,1,Attitude(태도),규정 준수 의식
10,영업판매,100104,법인영업,100104_L1,법인영업 기초 입문 및 업무 환경 지원,1,Attitude(태도),성실한 업무 지원 태도
10,영업판매,100104,법인영업,100104_L2,법인영업 초급 실무 및 정형 과업 수행,2,Knowledge(지식),법인영업 실무 프로세스
10,영업판매,100104,법인영업,100104_L2,법인영업 초급 실무 및 정형 과업 수행,2,Knowledge(지식),단위 업무 품질 기준
10,영업판매,100104,법인영업,100104_L2,법인영업 초급 실무 및 정형 과업 수행,2,Knowledge(지식),데이터 검증 기법
10,영업판매,100104,법인영업,100104_L2,법인영업 초급 실무 및 정형 과업 수행,2,Skill(기술/도구),실무 도구/SW 조작
10,영업판매,100104,법인영업,100104_L2,법인영업 초급 실무 및 정형 과업 수행,2,Skill(기술/도구),데이터 정제 및 가공
10,영업판매,100104,법인영업,100104_L2,법인영업 초급 실무 및 정형 과업 수행,2,Skill(기술/도구),단위 결과물 산출
10,영업판매,100104,법인영업,100104_L2,법인영업 초급 실무 및 정형 과업 수행,2,Attitude(태도),정확성과 꼼꼼함
10,영업판매,100104,법인영업,100104_L2,법인영업 초급 실무 및 정형 과업 수행,2,Attitude(태도),기한 준수 책임감
10,영업판매,100104,법인영업,100104_L3,법인영업 중급 독립 실무 및 문제해결 엔지니어링,3,Knowledge(지식),심화 모델링/설계 이론
10,영업판매,100104,법인영업,100104_L3,법인영업 중급 독립 실무 및 문제해결 엔지니어링,3,Knowledge(지식),성능 지표(KPI) 분석법
10,영업판매,100104,법인영업,100104_L3,법인영업 중급 독립 실무 및 문제해결 엔지니어링,3,Knowledge(지식),이슈 해결 방법론
10,영업판매,100104,법인영업,100104_L3,법인영업 중급 독립 실무 및 문제해결 엔지니어링,3,Skill(기술/도구),고급 도구/코드/기기 활용
10,영업판매,100104,법인영업,100104_L3,법인영업 중급 독립 실무 및 문제해결 엔지니어링,3,Skill(기술/도구),원인 분석 및 조치
10,영업판매,100104,법인영업,100104_L3,법인영업 중급 독립 실무 및 문제해결 엔지니어링,3,Skill(기술/도구),성과 분석 리포팅
10,영업판매,100104,법인영업,100104_L3,법인영업 중급 독립 실무 및 문제해결 엔지니어링,3,Attitude(태도),분석적 사고력
10,영업판매,100104,법인영업,100104_L3,법인영업 중급 독립 실무 및 문제해결 엔지니어링,3,Attitude(태도),타 부서와의 원활한 협업 소통
10,영업판매,100104,법인영업,100104_L4,법인영업 고급 전문화 및 프로젝트/팀 리딩,4,Knowledge(지식),신기술 융합 아키텍처
10,영업판매,100104,법인영업,100104_L4,법인영업 고급 전문화 및 프로젝트/팀 리딩,4,Knowledge(지식),프로젝트 관리론(PMBOK/Agile)
10,영업판매,100104,법인영업,100104_L4,법인영업 고급 전문화 및 프로젝트/팀 리딩,4,Knowledge(지식),품질보증(QA) 거버넌스
10,영업판매,100104,법인영업,100104_L4,법인영업 고급 전문화 및 프로젝트/팀 리딩,4,Skill(기술/도구),전체 시스템 아키텍처 설계
10,영업판매,100104,법인영업,100104_L4,법인영업 고급 전문화 및 프로젝트/팀 리딩,4,Skill(기술/도구),애자일 스프린트 리딩
10,영업판매,100104,법인영업,100104_L4,법인영업 고급 전문화 및 프로젝트/팀 리딩,4,Skill(기술/도구),신기술 PoC 검증
10,영업판매,100104,법인영업,100104_L4,법인영업 고급 전문화 및 프로젝트/팀 리딩,4,Attitude(태도),혁신 지향 리더십
10,영업판매,100104,법인영업,100104_L4,법인영업 고급 전문화 및 프로젝트/팀 리딩,4,Attitude(태도),동료 성장 멘토링 마인드
10,영업판매,100104,법인영업,100104_L5,법인영업 전략 기획 및 전사 거버넌스 총괄,5,Knowledge(지식),경영 전략 및 자본 예산 배분
10,영업판매,100104,법인영업,100104_L5,법인영업 전략 기획 및 전사 거버넌스 총괄,5,Knowledge(지식),국내외 규제 컴플라이언스
10,영업판매,100104,법인영업,100104_L5,법인영업 전략 기획 및 전사 거버넌스 총괄,5,Knowledge(지식),엔터프라이즈 거버넌스
10,영업판매,100104,법인영업,100104_L5,법인영업 전략 기획 및 전사 거버넌스 총괄,5,Skill(기술/도구),전사 로드맵 수립
10,영업판매,100104,법인영업,100104_L5,법인영업 전략 기획 및 전사 거버넌스 총괄,5,Skill(기술/도구),투자 대비 성과(ROI) 모델링
10,영업판매,100104,법인영업,100104_L5,법인영업 전략 기획 및 전사 거버넌스 총괄,5,Skill(기술/도구),최고 의사결정 전략 제언
10,영업판매,100104,법인영업,100104_L5,법인영업 전략 기획 및 전사 거버넌스 총괄,5,Attitude(태도),거시적 통찰력
10,영업판매,100104,법인영업,100104_L5,법인영업 전략 기획 및 전사 거버넌스 총괄,5,Attitude(태도),전략적 윤리 리더십
10,영업판매,100105,기술제안(Pre-sales),100105_L1,기술제안(Pre-sales) 기초 입문 및 업무 환경 지원,1,Knowledge(지식),기술제안(Pre-sales) 개론
10,영업판매,100105,기술제안(Pre-sales),100105_L1,기술제안(Pre-sales) 기초 입문 및 업무 환경 지원,1,Knowledge(지식),표준 작업 지침서
10,영업판매,100105,기술제안(Pre-sales),100105_L1,기술제안(Pre-sales) 기초 입문 및 업무 환경 지원,1,Knowledge(지식),기초 법령/규정
10,영업판매,100105,기술제안(Pre-sales),100105_L1,기술제안(Pre-sales) 기초 입문 및 업무 환경 지원,1,Skill(기술/도구),기초 전산 툴 조작
10,영업판매,100105,기술제안(Pre-sales),100105_L1,기술제안(Pre-sales) 기초 입문 및 업무 환경 지원,1,Skill(기술/도구),문서 서식 작성
10,영업판매,100105,기술제안(Pre-sales),100105_L1,기술제안(Pre-sales) 기초 입문 및 업무 환경 지원,1,Skill(기술/도구),자료 검색 및 분류
10,영업판매,100105,기술제안(Pre-sales),100105_L1,기술제안(Pre-sales) 기초 입문 및 업무 환경 지원,1,Attitude(태도),규정 준수 의식
10,영업판매,100105,기술제안(Pre-sales),100105_L1,기술제안(Pre-sales) 기초 입문 및 업무 환경 지원,1,Attitude(태도),성실한 업무 지원 태도
10,영업판매,100105,기술제안(Pre-sales),100105_L2,기술제안(Pre-sales) 초급 실무 및 정형 과업 수행,2,Knowledge(지식),기술제안(Pre-sales) 실무 프로세스
10,영업판매,100105,기술제안(Pre-sales),100105_L2,기술제안(Pre-sales) 초급 실무 및 정형 과업 수행,2,Knowledge(지식),단위 업무 품질 기준
10,영업판매,100105,기술제안(Pre-sales),100105_L2,기술제안(Pre-sales) 초급 실무 및 정형 과업 수행,2,Knowledge(지식),데이터 검증 기법
10,영업판매,100105,기술제안(Pre-sales),100105_L2,기술제안(Pre-sales) 초급 실무 및 정형 과업 수행,2,Skill(기술/도구),실무 도구/SW 조작
10,영업판매,100105,기술제안(Pre-sales),100105_L2,기술제안(Pre-sales) 초급 실무 및 정형 과업 수행,2,Skill(기술/도구),데이터 정제 및 가공
10,영업판매,100105,기술제안(Pre-sales),100105_L2,기술제안(Pre-sales) 초급 실무 및 정형 과업 수행,2,Skill(기술/도구),단위 결과물 산출
10,영업판매,100105,기술제안(Pre-sales),100105_L2,기술제안(Pre-sales) 초급 실무 및 정형 과업 수행,2,Attitude(태도),정확성과 꼼꼼함
10,영업판매,100105,기술제안(Pre-sales),100105_L2,기술제안(Pre-sales) 초급 실무 및 정형 과업 수행,2,Attitude(태도),기한 준수 책임감
10,영업판매,100105,기술제안(Pre-sales),100105_L3,기술제안(Pre-sales) 중급 독립 실무 및 문제해결 엔지니어링,3,Knowledge(지식),심화 모델링/설계 이론
10,영업판매,100105,기술제안(Pre-sales),100105_L3,기술제안(Pre-sales) 중급 독립 실무 및 문제해결 엔지니어링,3,Knowledge(지식),성능 지표(KPI) 분석법
10,영업판매,100105,기술제안(Pre-sales),100105_L3,기술제안(Pre-sales) 중급 독립 실무 및 문제해결 엔지니어링,3,Knowledge(지식),이슈 해결 방법론
10,영업판매,100105,기술제안(Pre-sales),100105_L3,기술제안(Pre-sales) 중급 독립 실무 및 문제해결 엔지니어링,3,Skill(기술/도구),고급 도구/코드/기기 활용
10,영업판매,100105,기술제안(Pre-sales),100105_L3,기술제안(Pre-sales) 중급 독립 실무 및 문제해결 엔지니어링,3,Skill(기술/도구),원인 분석 및 조치
10,영업판매,100105,기술제안(Pre-sales),100105_L3,기술제안(Pre-sales) 중급 독립 실무 및 문제해결 엔지니어링,3,Skill(기술/도구),성과 분석 리포팅
10,영업판매,100105,기술제안(Pre-sales),100105_L3,기술제안(Pre-sales) 중급 독립 실무 및 문제해결 엔지니어링,3,Attitude(태도),분석적 사고력
10,영업판매,100105,기술제안(Pre-sales),100105_L3,기술제안(Pre-sales) 중급 독립 실무 및 문제해결 엔지니어링,3,Attitude(태도),타 부서와의 원활한 협업 소통
10,영업판매,100105,기술제안(Pre-sales),100105_L4,기술제안(Pre-sales) 고급 전문화 및 프로젝트/팀 리딩,4,Knowledge(지식),신기술 융합 아키텍처
10,영업판매,100105,기술제안(Pre-sales),100105_L4,기술제안(Pre-sales) 고급 전문화 및 프로젝트/팀 리딩,4,Knowledge(지식),프로젝트 관리론(PMBOK/Agile)
10,영업판매,100105,기술제안(Pre-sales),100105_L4,기술제안(Pre-sales) 고급 전문화 및 프로젝트/팀 리딩,4,Knowledge(지식),품질보증(QA) 거버넌스
10,영업판매,100105,기술제안(Pre-sales),100105_L4,기술제안(Pre-sales) 고급 전문화 및 프로젝트/팀 리딩,4,Skill(기술/도구),전체 시스템 아키텍처 설계
10,영업판매,100105,기술제안(Pre-sales),100105_L4,기술제안(Pre-sales) 고급 전문화 및 프로젝트/팀 리딩,4,Skill(기술/도구),애자일 스프린트 리딩
10,영업판매,100105,기술제안(Pre-sales),100105_L4,기술제안(Pre-sales) 고급 전문화 및 프로젝트/팀 리딩,4,Skill(기술/도구),신기술 PoC 검증
10,영업판매,100105,기술제안(Pre-sales),100105_L4,기술제안(Pre-sales) 고급 전문화 및 프로젝트/팀 리딩,4,Attitude(태도),혁신 지향 리더십
10,영업판매,100105,기술제안(Pre-sales),100105_L4,기술제안(Pre-sales) 고급 전문화 및 프로젝트/팀 리딩,4,Attitude(태도),동료 성장 멘토링 마인드
10,영업판매,100105,기술제안(Pre-sales),100105_L5,기술제안(Pre-sales) 전략 기획 및 전사 거버넌스 총괄,5,Knowledge(지식),경영 전략 및 자본 예산 배분
10,영업판매,100105,기술제안(Pre-sales),100105_L5,기술제안(Pre-sales) 전략 기획 및 전사 거버넌스 총괄,5,Knowledge(지식),국내외 규제 컴플라이언스
10,영업판매,100105,기술제안(Pre-sales),100105_L5,기술제안(Pre-sales) 전략 기획 및 전사 거버넌스 총괄,5,Knowledge(지식),엔터프라이즈 거버넌스
10,영업판매,100105,기술제안(Pre-sales),100105_L5,기술제안(Pre-sales) 전략 기획 및 전사 거버넌스 총괄,5,Skill(기술/도구),전사 로드맵 수립
10,영업판매,100105,기술제안(Pre-sales),100105_L5,기술제안(Pre-sales) 전략 기획 및 전사 거버넌스 총괄,5,Skill(기술/도구),투자 대비 성과(ROI) 모델링
10,영업판매,100105,기술제안(Pre-sales),100105_L5,기술제안(Pre-sales) 전략 기획 및 전사 거버넌스 총괄,5,Skill(기술/도구),최고 의사결정 전략 제언
10,영업판매,100105,기술제안(Pre-sales),100105_L5,기술제안(Pre-sales) 전략 기획 및 전사 거버넌스 총괄,5,Attitude(태도),거시적 통찰력
10,영업판매,100105,기술제안(Pre-sales),100105_L5,기술제안(Pre-sales) 전략 기획 및 전사 거버넌스 총괄,5,Attitude(태도),전략적 윤리 리더십
10,영업판매,100206,이커머스상품기획(MD),100206_L1,이커머스상품기획(MD) 기초 입문 및 업무 환경 지원,1,Knowledge(지식),이커머스상품기획(MD) 개론
10,영업판매,100206,이커머스상품기획(MD),100206_L1,이커머스상품기획(MD) 기초 입문 및 업무 환경 지원,1,Knowledge(지식),표준 작업 지침서
10,영업판매,100206,이커머스상품기획(MD),100206_L1,이커머스상품기획(MD) 기초 입문 및 업무 환경 지원,1,Knowledge(지식),기초 법령/규정
10,영업판매,100206,이커머스상품기획(MD),100206_L1,이커머스상품기획(MD) 기초 입문 및 업무 환경 지원,1,Skill(기술/도구),기초 전산 툴 조작
10,영업판매,100206,이커머스상품기획(MD),100206_L1,이커머스상품기획(MD) 기초 입문 및 업무 환경 지원,1,Skill(기술/도구),문서 서식 작성
10,영업판매,100206,이커머스상품기획(MD),100206_L1,이커머스상품기획(MD) 기초 입문 및 업무 환경 지원,1,Skill(기술/도구),자료 검색 및 분류
10,영업판매,100206,이커머스상품기획(MD),100206_L1,이커머스상품기획(MD) 기초 입문 및 업무 환경 지원,1,Attitude(태도),규정 준수 의식
10,영업판매,100206,이커머스상품기획(MD),100206_L1,이커머스상품기획(MD) 기초 입문 및 업무 환경 지원,1,Attitude(태도),성실한 업무 지원 태도
10,영업판매,100206,이커머스상품기획(MD),100206_L2,이커머스상품기획(MD) 초급 실무 및 정형 과업 수행,2,Knowledge(지식),이커머스상품기획(MD) 실무 프로세스
10,영업판매,100206,이커머스상품기획(MD),100206_L2,이커머스상품기획(MD) 초급 실무 및 정형 과업 수행,2,Knowledge(지식),단위 업무 품질 기준
10,영업판매,100206,이커머스상품기획(MD),100206_L2,이커머스상품기획(MD) 초급 실무 및 정형 과업 수행,2,Knowledge(지식),데이터 검증 기법
10,영업판매,100206,이커머스상품기획(MD),100206_L2,이커머스상품기획(MD) 초급 실무 및 정형 과업 수행,2,Skill(기술/도구),실무 도구/SW 조작
10,영업판매,100206,이커머스상품기획(MD),100206_L2,이커머스상품기획(MD) 초급 실무 및 정형 과업 수행,2,Skill(기술/도구),데이터 정제 및 가공
10,영업판매,100206,이커머스상품기획(MD),100206_L2,이커머스상품기획(MD) 초급 실무 및 정형 과업 수행,2,Skill(기술/도구),단위 결과물 산출
10,영업판매,100206,이커머스상품기획(MD),100206_L2,이커머스상품기획(MD) 초급 실무 및 정형 과업 수행,2,Attitude(태도),정확성과 꼼꼼함
10,영업판매,100206,이커머스상품기획(MD),100206_L2,이커머스상품기획(MD) 초급 실무 및 정형 과업 수행,2,Attitude(태도),기한 준수 책임감
10,영업판매,100206,이커머스상품기획(MD),100206_L3,이커머스상품기획(MD) 중급 독립 실무 및 문제해결 엔지니어링,3,Knowledge(지식),심화 모델링/설계 이론
10,영업판매,100206,이커머스상품기획(MD),100206_L3,이커머스상품기획(MD) 중급 독립 실무 및 문제해결 엔지니어링,3,Knowledge(지식),성능 지표(KPI) 분석법
10,영업판매,100206,이커머스상품기획(MD),100206_L3,이커머스상품기획(MD) 중급 독립 실무 및 문제해결 엔지니어링,3,Knowledge(지식),이슈 해결 방법론
10,영업판매,100206,이커머스상품기획(MD),100206_L3,이커머스상품기획(MD) 중급 독립 실무 및 문제해결 엔지니어링,3,Skill(기술/도구),고급 도구/코드/기기 활용
10,영업판매,100206,이커머스상품기획(MD),100206_L3,이커머스상품기획(MD) 중급 독립 실무 및 문제해결 엔지니어링,3,Skill(기술/도구),원인 분석 및 조치
10,영업판매,100206,이커머스상품기획(MD),100206_L3,이커머스상품기획(MD) 중급 독립 실무 및 문제해결 엔지니어링,3,Skill(기술/도구),성과 분석 리포팅
10,영업판매,100206,이커머스상품기획(MD),100206_L3,이커머스상품기획(MD) 중급 독립 실무 및 문제해결 엔지니어링,3,Attitude(태도),분석적 사고력
10,영업판매,100206,이커머스상품기획(MD),100206_L3,이커머스상품기획(MD) 중급 독립 실무 및 문제해결 엔지니어링,3,Attitude(태도),타 부서와의 원활한 협업 소통
10,영업판매,100206,이커머스상품기획(MD),100206_L4,이커머스상품기획(MD) 고급 전문화 및 프로젝트/팀 리딩,4,Knowledge(지식),신기술 융합 아키텍처
10,영업판매,100206,이커머스상품기획(MD),100206_L4,이커머스상품기획(MD) 고급 전문화 및 프로젝트/팀 리딩,4,Knowledge(지식),프로젝트 관리론(PMBOK/Agile)
10,영업판매,100206,이커머스상품기획(MD),100206_L4,이커머스상품기획(MD) 고급 전문화 및 프로젝트/팀 리딩,4,Knowledge(지식),품질보증(QA) 거버넌스
10,영업판매,100206,이커머스상품기획(MD),100206_L4,이커머스상품기획(MD) 고급 전문화 및 프로젝트/팀 리딩,4,Skill(기술/도구),전체 시스템 아키텍처 설계
10,영업판매,100206,이커머스상품기획(MD),100206_L4,이커머스상품기획(MD) 고급 전문화 및 프로젝트/팀 리딩,4,Skill(기술/도구),애자일 스프린트 리딩
10,영업판매,100206,이커머스상품기획(MD),100206_L4,이커머스상품기획(MD) 고급 전문화 및 프로젝트/팀 리딩,4,Skill(기술/도구),신기술 PoC 검증
10,영업판매,100206,이커머스상품기획(MD),100206_L4,이커머스상품기획(MD) 고급 전문화 및 프로젝트/팀 리딩,4,Attitude(태도),혁신 지향 리더십
10,영업판매,100206,이커머스상품기획(MD),100206_L4,이커머스상품기획(MD) 고급 전문화 및 프로젝트/팀 리딩,4,Attitude(태도),동료 성장 멘토링 마인드
10,영업판매,100206,이커머스상품기획(MD),100206_L5,이커머스상품기획(MD) 전략 기획 및 전사 거버넌스 총괄,5,Knowledge(지식),경영 전략 및 자본 예산 배분
10,영업판매,100206,이커머스상품기획(MD),100206_L5,이커머스상품기획(MD) 전략 기획 및 전사 거버넌스 총괄,5,Knowledge(지식),국내외 규제 컴플라이언스
10,영업판매,100206,이커머스상품기획(MD),100206_L5,이커머스상품기획(MD) 전략 기획 및 전사 거버넌스 총괄,5,Knowledge(지식),엔터프라이즈 거버넌스
10,영업판매,100206,이커머스상품기획(MD),100206_L5,이커머스상품기획(MD) 전략 기획 및 전사 거버넌스 총괄,5,Skill(기술/도구),전사 로드맵 수립
10,영업판매,100206,이커머스상품기획(MD),100206_L5,이커머스상품기획(MD) 전략 기획 및 전사 거버넌스 총괄,5,Skill(기술/도구),투자 대비 성과(ROI) 모델링
10,영업판매,100206,이커머스상품기획(MD),100206_L5,이커머스상품기획(MD) 전략 기획 및 전사 거버넌스 총괄,5,Skill(기술/도구),최고 의사결정 전략 제언
10,영업판매,100206,이커머스상품기획(MD),100206_L5,이커머스상품기획(MD) 전략 기획 및 전사 거버넌스 총괄,5,Attitude(태도),거시적 통찰력
10,영업판매,100206,이커머스상품기획(MD),100206_L5,이커머스상품기획(MD) 전략 기획 및 전사 거버넌스 총괄,5,Attitude(태도),전략적 윤리 리더십
10,영업판매,100207,매장영업관리(Shop Master),100207_L1,매장영업관리(Shop Master) 기초 입문 및 업무 환경 지원,1,Knowledge(지식),매장영업관리(Shop Master) 개론
10,영업판매,100207,매장영업관리(Shop Master),100207_L1,매장영업관리(Shop Master) 기초 입문 및 업무 환경 지원,1,Knowledge(지식),표준 작업 지침서
10,영업판매,100207,매장영업관리(Shop Master),100207_L1,매장영업관리(Shop Master) 기초 입문 및 업무 환경 지원,1,Knowledge(지식),기초 법령/규정
10,영업판매,100207,매장영업관리(Shop Master),100207_L1,매장영업관리(Shop Master) 기초 입문 및 업무 환경 지원,1,Skill(기술/도구),기초 전산 툴 조작
10,영업판매,100207,매장영업관리(Shop Master),100207_L1,매장영업관리(Shop Master) 기초 입문 및 업무 환경 지원,1,Skill(기술/도구),문서 서식 작성
10,영업판매,100207,매장영업관리(Shop Master),100207_L1,매장영업관리(Shop Master) 기초 입문 및 업무 환경 지원,1,Skill(기술/도구),자료 검색 및 분류
10,영업판매,100207,매장영업관리(Shop Master),100207_L1,매장영업관리(Shop Master) 기초 입문 및 업무 환경 지원,1,Attitude(태도),규정 준수 의식
10,영업판매,100207,매장영업관리(Shop Master),100207_L1,매장영업관리(Shop Master) 기초 입문 및 업무 환경 지원,1,Attitude(태도),성실한 업무 지원 태도
10,영업판매,100207,매장영업관리(Shop Master),100207_L2,매장영업관리(Shop Master) 초급 실무 및 정형 과업 수행,2,Knowledge(지식),매장영업관리(Shop Master) 실무 프로세스
10,영업판매,100207,매장영업관리(Shop Master),100207_L2,매장영업관리(Shop Master) 초급 실무 및 정형 과업 수행,2,Knowledge(지식),단위 업무 품질 기준
10,영업판매,100207,매장영업관리(Shop Master),100207_L2,매장영업관리(Shop Master) 초급 실무 및 정형 과업 수행,2,Knowledge(지식),데이터 검증 기법
10,영업판매,100207,매장영업관리(Shop Master),100207_L2,매장영업관리(Shop Master) 초급 실무 및 정형 과업 수행,2,Skill(기술/도구),실무 도구/SW 조작
10,영업판매,100207,매장영업관리(Shop Master),100207_L2,매장영업관리(Shop Master) 초급 실무 및 정형 과업 수행,2,Skill(기술/도구),데이터 정제 및 가공
10,영업판매,100207,매장영업관리(Shop Master),100207_L2,매장영업관리(Shop Master) 초급 실무 및 정형 과업 수행,2,Skill(기술/도구),단위 결과물 산출
10,영업판매,100207,매장영업관리(Shop Master),100207_L2,매장영업관리(Shop Master) 초급 실무 및 정형 과업 수행,2,Attitude(태도),정확성과 꼼꼼함
10,영업판매,100207,매장영업관리(Shop Master),100207_L2,매장영업관리(Shop Master) 초급 실무 및 정형 과업 수행,2,Attitude(태도),기한 준수 책임감
10,영업판매,100207,매장영업관리(Shop Master),100207_L3,매장영업관리(Shop Master) 중급 독립 실무 및 문제해결 엔지니어링,3,Knowledge(지식),심화 모델링/설계 이론
10,영업판매,100207,매장영업관리(Shop Master),100207_L3,매장영업관리(Shop Master) 중급 독립 실무 및 문제해결 엔지니어링,3,Knowledge(지식),성능 지표(KPI) 분석법
10,영업판매,100207,매장영업관리(Shop Master),100207_L3,매장영업관리(Shop Master) 중급 독립 실무 및 문제해결 엔지니어링,3,Knowledge(지식),이슈 해결 방법론
10,영업판매,100207,매장영업관리(Shop Master),100207_L3,매장영업관리(Shop Master) 중급 독립 실무 및 문제해결 엔지니어링,3,Skill(기술/도구),고급 도구/코드/기기 활용
10,영업판매,100207,매장영업관리(Shop Master),100207_L3,매장영업관리(Shop Master) 중급 독립 실무 및 문제해결 엔지니어링,3,Skill(기술/도구),원인 분석 및 조치
10,영업판매,100207,매장영업관리(Shop Master),100207_L3,매장영업관리(Shop Master) 중급 독립 실무 및 문제해결 엔지니어링,3,Skill(기술/도구),성과 분석 리포팅
10,영업판매,100207,매장영업관리(Shop Master),100207_L3,매장영업관리(Shop Master) 중급 독립 실무 및 문제해결 엔지니어링,3,Attitude(태도),분석적 사고력
10,영업판매,100207,매장영업관리(Shop Master),100207_L3,매장영업관리(Shop Master) 중급 독립 실무 및 문제해결 엔지니어링,3,Attitude(태도),타 부서와의 원활한 협업 소통
10,영업판매,100207,매장영업관리(Shop Master),100207_L4,매장영업관리(Shop Master) 고급 전문화 및 프로젝트/팀 리딩,4,Knowledge(지식),신기술 융합 아키텍처
10,영업판매,100207,매장영업관리(Shop Master),100207_L4,매장영업관리(Shop Master) 고급 전문화 및 프로젝트/팀 리딩,4,Knowledge(지식),프로젝트 관리론(PMBOK/Agile)
10,영업판매,100207,매장영업관리(Shop Master),100207_L4,매장영업관리(Shop Master) 고급 전문화 및 프로젝트/팀 리딩,4,Knowledge(지식),품질보증(QA) 거버넌스
10,영업판매,100207,매장영업관리(Shop Master),100207_L4,매장영업관리(Shop Master) 고급 전문화 및 프로젝트/팀 리딩,4,Skill(기술/도구),전체 시스템 아키텍처 설계
10,영업판매,100207,매장영업관리(Shop Master),100207_L4,매장영업관리(Shop Master) 고급 전문화 및 프로젝트/팀 리딩,4,Skill(기술/도구),애자일 스프린트 리딩
10,영업판매,100207,매장영업관리(Shop Master),100207_L4,매장영업관리(Shop Master) 고급 전문화 및 프로젝트/팀 리딩,4,Skill(기술/도구),신기술 PoC 검증
10,영업판매,100207,매장영업관리(Shop Master),100207_L4,매장영업관리(Shop Master) 고급 전문화 및 프로젝트/팀 리딩,4,Attitude(태도),혁신 지향 리더십
10,영업판매,100207,매장영업관리(Shop Master),100207_L4,매장영업관리(Shop Master) 고급 전문화 및 프로젝트/팀 리딩,4,Attitude(태도),동료 성장 멘토링 마인드
10,영업판매,100207,매장영업관리(Shop Master),100207_L5,매장영업관리(Shop Master) 전략 기획 및 전사 거버넌스 총괄,5,Knowledge(지식),경영 전략 및 자본 예산 배분
10,영업판매,100207,매장영업관리(Shop Master),100207_L5,매장영업관리(Shop Master) 전략 기획 및 전사 거버넌스 총괄,5,Knowledge(지식),국내외 규제 컴플라이언스
10,영업판매,100207,매장영업관리(Shop Master),100207_L5,매장영업관리(Shop Master) 전략 기획 및 전사 거버넌스 총괄,5,Knowledge(지식),엔터프라이즈 거버넌스
10,영업판매,100207,매장영업관리(Shop Master),100207_L5,매장영업관리(Shop Master) 전략 기획 및 전사 거버넌스 총괄,5,Skill(기술/도구),전사 로드맵 수립
10,영업판매,100207,매장영업관리(Shop Master),100207_L5,매장영업관리(Shop Master) 전략 기획 및 전사 거버넌스 총괄,5,Skill(기술/도구),투자 대비 성과(ROI) 모델링
10,영업판매,100207,매장영업관리(Shop Master),100207_L5,매장영업관리(Shop Master) 전략 기획 및 전사 거버넌스 총괄,5,Skill(기술/도구),최고 의사결정 전략 제언
10,영업판매,100207,매장영업관리(Shop Master),100207_L5,매장영업관리(Shop Master) 전략 기획 및 전사 거버넌스 총괄,5,Attitude(태도),거시적 통찰력
10,영업판매,100207,매장영업관리(Shop Master),100207_L5,매장영업관리(Shop Master) 전략 기획 및 전사 거버넌스 총괄,5,Attitude(태도),전략적 윤리 리더십
10,영업판매,100208,수출입사무,100208_L1,수출입사무 기초 입문 및 업무 환경 지원,1,Knowledge(지식),수출입사무 개론
10,영업판매,100208,수출입사무,100208_L1,수출입사무 기초 입문 및 업무 환경 지원,1,Knowledge(지식),표준 작업 지침서
10,영업판매,100208,수출입사무,100208_L1,수출입사무 기초 입문 및 업무 환경 지원,1,Knowledge(지식),기초 법령/규정
10,영업판매,100208,수출입사무,100208_L1,수출입사무 기초 입문 및 업무 환경 지원,1,Skill(기술/도구),기초 전산 툴 조작
10,영업판매,100208,수출입사무,100208_L1,수출입사무 기초 입문 및 업무 환경 지원,1,Skill(기술/도구),문서 서식 작성
10,영업판매,100208,수출입사무,100208_L1,수출입사무 기초 입문 및 업무 환경 지원,1,Skill(기술/도구),자료 검색 및 분류
10,영업판매,100208,수출입사무,100208_L1,수출입사무 기초 입문 및 업무 환경 지원,1,Attitude(태도),규정 준수 의식
10,영업판매,100208,수출입사무,100208_L1,수출입사무 기초 입문 및 업무 환경 지원,1,Attitude(태도),성실한 업무 지원 태도
10,영업판매,100208,수출입사무,100208_L2,수출입사무 초급 실무 및 정형 과업 수행,2,Knowledge(지식),수출입사무 실무 프로세스
10,영업판매,100208,수출입사무,100208_L2,수출입사무 초급 실무 및 정형 과업 수행,2,Knowledge(지식),단위 업무 품질 기준
10,영업판매,100208,수출입사무,100208_L2,수출입사무 초급 실무 및 정형 과업 수행,2,Knowledge(지식),데이터 검증 기법
10,영업판매,100208,수출입사무,100208_L2,수출입사무 초급 실무 및 정형 과업 수행,2,Skill(기술/도구),실무 도구/SW 조작
10,영업판매,100208,수출입사무,100208_L2,수출입사무 초급 실무 및 정형 과업 수행,2,Skill(기술/도구),데이터 정제 및 가공
10,영업판매,100208,수출입사무,100208_L2,수출입사무 초급 실무 및 정형 과업 수행,2,Skill(기술/도구),단위 결과물 산출
10,영업판매,100208,수출입사무,100208_L2,수출입사무 초급 실무 및 정형 과업 수행,2,Attitude(태도),정확성과 꼼꼼함
10,영업판매,100208,수출입사무,100208_L2,수출입사무 초급 실무 및 정형 과업 수행,2,Attitude(태도),기한 준수 책임감
10,영업판매,100208,수출입사무,100208_L3,수출입사무 중급 독립 실무 및 문제해결 엔지니어링,3,Knowledge(지식),심화 모델링/설계 이론
10,영업판매,100208,수출입사무,100208_L3,수출입사무 중급 독립 실무 및 문제해결 엔지니어링,3,Knowledge(지식),성능 지표(KPI) 분석법
10,영업판매,100208,수출입사무,100208_L3,수출입사무 중급 독립 실무 및 문제해결 엔지니어링,3,Knowledge(지식),이슈 해결 방법론
10,영업판매,100208,수출입사무,100208_L3,수출입사무 중급 독립 실무 및 문제해결 엔지니어링,3,Skill(기술/도구),고급 도구/코드/기기 활용
10,영업판매,100208,수출입사무,100208_L3,수출입사무 중급 독립 실무 및 문제해결 엔지니어링,3,Skill(기술/도구),원인 분석 및 조치
10,영업판매,100208,수출입사무,100208_L3,수출입사무 중급 독립 실무 및 문제해결 엔지니어링,3,Skill(기술/도구),성과 분석 리포팅
10,영업판매,100208,수출입사무,100208_L3,수출입사무 중급 독립 실무 및 문제해결 엔지니어링,3,Attitude(태도),분석적 사고력
10,영업판매,100208,수출입사무,100208_L3,수출입사무 중급 독립 실무 및 문제해결 엔지니어링,3,Attitude(태도),타 부서와의 원활한 협업 소통
10,영업판매,100208,수출입사무,100208_L4,수출입사무 고급 전문화 및 프로젝트/팀 리딩,4,Knowledge(지식),신기술 융합 아키텍처
10,영업판매,100208,수출입사무,100208_L4,수출입사무 고급 전문화 및 프로젝트/팀 리딩,4,Knowledge(지식),프로젝트 관리론(PMBOK/Agile)
10,영업판매,100208,수출입사무,100208_L4,수출입사무 고급 전문화 및 프로젝트/팀 리딩,4,Knowledge(지식),품질보증(QA) 거버넌스
10,영업판매,100208,수출입사무,100208_L4,수출입사무 고급 전문화 및 프로젝트/팀 리딩,4,Skill(기술/도구),전체 시스템 아키텍처 설계
10,영업판매,100208,수출입사무,100208_L4,수출입사무 고급 전문화 및 프로젝트/팀 리딩,4,Skill(기술/도구),애자일 스프린트 리딩
10,영업판매,100208,수출입사무,100208_L4,수출입사무 고급 전문화 및 프로젝트/팀 리딩,4,Skill(기술/도구),신기술 PoC 검증
10,영업판매,100208,수출입사무,100208_L4,수출입사무 고급 전문화 및 프로젝트/팀 리딩,4,Attitude(태도),혁신 지향 리더십
10,영업판매,100208,수출입사무,100208_L4,수출입사무 고급 전문화 및 프로젝트/팀 리딩,4,Attitude(태도),동료 성장 멘토링 마인드
10,영업판매,100208,수출입사무,100208_L5,수출입사무 전략 기획 및 전사 거버넌스 총괄,5,Knowledge(지식),경영 전략 및 자본 예산 배분
10,영업판매,100208,수출입사무,100208_L5,수출입사무 전략 기획 및 전사 거버넌스 총괄,5,Knowledge(지식),국내외 규제 컴플라이언스
10,영업판매,100208,수출입사무,100208_L5,수출입사무 전략 기획 및 전사 거버넌스 총괄,5,Knowledge(지식),엔터프라이즈 거버넌스
10,영업판매,100208,수출입사무,100208_L5,수출입사무 전략 기획 및 전사 거버넌스 총괄,5,Skill(기술/도구),전사 로드맵 수립
10,영업판매,100208,수출입사무,100208_L5,수출입사무 전략 기획 및 전사 거버넌스 총괄,5,Skill(기술/도구),투자 대비 성과(ROI) 모델링
10,영업판매,100208,수출입사무,100208_L5,수출입사무 전략 기획 및 전사 거버넌스 총괄,5,Skill(기술/도구),최고 의사결정 전략 제언
10,영업판매,100208,수출입사무,100208_L5,수출입사무 전략 기획 및 전사 거버넌스 총괄,5,Attitude(태도),거시적 통찰력
10,영업판매,100208,수출입사무,100208_L5,수출입사무 전략 기획 및 전사 거버넌스 총괄,5,Attitude(태도),전략적 윤리 리더십
10,영업판매,100209,홈쇼핑MD,100209_L1,홈쇼핑MD 기초 입문 및 업무 환경 지원,1,Knowledge(지식),홈쇼핑MD 개론
10,영업판매,100209,홈쇼핑MD,100209_L1,홈쇼핑MD 기초 입문 및 업무 환경 지원,1,Knowledge(지식),표준 작업 지침서
10,영업판매,100209,홈쇼핑MD,100209_L1,홈쇼핑MD 기초 입문 및 업무 환경 지원,1,Knowledge(지식),기초 법령/규정
10,영업판매,100209,홈쇼핑MD,100209_L1,홈쇼핑MD 기초 입문 및 업무 환경 지원,1,Skill(기술/도구),기초 전산 툴 조작
10,영업판매,100209,홈쇼핑MD,100209_L1,홈쇼핑MD 기초 입문 및 업무 환경 지원,1,Skill(기술/도구),문서 서식 작성
10,영업판매,100209,홈쇼핑MD,100209_L1,홈쇼핑MD 기초 입문 및 업무 환경 지원,1,Skill(기술/도구),자료 검색 및 분류
10,영업판매,100209,홈쇼핑MD,100209_L1,홈쇼핑MD 기초 입문 및 업무 환경 지원,1,Attitude(태도),규정 준수 의식
10,영업판매,100209,홈쇼핑MD,100209_L1,홈쇼핑MD 기초 입문 및 업무 환경 지원,1,Attitude(태도),성실한 업무 지원 태도
10,영업판매,100209,홈쇼핑MD,100209_L2,홈쇼핑MD 초급 실무 및 정형 과업 수행,2,Knowledge(지식),홈쇼핑MD 실무 프로세스
10,영업판매,100209,홈쇼핑MD,100209_L2,홈쇼핑MD 초급 실무 및 정형 과업 수행,2,Knowledge(지식),단위 업무 품질 기준
10,영업판매,100209,홈쇼핑MD,100209_L2,홈쇼핑MD 초급 실무 및 정형 과업 수행,2,Knowledge(지식),데이터 검증 기법
10,영업판매,100209,홈쇼핑MD,100209_L2,홈쇼핑MD 초급 실무 및 정형 과업 수행,2,Skill(기술/도구),실무 도구/SW 조작
10,영업판매,100209,홈쇼핑MD,100209_L2,홈쇼핑MD 초급 실무 및 정형 과업 수행,2,Skill(기술/도구),데이터 정제 및 가공
10,영업판매,100209,홈쇼핑MD,100209_L2,홈쇼핑MD 초급 실무 및 정형 과업 수행,2,Skill(기술/도구),단위 결과물 산출
10,영업판매,100209,홈쇼핑MD,100209_L2,홈쇼핑MD 초급 실무 및 정형 과업 수행,2,Attitude(태도),정확성과 꼼꼼함
10,영업판매,100209,홈쇼핑MD,100209_L2,홈쇼핑MD 초급 실무 및 정형 과업 수행,2,Attitude(태도),기한 준수 책임감
10,영업판매,100209,홈쇼핑MD,100209_L3,홈쇼핑MD 중급 독립 실무 및 문제해결 엔지니어링,3,Knowledge(지식),심화 모델링/설계 이론
10,영업판매,100209,홈쇼핑MD,100209_L3,홈쇼핑MD 중급 독립 실무 및 문제해결 엔지니어링,3,Knowledge(지식),성능 지표(KPI) 분석법
10,영업판매,100209,홈쇼핑MD,100209_L3,홈쇼핑MD 중급 독립 실무 및 문제해결 엔지니어링,3,Knowledge(지식),이슈 해결 방법론
10,영업판매,100209,홈쇼핑MD,100209_L3,홈쇼핑MD 중급 독립 실무 및 문제해결 엔지니어링,3,Skill(기술/도구),고급 도구/코드/기기 활용
10,영업판매,100209,홈쇼핑MD,100209_L3,홈쇼핑MD 중급 독립 실무 및 문제해결 엔지니어링,3,Skill(기술/도구),원인 분석 및 조치
10,영업판매,100209,홈쇼핑MD,100209_L3,홈쇼핑MD 중급 독립 실무 및 문제해결 엔지니어링,3,Skill(기술/도구),성과 분석 리포팅
10,영업판매,100209,홈쇼핑MD,100209_L3,홈쇼핑MD 중급 독립 실무 및 문제해결 엔지니어링,3,Attitude(태도),분석적 사고력
10,영업판매,100209,홈쇼핑MD,100209_L3,홈쇼핑MD 중급 독립 실무 및 문제해결 엔지니어링,3,Attitude(태도),타 부서와의 원활한 협업 소통
10,영업판매,100209,홈쇼핑MD,100209_L4,홈쇼핑MD 고급 전문화 및 프로젝트/팀 리딩,4,Knowledge(지식),신기술 융합 아키텍처
10,영업판매,100209,홈쇼핑MD,100209_L4,홈쇼핑MD 고급 전문화 및 프로젝트/팀 리딩,4,Knowledge(지식),프로젝트 관리론(PMBOK/Agile)
10,영업판매,100209,홈쇼핑MD,100209_L4,홈쇼핑MD 고급 전문화 및 프로젝트/팀 리딩,4,Knowledge(지식),품질보증(QA) 거버넌스
10,영업판매,100209,홈쇼핑MD,100209_L4,홈쇼핑MD 고급 전문화 및 프로젝트/팀 리딩,4,Skill(기술/도구),전체 시스템 아키텍처 설계
10,영업판매,100209,홈쇼핑MD,100209_L4,홈쇼핑MD 고급 전문화 및 프로젝트/팀 리딩,4,Skill(기술/도구),애자일 스프린트 리딩
10,영업판매,100209,홈쇼핑MD,100209_L4,홈쇼핑MD 고급 전문화 및 프로젝트/팀 리딩,4,Skill(기술/도구),신기술 PoC 검증
10,영업판매,100209,홈쇼핑MD,100209_L4,홈쇼핑MD 고급 전문화 및 프로젝트/팀 리딩,4,Attitude(태도),혁신 지향 리더십
10,영업판매,100209,홈쇼핑MD,100209_L4,홈쇼핑MD 고급 전문화 및 프로젝트/팀 리딩,4,Attitude(태도),동료 성장 멘토링 마인드
10,영업판매,100209,홈쇼핑MD,100209_L5,홈쇼핑MD 전략 기획 및 전사 거버넌스 총괄,5,Knowledge(지식),경영 전략 및 자본 예산 배분
10,영업판매,100209,홈쇼핑MD,100209_L5,홈쇼핑MD 전략 기획 및 전사 거버넌스 총괄,5,Knowledge(지식),국내외 규제 컴플라이언스
10,영업판매,100209,홈쇼핑MD,100209_L5,홈쇼핑MD 전략 기획 및 전사 거버넌스 총괄,5,Knowledge(지식),엔터프라이즈 거버넌스
10,영업판매,100209,홈쇼핑MD,100209_L5,홈쇼핑MD 전략 기획 및 전사 거버넌스 총괄,5,Skill(기술/도구),전사 로드맵 수립
10,영업판매,100209,홈쇼핑MD,100209_L5,홈쇼핑MD 전략 기획 및 전사 거버넌스 총괄,5,Skill(기술/도구),투자 대비 성과(ROI) 모델링
10,영업판매,100209,홈쇼핑MD,100209_L5,홈쇼핑MD 전략 기획 및 전사 거버넌스 총괄,5,Skill(기술/도구),최고 의사결정 전략 제언
10,영업판매,100209,홈쇼핑MD,100209_L5,홈쇼핑MD 전략 기획 및 전사 거버넌스 총괄,5,Attitude(태도),거시적 통찰력
10,영업판매,100209,홈쇼핑MD,100209_L5,홈쇼핑MD 전략 기획 및 전사 거버넌스 총괄,5,Attitude(태도),전략적 윤리 리더십
10,영업판매,100210,면세점영업,100210_L1,면세점영업 기초 입문 및 업무 환경 지원,1,Knowledge(지식),면세점영업 개론
10,영업판매,100210,면세점영업,100210_L1,면세점영업 기초 입문 및 업무 환경 지원,1,Knowledge(지식),표준 작업 지침서
10,영업판매,100210,면세점영업,100210_L1,면세점영업 기초 입문 및 업무 환경 지원,1,Knowledge(지식),기초 법령/규정
10,영업판매,100210,면세점영업,100210_L1,면세점영업 기초 입문 및 업무 환경 지원,1,Skill(기술/도구),기초 전산 툴 조작
10,영업판매,100210,면세점영업,100210_L1,면세점영업 기초 입문 및 업무 환경 지원,1,Skill(기술/도구),문서 서식 작성
10,영업판매,100210,면세점영업,100210_L1,면세점영업 기초 입문 및 업무 환경 지원,1,Skill(기술/도구),자료 검색 및 분류
10,영업판매,100210,면세점영업,100210_L1,면세점영업 기초 입문 및 업무 환경 지원,1,Attitude(태도),규정 준수 의식
10,영업판매,100210,면세점영업,100210_L1,면세점영업 기초 입문 및 업무 환경 지원,1,Attitude(태도),성실한 업무 지원 태도
10,영업판매,100210,면세점영업,100210_L2,면세점영업 초급 실무 및 정형 과업 수행,2,Knowledge(지식),면세점영업 실무 프로세스
10,영업판매,100210,면세점영업,100210_L2,면세점영업 초급 실무 및 정형 과업 수행,2,Knowledge(지식),단위 업무 품질 기준
10,영업판매,100210,면세점영업,100210_L2,면세점영업 초급 실무 및 정형 과업 수행,2,Knowledge(지식),데이터 검증 기법
10,영업판매,100210,면세점영업,100210_L2,면세점영업 초급 실무 및 정형 과업 수행,2,Skill(기술/도구),실무 도구/SW 조작
10,영업판매,100210,면세점영업,100210_L2,면세점영업 초급 실무 및 정형 과업 수행,2,Skill(기술/도구),데이터 정제 및 가공
10,영업판매,100210,면세점영업,100210_L2,면세점영업 초급 실무 및 정형 과업 수행,2,Skill(기술/도구),단위 결과물 산출
10,영업판매,100210,면세점영업,100210_L2,면세점영업 초급 실무 및 정형 과업 수행,2,Attitude(태도),정확성과 꼼꼼함
10,영업판매,100210,면세점영업,100210_L2,면세점영업 초급 실무 및 정형 과업 수행,2,Attitude(태도),기한 준수 책임감
10,영업판매,100210,면세점영업,100210_L3,면세점영업 중급 독립 실무 및 문제해결 엔지니어링,3,Knowledge(지식),심화 모델링/설계 이론
10,영업판매,100210,면세점영업,100210_L3,면세점영업 중급 독립 실무 및 문제해결 엔지니어링,3,Knowledge(지식),성능 지표(KPI) 분석법
10,영업판매,100210,면세점영업,100210_L3,면세점영업 중급 독립 실무 및 문제해결 엔지니어링,3,Knowledge(지식),이슈 해결 방법론
10,영업판매,100210,면세점영업,100210_L3,면세점영업 중급 독립 실무 및 문제해결 엔지니어링,3,Skill(기술/도구),고급 도구/코드/기기 활용
10,영업판매,100210,면세점영업,100210_L3,면세점영업 중급 독립 실무 및 문제해결 엔지니어링,3,Skill(기술/도구),원인 분석 및 조치
10,영업판매,100210,면세점영업,100210_L3,면세점영업 중급 독립 실무 및 문제해결 엔지니어링,3,Skill(기술/도구),성과 분석 리포팅
10,영업판매,100210,면세점영업,100210_L3,면세점영업 중급 독립 실무 및 문제해결 엔지니어링,3,Attitude(태도),분석적 사고력
10,영업판매,100210,면세점영업,100210_L3,면세점영업 중급 독립 실무 및 문제해결 엔지니어링,3,Attitude(태도),타 부서와의 원활한 협업 소통
10,영업판매,100210,면세점영업,100210_L4,면세점영업 고급 전문화 및 프로젝트/팀 리딩,4,Knowledge(지식),신기술 융합 아키텍처
10,영업판매,100210,면세점영업,100210_L4,면세점영업 고급 전문화 및 프로젝트/팀 리딩,4,Knowledge(지식),프로젝트 관리론(PMBOK/Agile)
10,영업판매,100210,면세점영업,100210_L4,면세점영업 고급 전문화 및 프로젝트/팀 리딩,4,Knowledge(지식),품질보증(QA) 거버넌스
10,영업판매,100210,면세점영업,100210_L4,면세점영업 고급 전문화 및 프로젝트/팀 리딩,4,Skill(기술/도구),전체 시스템 아키텍처 설계
10,영업판매,100210,면세점영업,100210_L4,면세점영업 고급 전문화 및 프로젝트/팀 리딩,4,Skill(기술/도구),애자일 스프린트 리딩
10,영업판매,100210,면세점영업,100210_L4,면세점영업 고급 전문화 및 프로젝트/팀 리딩,4,Skill(기술/도구),신기술 PoC 검증
10,영업판매,100210,면세점영업,100210_L4,면세점영업 고급 전문화 및 프로젝트/팀 리딩,4,Attitude(태도),혁신 지향 리더십
10,영업판매,100210,면세점영업,100210_L4,면세점영업 고급 전문화 및 프로젝트/팀 리딩,4,Attitude(태도),동료 성장 멘토링 마인드
10,영업판매,100210,면세점영업,100210_L5,면세점영업 전략 기획 및 전사 거버넌스 총괄,5,Knowledge(지식),경영 전략 및 자본 예산 배분
10,영업판매,100210,면세점영업,100210_L5,면세점영업 전략 기획 및 전사 거버넌스 총괄,5,Knowledge(지식),국내외 규제 컴플라이언스
10,영업판매,100210,면세점영업,100210_L5,면세점영업 전략 기획 및 전사 거버넌스 총괄,5,Knowledge(지식),엔터프라이즈 거버넌스
10,영업판매,100210,면세점영업,100210_L5,면세점영업 전략 기획 및 전사 거버넌스 총괄,5,Skill(기술/도구),전사 로드맵 수립
10,영업판매,100210,면세점영업,100210_L5,면세점영업 전략 기획 및 전사 거버넌스 총괄,5,Skill(기술/도구),투자 대비 성과(ROI) 모델링
10,영업판매,100210,면세점영업,100210_L5,면세점영업 전략 기획 및 전사 거버넌스 총괄,5,Skill(기술/도구),최고 의사결정 전략 제언
10,영업판매,100210,면세점영업,100210_L5,면세점영업 전략 기획 및 전사 거버넌스 총괄,5,Attitude(태도),거시적 통찰력
10,영업판매,100210,면세점영업,100210_L5,면세점영업 전략 기획 및 전사 거버넌스 총괄,5,Attitude(태도),전략적 윤리 리더십
11,경비·청소,110101,CCTV통합관제,110101_L1,CCTV통합관제 기초 입문 및 업무 환경 지원,1,Knowledge(지식),CCTV통합관제 개론
11,경비·청소,110101,CCTV통합관제,110101_L1,CCTV통합관제 기초 입문 및 업무 환경 지원,1,Knowledge(지식),표준 작업 지침서
11,경비·청소,110101,CCTV통합관제,110101_L1,CCTV통합관제 기초 입문 및 업무 환경 지원,1,Knowledge(지식),기초 법령/규정
11,경비·청소,110101,CCTV통합관제,110101_L1,CCTV통합관제 기초 입문 및 업무 환경 지원,1,Skill(기술/도구),기초 전산 툴 조작
11,경비·청소,110101,CCTV통합관제,110101_L1,CCTV통합관제 기초 입문 및 업무 환경 지원,1,Skill(기술/도구),문서 서식 작성
11,경비·청소,110101,CCTV통합관제,110101_L1,CCTV통합관제 기초 입문 및 업무 환경 지원,1,Skill(기술/도구),자료 검색 및 분류
11,경비·청소,110101,CCTV통합관제,110101_L1,CCTV통합관제 기초 입문 및 업무 환경 지원,1,Attitude(태도),규정 준수 의식
11,경비·청소,110101,CCTV통합관제,110101_L1,CCTV통합관제 기초 입문 및 업무 환경 지원,1,Attitude(태도),성실한 업무 지원 태도
11,경비·청소,110101,CCTV통합관제,110101_L2,CCTV통합관제 초급 실무 및 정형 과업 수행,2,Knowledge(지식),CCTV통합관제 실무 프로세스
11,경비·청소,110101,CCTV통합관제,110101_L2,CCTV통합관제 초급 실무 및 정형 과업 수행,2,Knowledge(지식),단위 업무 품질 기준
11,경비·청소,110101,CCTV통합관제,110101_L2,CCTV통합관제 초급 실무 및 정형 과업 수행,2,Knowledge(지식),데이터 검증 기법
11,경비·청소,110101,CCTV통합관제,110101_L2,CCTV통합관제 초급 실무 및 정형 과업 수행,2,Skill(기술/도구),실무 도구/SW 조작
11,경비·청소,110101,CCTV통합관제,110101_L2,CCTV통합관제 초급 실무 및 정형 과업 수행,2,Skill(기술/도구),데이터 정제 및 가공
11,경비·청소,110101,CCTV통합관제,110101_L2,CCTV통합관제 초급 실무 및 정형 과업 수행,2,Skill(기술/도구),단위 결과물 산출
11,경비·청소,110101,CCTV통합관제,110101_L2,CCTV통합관제 초급 실무 및 정형 과업 수행,2,Attitude(태도),정확성과 꼼꼼함
11,경비·청소,110101,CCTV통합관제,110101_L2,CCTV통합관제 초급 실무 및 정형 과업 수행,2,Attitude(태도),기한 준수 책임감
11,경비·청소,110101,CCTV통합관제,110101_L3,CCTV통합관제 중급 독립 실무 및 문제해결 엔지니어링,3,Knowledge(지식),심화 모델링/설계 이론
11,경비·청소,110101,CCTV통합관제,110101_L3,CCTV통합관제 중급 독립 실무 및 문제해결 엔지니어링,3,Knowledge(지식),성능 지표(KPI) 분석법
11,경비·청소,110101,CCTV통합관제,110101_L3,CCTV통합관제 중급 독립 실무 및 문제해결 엔지니어링,3,Knowledge(지식),이슈 해결 방법론
11,경비·청소,110101,CCTV통합관제,110101_L3,CCTV통합관제 중급 독립 실무 및 문제해결 엔지니어링,3,Skill(기술/도구),고급 도구/코드/기기 활용
11,경비·청소,110101,CCTV통합관제,110101_L3,CCTV통합관제 중급 독립 실무 및 문제해결 엔지니어링,3,Skill(기술/도구),원인 분석 및 조치
11,경비·청소,110101,CCTV통합관제,110101_L3,CCTV통합관제 중급 독립 실무 및 문제해결 엔지니어링,3,Skill(기술/도구),성과 분석 리포팅
11,경비·청소,110101,CCTV통합관제,110101_L3,CCTV통합관제 중급 독립 실무 및 문제해결 엔지니어링,3,Attitude(태도),분석적 사고력
11,경비·청소,110101,CCTV통합관제,110101_L3,CCTV통합관제 중급 독립 실무 및 문제해결 엔지니어링,3,Attitude(태도),타 부서와의 원활한 협업 소통
11,경비·청소,110101,CCTV통합관제,110101_L4,CCTV통합관제 고급 전문화 및 프로젝트/팀 리딩,4,Knowledge(지식),신기술 융합 아키텍처
11,경비·청소,110101,CCTV통합관제,110101_L4,CCTV통합관제 고급 전문화 및 프로젝트/팀 리딩,4,Knowledge(지식),프로젝트 관리론(PMBOK/Agile)
11,경비·청소,110101,CCTV통합관제,110101_L4,CCTV통합관제 고급 전문화 및 프로젝트/팀 리딩,4,Knowledge(지식),품질보증(QA) 거버넌스
11,경비·청소,110101,CCTV통합관제,110101_L4,CCTV통합관제 고급 전문화 및 프로젝트/팀 리딩,4,Skill(기술/도구),전체 시스템 아키텍처 설계
11,경비·청소,110101,CCTV통합관제,110101_L4,CCTV통합관제 고급 전문화 및 프로젝트/팀 리딩,4,Skill(기술/도구),애자일 스프린트 리딩
11,경비·청소,110101,CCTV통합관제,110101_L4,CCTV통합관제 고급 전문화 및 프로젝트/팀 리딩,4,Skill(기술/도구),신기술 PoC 검증
11,경비·청소,110101,CCTV통합관제,110101_L4,CCTV통합관제 고급 전문화 및 프로젝트/팀 리딩,4,Attitude(태도),혁신 지향 리더십
11,경비·청소,110101,CCTV통합관제,110101_L4,CCTV통합관제 고급 전문화 및 프로젝트/팀 리딩,4,Attitude(태도),동료 성장 멘토링 마인드
11,경비·청소,110101,CCTV통합관제,110101_L5,CCTV통합관제 전략 기획 및 전사 거버넌스 총괄,5,Knowledge(지식),경영 전략 및 자본 예산 배분
11,경비·청소,110101,CCTV통합관제,110101_L5,CCTV통합관제 전략 기획 및 전사 거버넌스 총괄,5,Knowledge(지식),국내외 규제 컴플라이언스
11,경비·청소,110101,CCTV통합관제,110101_L5,CCTV통합관제 전략 기획 및 전사 거버넌스 총괄,5,Knowledge(지식),엔터프라이즈 거버넌스
11,경비·청소,110101,CCTV통합관제,110101_L5,CCTV통합관제 전략 기획 및 전사 거버넌스 총괄,5,Skill(기술/도구),전사 로드맵 수립
11,경비·청소,110101,CCTV통합관제,110101_L5,CCTV통합관제 전략 기획 및 전사 거버넌스 총괄,5,Skill(기술/도구),투자 대비 성과(ROI) 모델링
11,경비·청소,110101,CCTV통합관제,110101_L5,CCTV통합관제 전략 기획 및 전사 거버넌스 총괄,5,Skill(기술/도구),최고 의사결정 전략 제언
11,경비·청소,110101,CCTV통합관제,110101_L5,CCTV통합관제 전략 기획 및 전사 거버넌스 총괄,5,Attitude(태도),거시적 통찰력
11,경비·청소,110101,CCTV통합관제,110101_L5,CCTV통합관제 전략 기획 및 전사 거버넌스 총괄,5,Attitude(태도),전략적 윤리 리더십
11,경비·청소,110102,기계경비운용,110102_L1,기계경비운용 기초 입문 및 업무 환경 지원,1,Knowledge(지식),기계경비운용 개론
11,경비·청소,110102,기계경비운용,110102_L1,기계경비운용 기초 입문 및 업무 환경 지원,1,Knowledge(지식),표준 작업 지침서
11,경비·청소,110102,기계경비운용,110102_L1,기계경비운용 기초 입문 및 업무 환경 지원,1,Knowledge(지식),기초 법령/규정
11,경비·청소,110102,기계경비운용,110102_L1,기계경비운용 기초 입문 및 업무 환경 지원,1,Skill(기술/도구),기초 전산 툴 조작
11,경비·청소,110102,기계경비운용,110102_L1,기계경비운용 기초 입문 및 업무 환경 지원,1,Skill(기술/도구),문서 서식 작성
11,경비·청소,110102,기계경비운용,110102_L1,기계경비운용 기초 입문 및 업무 환경 지원,1,Skill(기술/도구),자료 검색 및 분류
11,경비·청소,110102,기계경비운용,110102_L1,기계경비운용 기초 입문 및 업무 환경 지원,1,Attitude(태도),규정 준수 의식
11,경비·청소,110102,기계경비운용,110102_L1,기계경비운용 기초 입문 및 업무 환경 지원,1,Attitude(태도),성실한 업무 지원 태도
11,경비·청소,110102,기계경비운용,110102_L2,기계경비운용 초급 실무 및 정형 과업 수행,2,Knowledge(지식),기계경비운용 실무 프로세스
11,경비·청소,110102,기계경비운용,110102_L2,기계경비운용 초급 실무 및 정형 과업 수행,2,Knowledge(지식),단위 업무 품질 기준
11,경비·청소,110102,기계경비운용,110102_L2,기계경비운용 초급 실무 및 정형 과업 수행,2,Knowledge(지식),데이터 검증 기법
11,경비·청소,110102,기계경비운용,110102_L2,기계경비운용 초급 실무 및 정형 과업 수행,2,Skill(기술/도구),실무 도구/SW 조작
11,경비·청소,110102,기계경비운용,110102_L2,기계경비운용 초급 실무 및 정형 과업 수행,2,Skill(기술/도구),데이터 정제 및 가공
11,경비·청소,110102,기계경비운용,110102_L2,기계경비운용 초급 실무 및 정형 과업 수행,2,Skill(기술/도구),단위 결과물 산출
11,경비·청소,110102,기계경비운용,110102_L2,기계경비운용 초급 실무 및 정형 과업 수행,2,Attitude(태도),정확성과 꼼꼼함
11,경비·청소,110102,기계경비운용,110102_L2,기계경비운용 초급 실무 및 정형 과업 수행,2,Attitude(태도),기한 준수 책임감
11,경비·청소,110102,기계경비운용,110102_L3,기계경비운용 중급 독립 실무 및 문제해결 엔지니어링,3,Knowledge(지식),심화 모델링/설계 이론
11,경비·청소,110102,기계경비운용,110102_L3,기계경비운용 중급 독립 실무 및 문제해결 엔지니어링,3,Knowledge(지식),성능 지표(KPI) 분석법
11,경비·청소,110102,기계경비운용,110102_L3,기계경비운용 중급 독립 실무 및 문제해결 엔지니어링,3,Knowledge(지식),이슈 해결 방법론
11,경비·청소,110102,기계경비운용,110102_L3,기계경비운용 중급 독립 실무 및 문제해결 엔지니어링,3,Skill(기술/도구),고급 도구/코드/기기 활용
11,경비·청소,110102,기계경비운용,110102_L3,기계경비운용 중급 독립 실무 및 문제해결 엔지니어링,3,Skill(기술/도구),원인 분석 및 조치
11,경비·청소,110102,기계경비운용,110102_L3,기계경비운용 중급 독립 실무 및 문제해결 엔지니어링,3,Skill(기술/도구),성과 분석 리포팅
11,경비·청소,110102,기계경비운용,110102_L3,기계경비운용 중급 독립 실무 및 문제해결 엔지니어링,3,Attitude(태도),분석적 사고력
11,경비·청소,110102,기계경비운용,110102_L3,기계경비운용 중급 독립 실무 및 문제해결 엔지니어링,3,Attitude(태도),타 부서와의 원활한 협업 소통
11,경비·청소,110102,기계경비운용,110102_L4,기계경비운용 고급 전문화 및 프로젝트/팀 리딩,4,Knowledge(지식),신기술 융합 아키텍처
11,경비·청소,110102,기계경비운용,110102_L4,기계경비운용 고급 전문화 및 프로젝트/팀 리딩,4,Knowledge(지식),프로젝트 관리론(PMBOK/Agile)
11,경비·청소,110102,기계경비운용,110102_L4,기계경비운용 고급 전문화 및 프로젝트/팀 리딩,4,Knowledge(지식),품질보증(QA) 거버넌스
11,경비·청소,110102,기계경비운용,110102_L4,기계경비운용 고급 전문화 및 프로젝트/팀 리딩,4,Skill(기술/도구),전체 시스템 아키텍처 설계
11,경비·청소,110102,기계경비운용,110102_L4,기계경비운용 고급 전문화 및 프로젝트/팀 리딩,4,Skill(기술/도구),애자일 스프린트 리딩
11,경비·청소,110102,기계경비운용,110102_L4,기계경비운용 고급 전문화 및 프로젝트/팀 리딩,4,Skill(기술/도구),신기술 PoC 검증
11,경비·청소,110102,기계경비운용,110102_L4,기계경비운용 고급 전문화 및 프로젝트/팀 리딩,4,Attitude(태도),혁신 지향 리더십
11,경비·청소,110102,기계경비운용,110102_L4,기계경비운용 고급 전문화 및 프로젝트/팀 리딩,4,Attitude(태도),동료 성장 멘토링 마인드
11,경비·청소,110102,기계경비운용,110102_L5,기계경비운용 전략 기획 및 전사 거버넌스 총괄,5,Knowledge(지식),경영 전략 및 자본 예산 배분
11,경비·청소,110102,기계경비운용,110102_L5,기계경비운용 전략 기획 및 전사 거버넌스 총괄,5,Knowledge(지식),국내외 규제 컴플라이언스
11,경비·청소,110102,기계경비운용,110102_L5,기계경비운용 전략 기획 및 전사 거버넌스 총괄,5,Knowledge(지식),엔터프라이즈 거버넌스
11,경비·청소,110102,기계경비운용,110102_L5,기계경비운용 전략 기획 및 전사 거버넌스 총괄,5,Skill(기술/도구),전사 로드맵 수립
11,경비·청소,110102,기계경비운용,110102_L5,기계경비운용 전략 기획 및 전사 거버넌스 총괄,5,Skill(기술/도구),투자 대비 성과(ROI) 모델링
11,경비·청소,110102,기계경비운용,110102_L5,기계경비운용 전략 기획 및 전사 거버넌스 총괄,5,Skill(기술/도구),최고 의사결정 전략 제언
11,경비·청소,110102,기계경비운용,110102_L5,기계경비운용 전략 기획 및 전사 거버넌스 총괄,5,Attitude(태도),거시적 통찰력
11,경비·청소,110102,기계경비운용,110102_L5,기계경비운용 전략 기획 및 전사 거버넌스 총괄,5,Attitude(태도),전략적 윤리 리더십
11,경비·청소,110103,시설보안관리,110103_L1,시설보안관리 기초 입문 및 업무 환경 지원,1,Knowledge(지식),시설보안관리 개론
11,경비·청소,110103,시설보안관리,110103_L1,시설보안관리 기초 입문 및 업무 환경 지원,1,Knowledge(지식),표준 작업 지침서
11,경비·청소,110103,시설보안관리,110103_L1,시설보안관리 기초 입문 및 업무 환경 지원,1,Knowledge(지식),기초 법령/규정
11,경비·청소,110103,시설보안관리,110103_L1,시설보안관리 기초 입문 및 업무 환경 지원,1,Skill(기술/도구),기초 전산 툴 조작
11,경비·청소,110103,시설보안관리,110103_L1,시설보안관리 기초 입문 및 업무 환경 지원,1,Skill(기술/도구),문서 서식 작성
11,경비·청소,110103,시설보안관리,110103_L1,시설보안관리 기초 입문 및 업무 환경 지원,1,Skill(기술/도구),자료 검색 및 분류
11,경비·청소,110103,시설보안관리,110103_L1,시설보안관리 기초 입문 및 업무 환경 지원,1,Attitude(태도),규정 준수 의식
11,경비·청소,110103,시설보안관리,110103_L1,시설보안관리 기초 입문 및 업무 환경 지원,1,Attitude(태도),성실한 업무 지원 태도
11,경비·청소,110103,시설보안관리,110103_L2,시설보안관리 초급 실무 및 정형 과업 수행,2,Knowledge(지식),시설보안관리 실무 프로세스
11,경비·청소,110103,시설보안관리,110103_L2,시설보안관리 초급 실무 및 정형 과업 수행,2,Knowledge(지식),단위 업무 품질 기준
11,경비·청소,110103,시설보안관리,110103_L2,시설보안관리 초급 실무 및 정형 과업 수행,2,Knowledge(지식),데이터 검증 기법
11,경비·청소,110103,시설보안관리,110103_L2,시설보안관리 초급 실무 및 정형 과업 수행,2,Skill(기술/도구),실무 도구/SW 조작
11,경비·청소,110103,시설보안관리,110103_L2,시설보안관리 초급 실무 및 정형 과업 수행,2,Skill(기술/도구),데이터 정제 및 가공
11,경비·청소,110103,시설보안관리,110103_L2,시설보안관리 초급 실무 및 정형 과업 수행,2,Skill(기술/도구),단위 결과물 산출
11,경비·청소,110103,시설보안관리,110103_L2,시설보안관리 초급 실무 및 정형 과업 수행,2,Attitude(태도),정확성과 꼼꼼함
11,경비·청소,110103,시설보안관리,110103_L2,시설보안관리 초급 실무 및 정형 과업 수행,2,Attitude(태도),기한 준수 책임감
11,경비·청소,110103,시설보안관리,110103_L3,시설보안관리 중급 독립 실무 및 문제해결 엔지니어링,3,Knowledge(지식),심화 모델링/설계 이론
11,경비·청소,110103,시설보안관리,110103_L3,시설보안관리 중급 독립 실무 및 문제해결 엔지니어링,3,Knowledge(지식),성능 지표(KPI) 분석법
11,경비·청소,110103,시설보안관리,110103_L3,시설보안관리 중급 독립 실무 및 문제해결 엔지니어링,3,Knowledge(지식),이슈 해결 방법론
11,경비·청소,110103,시설보안관리,110103_L3,시설보안관리 중급 독립 실무 및 문제해결 엔지니어링,3,Skill(기술/도구),고급 도구/코드/기기 활용
11,경비·청소,110103,시설보안관리,110103_L3,시설보안관리 중급 독립 실무 및 문제해결 엔지니어링,3,Skill(기술/도구),원인 분석 및 조치
11,경비·청소,110103,시설보안관리,110103_L3,시설보안관리 중급 독립 실무 및 문제해결 엔지니어링,3,Skill(기술/도구),성과 분석 리포팅
11,경비·청소,110103,시설보안관리,110103_L3,시설보안관리 중급 독립 실무 및 문제해결 엔지니어링,3,Attitude(태도),분석적 사고력
11,경비·청소,110103,시설보안관리,110103_L3,시설보안관리 중급 독립 실무 및 문제해결 엔지니어링,3,Attitude(태도),타 부서와의 원활한 협업 소통
11,경비·청소,110103,시설보안관리,110103_L4,시설보안관리 고급 전문화 및 프로젝트/팀 리딩,4,Knowledge(지식),신기술 융합 아키텍처
11,경비·청소,110103,시설보안관리,110103_L4,시설보안관리 고급 전문화 및 프로젝트/팀 리딩,4,Knowledge(지식),프로젝트 관리론(PMBOK/Agile)
11,경비·청소,110103,시설보안관리,110103_L4,시설보안관리 고급 전문화 및 프로젝트/팀 리딩,4,Knowledge(지식),품질보증(QA) 거버넌스
11,경비·청소,110103,시설보안관리,110103_L4,시설보안관리 고급 전문화 및 프로젝트/팀 리딩,4,Skill(기술/도구),전체 시스템 아키텍처 설계
11,경비·청소,110103,시설보안관리,110103_L4,시설보안관리 고급 전문화 및 프로젝트/팀 리딩,4,Skill(기술/도구),애자일 스프린트 리딩
11,경비·청소,110103,시설보안관리,110103_L4,시설보안관리 고급 전문화 및 프로젝트/팀 리딩,4,Skill(기술/도구),신기술 PoC 검증
11,경비·청소,110103,시설보안관리,110103_L4,시설보안관리 고급 전문화 및 프로젝트/팀 리딩,4,Attitude(태도),혁신 지향 리더십
11,경비·청소,110103,시설보안관리,110103_L4,시설보안관리 고급 전문화 및 프로젝트/팀 리딩,4,Attitude(태도),동료 성장 멘토링 마인드
11,경비·청소,110103,시설보안관리,110103_L5,시설보안관리 전략 기획 및 전사 거버넌스 총괄,5,Knowledge(지식),경영 전략 및 자본 예산 배분
11,경비·청소,110103,시설보안관리,110103_L5,시설보안관리 전략 기획 및 전사 거버넌스 총괄,5,Knowledge(지식),국내외 규제 컴플라이언스
11,경비·청소,110103,시설보안관리,110103_L5,시설보안관리 전략 기획 및 전사 거버넌스 총괄,5,Knowledge(지식),엔터프라이즈 거버넌스
11,경비·청소,110103,시설보안관리,110103_L5,시설보안관리 전략 기획 및 전사 거버넌스 총괄,5,Skill(기술/도구),전사 로드맵 수립
11,경비·청소,110103,시설보안관리,110103_L5,시설보안관리 전략 기획 및 전사 거버넌스 총괄,5,Skill(기술/도구),투자 대비 성과(ROI) 모델링
11,경비·청소,110103,시설보안관리,110103_L5,시설보안관리 전략 기획 및 전사 거버넌스 총괄,5,Skill(기술/도구),최고 의사결정 전략 제언
11,경비·청소,110103,시설보안관리,110103_L5,시설보안관리 전략 기획 및 전사 거버넌스 총괄,5,Attitude(태도),거시적 통찰력
11,경비·청소,110103,시설보안관리,110103_L5,시설보안관리 전략 기획 및 전사 거버넌스 총괄,5,Attitude(태도),전략적 윤리 리더십
11,경비·청소,110104,신변보호,110104_L1,신변보호 기초 입문 및 업무 환경 지원,1,Knowledge(지식),신변보호 개론
11,경비·청소,110104,신변보호,110104_L1,신변보호 기초 입문 및 업무 환경 지원,1,Knowledge(지식),표준 작업 지침서
11,경비·청소,110104,신변보호,110104_L1,신변보호 기초 입문 및 업무 환경 지원,1,Knowledge(지식),기초 법령/규정
11,경비·청소,110104,신변보호,110104_L1,신변보호 기초 입문 및 업무 환경 지원,1,Skill(기술/도구),기초 전산 툴 조작
11,경비·청소,110104,신변보호,110104_L1,신변보호 기초 입문 및 업무 환경 지원,1,Skill(기술/도구),문서 서식 작성
11,경비·청소,110104,신변보호,110104_L1,신변보호 기초 입문 및 업무 환경 지원,1,Skill(기술/도구),자료 검색 및 분류
11,경비·청소,110104,신변보호,110104_L1,신변보호 기초 입문 및 업무 환경 지원,1,Attitude(태도),규정 준수 의식
11,경비·청소,110104,신변보호,110104_L1,신변보호 기초 입문 및 업무 환경 지원,1,Attitude(태도),성실한 업무 지원 태도
11,경비·청소,110104,신변보호,110104_L2,신변보호 초급 실무 및 정형 과업 수행,2,Knowledge(지식),신변보호 실무 프로세스
11,경비·청소,110104,신변보호,110104_L2,신변보호 초급 실무 및 정형 과업 수행,2,Knowledge(지식),단위 업무 품질 기준
11,경비·청소,110104,신변보호,110104_L2,신변보호 초급 실무 및 정형 과업 수행,2,Knowledge(지식),데이터 검증 기법
11,경비·청소,110104,신변보호,110104_L2,신변보호 초급 실무 및 정형 과업 수행,2,Skill(기술/도구),실무 도구/SW 조작
11,경비·청소,110104,신변보호,110104_L2,신변보호 초급 실무 및 정형 과업 수행,2,Skill(기술/도구),데이터 정제 및 가공
11,경비·청소,110104,신변보호,110104_L2,신변보호 초급 실무 및 정형 과업 수행,2,Skill(기술/도구),단위 결과물 산출
11,경비·청소,110104,신변보호,110104_L2,신변보호 초급 실무 및 정형 과업 수행,2,Attitude(태도),정확성과 꼼꼼함
11,경비·청소,110104,신변보호,110104_L2,신변보호 초급 실무 및 정형 과업 수행,2,Attitude(태도),기한 준수 책임감
11,경비·청소,110104,신변보호,110104_L3,신변보호 중급 독립 실무 및 문제해결 엔지니어링,3,Knowledge(지식),심화 모델링/설계 이론
11,경비·청소,110104,신변보호,110104_L3,신변보호 중급 독립 실무 및 문제해결 엔지니어링,3,Knowledge(지식),성능 지표(KPI) 분석법
11,경비·청소,110104,신변보호,110104_L3,신변보호 중급 독립 실무 및 문제해결 엔지니어링,3,Knowledge(지식),이슈 해결 방법론
11,경비·청소,110104,신변보호,110104_L3,신변보호 중급 독립 실무 및 문제해결 엔지니어링,3,Skill(기술/도구),고급 도구/코드/기기 활용
11,경비·청소,110104,신변보호,110104_L3,신변보호 중급 독립 실무 및 문제해결 엔지니어링,3,Skill(기술/도구),원인 분석 및 조치
11,경비·청소,110104,신변보호,110104_L3,신변보호 중급 독립 실무 및 문제해결 엔지니어링,3,Skill(기술/도구),성과 분석 리포팅
11,경비·청소,110104,신변보호,110104_L3,신변보호 중급 독립 실무 및 문제해결 엔지니어링,3,Attitude(태도),분석적 사고력
11,경비·청소,110104,신변보호,110104_L3,신변보호 중급 독립 실무 및 문제해결 엔지니어링,3,Attitude(태도),타 부서와의 원활한 협업 소통
11,경비·청소,110104,신변보호,110104_L4,신변보호 고급 전문화 및 프로젝트/팀 리딩,4,Knowledge(지식),신기술 융합 아키텍처
11,경비·청소,110104,신변보호,110104_L4,신변보호 고급 전문화 및 프로젝트/팀 리딩,4,Knowledge(지식),프로젝트 관리론(PMBOK/Agile)
11,경비·청소,110104,신변보호,110104_L4,신변보호 고급 전문화 및 프로젝트/팀 리딩,4,Knowledge(지식),품질보증(QA) 거버넌스
11,경비·청소,110104,신변보호,110104_L4,신변보호 고급 전문화 및 프로젝트/팀 리딩,4,Skill(기술/도구),전체 시스템 아키텍처 설계
11,경비·청소,110104,신변보호,110104_L4,신변보호 고급 전문화 및 프로젝트/팀 리딩,4,Skill(기술/도구),애자일 스프린트 리딩
11,경비·청소,110104,신변보호,110104_L4,신변보호 고급 전문화 및 프로젝트/팀 리딩,4,Skill(기술/도구),신기술 PoC 검증
11,경비·청소,110104,신변보호,110104_L4,신변보호 고급 전문화 및 프로젝트/팀 리딩,4,Attitude(태도),혁신 지향 리더십
11,경비·청소,110104,신변보호,110104_L4,신변보호 고급 전문화 및 프로젝트/팀 리딩,4,Attitude(태도),동료 성장 멘토링 마인드
11,경비·청소,110104,신변보호,110104_L5,신변보호 전략 기획 및 전사 거버넌스 총괄,5,Knowledge(지식),경영 전략 및 자본 예산 배분
11,경비·청소,110104,신변보호,110104_L5,신변보호 전략 기획 및 전사 거버넌스 총괄,5,Knowledge(지식),국내외 규제 컴플라이언스
11,경비·청소,110104,신변보호,110104_L5,신변보호 전략 기획 및 전사 거버넌스 총괄,5,Knowledge(지식),엔터프라이즈 거버넌스
11,경비·청소,110104,신변보호,110104_L5,신변보호 전략 기획 및 전사 거버넌스 총괄,5,Skill(기술/도구),전사 로드맵 수립
11,경비·청소,110104,신변보호,110104_L5,신변보호 전략 기획 및 전사 거버넌스 총괄,5,Skill(기술/도구),투자 대비 성과(ROI) 모델링
11,경비·청소,110104,신변보호,110104_L5,신변보호 전략 기획 및 전사 거버넌스 총괄,5,Skill(기술/도구),최고 의사결정 전략 제언
11,경비·청소,110104,신변보호,110104_L5,신변보호 전략 기획 및 전사 거버넌스 총괄,5,Attitude(태도),거시적 통찰력
11,경비·청소,110104,신변보호,110104_L5,신변보호 전략 기획 및 전사 거버넌스 총괄,5,Attitude(태도),전략적 윤리 리더십
11,경비·청소,110105,항공보안검색,110105_L1,항공보안검색 기초 입문 및 업무 환경 지원,1,Knowledge(지식),항공보안검색 개론
11,경비·청소,110105,항공보안검색,110105_L1,항공보안검색 기초 입문 및 업무 환경 지원,1,Knowledge(지식),표준 작업 지침서
11,경비·청소,110105,항공보안검색,110105_L1,항공보안검색 기초 입문 및 업무 환경 지원,1,Knowledge(지식),기초 법령/규정
11,경비·청소,110105,항공보안검색,110105_L1,항공보안검색 기초 입문 및 업무 환경 지원,1,Skill(기술/도구),기초 전산 툴 조작
11,경비·청소,110105,항공보안검색,110105_L1,항공보안검색 기초 입문 및 업무 환경 지원,1,Skill(기술/도구),문서 서식 작성
11,경비·청소,110105,항공보안검색,110105_L1,항공보안검색 기초 입문 및 업무 환경 지원,1,Skill(기술/도구),자료 검색 및 분류
11,경비·청소,110105,항공보안검색,110105_L1,항공보안검색 기초 입문 및 업무 환경 지원,1,Attitude(태도),규정 준수 의식
11,경비·청소,110105,항공보안검색,110105_L1,항공보안검색 기초 입문 및 업무 환경 지원,1,Attitude(태도),성실한 업무 지원 태도
11,경비·청소,110105,항공보안검색,110105_L2,항공보안검색 초급 실무 및 정형 과업 수행,2,Knowledge(지식),항공보안검색 실무 프로세스
11,경비·청소,110105,항공보안검색,110105_L2,항공보안검색 초급 실무 및 정형 과업 수행,2,Knowledge(지식),단위 업무 품질 기준
11,경비·청소,110105,항공보안검색,110105_L2,항공보안검색 초급 실무 및 정형 과업 수행,2,Knowledge(지식),데이터 검증 기법
11,경비·청소,110105,항공보안검색,110105_L2,항공보안검색 초급 실무 및 정형 과업 수행,2,Skill(기술/도구),실무 도구/SW 조작
11,경비·청소,110105,항공보안검색,110105_L2,항공보안검색 초급 실무 및 정형 과업 수행,2,Skill(기술/도구),데이터 정제 및 가공
11,경비·청소,110105,항공보안검색,110105_L2,항공보안검색 초급 실무 및 정형 과업 수행,2,Skill(기술/도구),단위 결과물 산출
11,경비·청소,110105,항공보안검색,110105_L2,항공보안검색 초급 실무 및 정형 과업 수행,2,Attitude(태도),정확성과 꼼꼼함
11,경비·청소,110105,항공보안검색,110105_L2,항공보안검색 초급 실무 및 정형 과업 수행,2,Attitude(태도),기한 준수 책임감
11,경비·청소,110105,항공보안검색,110105_L3,항공보안검색 중급 독립 실무 및 문제해결 엔지니어링,3,Knowledge(지식),심화 모델링/설계 이론
11,경비·청소,110105,항공보안검색,110105_L3,항공보안검색 중급 독립 실무 및 문제해결 엔지니어링,3,Knowledge(지식),성능 지표(KPI) 분석법
11,경비·청소,110105,항공보안검색,110105_L3,항공보안검색 중급 독립 실무 및 문제해결 엔지니어링,3,Knowledge(지식),이슈 해결 방법론
11,경비·청소,110105,항공보안검색,110105_L3,항공보안검색 중급 독립 실무 및 문제해결 엔지니어링,3,Skill(기술/도구),고급 도구/코드/기기 활용
11,경비·청소,110105,항공보안검색,110105_L3,항공보안검색 중급 독립 실무 및 문제해결 엔지니어링,3,Skill(기술/도구),원인 분석 및 조치
11,경비·청소,110105,항공보안검색,110105_L3,항공보안검색 중급 독립 실무 및 문제해결 엔지니어링,3,Skill(기술/도구),성과 분석 리포팅
11,경비·청소,110105,항공보안검색,110105_L3,항공보안검색 중급 독립 실무 및 문제해결 엔지니어링,3,Attitude(태도),분석적 사고력
11,경비·청소,110105,항공보안검색,110105_L3,항공보안검색 중급 독립 실무 및 문제해결 엔지니어링,3,Attitude(태도),타 부서와의 원활한 협업 소통
11,경비·청소,110105,항공보안검색,110105_L4,항공보안검색 고급 전문화 및 프로젝트/팀 리딩,4,Knowledge(지식),신기술 융합 아키텍처
11,경비·청소,110105,항공보안검색,110105_L4,항공보안검색 고급 전문화 및 프로젝트/팀 리딩,4,Knowledge(지식),프로젝트 관리론(PMBOK/Agile)
11,경비·청소,110105,항공보안검색,110105_L4,항공보안검색 고급 전문화 및 프로젝트/팀 리딩,4,Knowledge(지식),품질보증(QA) 거버넌스
11,경비·청소,110105,항공보안검색,110105_L4,항공보안검색 고급 전문화 및 프로젝트/팀 리딩,4,Skill(기술/도구),전체 시스템 아키텍처 설계
11,경비·청소,110105,항공보안검색,110105_L4,항공보안검색 고급 전문화 및 프로젝트/팀 리딩,4,Skill(기술/도구),애자일 스프린트 리딩
11,경비·청소,110105,항공보안검색,110105_L4,항공보안검색 고급 전문화 및 프로젝트/팀 리딩,4,Skill(기술/도구),신기술 PoC 검증
11,경비·청소,110105,항공보안검색,110105_L4,항공보안검색 고급 전문화 및 프로젝트/팀 리딩,4,Attitude(태도),혁신 지향 리더십
11,경비·청소,110105,항공보안검색,110105_L4,항공보안검색 고급 전문화 및 프로젝트/팀 리딩,4,Attitude(태도),동료 성장 멘토링 마인드
11,경비·청소,110105,항공보안검색,110105_L5,항공보안검색 전략 기획 및 전사 거버넌스 총괄,5,Knowledge(지식),경영 전략 및 자본 예산 배분
11,경비·청소,110105,항공보안검색,110105_L5,항공보안검색 전략 기획 및 전사 거버넌스 총괄,5,Knowledge(지식),국내외 규제 컴플라이언스
11,경비·청소,110105,항공보안검색,110105_L5,항공보안검색 전략 기획 및 전사 거버넌스 총괄,5,Knowledge(지식),엔터프라이즈 거버넌스
11,경비·청소,110105,항공보안검색,110105_L5,항공보안검색 전략 기획 및 전사 거버넌스 총괄,5,Skill(기술/도구),전사 로드맵 수립
11,경비·청소,110105,항공보안검색,110105_L5,항공보안검색 전략 기획 및 전사 거버넌스 총괄,5,Skill(기술/도구),투자 대비 성과(ROI) 모델링
11,경비·청소,110105,항공보안검색,110105_L5,항공보안검색 전략 기획 및 전사 거버넌스 총괄,5,Skill(기술/도구),최고 의사결정 전략 제언
11,경비·청소,110105,항공보안검색,110105_L5,항공보안검색 전략 기획 및 전사 거버넌스 총괄,5,Attitude(태도),거시적 통찰력
11,경비·청소,110105,항공보안검색,110105_L5,항공보안검색 전략 기획 및 전사 거버넌스 총괄,5,Attitude(태도),전략적 윤리 리더십
11,경비·청소,110206,스마트빌딩자동제어(BAS),110206_L1,스마트빌딩자동제어(BAS) 기초 입문 및 업무 환경 지원,1,Knowledge(지식),스마트빌딩자동제어(BAS) 개론
11,경비·청소,110206,스마트빌딩자동제어(BAS),110206_L1,스마트빌딩자동제어(BAS) 기초 입문 및 업무 환경 지원,1,Knowledge(지식),표준 작업 지침서
11,경비·청소,110206,스마트빌딩자동제어(BAS),110206_L1,스마트빌딩자동제어(BAS) 기초 입문 및 업무 환경 지원,1,Knowledge(지식),기초 법령/규정
11,경비·청소,110206,스마트빌딩자동제어(BAS),110206_L1,스마트빌딩자동제어(BAS) 기초 입문 및 업무 환경 지원,1,Skill(기술/도구),기초 전산 툴 조작
11,경비·청소,110206,스마트빌딩자동제어(BAS),110206_L1,스마트빌딩자동제어(BAS) 기초 입문 및 업무 환경 지원,1,Skill(기술/도구),문서 서식 작성
11,경비·청소,110206,스마트빌딩자동제어(BAS),110206_L1,스마트빌딩자동제어(BAS) 기초 입문 및 업무 환경 지원,1,Skill(기술/도구),자료 검색 및 분류
11,경비·청소,110206,스마트빌딩자동제어(BAS),110206_L1,스마트빌딩자동제어(BAS) 기초 입문 및 업무 환경 지원,1,Attitude(태도),규정 준수 의식
11,경비·청소,110206,스마트빌딩자동제어(BAS),110206_L1,스마트빌딩자동제어(BAS) 기초 입문 및 업무 환경 지원,1,Attitude(태도),성실한 업무 지원 태도
11,경비·청소,110206,스마트빌딩자동제어(BAS),110206_L2,스마트빌딩자동제어(BAS) 초급 실무 및 정형 과업 수행,2,Knowledge(지식),스마트빌딩자동제어(BAS) 실무 프로세스
11,경비·청소,110206,스마트빌딩자동제어(BAS),110206_L2,스마트빌딩자동제어(BAS) 초급 실무 및 정형 과업 수행,2,Knowledge(지식),단위 업무 품질 기준
11,경비·청소,110206,스마트빌딩자동제어(BAS),110206_L2,스마트빌딩자동제어(BAS) 초급 실무 및 정형 과업 수행,2,Knowledge(지식),데이터 검증 기법
11,경비·청소,110206,스마트빌딩자동제어(BAS),110206_L2,스마트빌딩자동제어(BAS) 초급 실무 및 정형 과업 수행,2,Skill(기술/도구),실무 도구/SW 조작
11,경비·청소,110206,스마트빌딩자동제어(BAS),110206_L2,스마트빌딩자동제어(BAS) 초급 실무 및 정형 과업 수행,2,Skill(기술/도구),데이터 정제 및 가공
11,경비·청소,110206,스마트빌딩자동제어(BAS),110206_L2,스마트빌딩자동제어(BAS) 초급 실무 및 정형 과업 수행,2,Skill(기술/도구),단위 결과물 산출
11,경비·청소,110206,스마트빌딩자동제어(BAS),110206_L2,스마트빌딩자동제어(BAS) 초급 실무 및 정형 과업 수행,2,Attitude(태도),정확성과 꼼꼼함
11,경비·청소,110206,스마트빌딩자동제어(BAS),110206_L2,스마트빌딩자동제어(BAS) 초급 실무 및 정형 과업 수행,2,Attitude(태도),기한 준수 책임감
11,경비·청소,110206,스마트빌딩자동제어(BAS),110206_L3,스마트빌딩자동제어(BAS) 중급 독립 실무 및 문제해결 엔지니어링,3,Knowledge(지식),심화 모델링/설계 이론
11,경비·청소,110206,스마트빌딩자동제어(BAS),110206_L3,스마트빌딩자동제어(BAS) 중급 독립 실무 및 문제해결 엔지니어링,3,Knowledge(지식),성능 지표(KPI) 분석법
11,경비·청소,110206,스마트빌딩자동제어(BAS),110206_L3,스마트빌딩자동제어(BAS) 중급 독립 실무 및 문제해결 엔지니어링,3,Knowledge(지식),이슈 해결 방법론
11,경비·청소,110206,스마트빌딩자동제어(BAS),110206_L3,스마트빌딩자동제어(BAS) 중급 독립 실무 및 문제해결 엔지니어링,3,Skill(기술/도구),고급 도구/코드/기기 활용
11,경비·청소,110206,스마트빌딩자동제어(BAS),110206_L3,스마트빌딩자동제어(BAS) 중급 독립 실무 및 문제해결 엔지니어링,3,Skill(기술/도구),원인 분석 및 조치
11,경비·청소,110206,스마트빌딩자동제어(BAS),110206_L3,스마트빌딩자동제어(BAS) 중급 독립 실무 및 문제해결 엔지니어링,3,Skill(기술/도구),성과 분석 리포팅
11,경비·청소,110206,스마트빌딩자동제어(BAS),110206_L3,스마트빌딩자동제어(BAS) 중급 독립 실무 및 문제해결 엔지니어링,3,Attitude(태도),분석적 사고력
11,경비·청소,110206,스마트빌딩자동제어(BAS),110206_L3,스마트빌딩자동제어(BAS) 중급 독립 실무 및 문제해결 엔지니어링,3,Attitude(태도),타 부서와의 원활한 협업 소통
11,경비·청소,110206,스마트빌딩자동제어(BAS),110206_L4,스마트빌딩자동제어(BAS) 고급 전문화 및 프로젝트/팀 리딩,4,Knowledge(지식),신기술 융합 아키텍처
11,경비·청소,110206,스마트빌딩자동제어(BAS),110206_L4,스마트빌딩자동제어(BAS) 고급 전문화 및 프로젝트/팀 리딩,4,Knowledge(지식),프로젝트 관리론(PMBOK/Agile)
11,경비·청소,110206,스마트빌딩자동제어(BAS),110206_L4,스마트빌딩자동제어(BAS) 고급 전문화 및 프로젝트/팀 리딩,4,Knowledge(지식),품질보증(QA) 거버넌스
11,경비·청소,110206,스마트빌딩자동제어(BAS),110206_L4,스마트빌딩자동제어(BAS) 고급 전문화 및 프로젝트/팀 리딩,4,Skill(기술/도구),전체 시스템 아키텍처 설계
11,경비·청소,110206,스마트빌딩자동제어(BAS),110206_L4,스마트빌딩자동제어(BAS) 고급 전문화 및 프로젝트/팀 리딩,4,Skill(기술/도구),애자일 스프린트 리딩
11,경비·청소,110206,스마트빌딩자동제어(BAS),110206_L4,스마트빌딩자동제어(BAS) 고급 전문화 및 프로젝트/팀 리딩,4,Skill(기술/도구),신기술 PoC 검증
11,경비·청소,110206,스마트빌딩자동제어(BAS),110206_L4,스마트빌딩자동제어(BAS) 고급 전문화 및 프로젝트/팀 리딩,4,Attitude(태도),혁신 지향 리더십
11,경비·청소,110206,스마트빌딩자동제어(BAS),110206_L4,스마트빌딩자동제어(BAS) 고급 전문화 및 프로젝트/팀 리딩,4,Attitude(태도),동료 성장 멘토링 마인드
11,경비·청소,110206,스마트빌딩자동제어(BAS),110206_L5,스마트빌딩자동제어(BAS) 전략 기획 및 전사 거버넌스 총괄,5,Knowledge(지식),경영 전략 및 자본 예산 배분
11,경비·청소,110206,스마트빌딩자동제어(BAS),110206_L5,스마트빌딩자동제어(BAS) 전략 기획 및 전사 거버넌스 총괄,5,Knowledge(지식),국내외 규제 컴플라이언스
11,경비·청소,110206,스마트빌딩자동제어(BAS),110206_L5,스마트빌딩자동제어(BAS) 전략 기획 및 전사 거버넌스 총괄,5,Knowledge(지식),엔터프라이즈 거버넌스
11,경비·청소,110206,스마트빌딩자동제어(BAS),110206_L5,스마트빌딩자동제어(BAS) 전략 기획 및 전사 거버넌스 총괄,5,Skill(기술/도구),전사 로드맵 수립
11,경비·청소,110206,스마트빌딩자동제어(BAS),110206_L5,스마트빌딩자동제어(BAS) 전략 기획 및 전사 거버넌스 총괄,5,Skill(기술/도구),투자 대비 성과(ROI) 모델링
11,경비·청소,110206,스마트빌딩자동제어(BAS),110206_L5,스마트빌딩자동제어(BAS) 전략 기획 및 전사 거버넌스 총괄,5,Skill(기술/도구),최고 의사결정 전략 제언
11,경비·청소,110206,스마트빌딩자동제어(BAS),110206_L5,스마트빌딩자동제어(BAS) 전략 기획 및 전사 거버넌스 총괄,5,Attitude(태도),거시적 통찰력
11,경비·청소,110206,스마트빌딩자동제어(BAS),110206_L5,스마트빌딩자동제어(BAS) 전략 기획 및 전사 거버넌스 총괄,5,Attitude(태도),전략적 윤리 리더십
11,경비·청소,110207,건물전기설비관리,110207_L1,건물전기설비관리 기초 입문 및 업무 환경 지원,1,Knowledge(지식),건물전기설비관리 개론
11,경비·청소,110207,건물전기설비관리,110207_L1,건물전기설비관리 기초 입문 및 업무 환경 지원,1,Knowledge(지식),표준 작업 지침서
11,경비·청소,110207,건물전기설비관리,110207_L1,건물전기설비관리 기초 입문 및 업무 환경 지원,1,Knowledge(지식),기초 법령/규정
11,경비·청소,110207,건물전기설비관리,110207_L1,건물전기설비관리 기초 입문 및 업무 환경 지원,1,Skill(기술/도구),기초 전산 툴 조작
11,경비·청소,110207,건물전기설비관리,110207_L1,건물전기설비관리 기초 입문 및 업무 환경 지원,1,Skill(기술/도구),문서 서식 작성
11,경비·청소,110207,건물전기설비관리,110207_L1,건물전기설비관리 기초 입문 및 업무 환경 지원,1,Skill(기술/도구),자료 검색 및 분류
11,경비·청소,110207,건물전기설비관리,110207_L1,건물전기설비관리 기초 입문 및 업무 환경 지원,1,Attitude(태도),규정 준수 의식
11,경비·청소,110207,건물전기설비관리,110207_L1,건물전기설비관리 기초 입문 및 업무 환경 지원,1,Attitude(태도),성실한 업무 지원 태도
11,경비·청소,110207,건물전기설비관리,110207_L2,건물전기설비관리 초급 실무 및 정형 과업 수행,2,Knowledge(지식),건물전기설비관리 실무 프로세스
11,경비·청소,110207,건물전기설비관리,110207_L2,건물전기설비관리 초급 실무 및 정형 과업 수행,2,Knowledge(지식),단위 업무 품질 기준
11,경비·청소,110207,건물전기설비관리,110207_L2,건물전기설비관리 초급 실무 및 정형 과업 수행,2,Knowledge(지식),데이터 검증 기법
11,경비·청소,110207,건물전기설비관리,110207_L2,건물전기설비관리 초급 실무 및 정형 과업 수행,2,Skill(기술/도구),실무 도구/SW 조작
11,경비·청소,110207,건물전기설비관리,110207_L2,건물전기설비관리 초급 실무 및 정형 과업 수행,2,Skill(기술/도구),데이터 정제 및 가공
11,경비·청소,110207,건물전기설비관리,110207_L2,건물전기설비관리 초급 실무 및 정형 과업 수행,2,Skill(기술/도구),단위 결과물 산출
11,경비·청소,110207,건물전기설비관리,110207_L2,건물전기설비관리 초급 실무 및 정형 과업 수행,2,Attitude(태도),정확성과 꼼꼼함
11,경비·청소,110207,건물전기설비관리,110207_L2,건물전기설비관리 초급 실무 및 정형 과업 수행,2,Attitude(태도),기한 준수 책임감
11,경비·청소,110207,건물전기설비관리,110207_L3,건물전기설비관리 중급 독립 실무 및 문제해결 엔지니어링,3,Knowledge(지식),심화 모델링/설계 이론
11,경비·청소,110207,건물전기설비관리,110207_L3,건물전기설비관리 중급 독립 실무 및 문제해결 엔지니어링,3,Knowledge(지식),성능 지표(KPI) 분석법
11,경비·청소,110207,건물전기설비관리,110207_L3,건물전기설비관리 중급 독립 실무 및 문제해결 엔지니어링,3,Knowledge(지식),이슈 해결 방법론
11,경비·청소,110207,건물전기설비관리,110207_L3,건물전기설비관리 중급 독립 실무 및 문제해결 엔지니어링,3,Skill(기술/도구),고급 도구/코드/기기 활용
11,경비·청소,110207,건물전기설비관리,110207_L3,건물전기설비관리 중급 독립 실무 및 문제해결 엔지니어링,3,Skill(기술/도구),원인 분석 및 조치
11,경비·청소,110207,건물전기설비관리,110207_L3,건물전기설비관리 중급 독립 실무 및 문제해결 엔지니어링,3,Skill(기술/도구),성과 분석 리포팅
11,경비·청소,110207,건물전기설비관리,110207_L3,건물전기설비관리 중급 독립 실무 및 문제해결 엔지니어링,3,Attitude(태도),분석적 사고력
11,경비·청소,110207,건물전기설비관리,110207_L3,건물전기설비관리 중급 독립 실무 및 문제해결 엔지니어링,3,Attitude(태도),타 부서와의 원활한 협업 소통
11,경비·청소,110207,건물전기설비관리,110207_L4,건물전기설비관리 고급 전문화 및 프로젝트/팀 리딩,4,Knowledge(지식),신기술 융합 아키텍처
11,경비·청소,110207,건물전기설비관리,110207_L4,건물전기설비관리 고급 전문화 및 프로젝트/팀 리딩,4,Knowledge(지식),프로젝트 관리론(PMBOK/Agile)
11,경비·청소,110207,건물전기설비관리,110207_L4,건물전기설비관리 고급 전문화 및 프로젝트/팀 리딩,4,Knowledge(지식),품질보증(QA) 거버넌스
11,경비·청소,110207,건물전기설비관리,110207_L4,건물전기설비관리 고급 전문화 및 프로젝트/팀 리딩,4,Skill(기술/도구),전체 시스템 아키텍처 설계
11,경비·청소,110207,건물전기설비관리,110207_L4,건물전기설비관리 고급 전문화 및 프로젝트/팀 리딩,4,Skill(기술/도구),애자일 스프린트 리딩
11,경비·청소,110207,건물전기설비관리,110207_L4,건물전기설비관리 고급 전문화 및 프로젝트/팀 리딩,4,Skill(기술/도구),신기술 PoC 검증
11,경비·청소,110207,건물전기설비관리,110207_L4,건물전기설비관리 고급 전문화 및 프로젝트/팀 리딩,4,Attitude(태도),혁신 지향 리더십
11,경비·청소,110207,건물전기설비관리,110207_L4,건물전기설비관리 고급 전문화 및 프로젝트/팀 리딩,4,Attitude(태도),동료 성장 멘토링 마인드
11,경비·청소,110207,건물전기설비관리,110207_L5,건물전기설비관리 전략 기획 및 전사 거버넌스 총괄,5,Knowledge(지식),경영 전략 및 자본 예산 배분
11,경비·청소,110207,건물전기설비관리,110207_L5,건물전기설비관리 전략 기획 및 전사 거버넌스 총괄,5,Knowledge(지식),국내외 규제 컴플라이언스
11,경비·청소,110207,건물전기설비관리,110207_L5,건물전기설비관리 전략 기획 및 전사 거버넌스 총괄,5,Knowledge(지식),엔터프라이즈 거버넌스
11,경비·청소,110207,건물전기설비관리,110207_L5,건물전기설비관리 전략 기획 및 전사 거버넌스 총괄,5,Skill(기술/도구),전사 로드맵 수립
11,경비·청소,110207,건물전기설비관리,110207_L5,건물전기설비관리 전략 기획 및 전사 거버넌스 총괄,5,Skill(기술/도구),투자 대비 성과(ROI) 모델링
11,경비·청소,110207,건물전기설비관리,110207_L5,건물전기설비관리 전략 기획 및 전사 거버넌스 총괄,5,Skill(기술/도구),최고 의사결정 전략 제언
11,경비·청소,110207,건물전기설비관리,110207_L5,건물전기설비관리 전략 기획 및 전사 거버넌스 총괄,5,Attitude(태도),거시적 통찰력
11,경비·청소,110207,건물전기설비관리,110207_L5,건물전기설비관리 전략 기획 및 전사 거버넌스 총괄,5,Attitude(태도),전략적 윤리 리더십
11,경비·청소,110208,공조냉난방관리,110208_L1,공조냉난방관리 기초 입문 및 업무 환경 지원,1,Knowledge(지식),공조냉난방관리 개론
11,경비·청소,110208,공조냉난방관리,110208_L1,공조냉난방관리 기초 입문 및 업무 환경 지원,1,Knowledge(지식),표준 작업 지침서
11,경비·청소,110208,공조냉난방관리,110208_L1,공조냉난방관리 기초 입문 및 업무 환경 지원,1,Knowledge(지식),기초 법령/규정
11,경비·청소,110208,공조냉난방관리,110208_L1,공조냉난방관리 기초 입문 및 업무 환경 지원,1,Skill(기술/도구),기초 전산 툴 조작
11,경비·청소,110208,공조냉난방관리,110208_L1,공조냉난방관리 기초 입문 및 업무 환경 지원,1,Skill(기술/도구),문서 서식 작성
11,경비·청소,110208,공조냉난방관리,110208_L1,공조냉난방관리 기초 입문 및 업무 환경 지원,1,Skill(기술/도구),자료 검색 및 분류
11,경비·청소,110208,공조냉난방관리,110208_L1,공조냉난방관리 기초 입문 및 업무 환경 지원,1,Attitude(태도),규정 준수 의식
11,경비·청소,110208,공조냉난방관리,110208_L1,공조냉난방관리 기초 입문 및 업무 환경 지원,1,Attitude(태도),성실한 업무 지원 태도
11,경비·청소,110208,공조냉난방관리,110208_L2,공조냉난방관리 초급 실무 및 정형 과업 수행,2,Knowledge(지식),공조냉난방관리 실무 프로세스
11,경비·청소,110208,공조냉난방관리,110208_L2,공조냉난방관리 초급 실무 및 정형 과업 수행,2,Knowledge(지식),단위 업무 품질 기준
11,경비·청소,110208,공조냉난방관리,110208_L2,공조냉난방관리 초급 실무 및 정형 과업 수행,2,Knowledge(지식),데이터 검증 기법
11,경비·청소,110208,공조냉난방관리,110208_L2,공조냉난방관리 초급 실무 및 정형 과업 수행,2,Skill(기술/도구),실무 도구/SW 조작
11,경비·청소,110208,공조냉난방관리,110208_L2,공조냉난방관리 초급 실무 및 정형 과업 수행,2,Skill(기술/도구),데이터 정제 및 가공
11,경비·청소,110208,공조냉난방관리,110208_L2,공조냉난방관리 초급 실무 및 정형 과업 수행,2,Skill(기술/도구),단위 결과물 산출
11,경비·청소,110208,공조냉난방관리,110208_L2,공조냉난방관리 초급 실무 및 정형 과업 수행,2,Attitude(태도),정확성과 꼼꼼함
11,경비·청소,110208,공조냉난방관리,110208_L2,공조냉난방관리 초급 실무 및 정형 과업 수행,2,Attitude(태도),기한 준수 책임감
11,경비·청소,110208,공조냉난방관리,110208_L3,공조냉난방관리 중급 독립 실무 및 문제해결 엔지니어링,3,Knowledge(지식),심화 모델링/설계 이론
11,경비·청소,110208,공조냉난방관리,110208_L3,공조냉난방관리 중급 독립 실무 및 문제해결 엔지니어링,3,Knowledge(지식),성능 지표(KPI) 분석법
11,경비·청소,110208,공조냉난방관리,110208_L3,공조냉난방관리 중급 독립 실무 및 문제해결 엔지니어링,3,Knowledge(지식),이슈 해결 방법론
11,경비·청소,110208,공조냉난방관리,110208_L3,공조냉난방관리 중급 독립 실무 및 문제해결 엔지니어링,3,Skill(기술/도구),고급 도구/코드/기기 활용
11,경비·청소,110208,공조냉난방관리,110208_L3,공조냉난방관리 중급 독립 실무 및 문제해결 엔지니어링,3,Skill(기술/도구),원인 분석 및 조치
11,경비·청소,110208,공조냉난방관리,110208_L3,공조냉난방관리 중급 독립 실무 및 문제해결 엔지니어링,3,Skill(기술/도구),성과 분석 리포팅
11,경비·청소,110208,공조냉난방관리,110208_L3,공조냉난방관리 중급 독립 실무 및 문제해결 엔지니어링,3,Attitude(태도),분석적 사고력
11,경비·청소,110208,공조냉난방관리,110208_L3,공조냉난방관리 중급 독립 실무 및 문제해결 엔지니어링,3,Attitude(태도),타 부서와의 원활한 협업 소통
11,경비·청소,110208,공조냉난방관리,110208_L4,공조냉난방관리 고급 전문화 및 프로젝트/팀 리딩,4,Knowledge(지식),신기술 융합 아키텍처
11,경비·청소,110208,공조냉난방관리,110208_L4,공조냉난방관리 고급 전문화 및 프로젝트/팀 리딩,4,Knowledge(지식),프로젝트 관리론(PMBOK/Agile)
11,경비·청소,110208,공조냉난방관리,110208_L4,공조냉난방관리 고급 전문화 및 프로젝트/팀 리딩,4,Knowledge(지식),품질보증(QA) 거버넌스
11,경비·청소,110208,공조냉난방관리,110208_L4,공조냉난방관리 고급 전문화 및 프로젝트/팀 리딩,4,Skill(기술/도구),전체 시스템 아키텍처 설계
11,경비·청소,110208,공조냉난방관리,110208_L4,공조냉난방관리 고급 전문화 및 프로젝트/팀 리딩,4,Skill(기술/도구),애자일 스프린트 리딩
11,경비·청소,110208,공조냉난방관리,110208_L4,공조냉난방관리 고급 전문화 및 프로젝트/팀 리딩,4,Skill(기술/도구),신기술 PoC 검증
11,경비·청소,110208,공조냉난방관리,110208_L4,공조냉난방관리 고급 전문화 및 프로젝트/팀 리딩,4,Attitude(태도),혁신 지향 리더십
11,경비·청소,110208,공조냉난방관리,110208_L4,공조냉난방관리 고급 전문화 및 프로젝트/팀 리딩,4,Attitude(태도),동료 성장 멘토링 마인드
11,경비·청소,110208,공조냉난방관리,110208_L5,공조냉난방관리 전략 기획 및 전사 거버넌스 총괄,5,Knowledge(지식),경영 전략 및 자본 예산 배분
11,경비·청소,110208,공조냉난방관리,110208_L5,공조냉난방관리 전략 기획 및 전사 거버넌스 총괄,5,Knowledge(지식),국내외 규제 컴플라이언스
11,경비·청소,110208,공조냉난방관리,110208_L5,공조냉난방관리 전략 기획 및 전사 거버넌스 총괄,5,Knowledge(지식),엔터프라이즈 거버넌스
11,경비·청소,110208,공조냉난방관리,110208_L5,공조냉난방관리 전략 기획 및 전사 거버넌스 총괄,5,Skill(기술/도구),전사 로드맵 수립
11,경비·청소,110208,공조냉난방관리,110208_L5,공조냉난방관리 전략 기획 및 전사 거버넌스 총괄,5,Skill(기술/도구),투자 대비 성과(ROI) 모델링
11,경비·청소,110208,공조냉난방관리,110208_L5,공조냉난방관리 전략 기획 및 전사 거버넌스 총괄,5,Skill(기술/도구),최고 의사결정 전략 제언
11,경비·청소,110208,공조냉난방관리,110208_L5,공조냉난방관리 전략 기획 및 전사 거버넌스 총괄,5,Attitude(태도),거시적 통찰력
11,경비·청소,110208,공조냉난방관리,110208_L5,공조냉난방관리 전략 기획 및 전사 거버넌스 총괄,5,Attitude(태도),전략적 윤리 리더십
11,경비·청소,110209,위생방역소독,110209_L1,위생방역소독 기초 입문 및 업무 환경 지원,1,Knowledge(지식),위생방역소독 개론
11,경비·청소,110209,위생방역소독,110209_L1,위생방역소독 기초 입문 및 업무 환경 지원,1,Knowledge(지식),표준 작업 지침서
11,경비·청소,110209,위생방역소독,110209_L1,위생방역소독 기초 입문 및 업무 환경 지원,1,Knowledge(지식),기초 법령/규정
11,경비·청소,110209,위생방역소독,110209_L1,위생방역소독 기초 입문 및 업무 환경 지원,1,Skill(기술/도구),기초 전산 툴 조작
11,경비·청소,110209,위생방역소독,110209_L1,위생방역소독 기초 입문 및 업무 환경 지원,1,Skill(기술/도구),문서 서식 작성
11,경비·청소,110209,위생방역소독,110209_L1,위생방역소독 기초 입문 및 업무 환경 지원,1,Skill(기술/도구),자료 검색 및 분류
11,경비·청소,110209,위생방역소독,110209_L1,위생방역소독 기초 입문 및 업무 환경 지원,1,Attitude(태도),규정 준수 의식
11,경비·청소,110209,위생방역소독,110209_L1,위생방역소독 기초 입문 및 업무 환경 지원,1,Attitude(태도),성실한 업무 지원 태도
11,경비·청소,110209,위생방역소독,110209_L2,위생방역소독 초급 실무 및 정형 과업 수행,2,Knowledge(지식),위생방역소독 실무 프로세스
11,경비·청소,110209,위생방역소독,110209_L2,위생방역소독 초급 실무 및 정형 과업 수행,2,Knowledge(지식),단위 업무 품질 기준
11,경비·청소,110209,위생방역소독,110209_L2,위생방역소독 초급 실무 및 정형 과업 수행,2,Knowledge(지식),데이터 검증 기법
11,경비·청소,110209,위생방역소독,110209_L2,위생방역소독 초급 실무 및 정형 과업 수행,2,Skill(기술/도구),실무 도구/SW 조작
11,경비·청소,110209,위생방역소독,110209_L2,위생방역소독 초급 실무 및 정형 과업 수행,2,Skill(기술/도구),데이터 정제 및 가공
11,경비·청소,110209,위생방역소독,110209_L2,위생방역소독 초급 실무 및 정형 과업 수행,2,Skill(기술/도구),단위 결과물 산출
11,경비·청소,110209,위생방역소독,110209_L2,위생방역소독 초급 실무 및 정형 과업 수행,2,Attitude(태도),정확성과 꼼꼼함
11,경비·청소,110209,위생방역소독,110209_L2,위생방역소독 초급 실무 및 정형 과업 수행,2,Attitude(태도),기한 준수 책임감
11,경비·청소,110209,위생방역소독,110209_L3,위생방역소독 중급 독립 실무 및 문제해결 엔지니어링,3,Knowledge(지식),심화 모델링/설계 이론
11,경비·청소,110209,위생방역소독,110209_L3,위생방역소독 중급 독립 실무 및 문제해결 엔지니어링,3,Knowledge(지식),성능 지표(KPI) 분석법
11,경비·청소,110209,위생방역소독,110209_L3,위생방역소독 중급 독립 실무 및 문제해결 엔지니어링,3,Knowledge(지식),이슈 해결 방법론
11,경비·청소,110209,위생방역소독,110209_L3,위생방역소독 중급 독립 실무 및 문제해결 엔지니어링,3,Skill(기술/도구),고급 도구/코드/기기 활용
11,경비·청소,110209,위생방역소독,110209_L3,위생방역소독 중급 독립 실무 및 문제해결 엔지니어링,3,Skill(기술/도구),원인 분석 및 조치
11,경비·청소,110209,위생방역소독,110209_L3,위생방역소독 중급 독립 실무 및 문제해결 엔지니어링,3,Skill(기술/도구),성과 분석 리포팅
11,경비·청소,110209,위생방역소독,110209_L3,위생방역소독 중급 독립 실무 및 문제해결 엔지니어링,3,Attitude(태도),분석적 사고력
11,경비·청소,110209,위생방역소독,110209_L3,위생방역소독 중급 독립 실무 및 문제해결 엔지니어링,3,Attitude(태도),타 부서와의 원활한 협업 소통
11,경비·청소,110209,위생방역소독,110209_L4,위생방역소독 고급 전문화 및 프로젝트/팀 리딩,4,Knowledge(지식),신기술 융합 아키텍처
11,경비·청소,110209,위생방역소독,110209_L4,위생방역소독 고급 전문화 및 프로젝트/팀 리딩,4,Knowledge(지식),프로젝트 관리론(PMBOK/Agile)
11,경비·청소,110209,위생방역소독,110209_L4,위생방역소독 고급 전문화 및 프로젝트/팀 리딩,4,Knowledge(지식),품질보증(QA) 거버넌스
11,경비·청소,110209,위생방역소독,110209_L4,위생방역소독 고급 전문화 및 프로젝트/팀 리딩,4,Skill(기술/도구),전체 시스템 아키텍처 설계
11,경비·청소,110209,위생방역소독,110209_L4,위생방역소독 고급 전문화 및 프로젝트/팀 리딩,4,Skill(기술/도구),애자일 스프린트 리딩
11,경비·청소,110209,위생방역소독,110209_L4,위생방역소독 고급 전문화 및 프로젝트/팀 리딩,4,Skill(기술/도구),신기술 PoC 검증
11,경비·청소,110209,위생방역소독,110209_L4,위생방역소독 고급 전문화 및 프로젝트/팀 리딩,4,Attitude(태도),혁신 지향 리더십
11,경비·청소,110209,위생방역소독,110209_L4,위생방역소독 고급 전문화 및 프로젝트/팀 리딩,4,Attitude(태도),동료 성장 멘토링 마인드
11,경비·청소,110209,위생방역소독,110209_L5,위생방역소독 전략 기획 및 전사 거버넌스 총괄,5,Knowledge(지식),경영 전략 및 자본 예산 배분
11,경비·청소,110209,위생방역소독,110209_L5,위생방역소독 전략 기획 및 전사 거버넌스 총괄,5,Knowledge(지식),국내외 규제 컴플라이언스
11,경비·청소,110209,위생방역소독,110209_L5,위생방역소독 전략 기획 및 전사 거버넌스 총괄,5,Knowledge(지식),엔터프라이즈 거버넌스
11,경비·청소,110209,위생방역소독,110209_L5,위생방역소독 전략 기획 및 전사 거버넌스 총괄,5,Skill(기술/도구),전사 로드맵 수립
11,경비·청소,110209,위생방역소독,110209_L5,위생방역소독 전략 기획 및 전사 거버넌스 총괄,5,Skill(기술/도구),투자 대비 성과(ROI) 모델링
11,경비·청소,110209,위생방역소독,110209_L5,위생방역소독 전략 기획 및 전사 거버넌스 총괄,5,Skill(기술/도구),최고 의사결정 전략 제언
11,경비·청소,110209,위생방역소독,110209_L5,위생방역소독 전략 기획 및 전사 거버넌스 총괄,5,Attitude(태도),거시적 통찰력
11,경비·청소,110209,위생방역소독,110209_L5,위생방역소독 전략 기획 및 전사 거버넌스 총괄,5,Attitude(태도),전략적 윤리 리더십
12,이용·숙박·여행·오락·스포츠,120101,호텔객실관리(PMS),120101_L1,호텔객실관리(PMS) 기초 입문 및 업무 환경 지원,1,Knowledge(지식),호텔객실관리(PMS) 개론
12,이용·숙박·여행·오락·스포츠,120101,호텔객실관리(PMS),120101_L1,호텔객실관리(PMS) 기초 입문 및 업무 환경 지원,1,Knowledge(지식),표준 작업 지침서
12,이용·숙박·여행·오락·스포츠,120101,호텔객실관리(PMS),120101_L1,호텔객실관리(PMS) 기초 입문 및 업무 환경 지원,1,Knowledge(지식),기초 법령/규정
12,이용·숙박·여행·오락·스포츠,120101,호텔객실관리(PMS),120101_L1,호텔객실관리(PMS) 기초 입문 및 업무 환경 지원,1,Skill(기술/도구),기초 전산 툴 조작
12,이용·숙박·여행·오락·스포츠,120101,호텔객실관리(PMS),120101_L1,호텔객실관리(PMS) 기초 입문 및 업무 환경 지원,1,Skill(기술/도구),문서 서식 작성
12,이용·숙박·여행·오락·스포츠,120101,호텔객실관리(PMS),120101_L1,호텔객실관리(PMS) 기초 입문 및 업무 환경 지원,1,Skill(기술/도구),자료 검색 및 분류
12,이용·숙박·여행·오락·스포츠,120101,호텔객실관리(PMS),120101_L1,호텔객실관리(PMS) 기초 입문 및 업무 환경 지원,1,Attitude(태도),규정 준수 의식
12,이용·숙박·여행·오락·스포츠,120101,호텔객실관리(PMS),120101_L1,호텔객실관리(PMS) 기초 입문 및 업무 환경 지원,1,Attitude(태도),성실한 업무 지원 태도
12,이용·숙박·여행·오락·스포츠,120101,호텔객실관리(PMS),120101_L2,호텔객실관리(PMS) 초급 실무 및 정형 과업 수행,2,Knowledge(지식),호텔객실관리(PMS) 실무 프로세스
12,이용·숙박·여행·오락·스포츠,120101,호텔객실관리(PMS),120101_L2,호텔객실관리(PMS) 초급 실무 및 정형 과업 수행,2,Knowledge(지식),단위 업무 품질 기준
12,이용·숙박·여행·오락·스포츠,120101,호텔객실관리(PMS),120101_L2,호텔객실관리(PMS) 초급 실무 및 정형 과업 수행,2,Knowledge(지식),데이터 검증 기법
12,이용·숙박·여행·오락·스포츠,120101,호텔객실관리(PMS),120101_L2,호텔객실관리(PMS) 초급 실무 및 정형 과업 수행,2,Skill(기술/도구),실무 도구/SW 조작
12,이용·숙박·여행·오락·스포츠,120101,호텔객실관리(PMS),120101_L2,호텔객실관리(PMS) 초급 실무 및 정형 과업 수행,2,Skill(기술/도구),데이터 정제 및 가공
12,이용·숙박·여행·오락·스포츠,120101,호텔객실관리(PMS),120101_L2,호텔객실관리(PMS) 초급 실무 및 정형 과업 수행,2,Skill(기술/도구),단위 결과물 산출
12,이용·숙박·여행·오락·스포츠,120101,호텔객실관리(PMS),120101_L2,호텔객실관리(PMS) 초급 실무 및 정형 과업 수행,2,Attitude(태도),정확성과 꼼꼼함
12,이용·숙박·여행·오락·스포츠,120101,호텔객실관리(PMS),120101_L2,호텔객실관리(PMS) 초급 실무 및 정형 과업 수행,2,Attitude(태도),기한 준수 책임감
12,이용·숙박·여행·오락·스포츠,120101,호텔객실관리(PMS),120101_L3,호텔객실관리(PMS) 중급 독립 실무 및 문제해결 엔지니어링,3,Knowledge(지식),심화 모델링/설계 이론
12,이용·숙박·여행·오락·스포츠,120101,호텔객실관리(PMS),120101_L3,호텔객실관리(PMS) 중급 독립 실무 및 문제해결 엔지니어링,3,Knowledge(지식),성능 지표(KPI) 분석법
12,이용·숙박·여행·오락·스포츠,120101,호텔객실관리(PMS),120101_L3,호텔객실관리(PMS) 중급 독립 실무 및 문제해결 엔지니어링,3,Knowledge(지식),이슈 해결 방법론
12,이용·숙박·여행·오락·스포츠,120101,호텔객실관리(PMS),120101_L3,호텔객실관리(PMS) 중급 독립 실무 및 문제해결 엔지니어링,3,Skill(기술/도구),고급 도구/코드/기기 활용
12,이용·숙박·여행·오락·스포츠,120101,호텔객실관리(PMS),120101_L3,호텔객실관리(PMS) 중급 독립 실무 및 문제해결 엔지니어링,3,Skill(기술/도구),원인 분석 및 조치
12,이용·숙박·여행·오락·스포츠,120101,호텔객실관리(PMS),120101_L3,호텔객실관리(PMS) 중급 독립 실무 및 문제해결 엔지니어링,3,Skill(기술/도구),성과 분석 리포팅
12,이용·숙박·여행·오락·스포츠,120101,호텔객실관리(PMS),120101_L3,호텔객실관리(PMS) 중급 독립 실무 및 문제해결 엔지니어링,3,Attitude(태도),분석적 사고력
12,이용·숙박·여행·오락·스포츠,120101,호텔객실관리(PMS),120101_L3,호텔객실관리(PMS) 중급 독립 실무 및 문제해결 엔지니어링,3,Attitude(태도),타 부서와의 원활한 협업 소통
12,이용·숙박·여행·오락·스포츠,120101,호텔객실관리(PMS),120101_L4,호텔객실관리(PMS) 고급 전문화 및 프로젝트/팀 리딩,4,Knowledge(지식),신기술 융합 아키텍처
12,이용·숙박·여행·오락·스포츠,120101,호텔객실관리(PMS),120101_L4,호텔객실관리(PMS) 고급 전문화 및 프로젝트/팀 리딩,4,Knowledge(지식),프로젝트 관리론(PMBOK/Agile)
12,이용·숙박·여행·오락·스포츠,120101,호텔객실관리(PMS),120101_L4,호텔객실관리(PMS) 고급 전문화 및 프로젝트/팀 리딩,4,Knowledge(지식),품질보증(QA) 거버넌스
12,이용·숙박·여행·오락·스포츠,120101,호텔객실관리(PMS),120101_L4,호텔객실관리(PMS) 고급 전문화 및 프로젝트/팀 리딩,4,Skill(기술/도구),전체 시스템 아키텍처 설계
12,이용·숙박·여행·오락·스포츠,120101,호텔객실관리(PMS),120101_L4,호텔객실관리(PMS) 고급 전문화 및 프로젝트/팀 리딩,4,Skill(기술/도구),애자일 스프린트 리딩
12,이용·숙박·여행·오락·스포츠,120101,호텔객실관리(PMS),120101_L4,호텔객실관리(PMS) 고급 전문화 및 프로젝트/팀 리딩,4,Skill(기술/도구),신기술 PoC 검증
12,이용·숙박·여행·오락·스포츠,120101,호텔객실관리(PMS),120101_L4,호텔객실관리(PMS) 고급 전문화 및 프로젝트/팀 리딩,4,Attitude(태도),혁신 지향 리더십
12,이용·숙박·여행·오락·스포츠,120101,호텔객실관리(PMS),120101_L4,호텔객실관리(PMS) 고급 전문화 및 프로젝트/팀 리딩,4,Attitude(태도),동료 성장 멘토링 마인드
12,이용·숙박·여행·오락·스포츠,120101,호텔객실관리(PMS),120101_L5,호텔객실관리(PMS) 전략 기획 및 전사 거버넌스 총괄,5,Knowledge(지식),경영 전략 및 자본 예산 배분
12,이용·숙박·여행·오락·스포츠,120101,호텔객실관리(PMS),120101_L5,호텔객실관리(PMS) 전략 기획 및 전사 거버넌스 총괄,5,Knowledge(지식),국내외 규제 컴플라이언스
12,이용·숙박·여행·오락·스포츠,120101,호텔객실관리(PMS),120101_L5,호텔객실관리(PMS) 전략 기획 및 전사 거버넌스 총괄,5,Knowledge(지식),엔터프라이즈 거버넌스
12,이용·숙박·여행·오락·스포츠,120101,호텔객실관리(PMS),120101_L5,호텔객실관리(PMS) 전략 기획 및 전사 거버넌스 총괄,5,Skill(기술/도구),전사 로드맵 수립
12,이용·숙박·여행·오락·스포츠,120101,호텔객실관리(PMS),120101_L5,호텔객실관리(PMS) 전략 기획 및 전사 거버넌스 총괄,5,Skill(기술/도구),투자 대비 성과(ROI) 모델링
12,이용·숙박·여행·오락·스포츠,120101,호텔객실관리(PMS),120101_L5,호텔객실관리(PMS) 전략 기획 및 전사 거버넌스 총괄,5,Skill(기술/도구),최고 의사결정 전략 제언
12,이용·숙박·여행·오락·스포츠,120101,호텔객실관리(PMS),120101_L5,호텔객실관리(PMS) 전략 기획 및 전사 거버넌스 총괄,5,Attitude(태도),거시적 통찰력
12,이용·숙박·여행·오락·스포츠,120101,호텔객실관리(PMS),120101_L5,호텔객실관리(PMS) 전략 기획 및 전사 거버넌스 총괄,5,Attitude(태도),전략적 윤리 리더십
12,이용·숙박·여행·오락·스포츠,120102,호텔식음료서비스,120102_L1,호텔식음료서비스 기초 입문 및 업무 환경 지원,1,Knowledge(지식),호텔식음료서비스 개론
12,이용·숙박·여행·오락·스포츠,120102,호텔식음료서비스,120102_L1,호텔식음료서비스 기초 입문 및 업무 환경 지원,1,Knowledge(지식),표준 작업 지침서
12,이용·숙박·여행·오락·스포츠,120102,호텔식음료서비스,120102_L1,호텔식음료서비스 기초 입문 및 업무 환경 지원,1,Knowledge(지식),기초 법령/규정
12,이용·숙박·여행·오락·스포츠,120102,호텔식음료서비스,120102_L1,호텔식음료서비스 기초 입문 및 업무 환경 지원,1,Skill(기술/도구),기초 전산 툴 조작
12,이용·숙박·여행·오락·스포츠,120102,호텔식음료서비스,120102_L1,호텔식음료서비스 기초 입문 및 업무 환경 지원,1,Skill(기술/도구),문서 서식 작성
12,이용·숙박·여행·오락·스포츠,120102,호텔식음료서비스,120102_L1,호텔식음료서비스 기초 입문 및 업무 환경 지원,1,Skill(기술/도구),자료 검색 및 분류
12,이용·숙박·여행·오락·스포츠,120102,호텔식음료서비스,120102_L1,호텔식음료서비스 기초 입문 및 업무 환경 지원,1,Attitude(태도),규정 준수 의식
12,이용·숙박·여행·오락·스포츠,120102,호텔식음료서비스,120102_L1,호텔식음료서비스 기초 입문 및 업무 환경 지원,1,Attitude(태도),성실한 업무 지원 태도
12,이용·숙박·여행·오락·스포츠,120102,호텔식음료서비스,120102_L2,호텔식음료서비스 초급 실무 및 정형 과업 수행,2,Knowledge(지식),호텔식음료서비스 실무 프로세스
12,이용·숙박·여행·오락·스포츠,120102,호텔식음료서비스,120102_L2,호텔식음료서비스 초급 실무 및 정형 과업 수행,2,Knowledge(지식),단위 업무 품질 기준
12,이용·숙박·여행·오락·스포츠,120102,호텔식음료서비스,120102_L2,호텔식음료서비스 초급 실무 및 정형 과업 수행,2,Knowledge(지식),데이터 검증 기법
12,이용·숙박·여행·오락·스포츠,120102,호텔식음료서비스,120102_L2,호텔식음료서비스 초급 실무 및 정형 과업 수행,2,Skill(기술/도구),실무 도구/SW 조작
12,이용·숙박·여행·오락·스포츠,120102,호텔식음료서비스,120102_L2,호텔식음료서비스 초급 실무 및 정형 과업 수행,2,Skill(기술/도구),데이터 정제 및 가공
12,이용·숙박·여행·오락·스포츠,120102,호텔식음료서비스,120102_L2,호텔식음료서비스 초급 실무 및 정형 과업 수행,2,Skill(기술/도구),단위 결과물 산출
12,이용·숙박·여행·오락·스포츠,120102,호텔식음료서비스,120102_L2,호텔식음료서비스 초급 실무 및 정형 과업 수행,2,Attitude(태도),정확성과 꼼꼼함
12,이용·숙박·여행·오락·스포츠,120102,호텔식음료서비스,120102_L2,호텔식음료서비스 초급 실무 및 정형 과업 수행,2,Attitude(태도),기한 준수 책임감
12,이용·숙박·여행·오락·스포츠,120102,호텔식음료서비스,120102_L3,호텔식음료서비스 중급 독립 실무 및 문제해결 엔지니어링,3,Knowledge(지식),심화 모델링/설계 이론
12,이용·숙박·여행·오락·스포츠,120102,호텔식음료서비스,120102_L3,호텔식음료서비스 중급 독립 실무 및 문제해결 엔지니어링,3,Knowledge(지식),성능 지표(KPI) 분석법
12,이용·숙박·여행·오락·스포츠,120102,호텔식음료서비스,120102_L3,호텔식음료서비스 중급 독립 실무 및 문제해결 엔지니어링,3,Knowledge(지식),이슈 해결 방법론
12,이용·숙박·여행·오락·스포츠,120102,호텔식음료서비스,120102_L3,호텔식음료서비스 중급 독립 실무 및 문제해결 엔지니어링,3,Skill(기술/도구),고급 도구/코드/기기 활용
12,이용·숙박·여행·오락·스포츠,120102,호텔식음료서비스,120102_L3,호텔식음료서비스 중급 독립 실무 및 문제해결 엔지니어링,3,Skill(기술/도구),원인 분석 및 조치
12,이용·숙박·여행·오락·스포츠,120102,호텔식음료서비스,120102_L3,호텔식음료서비스 중급 독립 실무 및 문제해결 엔지니어링,3,Skill(기술/도구),성과 분석 리포팅
12,이용·숙박·여행·오락·스포츠,120102,호텔식음료서비스,120102_L3,호텔식음료서비스 중급 독립 실무 및 문제해결 엔지니어링,3,Attitude(태도),분석적 사고력
12,이용·숙박·여행·오락·스포츠,120102,호텔식음료서비스,120102_L3,호텔식음료서비스 중급 독립 실무 및 문제해결 엔지니어링,3,Attitude(태도),타 부서와의 원활한 협업 소통
12,이용·숙박·여행·오락·스포츠,120102,호텔식음료서비스,120102_L4,호텔식음료서비스 고급 전문화 및 프로젝트/팀 리딩,4,Knowledge(지식),신기술 융합 아키텍처
12,이용·숙박·여행·오락·스포츠,120102,호텔식음료서비스,120102_L4,호텔식음료서비스 고급 전문화 및 프로젝트/팀 리딩,4,Knowledge(지식),프로젝트 관리론(PMBOK/Agile)
12,이용·숙박·여행·오락·스포츠,120102,호텔식음료서비스,120102_L4,호텔식음료서비스 고급 전문화 및 프로젝트/팀 리딩,4,Knowledge(지식),품질보증(QA) 거버넌스
12,이용·숙박·여행·오락·스포츠,120102,호텔식음료서비스,120102_L4,호텔식음료서비스 고급 전문화 및 프로젝트/팀 리딩,4,Skill(기술/도구),전체 시스템 아키텍처 설계
12,이용·숙박·여행·오락·스포츠,120102,호텔식음료서비스,120102_L4,호텔식음료서비스 고급 전문화 및 프로젝트/팀 리딩,4,Skill(기술/도구),애자일 스프린트 리딩
12,이용·숙박·여행·오락·스포츠,120102,호텔식음료서비스,120102_L4,호텔식음료서비스 고급 전문화 및 프로젝트/팀 리딩,4,Skill(기술/도구),신기술 PoC 검증
12,이용·숙박·여행·오락·스포츠,120102,호텔식음료서비스,120102_L4,호텔식음료서비스 고급 전문화 및 프로젝트/팀 리딩,4,Attitude(태도),혁신 지향 리더십
12,이용·숙박·여행·오락·스포츠,120102,호텔식음료서비스,120102_L4,호텔식음료서비스 고급 전문화 및 프로젝트/팀 리딩,4,Attitude(태도),동료 성장 멘토링 마인드
12,이용·숙박·여행·오락·스포츠,120102,호텔식음료서비스,120102_L5,호텔식음료서비스 전략 기획 및 전사 거버넌스 총괄,5,Knowledge(지식),경영 전략 및 자본 예산 배분
12,이용·숙박·여행·오락·스포츠,120102,호텔식음료서비스,120102_L5,호텔식음료서비스 전략 기획 및 전사 거버넌스 총괄,5,Knowledge(지식),국내외 규제 컴플라이언스
12,이용·숙박·여행·오락·스포츠,120102,호텔식음료서비스,120102_L5,호텔식음료서비스 전략 기획 및 전사 거버넌스 총괄,5,Knowledge(지식),엔터프라이즈 거버넌스
12,이용·숙박·여행·오락·스포츠,120102,호텔식음료서비스,120102_L5,호텔식음료서비스 전략 기획 및 전사 거버넌스 총괄,5,Skill(기술/도구),전사 로드맵 수립
12,이용·숙박·여행·오락·스포츠,120102,호텔식음료서비스,120102_L5,호텔식음료서비스 전략 기획 및 전사 거버넌스 총괄,5,Skill(기술/도구),투자 대비 성과(ROI) 모델링
12,이용·숙박·여행·오락·스포츠,120102,호텔식음료서비스,120102_L5,호텔식음료서비스 전략 기획 및 전사 거버넌스 총괄,5,Skill(기술/도구),최고 의사결정 전략 제언
12,이용·숙박·여행·오락·스포츠,120102,호텔식음료서비스,120102_L5,호텔식음료서비스 전략 기획 및 전사 거버넌스 총괄,5,Attitude(태도),거시적 통찰력
12,이용·숙박·여행·오락·스포츠,120102,호텔식음료서비스,120102_L5,호텔식음료서비스 전략 기획 및 전사 거버넌스 총괄,5,Attitude(태도),전략적 윤리 리더십
12,이용·숙박·여행·오락·스포츠,120103,MICE컨벤션기획,120103_L1,MICE컨벤션기획 기초 입문 및 업무 환경 지원,1,Knowledge(지식),MICE컨벤션기획 개론
12,이용·숙박·여행·오락·스포츠,120103,MICE컨벤션기획,120103_L1,MICE컨벤션기획 기초 입문 및 업무 환경 지원,1,Knowledge(지식),표준 작업 지침서
12,이용·숙박·여행·오락·스포츠,120103,MICE컨벤션기획,120103_L1,MICE컨벤션기획 기초 입문 및 업무 환경 지원,1,Knowledge(지식),기초 법령/규정
12,이용·숙박·여행·오락·스포츠,120103,MICE컨벤션기획,120103_L1,MICE컨벤션기획 기초 입문 및 업무 환경 지원,1,Skill(기술/도구),기초 전산 툴 조작
12,이용·숙박·여행·오락·스포츠,120103,MICE컨벤션기획,120103_L1,MICE컨벤션기획 기초 입문 및 업무 환경 지원,1,Skill(기술/도구),문서 서식 작성
12,이용·숙박·여행·오락·스포츠,120103,MICE컨벤션기획,120103_L1,MICE컨벤션기획 기초 입문 및 업무 환경 지원,1,Skill(기술/도구),자료 검색 및 분류
12,이용·숙박·여행·오락·스포츠,120103,MICE컨벤션기획,120103_L1,MICE컨벤션기획 기초 입문 및 업무 환경 지원,1,Attitude(태도),규정 준수 의식
12,이용·숙박·여행·오락·스포츠,120103,MICE컨벤션기획,120103_L1,MICE컨벤션기획 기초 입문 및 업무 환경 지원,1,Attitude(태도),성실한 업무 지원 태도
12,이용·숙박·여행·오락·스포츠,120103,MICE컨벤션기획,120103_L2,MICE컨벤션기획 초급 실무 및 정형 과업 수행,2,Knowledge(지식),MICE컨벤션기획 실무 프로세스
12,이용·숙박·여행·오락·스포츠,120103,MICE컨벤션기획,120103_L2,MICE컨벤션기획 초급 실무 및 정형 과업 수행,2,Knowledge(지식),단위 업무 품질 기준
12,이용·숙박·여행·오락·스포츠,120103,MICE컨벤션기획,120103_L2,MICE컨벤션기획 초급 실무 및 정형 과업 수행,2,Knowledge(지식),데이터 검증 기법
12,이용·숙박·여행·오락·스포츠,120103,MICE컨벤션기획,120103_L2,MICE컨벤션기획 초급 실무 및 정형 과업 수행,2,Skill(기술/도구),실무 도구/SW 조작
12,이용·숙박·여행·오락·스포츠,120103,MICE컨벤션기획,120103_L2,MICE컨벤션기획 초급 실무 및 정형 과업 수행,2,Skill(기술/도구),데이터 정제 및 가공
12,이용·숙박·여행·오락·스포츠,120103,MICE컨벤션기획,120103_L2,MICE컨벤션기획 초급 실무 및 정형 과업 수행,2,Skill(기술/도구),단위 결과물 산출
12,이용·숙박·여행·오락·스포츠,120103,MICE컨벤션기획,120103_L2,MICE컨벤션기획 초급 실무 및 정형 과업 수행,2,Attitude(태도),정확성과 꼼꼼함
12,이용·숙박·여행·오락·스포츠,120103,MICE컨벤션기획,120103_L2,MICE컨벤션기획 초급 실무 및 정형 과업 수행,2,Attitude(태도),기한 준수 책임감
12,이용·숙박·여행·오락·스포츠,120103,MICE컨벤션기획,120103_L3,MICE컨벤션기획 중급 독립 실무 및 문제해결 엔지니어링,3,Knowledge(지식),심화 모델링/설계 이론
12,이용·숙박·여행·오락·스포츠,120103,MICE컨벤션기획,120103_L3,MICE컨벤션기획 중급 독립 실무 및 문제해결 엔지니어링,3,Knowledge(지식),성능 지표(KPI) 분석법
12,이용·숙박·여행·오락·스포츠,120103,MICE컨벤션기획,120103_L3,MICE컨벤션기획 중급 독립 실무 및 문제해결 엔지니어링,3,Knowledge(지식),이슈 해결 방법론
12,이용·숙박·여행·오락·스포츠,120103,MICE컨벤션기획,120103_L3,MICE컨벤션기획 중급 독립 실무 및 문제해결 엔지니어링,3,Skill(기술/도구),고급 도구/코드/기기 활용
12,이용·숙박·여행·오락·스포츠,120103,MICE컨벤션기획,120103_L3,MICE컨벤션기획 중급 독립 실무 및 문제해결 엔지니어링,3,Skill(기술/도구),원인 분석 및 조치
12,이용·숙박·여행·오락·스포츠,120103,MICE컨벤션기획,120103_L3,MICE컨벤션기획 중급 독립 실무 및 문제해결 엔지니어링,3,Skill(기술/도구),성과 분석 리포팅
12,이용·숙박·여행·오락·스포츠,120103,MICE컨벤션기획,120103_L3,MICE컨벤션기획 중급 독립 실무 및 문제해결 엔지니어링,3,Attitude(태도),분석적 사고력
12,이용·숙박·여행·오락·스포츠,120103,MICE컨벤션기획,120103_L3,MICE컨벤션기획 중급 독립 실무 및 문제해결 엔지니어링,3,Attitude(태도),타 부서와의 원활한 협업 소통
12,이용·숙박·여행·오락·스포츠,120103,MICE컨벤션기획,120103_L4,MICE컨벤션기획 고급 전문화 및 프로젝트/팀 리딩,4,Knowledge(지식),신기술 융합 아키텍처
12,이용·숙박·여행·오락·스포츠,120103,MICE컨벤션기획,120103_L4,MICE컨벤션기획 고급 전문화 및 프로젝트/팀 리딩,4,Knowledge(지식),프로젝트 관리론(PMBOK/Agile)
12,이용·숙박·여행·오락·스포츠,120103,MICE컨벤션기획,120103_L4,MICE컨벤션기획 고급 전문화 및 프로젝트/팀 리딩,4,Knowledge(지식),품질보증(QA) 거버넌스
12,이용·숙박·여행·오락·스포츠,120103,MICE컨벤션기획,120103_L4,MICE컨벤션기획 고급 전문화 및 프로젝트/팀 리딩,4,Skill(기술/도구),전체 시스템 아키텍처 설계
12,이용·숙박·여행·오락·스포츠,120103,MICE컨벤션기획,120103_L4,MICE컨벤션기획 고급 전문화 및 프로젝트/팀 리딩,4,Skill(기술/도구),애자일 스프린트 리딩
12,이용·숙박·여행·오락·스포츠,120103,MICE컨벤션기획,120103_L4,MICE컨벤션기획 고급 전문화 및 프로젝트/팀 리딩,4,Skill(기술/도구),신기술 PoC 검증
12,이용·숙박·여행·오락·스포츠,120103,MICE컨벤션기획,120103_L4,MICE컨벤션기획 고급 전문화 및 프로젝트/팀 리딩,4,Attitude(태도),혁신 지향 리더십
12,이용·숙박·여행·오락·스포츠,120103,MICE컨벤션기획,120103_L4,MICE컨벤션기획 고급 전문화 및 프로젝트/팀 리딩,4,Attitude(태도),동료 성장 멘토링 마인드
12,이용·숙박·여행·오락·스포츠,120103,MICE컨벤션기획,120103_L5,MICE컨벤션기획 전략 기획 및 전사 거버넌스 총괄,5,Knowledge(지식),경영 전략 및 자본 예산 배분
12,이용·숙박·여행·오락·스포츠,120103,MICE컨벤션기획,120103_L5,MICE컨벤션기획 전략 기획 및 전사 거버넌스 총괄,5,Knowledge(지식),국내외 규제 컴플라이언스
12,이용·숙박·여행·오락·스포츠,120103,MICE컨벤션기획,120103_L5,MICE컨벤션기획 전략 기획 및 전사 거버넌스 총괄,5,Knowledge(지식),엔터프라이즈 거버넌스
12,이용·숙박·여행·오락·스포츠,120103,MICE컨벤션기획,120103_L5,MICE컨벤션기획 전략 기획 및 전사 거버넌스 총괄,5,Skill(기술/도구),전사 로드맵 수립
12,이용·숙박·여행·오락·스포츠,120103,MICE컨벤션기획,120103_L5,MICE컨벤션기획 전략 기획 및 전사 거버넌스 총괄,5,Skill(기술/도구),투자 대비 성과(ROI) 모델링
12,이용·숙박·여행·오락·스포츠,120103,MICE컨벤션기획,120103_L5,MICE컨벤션기획 전략 기획 및 전사 거버넌스 총괄,5,Skill(기술/도구),최고 의사결정 전략 제언
12,이용·숙박·여행·오락·스포츠,120103,MICE컨벤션기획,120103_L5,MICE컨벤션기획 전략 기획 및 전사 거버넌스 총괄,5,Attitude(태도),거시적 통찰력
12,이용·숙박·여행·오락·스포츠,120103,MICE컨벤션기획,120103_L5,MICE컨벤션기획 전략 기획 및 전사 거버넌스 총괄,5,Attitude(태도),전략적 윤리 리더십
12,이용·숙박·여행·오락·스포츠,120104,여행상품개발(OP),120104_L1,여행상품개발(OP) 기초 입문 및 업무 환경 지원,1,Knowledge(지식),여행상품개발(OP) 개론
12,이용·숙박·여행·오락·스포츠,120104,여행상품개발(OP),120104_L1,여행상품개발(OP) 기초 입문 및 업무 환경 지원,1,Knowledge(지식),표준 작업 지침서
12,이용·숙박·여행·오락·스포츠,120104,여행상품개발(OP),120104_L1,여행상품개발(OP) 기초 입문 및 업무 환경 지원,1,Knowledge(지식),기초 법령/규정
12,이용·숙박·여행·오락·스포츠,120104,여행상품개발(OP),120104_L1,여행상품개발(OP) 기초 입문 및 업무 환경 지원,1,Skill(기술/도구),기초 전산 툴 조작
12,이용·숙박·여행·오락·스포츠,120104,여행상품개발(OP),120104_L1,여행상품개발(OP) 기초 입문 및 업무 환경 지원,1,Skill(기술/도구),문서 서식 작성
12,이용·숙박·여행·오락·스포츠,120104,여행상품개발(OP),120104_L1,여행상품개발(OP) 기초 입문 및 업무 환경 지원,1,Skill(기술/도구),자료 검색 및 분류
12,이용·숙박·여행·오락·스포츠,120104,여행상품개발(OP),120104_L1,여행상품개발(OP) 기초 입문 및 업무 환경 지원,1,Attitude(태도),규정 준수 의식
12,이용·숙박·여행·오락·스포츠,120104,여행상품개발(OP),120104_L1,여행상품개발(OP) 기초 입문 및 업무 환경 지원,1,Attitude(태도),성실한 업무 지원 태도
12,이용·숙박·여행·오락·스포츠,120104,여행상품개발(OP),120104_L2,여행상품개발(OP) 초급 실무 및 정형 과업 수행,2,Knowledge(지식),여행상품개발(OP) 실무 프로세스
12,이용·숙박·여행·오락·스포츠,120104,여행상품개발(OP),120104_L2,여행상품개발(OP) 초급 실무 및 정형 과업 수행,2,Knowledge(지식),단위 업무 품질 기준
12,이용·숙박·여행·오락·스포츠,120104,여행상품개발(OP),120104_L2,여행상품개발(OP) 초급 실무 및 정형 과업 수행,2,Knowledge(지식),데이터 검증 기법
12,이용·숙박·여행·오락·스포츠,120104,여행상품개발(OP),120104_L2,여행상품개발(OP) 초급 실무 및 정형 과업 수행,2,Skill(기술/도구),실무 도구/SW 조작
12,이용·숙박·여행·오락·스포츠,120104,여행상품개발(OP),120104_L2,여행상품개발(OP) 초급 실무 및 정형 과업 수행,2,Skill(기술/도구),데이터 정제 및 가공
12,이용·숙박·여행·오락·스포츠,120104,여행상품개발(OP),120104_L2,여행상품개발(OP) 초급 실무 및 정형 과업 수행,2,Skill(기술/도구),단위 결과물 산출
12,이용·숙박·여행·오락·스포츠,120104,여행상품개발(OP),120104_L2,여행상품개발(OP) 초급 실무 및 정형 과업 수행,2,Attitude(태도),정확성과 꼼꼼함
12,이용·숙박·여행·오락·스포츠,120104,여행상품개발(OP),120104_L2,여행상품개발(OP) 초급 실무 및 정형 과업 수행,2,Attitude(태도),기한 준수 책임감
12,이용·숙박·여행·오락·스포츠,120104,여행상품개발(OP),120104_L3,여행상품개발(OP) 중급 독립 실무 및 문제해결 엔지니어링,3,Knowledge(지식),심화 모델링/설계 이론
12,이용·숙박·여행·오락·스포츠,120104,여행상품개발(OP),120104_L3,여행상품개발(OP) 중급 독립 실무 및 문제해결 엔지니어링,3,Knowledge(지식),성능 지표(KPI) 분석법
12,이용·숙박·여행·오락·스포츠,120104,여행상품개발(OP),120104_L3,여행상품개발(OP) 중급 독립 실무 및 문제해결 엔지니어링,3,Knowledge(지식),이슈 해결 방법론
12,이용·숙박·여행·오락·스포츠,120104,여행상품개발(OP),120104_L3,여행상품개발(OP) 중급 독립 실무 및 문제해결 엔지니어링,3,Skill(기술/도구),고급 도구/코드/기기 활용
12,이용·숙박·여행·오락·스포츠,120104,여행상품개발(OP),120104_L3,여행상품개발(OP) 중급 독립 실무 및 문제해결 엔지니어링,3,Skill(기술/도구),원인 분석 및 조치
12,이용·숙박·여행·오락·스포츠,120104,여행상품개발(OP),120104_L3,여행상품개발(OP) 중급 독립 실무 및 문제해결 엔지니어링,3,Skill(기술/도구),성과 분석 리포팅
12,이용·숙박·여행·오락·스포츠,120104,여행상품개발(OP),120104_L3,여행상품개발(OP) 중급 독립 실무 및 문제해결 엔지니어링,3,Attitude(태도),분석적 사고력
12,이용·숙박·여행·오락·스포츠,120104,여행상품개발(OP),120104_L3,여행상품개발(OP) 중급 독립 실무 및 문제해결 엔지니어링,3,Attitude(태도),타 부서와의 원활한 협업 소통
12,이용·숙박·여행·오락·스포츠,120104,여행상품개발(OP),120104_L4,여행상품개발(OP) 고급 전문화 및 프로젝트/팀 리딩,4,Knowledge(지식),신기술 융합 아키텍처
12,이용·숙박·여행·오락·스포츠,120104,여행상품개발(OP),120104_L4,여행상품개발(OP) 고급 전문화 및 프로젝트/팀 리딩,4,Knowledge(지식),프로젝트 관리론(PMBOK/Agile)
12,이용·숙박·여행·오락·스포츠,120104,여행상품개발(OP),120104_L4,여행상품개발(OP) 고급 전문화 및 프로젝트/팀 리딩,4,Knowledge(지식),품질보증(QA) 거버넌스
12,이용·숙박·여행·오락·스포츠,120104,여행상품개발(OP),120104_L4,여행상품개발(OP) 고급 전문화 및 프로젝트/팀 리딩,4,Skill(기술/도구),전체 시스템 아키텍처 설계
12,이용·숙박·여행·오락·스포츠,120104,여행상품개발(OP),120104_L4,여행상품개발(OP) 고급 전문화 및 프로젝트/팀 리딩,4,Skill(기술/도구),애자일 스프린트 리딩
12,이용·숙박·여행·오락·스포츠,120104,여행상품개발(OP),120104_L4,여행상품개발(OP) 고급 전문화 및 프로젝트/팀 리딩,4,Skill(기술/도구),신기술 PoC 검증
12,이용·숙박·여행·오락·스포츠,120104,여행상품개발(OP),120104_L4,여행상품개발(OP) 고급 전문화 및 프로젝트/팀 리딩,4,Attitude(태도),혁신 지향 리더십
12,이용·숙박·여행·오락·스포츠,120104,여행상품개발(OP),120104_L4,여행상품개발(OP) 고급 전문화 및 프로젝트/팀 리딩,4,Attitude(태도),동료 성장 멘토링 마인드
12,이용·숙박·여행·오락·스포츠,120104,여행상품개발(OP),120104_L5,여행상품개발(OP) 전략 기획 및 전사 거버넌스 총괄,5,Knowledge(지식),경영 전략 및 자본 예산 배분
12,이용·숙박·여행·오락·스포츠,120104,여행상품개발(OP),120104_L5,여행상품개발(OP) 전략 기획 및 전사 거버넌스 총괄,5,Knowledge(지식),국내외 규제 컴플라이언스
12,이용·숙박·여행·오락·스포츠,120104,여행상품개발(OP),120104_L5,여행상품개발(OP) 전략 기획 및 전사 거버넌스 총괄,5,Knowledge(지식),엔터프라이즈 거버넌스
12,이용·숙박·여행·오락·스포츠,120104,여행상품개발(OP),120104_L5,여행상품개발(OP) 전략 기획 및 전사 거버넌스 총괄,5,Skill(기술/도구),전사 로드맵 수립
12,이용·숙박·여행·오락·스포츠,120104,여행상품개발(OP),120104_L5,여행상품개발(OP) 전략 기획 및 전사 거버넌스 총괄,5,Skill(기술/도구),투자 대비 성과(ROI) 모델링
12,이용·숙박·여행·오락·스포츠,120104,여행상품개발(OP),120104_L5,여행상품개발(OP) 전략 기획 및 전사 거버넌스 총괄,5,Skill(기술/도구),최고 의사결정 전략 제언
12,이용·숙박·여행·오락·스포츠,120104,여행상품개발(OP),120104_L5,여행상품개발(OP) 전략 기획 및 전사 거버넌스 총괄,5,Attitude(태도),거시적 통찰력
12,이용·숙박·여행·오락·스포츠,120104,여행상품개발(OP),120104_L5,여행상품개발(OP) 전략 기획 및 전사 거버넌스 총괄,5,Attitude(태도),전략적 윤리 리더십
12,이용·숙박·여행·오락·스포츠,120105,관광통역안내,120105_L1,관광통역안내 기초 입문 및 업무 환경 지원,1,Knowledge(지식),관광통역안내 개론
12,이용·숙박·여행·오락·스포츠,120105,관광통역안내,120105_L1,관광통역안내 기초 입문 및 업무 환경 지원,1,Knowledge(지식),표준 작업 지침서
12,이용·숙박·여행·오락·스포츠,120105,관광통역안내,120105_L1,관광통역안내 기초 입문 및 업무 환경 지원,1,Knowledge(지식),기초 법령/규정
12,이용·숙박·여행·오락·스포츠,120105,관광통역안내,120105_L1,관광통역안내 기초 입문 및 업무 환경 지원,1,Skill(기술/도구),기초 전산 툴 조작
12,이용·숙박·여행·오락·스포츠,120105,관광통역안내,120105_L1,관광통역안내 기초 입문 및 업무 환경 지원,1,Skill(기술/도구),문서 서식 작성
12,이용·숙박·여행·오락·스포츠,120105,관광통역안내,120105_L1,관광통역안내 기초 입문 및 업무 환경 지원,1,Skill(기술/도구),자료 검색 및 분류
12,이용·숙박·여행·오락·스포츠,120105,관광통역안내,120105_L1,관광통역안내 기초 입문 및 업무 환경 지원,1,Attitude(태도),규정 준수 의식
12,이용·숙박·여행·오락·스포츠,120105,관광통역안내,120105_L1,관광통역안내 기초 입문 및 업무 환경 지원,1,Attitude(태도),성실한 업무 지원 태도
12,이용·숙박·여행·오락·스포츠,120105,관광통역안내,120105_L2,관광통역안내 초급 실무 및 정형 과업 수행,2,Knowledge(지식),관광통역안내 실무 프로세스
12,이용·숙박·여행·오락·스포츠,120105,관광통역안내,120105_L2,관광통역안내 초급 실무 및 정형 과업 수행,2,Knowledge(지식),단위 업무 품질 기준
12,이용·숙박·여행·오락·스포츠,120105,관광통역안내,120105_L2,관광통역안내 초급 실무 및 정형 과업 수행,2,Knowledge(지식),데이터 검증 기법
12,이용·숙박·여행·오락·스포츠,120105,관광통역안내,120105_L2,관광통역안내 초급 실무 및 정형 과업 수행,2,Skill(기술/도구),실무 도구/SW 조작
12,이용·숙박·여행·오락·스포츠,120105,관광통역안내,120105_L2,관광통역안내 초급 실무 및 정형 과업 수행,2,Skill(기술/도구),데이터 정제 및 가공
12,이용·숙박·여행·오락·스포츠,120105,관광통역안내,120105_L2,관광통역안내 초급 실무 및 정형 과업 수행,2,Skill(기술/도구),단위 결과물 산출
12,이용·숙박·여행·오락·스포츠,120105,관광통역안내,120105_L2,관광통역안내 초급 실무 및 정형 과업 수행,2,Attitude(태도),정확성과 꼼꼼함
12,이용·숙박·여행·오락·스포츠,120105,관광통역안내,120105_L2,관광통역안내 초급 실무 및 정형 과업 수행,2,Attitude(태도),기한 준수 책임감
12,이용·숙박·여행·오락·스포츠,120105,관광통역안내,120105_L3,관광통역안내 중급 독립 실무 및 문제해결 엔지니어링,3,Knowledge(지식),심화 모델링/설계 이론
12,이용·숙박·여행·오락·스포츠,120105,관광통역안내,120105_L3,관광통역안내 중급 독립 실무 및 문제해결 엔지니어링,3,Knowledge(지식),성능 지표(KPI) 분석법
12,이용·숙박·여행·오락·스포츠,120105,관광통역안내,120105_L3,관광통역안내 중급 독립 실무 및 문제해결 엔지니어링,3,Knowledge(지식),이슈 해결 방법론
12,이용·숙박·여행·오락·스포츠,120105,관광통역안내,120105_L3,관광통역안내 중급 독립 실무 및 문제해결 엔지니어링,3,Skill(기술/도구),고급 도구/코드/기기 활용
12,이용·숙박·여행·오락·스포츠,120105,관광통역안내,120105_L3,관광통역안내 중급 독립 실무 및 문제해결 엔지니어링,3,Skill(기술/도구),원인 분석 및 조치
12,이용·숙박·여행·오락·스포츠,120105,관광통역안내,120105_L3,관광통역안내 중급 독립 실무 및 문제해결 엔지니어링,3,Skill(기술/도구),성과 분석 리포팅
12,이용·숙박·여행·오락·스포츠,120105,관광통역안내,120105_L3,관광통역안내 중급 독립 실무 및 문제해결 엔지니어링,3,Attitude(태도),분석적 사고력
12,이용·숙박·여행·오락·스포츠,120105,관광통역안내,120105_L3,관광통역안내 중급 독립 실무 및 문제해결 엔지니어링,3,Attitude(태도),타 부서와의 원활한 협업 소통
12,이용·숙박·여행·오락·스포츠,120105,관광통역안내,120105_L4,관광통역안내 고급 전문화 및 프로젝트/팀 리딩,4,Knowledge(지식),신기술 융합 아키텍처
12,이용·숙박·여행·오락·스포츠,120105,관광통역안내,120105_L4,관광통역안내 고급 전문화 및 프로젝트/팀 리딩,4,Knowledge(지식),프로젝트 관리론(PMBOK/Agile)
12,이용·숙박·여행·오락·스포츠,120105,관광통역안내,120105_L4,관광통역안내 고급 전문화 및 프로젝트/팀 리딩,4,Knowledge(지식),품질보증(QA) 거버넌스
12,이용·숙박·여행·오락·스포츠,120105,관광통역안내,120105_L4,관광통역안내 고급 전문화 및 프로젝트/팀 리딩,4,Skill(기술/도구),전체 시스템 아키텍처 설계
12,이용·숙박·여행·오락·스포츠,120105,관광통역안내,120105_L4,관광통역안내 고급 전문화 및 프로젝트/팀 리딩,4,Skill(기술/도구),애자일 스프린트 리딩
12,이용·숙박·여행·오락·스포츠,120105,관광통역안내,120105_L4,관광통역안내 고급 전문화 및 프로젝트/팀 리딩,4,Skill(기술/도구),신기술 PoC 검증
12,이용·숙박·여행·오락·스포츠,120105,관광통역안내,120105_L4,관광통역안내 고급 전문화 및 프로젝트/팀 리딩,4,Attitude(태도),혁신 지향 리더십
12,이용·숙박·여행·오락·스포츠,120105,관광통역안내,120105_L4,관광통역안내 고급 전문화 및 프로젝트/팀 리딩,4,Attitude(태도),동료 성장 멘토링 마인드
12,이용·숙박·여행·오락·스포츠,120105,관광통역안내,120105_L5,관광통역안내 전략 기획 및 전사 거버넌스 총괄,5,Knowledge(지식),경영 전략 및 자본 예산 배분
12,이용·숙박·여행·오락·스포츠,120105,관광통역안내,120105_L5,관광통역안내 전략 기획 및 전사 거버넌스 총괄,5,Knowledge(지식),국내외 규제 컴플라이언스
12,이용·숙박·여행·오락·스포츠,120105,관광통역안내,120105_L5,관광통역안내 전략 기획 및 전사 거버넌스 총괄,5,Knowledge(지식),엔터프라이즈 거버넌스
12,이용·숙박·여행·오락·스포츠,120105,관광통역안내,120105_L5,관광통역안내 전략 기획 및 전사 거버넌스 총괄,5,Skill(기술/도구),전사 로드맵 수립
12,이용·숙박·여행·오락·스포츠,120105,관광통역안내,120105_L5,관광통역안내 전략 기획 및 전사 거버넌스 총괄,5,Skill(기술/도구),투자 대비 성과(ROI) 모델링
12,이용·숙박·여행·오락·스포츠,120105,관광통역안내,120105_L5,관광통역안내 전략 기획 및 전사 거버넌스 총괄,5,Skill(기술/도구),최고 의사결정 전략 제언
12,이용·숙박·여행·오락·스포츠,120105,관광통역안내,120105_L5,관광통역안내 전략 기획 및 전사 거버넌스 총괄,5,Attitude(태도),거시적 통찰력
12,이용·숙박·여행·오락·스포츠,120105,관광통역안내,120105_L5,관광통역안내 전략 기획 및 전사 거버넌스 총괄,5,Attitude(태도),전략적 윤리 리더십
12,이용·숙박·여행·오락·스포츠,120106,카지노운영,120106_L1,카지노운영 기초 입문 및 업무 환경 지원,1,Knowledge(지식),카지노운영 개론
12,이용·숙박·여행·오락·스포츠,120106,카지노운영,120106_L1,카지노운영 기초 입문 및 업무 환경 지원,1,Knowledge(지식),표준 작업 지침서
12,이용·숙박·여행·오락·스포츠,120106,카지노운영,120106_L1,카지노운영 기초 입문 및 업무 환경 지원,1,Knowledge(지식),기초 법령/규정
12,이용·숙박·여행·오락·스포츠,120106,카지노운영,120106_L1,카지노운영 기초 입문 및 업무 환경 지원,1,Skill(기술/도구),기초 전산 툴 조작
12,이용·숙박·여행·오락·스포츠,120106,카지노운영,120106_L1,카지노운영 기초 입문 및 업무 환경 지원,1,Skill(기술/도구),문서 서식 작성
12,이용·숙박·여행·오락·스포츠,120106,카지노운영,120106_L1,카지노운영 기초 입문 및 업무 환경 지원,1,Skill(기술/도구),자료 검색 및 분류
12,이용·숙박·여행·오락·스포츠,120106,카지노운영,120106_L1,카지노운영 기초 입문 및 업무 환경 지원,1,Attitude(태도),규정 준수 의식
12,이용·숙박·여행·오락·스포츠,120106,카지노운영,120106_L1,카지노운영 기초 입문 및 업무 환경 지원,1,Attitude(태도),성실한 업무 지원 태도
12,이용·숙박·여행·오락·스포츠,120106,카지노운영,120106_L2,카지노운영 초급 실무 및 정형 과업 수행,2,Knowledge(지식),카지노운영 실무 프로세스
12,이용·숙박·여행·오락·스포츠,120106,카지노운영,120106_L2,카지노운영 초급 실무 및 정형 과업 수행,2,Knowledge(지식),단위 업무 품질 기준
12,이용·숙박·여행·오락·스포츠,120106,카지노운영,120106_L2,카지노운영 초급 실무 및 정형 과업 수행,2,Knowledge(지식),데이터 검증 기법
12,이용·숙박·여행·오락·스포츠,120106,카지노운영,120106_L2,카지노운영 초급 실무 및 정형 과업 수행,2,Skill(기술/도구),실무 도구/SW 조작
12,이용·숙박·여행·오락·스포츠,120106,카지노운영,120106_L2,카지노운영 초급 실무 및 정형 과업 수행,2,Skill(기술/도구),데이터 정제 및 가공
12,이용·숙박·여행·오락·스포츠,120106,카지노운영,120106_L2,카지노운영 초급 실무 및 정형 과업 수행,2,Skill(기술/도구),단위 결과물 산출
12,이용·숙박·여행·오락·스포츠,120106,카지노운영,120106_L2,카지노운영 초급 실무 및 정형 과업 수행,2,Attitude(태도),정확성과 꼼꼼함
12,이용·숙박·여행·오락·스포츠,120106,카지노운영,120106_L2,카지노운영 초급 실무 및 정형 과업 수행,2,Attitude(태도),기한 준수 책임감
12,이용·숙박·여행·오락·스포츠,120106,카지노운영,120106_L3,카지노운영 중급 독립 실무 및 문제해결 엔지니어링,3,Knowledge(지식),심화 모델링/설계 이론
12,이용·숙박·여행·오락·스포츠,120106,카지노운영,120106_L3,카지노운영 중급 독립 실무 및 문제해결 엔지니어링,3,Knowledge(지식),성능 지표(KPI) 분석법
12,이용·숙박·여행·오락·스포츠,120106,카지노운영,120106_L3,카지노운영 중급 독립 실무 및 문제해결 엔지니어링,3,Knowledge(지식),이슈 해결 방법론
12,이용·숙박·여행·오락·스포츠,120106,카지노운영,120106_L3,카지노운영 중급 독립 실무 및 문제해결 엔지니어링,3,Skill(기술/도구),고급 도구/코드/기기 활용
12,이용·숙박·여행·오락·스포츠,120106,카지노운영,120106_L3,카지노운영 중급 독립 실무 및 문제해결 엔지니어링,3,Skill(기술/도구),원인 분석 및 조치
12,이용·숙박·여행·오락·스포츠,120106,카지노운영,120106_L3,카지노운영 중급 독립 실무 및 문제해결 엔지니어링,3,Skill(기술/도구),성과 분석 리포팅
12,이용·숙박·여행·오락·스포츠,120106,카지노운영,120106_L3,카지노운영 중급 독립 실무 및 문제해결 엔지니어링,3,Attitude(태도),분석적 사고력
12,이용·숙박·여행·오락·스포츠,120106,카지노운영,120106_L3,카지노운영 중급 독립 실무 및 문제해결 엔지니어링,3,Attitude(태도),타 부서와의 원활한 협업 소통
12,이용·숙박·여행·오락·스포츠,120106,카지노운영,120106_L4,카지노운영 고급 전문화 및 프로젝트/팀 리딩,4,Knowledge(지식),신기술 융합 아키텍처
12,이용·숙박·여행·오락·스포츠,120106,카지노운영,120106_L4,카지노운영 고급 전문화 및 프로젝트/팀 리딩,4,Knowledge(지식),프로젝트 관리론(PMBOK/Agile)
12,이용·숙박·여행·오락·스포츠,120106,카지노운영,120106_L4,카지노운영 고급 전문화 및 프로젝트/팀 리딩,4,Knowledge(지식),품질보증(QA) 거버넌스
12,이용·숙박·여행·오락·스포츠,120106,카지노운영,120106_L4,카지노운영 고급 전문화 및 프로젝트/팀 리딩,4,Skill(기술/도구),전체 시스템 아키텍처 설계
12,이용·숙박·여행·오락·스포츠,120106,카지노운영,120106_L4,카지노운영 고급 전문화 및 프로젝트/팀 리딩,4,Skill(기술/도구),애자일 스프린트 리딩
12,이용·숙박·여행·오락·스포츠,120106,카지노운영,120106_L4,카지노운영 고급 전문화 및 프로젝트/팀 리딩,4,Skill(기술/도구),신기술 PoC 검증
12,이용·숙박·여행·오락·스포츠,120106,카지노운영,120106_L4,카지노운영 고급 전문화 및 프로젝트/팀 리딩,4,Attitude(태도),혁신 지향 리더십
12,이용·숙박·여행·오락·스포츠,120106,카지노운영,120106_L4,카지노운영 고급 전문화 및 프로젝트/팀 리딩,4,Attitude(태도),동료 성장 멘토링 마인드
12,이용·숙박·여행·오락·스포츠,120106,카지노운영,120106_L5,카지노운영 전략 기획 및 전사 거버넌스 총괄,5,Knowledge(지식),경영 전략 및 자본 예산 배분
12,이용·숙박·여행·오락·스포츠,120106,카지노운영,120106_L5,카지노운영 전략 기획 및 전사 거버넌스 총괄,5,Knowledge(지식),국내외 규제 컴플라이언스
12,이용·숙박·여행·오락·스포츠,120106,카지노운영,120106_L5,카지노운영 전략 기획 및 전사 거버넌스 총괄,5,Knowledge(지식),엔터프라이즈 거버넌스
12,이용·숙박·여행·오락·스포츠,120106,카지노운영,120106_L5,카지노운영 전략 기획 및 전사 거버넌스 총괄,5,Skill(기술/도구),전사 로드맵 수립
12,이용·숙박·여행·오락·스포츠,120106,카지노운영,120106_L5,카지노운영 전략 기획 및 전사 거버넌스 총괄,5,Skill(기술/도구),투자 대비 성과(ROI) 모델링
12,이용·숙박·여행·오락·스포츠,120106,카지노운영,120106_L5,카지노운영 전략 기획 및 전사 거버넌스 총괄,5,Skill(기술/도구),최고 의사결정 전략 제언
12,이용·숙박·여행·오락·스포츠,120106,카지노운영,120106_L5,카지노운영 전략 기획 및 전사 거버넌스 총괄,5,Attitude(태도),거시적 통찰력
12,이용·숙박·여행·오락·스포츠,120106,카지노운영,120106_L5,카지노운영 전략 기획 및 전사 거버넌스 총괄,5,Attitude(태도),전략적 윤리 리더십
12,이용·숙박·여행·오락·스포츠,120207,스포츠마케팅,120207_L1,스포츠마케팅 기초 입문 및 업무 환경 지원,1,Knowledge(지식),스포츠마케팅 개론
12,이용·숙박·여행·오락·스포츠,120207,스포츠마케팅,120207_L1,스포츠마케팅 기초 입문 및 업무 환경 지원,1,Knowledge(지식),표준 작업 지침서
12,이용·숙박·여행·오락·스포츠,120207,스포츠마케팅,120207_L1,스포츠마케팅 기초 입문 및 업무 환경 지원,1,Knowledge(지식),기초 법령/규정
12,이용·숙박·여행·오락·스포츠,120207,스포츠마케팅,120207_L1,스포츠마케팅 기초 입문 및 업무 환경 지원,1,Skill(기술/도구),기초 전산 툴 조작
12,이용·숙박·여행·오락·스포츠,120207,스포츠마케팅,120207_L1,스포츠마케팅 기초 입문 및 업무 환경 지원,1,Skill(기술/도구),문서 서식 작성
12,이용·숙박·여행·오락·스포츠,120207,스포츠마케팅,120207_L1,스포츠마케팅 기초 입문 및 업무 환경 지원,1,Skill(기술/도구),자료 검색 및 분류
12,이용·숙박·여행·오락·스포츠,120207,스포츠마케팅,120207_L1,스포츠마케팅 기초 입문 및 업무 환경 지원,1,Attitude(태도),규정 준수 의식
12,이용·숙박·여행·오락·스포츠,120207,스포츠마케팅,120207_L1,스포츠마케팅 기초 입문 및 업무 환경 지원,1,Attitude(태도),성실한 업무 지원 태도
12,이용·숙박·여행·오락·스포츠,120207,스포츠마케팅,120207_L2,스포츠마케팅 초급 실무 및 정형 과업 수행,2,Knowledge(지식),스포츠마케팅 실무 프로세스
12,이용·숙박·여행·오락·스포츠,120207,스포츠마케팅,120207_L2,스포츠마케팅 초급 실무 및 정형 과업 수행,2,Knowledge(지식),단위 업무 품질 기준
12,이용·숙박·여행·오락·스포츠,120207,스포츠마케팅,120207_L2,스포츠마케팅 초급 실무 및 정형 과업 수행,2,Knowledge(지식),데이터 검증 기법
12,이용·숙박·여행·오락·스포츠,120207,스포츠마케팅,120207_L2,스포츠마케팅 초급 실무 및 정형 과업 수행,2,Skill(기술/도구),실무 도구/SW 조작
12,이용·숙박·여행·오락·스포츠,120207,스포츠마케팅,120207_L2,스포츠마케팅 초급 실무 및 정형 과업 수행,2,Skill(기술/도구),데이터 정제 및 가공
12,이용·숙박·여행·오락·스포츠,120207,스포츠마케팅,120207_L2,스포츠마케팅 초급 실무 및 정형 과업 수행,2,Skill(기술/도구),단위 결과물 산출
12,이용·숙박·여행·오락·스포츠,120207,스포츠마케팅,120207_L2,스포츠마케팅 초급 실무 및 정형 과업 수행,2,Attitude(태도),정확성과 꼼꼼함
12,이용·숙박·여행·오락·스포츠,120207,스포츠마케팅,120207_L2,스포츠마케팅 초급 실무 및 정형 과업 수행,2,Attitude(태도),기한 준수 책임감
12,이용·숙박·여행·오락·스포츠,120207,스포츠마케팅,120207_L3,스포츠마케팅 중급 독립 실무 및 문제해결 엔지니어링,3,Knowledge(지식),심화 모델링/설계 이론
12,이용·숙박·여행·오락·스포츠,120207,스포츠마케팅,120207_L3,스포츠마케팅 중급 독립 실무 및 문제해결 엔지니어링,3,Knowledge(지식),성능 지표(KPI) 분석법
12,이용·숙박·여행·오락·스포츠,120207,스포츠마케팅,120207_L3,스포츠마케팅 중급 독립 실무 및 문제해결 엔지니어링,3,Knowledge(지식),이슈 해결 방법론
12,이용·숙박·여행·오락·스포츠,120207,스포츠마케팅,120207_L3,스포츠마케팅 중급 독립 실무 및 문제해결 엔지니어링,3,Skill(기술/도구),고급 도구/코드/기기 활용
12,이용·숙박·여행·오락·스포츠,120207,스포츠마케팅,120207_L3,스포츠마케팅 중급 독립 실무 및 문제해결 엔지니어링,3,Skill(기술/도구),원인 분석 및 조치
12,이용·숙박·여행·오락·스포츠,120207,스포츠마케팅,120207_L3,스포츠마케팅 중급 독립 실무 및 문제해결 엔지니어링,3,Skill(기술/도구),성과 분석 리포팅
12,이용·숙박·여행·오락·스포츠,120207,스포츠마케팅,120207_L3,스포츠마케팅 중급 독립 실무 및 문제해결 엔지니어링,3,Attitude(태도),분석적 사고력
12,이용·숙박·여행·오락·스포츠,120207,스포츠마케팅,120207_L3,스포츠마케팅 중급 독립 실무 및 문제해결 엔지니어링,3,Attitude(태도),타 부서와의 원활한 협업 소통
12,이용·숙박·여행·오락·스포츠,120207,스포츠마케팅,120207_L4,스포츠마케팅 고급 전문화 및 프로젝트/팀 리딩,4,Knowledge(지식),신기술 융합 아키텍처
12,이용·숙박·여행·오락·스포츠,120207,스포츠마케팅,120207_L4,스포츠마케팅 고급 전문화 및 프로젝트/팀 리딩,4,Knowledge(지식),프로젝트 관리론(PMBOK/Agile)
12,이용·숙박·여행·오락·스포츠,120207,스포츠마케팅,120207_L4,스포츠마케팅 고급 전문화 및 프로젝트/팀 리딩,4,Knowledge(지식),품질보증(QA) 거버넌스
12,이용·숙박·여행·오락·스포츠,120207,스포츠마케팅,120207_L4,스포츠마케팅 고급 전문화 및 프로젝트/팀 리딩,4,Skill(기술/도구),전체 시스템 아키텍처 설계
12,이용·숙박·여행·오락·스포츠,120207,스포츠마케팅,120207_L4,스포츠마케팅 고급 전문화 및 프로젝트/팀 리딩,4,Skill(기술/도구),애자일 스프린트 리딩
12,이용·숙박·여행·오락·스포츠,120207,스포츠마케팅,120207_L4,스포츠마케팅 고급 전문화 및 프로젝트/팀 리딩,4,Skill(기술/도구),신기술 PoC 검증
12,이용·숙박·여행·오락·스포츠,120207,스포츠마케팅,120207_L4,스포츠마케팅 고급 전문화 및 프로젝트/팀 리딩,4,Attitude(태도),혁신 지향 리더십
12,이용·숙박·여행·오락·스포츠,120207,스포츠마케팅,120207_L4,스포츠마케팅 고급 전문화 및 프로젝트/팀 리딩,4,Attitude(태도),동료 성장 멘토링 마인드
12,이용·숙박·여행·오락·스포츠,120207,스포츠마케팅,120207_L5,스포츠마케팅 전략 기획 및 전사 거버넌스 총괄,5,Knowledge(지식),경영 전략 및 자본 예산 배분
12,이용·숙박·여행·오락·스포츠,120207,스포츠마케팅,120207_L5,스포츠마케팅 전략 기획 및 전사 거버넌스 총괄,5,Knowledge(지식),국내외 규제 컴플라이언스
12,이용·숙박·여행·오락·스포츠,120207,스포츠마케팅,120207_L5,스포츠마케팅 전략 기획 및 전사 거버넌스 총괄,5,Knowledge(지식),엔터프라이즈 거버넌스
12,이용·숙박·여행·오락·스포츠,120207,스포츠마케팅,120207_L5,스포츠마케팅 전략 기획 및 전사 거버넌스 총괄,5,Skill(기술/도구),전사 로드맵 수립
12,이용·숙박·여행·오락·스포츠,120207,스포츠마케팅,120207_L5,스포츠마케팅 전략 기획 및 전사 거버넌스 총괄,5,Skill(기술/도구),투자 대비 성과(ROI) 모델링
12,이용·숙박·여행·오락·스포츠,120207,스포츠마케팅,120207_L5,스포츠마케팅 전략 기획 및 전사 거버넌스 총괄,5,Skill(기술/도구),최고 의사결정 전략 제언
12,이용·숙박·여행·오락·스포츠,120207,스포츠마케팅,120207_L5,스포츠마케팅 전략 기획 및 전사 거버넌스 총괄,5,Attitude(태도),거시적 통찰력
12,이용·숙박·여행·오락·스포츠,120207,스포츠마케팅,120207_L5,스포츠마케팅 전략 기획 및 전사 거버넌스 총괄,5,Attitude(태도),전략적 윤리 리더십
12,이용·숙박·여행·오락·스포츠,120208,스포츠데이터분석,120208_L1,스포츠데이터분석 기초 입문 및 업무 환경 지원,1,Knowledge(지식),스포츠데이터분석 개론
12,이용·숙박·여행·오락·스포츠,120208,스포츠데이터분석,120208_L1,스포츠데이터분석 기초 입문 및 업무 환경 지원,1,Knowledge(지식),표준 작업 지침서
12,이용·숙박·여행·오락·스포츠,120208,스포츠데이터분석,120208_L1,스포츠데이터분석 기초 입문 및 업무 환경 지원,1,Knowledge(지식),기초 법령/규정
12,이용·숙박·여행·오락·스포츠,120208,스포츠데이터분석,120208_L1,스포츠데이터분석 기초 입문 및 업무 환경 지원,1,Skill(기술/도구),기초 전산 툴 조작
12,이용·숙박·여행·오락·스포츠,120208,스포츠데이터분석,120208_L1,스포츠데이터분석 기초 입문 및 업무 환경 지원,1,Skill(기술/도구),문서 서식 작성
12,이용·숙박·여행·오락·스포츠,120208,스포츠데이터분석,120208_L1,스포츠데이터분석 기초 입문 및 업무 환경 지원,1,Skill(기술/도구),자료 검색 및 분류
12,이용·숙박·여행·오락·스포츠,120208,스포츠데이터분석,120208_L1,스포츠데이터분석 기초 입문 및 업무 환경 지원,1,Attitude(태도),규정 준수 의식
12,이용·숙박·여행·오락·스포츠,120208,스포츠데이터분석,120208_L1,스포츠데이터분석 기초 입문 및 업무 환경 지원,1,Attitude(태도),성실한 업무 지원 태도
12,이용·숙박·여행·오락·스포츠,120208,스포츠데이터분석,120208_L2,스포츠데이터분석 초급 실무 및 정형 과업 수행,2,Knowledge(지식),스포츠데이터분석 실무 프로세스
12,이용·숙박·여행·오락·스포츠,120208,스포츠데이터분석,120208_L2,스포츠데이터분석 초급 실무 및 정형 과업 수행,2,Knowledge(지식),단위 업무 품질 기준
12,이용·숙박·여행·오락·스포츠,120208,스포츠데이터분석,120208_L2,스포츠데이터분석 초급 실무 및 정형 과업 수행,2,Knowledge(지식),데이터 검증 기법
12,이용·숙박·여행·오락·스포츠,120208,스포츠데이터분석,120208_L2,스포츠데이터분석 초급 실무 및 정형 과업 수행,2,Skill(기술/도구),실무 도구/SW 조작
12,이용·숙박·여행·오락·스포츠,120208,스포츠데이터분석,120208_L2,스포츠데이터분석 초급 실무 및 정형 과업 수행,2,Skill(기술/도구),데이터 정제 및 가공
12,이용·숙박·여행·오락·스포츠,120208,스포츠데이터분석,120208_L2,스포츠데이터분석 초급 실무 및 정형 과업 수행,2,Skill(기술/도구),단위 결과물 산출
12,이용·숙박·여행·오락·스포츠,120208,스포츠데이터분석,120208_L2,스포츠데이터분석 초급 실무 및 정형 과업 수행,2,Attitude(태도),정확성과 꼼꼼함
12,이용·숙박·여행·오락·스포츠,120208,스포츠데이터분석,120208_L2,스포츠데이터분석 초급 실무 및 정형 과업 수행,2,Attitude(태도),기한 준수 책임감
12,이용·숙박·여행·오락·스포츠,120208,스포츠데이터분석,120208_L3,스포츠데이터분석 중급 독립 실무 및 문제해결 엔지니어링,3,Knowledge(지식),심화 모델링/설계 이론
12,이용·숙박·여행·오락·스포츠,120208,스포츠데이터분석,120208_L3,스포츠데이터분석 중급 독립 실무 및 문제해결 엔지니어링,3,Knowledge(지식),성능 지표(KPI) 분석법
12,이용·숙박·여행·오락·스포츠,120208,스포츠데이터분석,120208_L3,스포츠데이터분석 중급 독립 실무 및 문제해결 엔지니어링,3,Knowledge(지식),이슈 해결 방법론
12,이용·숙박·여행·오락·스포츠,120208,스포츠데이터분석,120208_L3,스포츠데이터분석 중급 독립 실무 및 문제해결 엔지니어링,3,Skill(기술/도구),고급 도구/코드/기기 활용
12,이용·숙박·여행·오락·스포츠,120208,스포츠데이터분석,120208_L3,스포츠데이터분석 중급 독립 실무 및 문제해결 엔지니어링,3,Skill(기술/도구),원인 분석 및 조치
12,이용·숙박·여행·오락·스포츠,120208,스포츠데이터분석,120208_L3,스포츠데이터분석 중급 독립 실무 및 문제해결 엔지니어링,3,Skill(기술/도구),성과 분석 리포팅
12,이용·숙박·여행·오락·스포츠,120208,스포츠데이터분석,120208_L3,스포츠데이터분석 중급 독립 실무 및 문제해결 엔지니어링,3,Attitude(태도),분석적 사고력
12,이용·숙박·여행·오락·스포츠,120208,스포츠데이터분석,120208_L3,스포츠데이터분석 중급 독립 실무 및 문제해결 엔지니어링,3,Attitude(태도),타 부서와의 원활한 협업 소통
12,이용·숙박·여행·오락·스포츠,120208,스포츠데이터분석,120208_L4,스포츠데이터분석 고급 전문화 및 프로젝트/팀 리딩,4,Knowledge(지식),신기술 융합 아키텍처
12,이용·숙박·여행·오락·스포츠,120208,스포츠데이터분석,120208_L4,스포츠데이터분석 고급 전문화 및 프로젝트/팀 리딩,4,Knowledge(지식),프로젝트 관리론(PMBOK/Agile)
12,이용·숙박·여행·오락·스포츠,120208,스포츠데이터분석,120208_L4,스포츠데이터분석 고급 전문화 및 프로젝트/팀 리딩,4,Knowledge(지식),품질보증(QA) 거버넌스
12,이용·숙박·여행·오락·스포츠,120208,스포츠데이터분석,120208_L4,스포츠데이터분석 고급 전문화 및 프로젝트/팀 리딩,4,Skill(기술/도구),전체 시스템 아키텍처 설계
12,이용·숙박·여행·오락·스포츠,120208,스포츠데이터분석,120208_L4,스포츠데이터분석 고급 전문화 및 프로젝트/팀 리딩,4,Skill(기술/도구),애자일 스프린트 리딩
12,이용·숙박·여행·오락·스포츠,120208,스포츠데이터분석,120208_L4,스포츠데이터분석 고급 전문화 및 프로젝트/팀 리딩,4,Skill(기술/도구),신기술 PoC 검증
12,이용·숙박·여행·오락·스포츠,120208,스포츠데이터분석,120208_L4,스포츠데이터분석 고급 전문화 및 프로젝트/팀 리딩,4,Attitude(태도),혁신 지향 리더십
12,이용·숙박·여행·오락·스포츠,120208,스포츠데이터분석,120208_L4,스포츠데이터분석 고급 전문화 및 프로젝트/팀 리딩,4,Attitude(태도),동료 성장 멘토링 마인드
12,이용·숙박·여행·오락·스포츠,120208,스포츠데이터분석,120208_L5,스포츠데이터분석 전략 기획 및 전사 거버넌스 총괄,5,Knowledge(지식),경영 전략 및 자본 예산 배분
12,이용·숙박·여행·오락·스포츠,120208,스포츠데이터분석,120208_L5,스포츠데이터분석 전략 기획 및 전사 거버넌스 총괄,5,Knowledge(지식),국내외 규제 컴플라이언스
12,이용·숙박·여행·오락·스포츠,120208,스포츠데이터분석,120208_L5,스포츠데이터분석 전략 기획 및 전사 거버넌스 총괄,5,Knowledge(지식),엔터프라이즈 거버넌스
12,이용·숙박·여행·오락·스포츠,120208,스포츠데이터분석,120208_L5,스포츠데이터분석 전략 기획 및 전사 거버넌스 총괄,5,Skill(기술/도구),전사 로드맵 수립
12,이용·숙박·여행·오락·스포츠,120208,스포츠데이터분석,120208_L5,스포츠데이터분석 전략 기획 및 전사 거버넌스 총괄,5,Skill(기술/도구),투자 대비 성과(ROI) 모델링
12,이용·숙박·여행·오락·스포츠,120208,스포츠데이터분석,120208_L5,스포츠데이터분석 전략 기획 및 전사 거버넌스 총괄,5,Skill(기술/도구),최고 의사결정 전략 제언
12,이용·숙박·여행·오락·스포츠,120208,스포츠데이터분석,120208_L5,스포츠데이터분석 전략 기획 및 전사 거버넌스 총괄,5,Attitude(태도),거시적 통찰력
12,이용·숙박·여행·오락·스포츠,120208,스포츠데이터분석,120208_L5,스포츠데이터분석 전략 기획 및 전사 거버넌스 총괄,5,Attitude(태도),전략적 윤리 리더십
12,이용·숙박·여행·오락·스포츠,120209,생활체육지도,120209_L1,생활체육지도 기초 입문 및 업무 환경 지원,1,Knowledge(지식),생활체육지도 개론
12,이용·숙박·여행·오락·스포츠,120209,생활체육지도,120209_L1,생활체육지도 기초 입문 및 업무 환경 지원,1,Knowledge(지식),표준 작업 지침서
12,이용·숙박·여행·오락·스포츠,120209,생활체육지도,120209_L1,생활체육지도 기초 입문 및 업무 환경 지원,1,Knowledge(지식),기초 법령/규정
12,이용·숙박·여행·오락·스포츠,120209,생활체육지도,120209_L1,생활체육지도 기초 입문 및 업무 환경 지원,1,Skill(기술/도구),기초 전산 툴 조작
12,이용·숙박·여행·오락·스포츠,120209,생활체육지도,120209_L1,생활체육지도 기초 입문 및 업무 환경 지원,1,Skill(기술/도구),문서 서식 작성
12,이용·숙박·여행·오락·스포츠,120209,생활체육지도,120209_L1,생활체육지도 기초 입문 및 업무 환경 지원,1,Skill(기술/도구),자료 검색 및 분류
12,이용·숙박·여행·오락·스포츠,120209,생활체육지도,120209_L1,생활체육지도 기초 입문 및 업무 환경 지원,1,Attitude(태도),규정 준수 의식
12,이용·숙박·여행·오락·스포츠,120209,생활체육지도,120209_L1,생활체육지도 기초 입문 및 업무 환경 지원,1,Attitude(태도),성실한 업무 지원 태도
12,이용·숙박·여행·오락·스포츠,120209,생활체육지도,120209_L2,생활체육지도 초급 실무 및 정형 과업 수행,2,Knowledge(지식),생활체육지도 실무 프로세스
12,이용·숙박·여행·오락·스포츠,120209,생활체육지도,120209_L2,생활체육지도 초급 실무 및 정형 과업 수행,2,Knowledge(지식),단위 업무 품질 기준
12,이용·숙박·여행·오락·스포츠,120209,생활체육지도,120209_L2,생활체육지도 초급 실무 및 정형 과업 수행,2,Knowledge(지식),데이터 검증 기법
12,이용·숙박·여행·오락·스포츠,120209,생활체육지도,120209_L2,생활체육지도 초급 실무 및 정형 과업 수행,2,Skill(기술/도구),실무 도구/SW 조작
12,이용·숙박·여행·오락·스포츠,120209,생활체육지도,120209_L2,생활체육지도 초급 실무 및 정형 과업 수행,2,Skill(기술/도구),데이터 정제 및 가공
12,이용·숙박·여행·오락·스포츠,120209,생활체육지도,120209_L2,생활체육지도 초급 실무 및 정형 과업 수행,2,Skill(기술/도구),단위 결과물 산출
12,이용·숙박·여행·오락·스포츠,120209,생활체육지도,120209_L2,생활체육지도 초급 실무 및 정형 과업 수행,2,Attitude(태도),정확성과 꼼꼼함
12,이용·숙박·여행·오락·스포츠,120209,생활체육지도,120209_L2,생활체육지도 초급 실무 및 정형 과업 수행,2,Attitude(태도),기한 준수 책임감
12,이용·숙박·여행·오락·스포츠,120209,생활체육지도,120209_L3,생활체육지도 중급 독립 실무 및 문제해결 엔지니어링,3,Knowledge(지식),심화 모델링/설계 이론
12,이용·숙박·여행·오락·스포츠,120209,생활체육지도,120209_L3,생활체육지도 중급 독립 실무 및 문제해결 엔지니어링,3,Knowledge(지식),성능 지표(KPI) 분석법
12,이용·숙박·여행·오락·스포츠,120209,생활체육지도,120209_L3,생활체육지도 중급 독립 실무 및 문제해결 엔지니어링,3,Knowledge(지식),이슈 해결 방법론
12,이용·숙박·여행·오락·스포츠,120209,생활체육지도,120209_L3,생활체육지도 중급 독립 실무 및 문제해결 엔지니어링,3,Skill(기술/도구),고급 도구/코드/기기 활용
12,이용·숙박·여행·오락·스포츠,120209,생활체육지도,120209_L3,생활체육지도 중급 독립 실무 및 문제해결 엔지니어링,3,Skill(기술/도구),원인 분석 및 조치
12,이용·숙박·여행·오락·스포츠,120209,생활체육지도,120209_L3,생활체육지도 중급 독립 실무 및 문제해결 엔지니어링,3,Skill(기술/도구),성과 분석 리포팅
12,이용·숙박·여행·오락·스포츠,120209,생활체육지도,120209_L3,생활체육지도 중급 독립 실무 및 문제해결 엔지니어링,3,Attitude(태도),분석적 사고력
12,이용·숙박·여행·오락·스포츠,120209,생활체육지도,120209_L3,생활체육지도 중급 독립 실무 및 문제해결 엔지니어링,3,Attitude(태도),타 부서와의 원활한 협업 소통
12,이용·숙박·여행·오락·스포츠,120209,생활체육지도,120209_L4,생활체육지도 고급 전문화 및 프로젝트/팀 리딩,4,Knowledge(지식),신기술 융합 아키텍처
12,이용·숙박·여행·오락·스포츠,120209,생활체육지도,120209_L4,생활체육지도 고급 전문화 및 프로젝트/팀 리딩,4,Knowledge(지식),프로젝트 관리론(PMBOK/Agile)
12,이용·숙박·여행·오락·스포츠,120209,생활체육지도,120209_L4,생활체육지도 고급 전문화 및 프로젝트/팀 리딩,4,Knowledge(지식),품질보증(QA) 거버넌스
12,이용·숙박·여행·오락·스포츠,120209,생활체육지도,120209_L4,생활체육지도 고급 전문화 및 프로젝트/팀 리딩,4,Skill(기술/도구),전체 시스템 아키텍처 설계
12,이용·숙박·여행·오락·스포츠,120209,생활체육지도,120209_L4,생활체육지도 고급 전문화 및 프로젝트/팀 리딩,4,Skill(기술/도구),애자일 스프린트 리딩
12,이용·숙박·여행·오락·스포츠,120209,생활체육지도,120209_L4,생활체육지도 고급 전문화 및 프로젝트/팀 리딩,4,Skill(기술/도구),신기술 PoC 검증
12,이용·숙박·여행·오락·스포츠,120209,생활체육지도,120209_L4,생활체육지도 고급 전문화 및 프로젝트/팀 리딩,4,Attitude(태도),혁신 지향 리더십
12,이용·숙박·여행·오락·스포츠,120209,생활체육지도,120209_L4,생활체육지도 고급 전문화 및 프로젝트/팀 리딩,4,Attitude(태도),동료 성장 멘토링 마인드
12,이용·숙박·여행·오락·스포츠,120209,생활체육지도,120209_L5,생활체육지도 전략 기획 및 전사 거버넌스 총괄,5,Knowledge(지식),경영 전략 및 자본 예산 배분
12,이용·숙박·여행·오락·스포츠,120209,생활체육지도,120209_L5,생활체육지도 전략 기획 및 전사 거버넌스 총괄,5,Knowledge(지식),국내외 규제 컴플라이언스
12,이용·숙박·여행·오락·스포츠,120209,생활체육지도,120209_L5,생활체육지도 전략 기획 및 전사 거버넌스 총괄,5,Knowledge(지식),엔터프라이즈 거버넌스
12,이용·숙박·여행·오락·스포츠,120209,생활체육지도,120209_L5,생활체육지도 전략 기획 및 전사 거버넌스 총괄,5,Skill(기술/도구),전사 로드맵 수립
12,이용·숙박·여행·오락·스포츠,120209,생활체육지도,120209_L5,생활체육지도 전략 기획 및 전사 거버넌스 총괄,5,Skill(기술/도구),투자 대비 성과(ROI) 모델링
12,이용·숙박·여행·오락·스포츠,120209,생활체육지도,120209_L5,생활체육지도 전략 기획 및 전사 거버넌스 총괄,5,Skill(기술/도구),최고 의사결정 전략 제언
12,이용·숙박·여행·오락·스포츠,120209,생활체육지도,120209_L5,생활체육지도 전략 기획 및 전사 거버넌스 총괄,5,Attitude(태도),거시적 통찰력
12,이용·숙박·여행·오락·스포츠,120209,생활체육지도,120209_L5,생활체육지도 전략 기획 및 전사 거버넌스 총괄,5,Attitude(태도),전략적 윤리 리더십
12,이용·숙박·여행·오락·스포츠,120210,골프장운영관리,120210_L1,골프장운영관리 기초 입문 및 업무 환경 지원,1,Knowledge(지식),골프장운영관리 개론
12,이용·숙박·여행·오락·스포츠,120210,골프장운영관리,120210_L1,골프장운영관리 기초 입문 및 업무 환경 지원,1,Knowledge(지식),표준 작업 지침서
12,이용·숙박·여행·오락·스포츠,120210,골프장운영관리,120210_L1,골프장운영관리 기초 입문 및 업무 환경 지원,1,Knowledge(지식),기초 법령/규정
12,이용·숙박·여행·오락·스포츠,120210,골프장운영관리,120210_L1,골프장운영관리 기초 입문 및 업무 환경 지원,1,Skill(기술/도구),기초 전산 툴 조작
12,이용·숙박·여행·오락·스포츠,120210,골프장운영관리,120210_L1,골프장운영관리 기초 입문 및 업무 환경 지원,1,Skill(기술/도구),문서 서식 작성
12,이용·숙박·여행·오락·스포츠,120210,골프장운영관리,120210_L1,골프장운영관리 기초 입문 및 업무 환경 지원,1,Skill(기술/도구),자료 검색 및 분류
12,이용·숙박·여행·오락·스포츠,120210,골프장운영관리,120210_L1,골프장운영관리 기초 입문 및 업무 환경 지원,1,Attitude(태도),규정 준수 의식
12,이용·숙박·여행·오락·스포츠,120210,골프장운영관리,120210_L1,골프장운영관리 기초 입문 및 업무 환경 지원,1,Attitude(태도),성실한 업무 지원 태도
12,이용·숙박·여행·오락·스포츠,120210,골프장운영관리,120210_L2,골프장운영관리 초급 실무 및 정형 과업 수행,2,Knowledge(지식),골프장운영관리 실무 프로세스
12,이용·숙박·여행·오락·스포츠,120210,골프장운영관리,120210_L2,골프장운영관리 초급 실무 및 정형 과업 수행,2,Knowledge(지식),단위 업무 품질 기준
12,이용·숙박·여행·오락·스포츠,120210,골프장운영관리,120210_L2,골프장운영관리 초급 실무 및 정형 과업 수행,2,Knowledge(지식),데이터 검증 기법
12,이용·숙박·여행·오락·스포츠,120210,골프장운영관리,120210_L2,골프장운영관리 초급 실무 및 정형 과업 수행,2,Skill(기술/도구),실무 도구/SW 조작
12,이용·숙박·여행·오락·스포츠,120210,골프장운영관리,120210_L2,골프장운영관리 초급 실무 및 정형 과업 수행,2,Skill(기술/도구),데이터 정제 및 가공
12,이용·숙박·여행·오락·스포츠,120210,골프장운영관리,120210_L2,골프장운영관리 초급 실무 및 정형 과업 수행,2,Skill(기술/도구),단위 결과물 산출
12,이용·숙박·여행·오락·스포츠,120210,골프장운영관리,120210_L2,골프장운영관리 초급 실무 및 정형 과업 수행,2,Attitude(태도),정확성과 꼼꼼함
12,이용·숙박·여행·오락·스포츠,120210,골프장운영관리,120210_L2,골프장운영관리 초급 실무 및 정형 과업 수행,2,Attitude(태도),기한 준수 책임감
12,이용·숙박·여행·오락·스포츠,120210,골프장운영관리,120210_L3,골프장운영관리 중급 독립 실무 및 문제해결 엔지니어링,3,Knowledge(지식),심화 모델링/설계 이론
12,이용·숙박·여행·오락·스포츠,120210,골프장운영관리,120210_L3,골프장운영관리 중급 독립 실무 및 문제해결 엔지니어링,3,Knowledge(지식),성능 지표(KPI) 분석법
12,이용·숙박·여행·오락·스포츠,120210,골프장운영관리,120210_L3,골프장운영관리 중급 독립 실무 및 문제해결 엔지니어링,3,Knowledge(지식),이슈 해결 방법론
12,이용·숙박·여행·오락·스포츠,120210,골프장운영관리,120210_L3,골프장운영관리 중급 독립 실무 및 문제해결 엔지니어링,3,Skill(기술/도구),고급 도구/코드/기기 활용
12,이용·숙박·여행·오락·스포츠,120210,골프장운영관리,120210_L3,골프장운영관리 중급 독립 실무 및 문제해결 엔지니어링,3,Skill(기술/도구),원인 분석 및 조치
12,이용·숙박·여행·오락·스포츠,120210,골프장운영관리,120210_L3,골프장운영관리 중급 독립 실무 및 문제해결 엔지니어링,3,Skill(기술/도구),성과 분석 리포팅
12,이용·숙박·여행·오락·스포츠,120210,골프장운영관리,120210_L3,골프장운영관리 중급 독립 실무 및 문제해결 엔지니어링,3,Attitude(태도),분석적 사고력
12,이용·숙박·여행·오락·스포츠,120210,골프장운영관리,120210_L3,골프장운영관리 중급 독립 실무 및 문제해결 엔지니어링,3,Attitude(태도),타 부서와의 원활한 협업 소통
12,이용·숙박·여행·오락·스포츠,120210,골프장운영관리,120210_L4,골프장운영관리 고급 전문화 및 프로젝트/팀 리딩,4,Knowledge(지식),신기술 융합 아키텍처
12,이용·숙박·여행·오락·스포츠,120210,골프장운영관리,120210_L4,골프장운영관리 고급 전문화 및 프로젝트/팀 리딩,4,Knowledge(지식),프로젝트 관리론(PMBOK/Agile)
12,이용·숙박·여행·오락·스포츠,120210,골프장운영관리,120210_L4,골프장운영관리 고급 전문화 및 프로젝트/팀 리딩,4,Knowledge(지식),품질보증(QA) 거버넌스
12,이용·숙박·여행·오락·스포츠,120210,골프장운영관리,120210_L4,골프장운영관리 고급 전문화 및 프로젝트/팀 리딩,4,Skill(기술/도구),전체 시스템 아키텍처 설계
12,이용·숙박·여행·오락·스포츠,120210,골프장운영관리,120210_L4,골프장운영관리 고급 전문화 및 프로젝트/팀 리딩,4,Skill(기술/도구),애자일 스프린트 리딩
12,이용·숙박·여행·오락·스포츠,120210,골프장운영관리,120210_L4,골프장운영관리 고급 전문화 및 프로젝트/팀 리딩,4,Skill(기술/도구),신기술 PoC 검증
12,이용·숙박·여행·오락·스포츠,120210,골프장운영관리,120210_L4,골프장운영관리 고급 전문화 및 프로젝트/팀 리딩,4,Attitude(태도),혁신 지향 리더십
12,이용·숙박·여행·오락·스포츠,120210,골프장운영관리,120210_L4,골프장운영관리 고급 전문화 및 프로젝트/팀 리딩,4,Attitude(태도),동료 성장 멘토링 마인드
12,이용·숙박·여행·오락·스포츠,120210,골프장운영관리,120210_L5,골프장운영관리 전략 기획 및 전사 거버넌스 총괄,5,Knowledge(지식),경영 전략 및 자본 예산 배분
12,이용·숙박·여행·오락·스포츠,120210,골프장운영관리,120210_L5,골프장운영관리 전략 기획 및 전사 거버넌스 총괄,5,Knowledge(지식),국내외 규제 컴플라이언스
12,이용·숙박·여행·오락·스포츠,120210,골프장운영관리,120210_L5,골프장운영관리 전략 기획 및 전사 거버넌스 총괄,5,Knowledge(지식),엔터프라이즈 거버넌스
12,이용·숙박·여행·오락·스포츠,120210,골프장운영관리,120210_L5,골프장운영관리 전략 기획 및 전사 거버넌스 총괄,5,Skill(기술/도구),전사 로드맵 수립
12,이용·숙박·여행·오락·스포츠,120210,골프장운영관리,120210_L5,골프장운영관리 전략 기획 및 전사 거버넌스 총괄,5,Skill(기술/도구),투자 대비 성과(ROI) 모델링
12,이용·숙박·여행·오락·스포츠,120210,골프장운영관리,120210_L5,골프장운영관리 전략 기획 및 전사 거버넌스 총괄,5,Skill(기술/도구),최고 의사결정 전략 제언
12,이용·숙박·여행·오락·스포츠,120210,골프장운영관리,120210_L5,골프장운영관리 전략 기획 및 전사 거버넌스 총괄,5,Attitude(태도),거시적 통찰력
12,이용·숙박·여행·오락·스포츠,120210,골프장운영관리,120210_L5,골프장운영관리 전략 기획 및 전사 거버넌스 총괄,5,Attitude(태도),전략적 윤리 리더십
12,이용·숙박·여행·오락·스포츠,120211,테마파크기획,120211_L1,테마파크기획 기초 입문 및 업무 환경 지원,1,Knowledge(지식),테마파크기획 개론
12,이용·숙박·여행·오락·스포츠,120211,테마파크기획,120211_L1,테마파크기획 기초 입문 및 업무 환경 지원,1,Knowledge(지식),표준 작업 지침서
12,이용·숙박·여행·오락·스포츠,120211,테마파크기획,120211_L1,테마파크기획 기초 입문 및 업무 환경 지원,1,Knowledge(지식),기초 법령/규정
12,이용·숙박·여행·오락·스포츠,120211,테마파크기획,120211_L1,테마파크기획 기초 입문 및 업무 환경 지원,1,Skill(기술/도구),기초 전산 툴 조작
12,이용·숙박·여행·오락·스포츠,120211,테마파크기획,120211_L1,테마파크기획 기초 입문 및 업무 환경 지원,1,Skill(기술/도구),문서 서식 작성
12,이용·숙박·여행·오락·스포츠,120211,테마파크기획,120211_L1,테마파크기획 기초 입문 및 업무 환경 지원,1,Skill(기술/도구),자료 검색 및 분류
12,이용·숙박·여행·오락·스포츠,120211,테마파크기획,120211_L1,테마파크기획 기초 입문 및 업무 환경 지원,1,Attitude(태도),규정 준수 의식
12,이용·숙박·여행·오락·스포츠,120211,테마파크기획,120211_L1,테마파크기획 기초 입문 및 업무 환경 지원,1,Attitude(태도),성실한 업무 지원 태도
12,이용·숙박·여행·오락·스포츠,120211,테마파크기획,120211_L2,테마파크기획 초급 실무 및 정형 과업 수행,2,Knowledge(지식),테마파크기획 실무 프로세스
12,이용·숙박·여행·오락·스포츠,120211,테마파크기획,120211_L2,테마파크기획 초급 실무 및 정형 과업 수행,2,Knowledge(지식),단위 업무 품질 기준
12,이용·숙박·여행·오락·스포츠,120211,테마파크기획,120211_L2,테마파크기획 초급 실무 및 정형 과업 수행,2,Knowledge(지식),데이터 검증 기법
12,이용·숙박·여행·오락·스포츠,120211,테마파크기획,120211_L2,테마파크기획 초급 실무 및 정형 과업 수행,2,Skill(기술/도구),실무 도구/SW 조작
12,이용·숙박·여행·오락·스포츠,120211,테마파크기획,120211_L2,테마파크기획 초급 실무 및 정형 과업 수행,2,Skill(기술/도구),데이터 정제 및 가공
12,이용·숙박·여행·오락·스포츠,120211,테마파크기획,120211_L2,테마파크기획 초급 실무 및 정형 과업 수행,2,Skill(기술/도구),단위 결과물 산출
12,이용·숙박·여행·오락·스포츠,120211,테마파크기획,120211_L2,테마파크기획 초급 실무 및 정형 과업 수행,2,Attitude(태도),정확성과 꼼꼼함
12,이용·숙박·여행·오락·스포츠,120211,테마파크기획,120211_L2,테마파크기획 초급 실무 및 정형 과업 수행,2,Attitude(태도),기한 준수 책임감
12,이용·숙박·여행·오락·스포츠,120211,테마파크기획,120211_L3,테마파크기획 중급 독립 실무 및 문제해결 엔지니어링,3,Knowledge(지식),심화 모델링/설계 이론
12,이용·숙박·여행·오락·스포츠,120211,테마파크기획,120211_L3,테마파크기획 중급 독립 실무 및 문제해결 엔지니어링,3,Knowledge(지식),성능 지표(KPI) 분석법
12,이용·숙박·여행·오락·스포츠,120211,테마파크기획,120211_L3,테마파크기획 중급 독립 실무 및 문제해결 엔지니어링,3,Knowledge(지식),이슈 해결 방법론
12,이용·숙박·여행·오락·스포츠,120211,테마파크기획,120211_L3,테마파크기획 중급 독립 실무 및 문제해결 엔지니어링,3,Skill(기술/도구),고급 도구/코드/기기 활용
12,이용·숙박·여행·오락·스포츠,120211,테마파크기획,120211_L3,테마파크기획 중급 독립 실무 및 문제해결 엔지니어링,3,Skill(기술/도구),원인 분석 및 조치
12,이용·숙박·여행·오락·스포츠,120211,테마파크기획,120211_L3,테마파크기획 중급 독립 실무 및 문제해결 엔지니어링,3,Skill(기술/도구),성과 분석 리포팅
12,이용·숙박·여행·오락·스포츠,120211,테마파크기획,120211_L3,테마파크기획 중급 독립 실무 및 문제해결 엔지니어링,3,Attitude(태도),분석적 사고력
12,이용·숙박·여행·오락·스포츠,120211,테마파크기획,120211_L3,테마파크기획 중급 독립 실무 및 문제해결 엔지니어링,3,Attitude(태도),타 부서와의 원활한 협업 소통
12,이용·숙박·여행·오락·스포츠,120211,테마파크기획,120211_L4,테마파크기획 고급 전문화 및 프로젝트/팀 리딩,4,Knowledge(지식),신기술 융합 아키텍처
12,이용·숙박·여행·오락·스포츠,120211,테마파크기획,120211_L4,테마파크기획 고급 전문화 및 프로젝트/팀 리딩,4,Knowledge(지식),프로젝트 관리론(PMBOK/Agile)
12,이용·숙박·여행·오락·스포츠,120211,테마파크기획,120211_L4,테마파크기획 고급 전문화 및 프로젝트/팀 리딩,4,Knowledge(지식),품질보증(QA) 거버넌스
12,이용·숙박·여행·오락·스포츠,120211,테마파크기획,120211_L4,테마파크기획 고급 전문화 및 프로젝트/팀 리딩,4,Skill(기술/도구),전체 시스템 아키텍처 설계
12,이용·숙박·여행·오락·스포츠,120211,테마파크기획,120211_L4,테마파크기획 고급 전문화 및 프로젝트/팀 리딩,4,Skill(기술/도구),애자일 스프린트 리딩
12,이용·숙박·여행·오락·스포츠,120211,테마파크기획,120211_L4,테마파크기획 고급 전문화 및 프로젝트/팀 리딩,4,Skill(기술/도구),신기술 PoC 검증
12,이용·숙박·여행·오락·스포츠,120211,테마파크기획,120211_L4,테마파크기획 고급 전문화 및 프로젝트/팀 리딩,4,Attitude(태도),혁신 지향 리더십
12,이용·숙박·여행·오락·스포츠,120211,테마파크기획,120211_L4,테마파크기획 고급 전문화 및 프로젝트/팀 리딩,4,Attitude(태도),동료 성장 멘토링 마인드
12,이용·숙박·여행·오락·스포츠,120211,테마파크기획,120211_L5,테마파크기획 전략 기획 및 전사 거버넌스 총괄,5,Knowledge(지식),경영 전략 및 자본 예산 배분
12,이용·숙박·여행·오락·스포츠,120211,테마파크기획,120211_L5,테마파크기획 전략 기획 및 전사 거버넌스 총괄,5,Knowledge(지식),국내외 규제 컴플라이언스
12,이용·숙박·여행·오락·스포츠,120211,테마파크기획,120211_L5,테마파크기획 전략 기획 및 전사 거버넌스 총괄,5,Knowledge(지식),엔터프라이즈 거버넌스
12,이용·숙박·여행·오락·스포츠,120211,테마파크기획,120211_L5,테마파크기획 전략 기획 및 전사 거버넌스 총괄,5,Skill(기술/도구),전사 로드맵 수립
12,이용·숙박·여행·오락·스포츠,120211,테마파크기획,120211_L5,테마파크기획 전략 기획 및 전사 거버넌스 총괄,5,Skill(기술/도구),투자 대비 성과(ROI) 모델링
12,이용·숙박·여행·오락·스포츠,120211,테마파크기획,120211_L5,테마파크기획 전략 기획 및 전사 거버넌스 총괄,5,Skill(기술/도구),최고 의사결정 전략 제언
12,이용·숙박·여행·오락·스포츠,120211,테마파크기획,120211_L5,테마파크기획 전략 기획 및 전사 거버넌스 총괄,5,Attitude(태도),거시적 통찰력
12,이용·숙박·여행·오락·스포츠,120211,테마파크기획,120211_L5,테마파크기획 전략 기획 및 전사 거버넌스 총괄,5,Attitude(태도),전략적 윤리 리더십
13,음식서비스,130101,외식메뉴개발(R&D),130101_L1,외식메뉴개발(R&D) 기초 입문 및 업무 환경 지원,1,Knowledge(지식),외식메뉴개발(R&D) 개론
13,음식서비스,130101,외식메뉴개발(R&D),130101_L1,외식메뉴개발(R&D) 기초 입문 및 업무 환경 지원,1,Knowledge(지식),표준 작업 지침서
13,음식서비스,130101,외식메뉴개발(R&D),130101_L1,외식메뉴개발(R&D) 기초 입문 및 업무 환경 지원,1,Knowledge(지식),기초 법령/규정
13,음식서비스,130101,외식메뉴개발(R&D),130101_L1,외식메뉴개발(R&D) 기초 입문 및 업무 환경 지원,1,Skill(기술/도구),기초 전산 툴 조작
13,음식서비스,130101,외식메뉴개발(R&D),130101_L1,외식메뉴개발(R&D) 기초 입문 및 업무 환경 지원,1,Skill(기술/도구),문서 서식 작성
13,음식서비스,130101,외식메뉴개발(R&D),130101_L1,외식메뉴개발(R&D) 기초 입문 및 업무 환경 지원,1,Skill(기술/도구),자료 검색 및 분류
13,음식서비스,130101,외식메뉴개발(R&D),130101_L1,외식메뉴개발(R&D) 기초 입문 및 업무 환경 지원,1,Attitude(태도),규정 준수 의식
13,음식서비스,130101,외식메뉴개발(R&D),130101_L1,외식메뉴개발(R&D) 기초 입문 및 업무 환경 지원,1,Attitude(태도),성실한 업무 지원 태도
13,음식서비스,130101,외식메뉴개발(R&D),130101_L2,외식메뉴개발(R&D) 초급 실무 및 정형 과업 수행,2,Knowledge(지식),외식메뉴개발(R&D) 실무 프로세스
13,음식서비스,130101,외식메뉴개발(R&D),130101_L2,외식메뉴개발(R&D) 초급 실무 및 정형 과업 수행,2,Knowledge(지식),단위 업무 품질 기준
13,음식서비스,130101,외식메뉴개발(R&D),130101_L2,외식메뉴개발(R&D) 초급 실무 및 정형 과업 수행,2,Knowledge(지식),데이터 검증 기법
13,음식서비스,130101,외식메뉴개발(R&D),130101_L2,외식메뉴개발(R&D) 초급 실무 및 정형 과업 수행,2,Skill(기술/도구),실무 도구/SW 조작
13,음식서비스,130101,외식메뉴개발(R&D),130101_L2,외식메뉴개발(R&D) 초급 실무 및 정형 과업 수행,2,Skill(기술/도구),데이터 정제 및 가공
13,음식서비스,130101,외식메뉴개발(R&D),130101_L2,외식메뉴개발(R&D) 초급 실무 및 정형 과업 수행,2,Skill(기술/도구),단위 결과물 산출
13,음식서비스,130101,외식메뉴개발(R&D),130101_L2,외식메뉴개발(R&D) 초급 실무 및 정형 과업 수행,2,Attitude(태도),정확성과 꼼꼼함
13,음식서비스,130101,외식메뉴개발(R&D),130101_L2,외식메뉴개발(R&D) 초급 실무 및 정형 과업 수행,2,Attitude(태도),기한 준수 책임감
13,음식서비스,130101,외식메뉴개발(R&D),130101_L3,외식메뉴개발(R&D) 중급 독립 실무 및 문제해결 엔지니어링,3,Knowledge(지식),심화 모델링/설계 이론
13,음식서비스,130101,외식메뉴개발(R&D),130101_L3,외식메뉴개발(R&D) 중급 독립 실무 및 문제해결 엔지니어링,3,Knowledge(지식),성능 지표(KPI) 분석법
13,음식서비스,130101,외식메뉴개발(R&D),130101_L3,외식메뉴개발(R&D) 중급 독립 실무 및 문제해결 엔지니어링,3,Knowledge(지식),이슈 해결 방법론
13,음식서비스,130101,외식메뉴개발(R&D),130101_L3,외식메뉴개발(R&D) 중급 독립 실무 및 문제해결 엔지니어링,3,Skill(기술/도구),고급 도구/코드/기기 활용
13,음식서비스,130101,외식메뉴개발(R&D),130101_L3,외식메뉴개발(R&D) 중급 독립 실무 및 문제해결 엔지니어링,3,Skill(기술/도구),원인 분석 및 조치
13,음식서비스,130101,외식메뉴개발(R&D),130101_L3,외식메뉴개발(R&D) 중급 독립 실무 및 문제해결 엔지니어링,3,Skill(기술/도구),성과 분석 리포팅
13,음식서비스,130101,외식메뉴개발(R&D),130101_L3,외식메뉴개발(R&D) 중급 독립 실무 및 문제해결 엔지니어링,3,Attitude(태도),분석적 사고력
13,음식서비스,130101,외식메뉴개발(R&D),130101_L3,외식메뉴개발(R&D) 중급 독립 실무 및 문제해결 엔지니어링,3,Attitude(태도),타 부서와의 원활한 협업 소통
13,음식서비스,130101,외식메뉴개발(R&D),130101_L4,외식메뉴개발(R&D) 고급 전문화 및 프로젝트/팀 리딩,4,Knowledge(지식),신기술 융합 아키텍처
13,음식서비스,130101,외식메뉴개발(R&D),130101_L4,외식메뉴개발(R&D) 고급 전문화 및 프로젝트/팀 리딩,4,Knowledge(지식),프로젝트 관리론(PMBOK/Agile)
13,음식서비스,130101,외식메뉴개발(R&D),130101_L4,외식메뉴개발(R&D) 고급 전문화 및 프로젝트/팀 리딩,4,Knowledge(지식),품질보증(QA) 거버넌스
13,음식서비스,130101,외식메뉴개발(R&D),130101_L4,외식메뉴개발(R&D) 고급 전문화 및 프로젝트/팀 리딩,4,Skill(기술/도구),전체 시스템 아키텍처 설계
13,음식서비스,130101,외식메뉴개발(R&D),130101_L4,외식메뉴개발(R&D) 고급 전문화 및 프로젝트/팀 리딩,4,Skill(기술/도구),애자일 스프린트 리딩
13,음식서비스,130101,외식메뉴개발(R&D),130101_L4,외식메뉴개발(R&D) 고급 전문화 및 프로젝트/팀 리딩,4,Skill(기술/도구),신기술 PoC 검증
13,음식서비스,130101,외식메뉴개발(R&D),130101_L4,외식메뉴개발(R&D) 고급 전문화 및 프로젝트/팀 리딩,4,Attitude(태도),혁신 지향 리더십
13,음식서비스,130101,외식메뉴개발(R&D),130101_L4,외식메뉴개발(R&D) 고급 전문화 및 프로젝트/팀 리딩,4,Attitude(태도),동료 성장 멘토링 마인드
13,음식서비스,130101,외식메뉴개발(R&D),130101_L5,외식메뉴개발(R&D) 전략 기획 및 전사 거버넌스 총괄,5,Knowledge(지식),경영 전략 및 자본 예산 배분
13,음식서비스,130101,외식메뉴개발(R&D),130101_L5,외식메뉴개발(R&D) 전략 기획 및 전사 거버넌스 총괄,5,Knowledge(지식),국내외 규제 컴플라이언스
13,음식서비스,130101,외식메뉴개발(R&D),130101_L5,외식메뉴개발(R&D) 전략 기획 및 전사 거버넌스 총괄,5,Knowledge(지식),엔터프라이즈 거버넌스
13,음식서비스,130101,외식메뉴개발(R&D),130101_L5,외식메뉴개발(R&D) 전략 기획 및 전사 거버넌스 총괄,5,Skill(기술/도구),전사 로드맵 수립
13,음식서비스,130101,외식메뉴개발(R&D),130101_L5,외식메뉴개발(R&D) 전략 기획 및 전사 거버넌스 총괄,5,Skill(기술/도구),투자 대비 성과(ROI) 모델링
13,음식서비스,130101,외식메뉴개발(R&D),130101_L5,외식메뉴개발(R&D) 전략 기획 및 전사 거버넌스 총괄,5,Skill(기술/도구),최고 의사결정 전략 제언
13,음식서비스,130101,외식메뉴개발(R&D),130101_L5,외식메뉴개발(R&D) 전략 기획 및 전사 거버넌스 총괄,5,Attitude(태도),거시적 통찰력
13,음식서비스,130101,외식메뉴개발(R&D),130101_L5,외식메뉴개발(R&D) 전략 기획 및 전사 거버넌스 총괄,5,Attitude(태도),전략적 윤리 리더십
13,음식서비스,130102,한식조리,130102_L1,한식조리 기초 입문 및 업무 환경 지원,1,Knowledge(지식),한식조리 개론
13,음식서비스,130102,한식조리,130102_L1,한식조리 기초 입문 및 업무 환경 지원,1,Knowledge(지식),표준 작업 지침서
13,음식서비스,130102,한식조리,130102_L1,한식조리 기초 입문 및 업무 환경 지원,1,Knowledge(지식),기초 법령/규정
13,음식서비스,130102,한식조리,130102_L1,한식조리 기초 입문 및 업무 환경 지원,1,Skill(기술/도구),기초 전산 툴 조작
13,음식서비스,130102,한식조리,130102_L1,한식조리 기초 입문 및 업무 환경 지원,1,Skill(기술/도구),문서 서식 작성
13,음식서비스,130102,한식조리,130102_L1,한식조리 기초 입문 및 업무 환경 지원,1,Skill(기술/도구),자료 검색 및 분류
13,음식서비스,130102,한식조리,130102_L1,한식조리 기초 입문 및 업무 환경 지원,1,Attitude(태도),규정 준수 의식
13,음식서비스,130102,한식조리,130102_L1,한식조리 기초 입문 및 업무 환경 지원,1,Attitude(태도),성실한 업무 지원 태도
13,음식서비스,130102,한식조리,130102_L2,한식조리 초급 실무 및 정형 과업 수행,2,Knowledge(지식),한식조리 실무 프로세스
13,음식서비스,130102,한식조리,130102_L2,한식조리 초급 실무 및 정형 과업 수행,2,Knowledge(지식),단위 업무 품질 기준
13,음식서비스,130102,한식조리,130102_L2,한식조리 초급 실무 및 정형 과업 수행,2,Knowledge(지식),데이터 검증 기법
13,음식서비스,130102,한식조리,130102_L2,한식조리 초급 실무 및 정형 과업 수행,2,Skill(기술/도구),실무 도구/SW 조작
13,음식서비스,130102,한식조리,130102_L2,한식조리 초급 실무 및 정형 과업 수행,2,Skill(기술/도구),데이터 정제 및 가공
13,음식서비스,130102,한식조리,130102_L2,한식조리 초급 실무 및 정형 과업 수행,2,Skill(기술/도구),단위 결과물 산출
13,음식서비스,130102,한식조리,130102_L2,한식조리 초급 실무 및 정형 과업 수행,2,Attitude(태도),정확성과 꼼꼼함
13,음식서비스,130102,한식조리,130102_L2,한식조리 초급 실무 및 정형 과업 수행,2,Attitude(태도),기한 준수 책임감
13,음식서비스,130102,한식조리,130102_L3,한식조리 중급 독립 실무 및 문제해결 엔지니어링,3,Knowledge(지식),심화 모델링/설계 이론
13,음식서비스,130102,한식조리,130102_L3,한식조리 중급 독립 실무 및 문제해결 엔지니어링,3,Knowledge(지식),성능 지표(KPI) 분석법
13,음식서비스,130102,한식조리,130102_L3,한식조리 중급 독립 실무 및 문제해결 엔지니어링,3,Knowledge(지식),이슈 해결 방법론
13,음식서비스,130102,한식조리,130102_L3,한식조리 중급 독립 실무 및 문제해결 엔지니어링,3,Skill(기술/도구),고급 도구/코드/기기 활용
13,음식서비스,130102,한식조리,130102_L3,한식조리 중급 독립 실무 및 문제해결 엔지니어링,3,Skill(기술/도구),원인 분석 및 조치
13,음식서비스,130102,한식조리,130102_L3,한식조리 중급 독립 실무 및 문제해결 엔지니어링,3,Skill(기술/도구),성과 분석 리포팅
13,음식서비스,130102,한식조리,130102_L3,한식조리 중급 독립 실무 및 문제해결 엔지니어링,3,Attitude(태도),분석적 사고력
13,음식서비스,130102,한식조리,130102_L3,한식조리 중급 독립 실무 및 문제해결 엔지니어링,3,Attitude(태도),타 부서와의 원활한 협업 소통
13,음식서비스,130102,한식조리,130102_L4,한식조리 고급 전문화 및 프로젝트/팀 리딩,4,Knowledge(지식),신기술 융합 아키텍처
13,음식서비스,130102,한식조리,130102_L4,한식조리 고급 전문화 및 프로젝트/팀 리딩,4,Knowledge(지식),프로젝트 관리론(PMBOK/Agile)
13,음식서비스,130102,한식조리,130102_L4,한식조리 고급 전문화 및 프로젝트/팀 리딩,4,Knowledge(지식),품질보증(QA) 거버넌스
13,음식서비스,130102,한식조리,130102_L4,한식조리 고급 전문화 및 프로젝트/팀 리딩,4,Skill(기술/도구),전체 시스템 아키텍처 설계
13,음식서비스,130102,한식조리,130102_L4,한식조리 고급 전문화 및 프로젝트/팀 리딩,4,Skill(기술/도구),애자일 스프린트 리딩
13,음식서비스,130102,한식조리,130102_L4,한식조리 고급 전문화 및 프로젝트/팀 리딩,4,Skill(기술/도구),신기술 PoC 검증
13,음식서비스,130102,한식조리,130102_L4,한식조리 고급 전문화 및 프로젝트/팀 리딩,4,Attitude(태도),혁신 지향 리더십
13,음식서비스,130102,한식조리,130102_L4,한식조리 고급 전문화 및 프로젝트/팀 리딩,4,Attitude(태도),동료 성장 멘토링 마인드
13,음식서비스,130102,한식조리,130102_L5,한식조리 전략 기획 및 전사 거버넌스 총괄,5,Knowledge(지식),경영 전략 및 자본 예산 배분
13,음식서비스,130102,한식조리,130102_L5,한식조리 전략 기획 및 전사 거버넌스 총괄,5,Knowledge(지식),국내외 규제 컴플라이언스
13,음식서비스,130102,한식조리,130102_L5,한식조리 전략 기획 및 전사 거버넌스 총괄,5,Knowledge(지식),엔터프라이즈 거버넌스
13,음식서비스,130102,한식조리,130102_L5,한식조리 전략 기획 및 전사 거버넌스 총괄,5,Skill(기술/도구),전사 로드맵 수립
13,음식서비스,130102,한식조리,130102_L5,한식조리 전략 기획 및 전사 거버넌스 총괄,5,Skill(기술/도구),투자 대비 성과(ROI) 모델링
13,음식서비스,130102,한식조리,130102_L5,한식조리 전략 기획 및 전사 거버넌스 총괄,5,Skill(기술/도구),최고 의사결정 전략 제언
13,음식서비스,130102,한식조리,130102_L5,한식조리 전략 기획 및 전사 거버넌스 총괄,5,Attitude(태도),거시적 통찰력
13,음식서비스,130102,한식조리,130102_L5,한식조리 전략 기획 및 전사 거버넌스 총괄,5,Attitude(태도),전략적 윤리 리더십
13,음식서비스,130103,양식조리,130103_L1,양식조리 기초 입문 및 업무 환경 지원,1,Knowledge(지식),양식조리 개론
13,음식서비스,130103,양식조리,130103_L1,양식조리 기초 입문 및 업무 환경 지원,1,Knowledge(지식),표준 작업 지침서
13,음식서비스,130103,양식조리,130103_L1,양식조리 기초 입문 및 업무 환경 지원,1,Knowledge(지식),기초 법령/규정
13,음식서비스,130103,양식조리,130103_L1,양식조리 기초 입문 및 업무 환경 지원,1,Skill(기술/도구),기초 전산 툴 조작
13,음식서비스,130103,양식조리,130103_L1,양식조리 기초 입문 및 업무 환경 지원,1,Skill(기술/도구),문서 서식 작성
13,음식서비스,130103,양식조리,130103_L1,양식조리 기초 입문 및 업무 환경 지원,1,Skill(기술/도구),자료 검색 및 분류
13,음식서비스,130103,양식조리,130103_L1,양식조리 기초 입문 및 업무 환경 지원,1,Attitude(태도),규정 준수 의식
13,음식서비스,130103,양식조리,130103_L1,양식조리 기초 입문 및 업무 환경 지원,1,Attitude(태도),성실한 업무 지원 태도
13,음식서비스,130103,양식조리,130103_L2,양식조리 초급 실무 및 정형 과업 수행,2,Knowledge(지식),양식조리 실무 프로세스
13,음식서비스,130103,양식조리,130103_L2,양식조리 초급 실무 및 정형 과업 수행,2,Knowledge(지식),단위 업무 품질 기준
13,음식서비스,130103,양식조리,130103_L2,양식조리 초급 실무 및 정형 과업 수행,2,Knowledge(지식),데이터 검증 기법
13,음식서비스,130103,양식조리,130103_L2,양식조리 초급 실무 및 정형 과업 수행,2,Skill(기술/도구),실무 도구/SW 조작
13,음식서비스,130103,양식조리,130103_L2,양식조리 초급 실무 및 정형 과업 수행,2,Skill(기술/도구),데이터 정제 및 가공
13,음식서비스,130103,양식조리,130103_L2,양식조리 초급 실무 및 정형 과업 수행,2,Skill(기술/도구),단위 결과물 산출
13,음식서비스,130103,양식조리,130103_L2,양식조리 초급 실무 및 정형 과업 수행,2,Attitude(태도),정확성과 꼼꼼함
13,음식서비스,130103,양식조리,130103_L2,양식조리 초급 실무 및 정형 과업 수행,2,Attitude(태도),기한 준수 책임감
13,음식서비스,130103,양식조리,130103_L3,양식조리 중급 독립 실무 및 문제해결 엔지니어링,3,Knowledge(지식),심화 모델링/설계 이론
13,음식서비스,130103,양식조리,130103_L3,양식조리 중급 독립 실무 및 문제해결 엔지니어링,3,Knowledge(지식),성능 지표(KPI) 분석법
13,음식서비스,130103,양식조리,130103_L3,양식조리 중급 독립 실무 및 문제해결 엔지니어링,3,Knowledge(지식),이슈 해결 방법론
13,음식서비스,130103,양식조리,130103_L3,양식조리 중급 독립 실무 및 문제해결 엔지니어링,3,Skill(기술/도구),고급 도구/코드/기기 활용
13,음식서비스,130103,양식조리,130103_L3,양식조리 중급 독립 실무 및 문제해결 엔지니어링,3,Skill(기술/도구),원인 분석 및 조치
13,음식서비스,130103,양식조리,130103_L3,양식조리 중급 독립 실무 및 문제해결 엔지니어링,3,Skill(기술/도구),성과 분석 리포팅
13,음식서비스,130103,양식조리,130103_L3,양식조리 중급 독립 실무 및 문제해결 엔지니어링,3,Attitude(태도),분석적 사고력
13,음식서비스,130103,양식조리,130103_L3,양식조리 중급 독립 실무 및 문제해결 엔지니어링,3,Attitude(태도),타 부서와의 원활한 협업 소통
13,음식서비스,130103,양식조리,130103_L4,양식조리 고급 전문화 및 프로젝트/팀 리딩,4,Knowledge(지식),신기술 융합 아키텍처
13,음식서비스,130103,양식조리,130103_L4,양식조리 고급 전문화 및 프로젝트/팀 리딩,4,Knowledge(지식),프로젝트 관리론(PMBOK/Agile)
13,음식서비스,130103,양식조리,130103_L4,양식조리 고급 전문화 및 프로젝트/팀 리딩,4,Knowledge(지식),품질보증(QA) 거버넌스
13,음식서비스,130103,양식조리,130103_L4,양식조리 고급 전문화 및 프로젝트/팀 리딩,4,Skill(기술/도구),전체 시스템 아키텍처 설계
13,음식서비스,130103,양식조리,130103_L4,양식조리 고급 전문화 및 프로젝트/팀 리딩,4,Skill(기술/도구),애자일 스프린트 리딩
13,음식서비스,130103,양식조리,130103_L4,양식조리 고급 전문화 및 프로젝트/팀 리딩,4,Skill(기술/도구),신기술 PoC 검증
13,음식서비스,130103,양식조리,130103_L4,양식조리 고급 전문화 및 프로젝트/팀 리딩,4,Attitude(태도),혁신 지향 리더십
13,음식서비스,130103,양식조리,130103_L4,양식조리 고급 전문화 및 프로젝트/팀 리딩,4,Attitude(태도),동료 성장 멘토링 마인드
13,음식서비스,130103,양식조리,130103_L5,양식조리 전략 기획 및 전사 거버넌스 총괄,5,Knowledge(지식),경영 전략 및 자본 예산 배분
13,음식서비스,130103,양식조리,130103_L5,양식조리 전략 기획 및 전사 거버넌스 총괄,5,Knowledge(지식),국내외 규제 컴플라이언스
13,음식서비스,130103,양식조리,130103_L5,양식조리 전략 기획 및 전사 거버넌스 총괄,5,Knowledge(지식),엔터프라이즈 거버넌스
13,음식서비스,130103,양식조리,130103_L5,양식조리 전략 기획 및 전사 거버넌스 총괄,5,Skill(기술/도구),전사 로드맵 수립
13,음식서비스,130103,양식조리,130103_L5,양식조리 전략 기획 및 전사 거버넌스 총괄,5,Skill(기술/도구),투자 대비 성과(ROI) 모델링
13,음식서비스,130103,양식조리,130103_L5,양식조리 전략 기획 및 전사 거버넌스 총괄,5,Skill(기술/도구),최고 의사결정 전략 제언
13,음식서비스,130103,양식조리,130103_L5,양식조리 전략 기획 및 전사 거버넌스 총괄,5,Attitude(태도),거시적 통찰력
13,음식서비스,130103,양식조리,130103_L5,양식조리 전략 기획 및 전사 거버넌스 총괄,5,Attitude(태도),전략적 윤리 리더십
13,음식서비스,130104,중식조리,130104_L1,중식조리 기초 입문 및 업무 환경 지원,1,Knowledge(지식),중식조리 개론
13,음식서비스,130104,중식조리,130104_L1,중식조리 기초 입문 및 업무 환경 지원,1,Knowledge(지식),표준 작업 지침서
13,음식서비스,130104,중식조리,130104_L1,중식조리 기초 입문 및 업무 환경 지원,1,Knowledge(지식),기초 법령/규정
13,음식서비스,130104,중식조리,130104_L1,중식조리 기초 입문 및 업무 환경 지원,1,Skill(기술/도구),기초 전산 툴 조작
13,음식서비스,130104,중식조리,130104_L1,중식조리 기초 입문 및 업무 환경 지원,1,Skill(기술/도구),문서 서식 작성
13,음식서비스,130104,중식조리,130104_L1,중식조리 기초 입문 및 업무 환경 지원,1,Skill(기술/도구),자료 검색 및 분류
13,음식서비스,130104,중식조리,130104_L1,중식조리 기초 입문 및 업무 환경 지원,1,Attitude(태도),규정 준수 의식
13,음식서비스,130104,중식조리,130104_L1,중식조리 기초 입문 및 업무 환경 지원,1,Attitude(태도),성실한 업무 지원 태도
13,음식서비스,130104,중식조리,130104_L2,중식조리 초급 실무 및 정형 과업 수행,2,Knowledge(지식),중식조리 실무 프로세스
13,음식서비스,130104,중식조리,130104_L2,중식조리 초급 실무 및 정형 과업 수행,2,Knowledge(지식),단위 업무 품질 기준
13,음식서비스,130104,중식조리,130104_L2,중식조리 초급 실무 및 정형 과업 수행,2,Knowledge(지식),데이터 검증 기법
13,음식서비스,130104,중식조리,130104_L2,중식조리 초급 실무 및 정형 과업 수행,2,Skill(기술/도구),실무 도구/SW 조작
13,음식서비스,130104,중식조리,130104_L2,중식조리 초급 실무 및 정형 과업 수행,2,Skill(기술/도구),데이터 정제 및 가공
13,음식서비스,130104,중식조리,130104_L2,중식조리 초급 실무 및 정형 과업 수행,2,Skill(기술/도구),단위 결과물 산출
13,음식서비스,130104,중식조리,130104_L2,중식조리 초급 실무 및 정형 과업 수행,2,Attitude(태도),정확성과 꼼꼼함
13,음식서비스,130104,중식조리,130104_L2,중식조리 초급 실무 및 정형 과업 수행,2,Attitude(태도),기한 준수 책임감
13,음식서비스,130104,중식조리,130104_L3,중식조리 중급 독립 실무 및 문제해결 엔지니어링,3,Knowledge(지식),심화 모델링/설계 이론
13,음식서비스,130104,중식조리,130104_L3,중식조리 중급 독립 실무 및 문제해결 엔지니어링,3,Knowledge(지식),성능 지표(KPI) 분석법
13,음식서비스,130104,중식조리,130104_L3,중식조리 중급 독립 실무 및 문제해결 엔지니어링,3,Knowledge(지식),이슈 해결 방법론
13,음식서비스,130104,중식조리,130104_L3,중식조리 중급 독립 실무 및 문제해결 엔지니어링,3,Skill(기술/도구),고급 도구/코드/기기 활용
13,음식서비스,130104,중식조리,130104_L3,중식조리 중급 독립 실무 및 문제해결 엔지니어링,3,Skill(기술/도구),원인 분석 및 조치
13,음식서비스,130104,중식조리,130104_L3,중식조리 중급 독립 실무 및 문제해결 엔지니어링,3,Skill(기술/도구),성과 분석 리포팅
13,음식서비스,130104,중식조리,130104_L3,중식조리 중급 독립 실무 및 문제해결 엔지니어링,3,Attitude(태도),분석적 사고력
13,음식서비스,130104,중식조리,130104_L3,중식조리 중급 독립 실무 및 문제해결 엔지니어링,3,Attitude(태도),타 부서와의 원활한 협업 소통
13,음식서비스,130104,중식조리,130104_L4,중식조리 고급 전문화 및 프로젝트/팀 리딩,4,Knowledge(지식),신기술 융합 아키텍처
13,음식서비스,130104,중식조리,130104_L4,중식조리 고급 전문화 및 프로젝트/팀 리딩,4,Knowledge(지식),프로젝트 관리론(PMBOK/Agile)
13,음식서비스,130104,중식조리,130104_L4,중식조리 고급 전문화 및 프로젝트/팀 리딩,4,Knowledge(지식),품질보증(QA) 거버넌스
13,음식서비스,130104,중식조리,130104_L4,중식조리 고급 전문화 및 프로젝트/팀 리딩,4,Skill(기술/도구),전체 시스템 아키텍처 설계
13,음식서비스,130104,중식조리,130104_L4,중식조리 고급 전문화 및 프로젝트/팀 리딩,4,Skill(기술/도구),애자일 스프린트 리딩
13,음식서비스,130104,중식조리,130104_L4,중식조리 고급 전문화 및 프로젝트/팀 리딩,4,Skill(기술/도구),신기술 PoC 검증
13,음식서비스,130104,중식조리,130104_L4,중식조리 고급 전문화 및 프로젝트/팀 리딩,4,Attitude(태도),혁신 지향 리더십
13,음식서비스,130104,중식조리,130104_L4,중식조리 고급 전문화 및 프로젝트/팀 리딩,4,Attitude(태도),동료 성장 멘토링 마인드
13,음식서비스,130104,중식조리,130104_L5,중식조리 전략 기획 및 전사 거버넌스 총괄,5,Knowledge(지식),경영 전략 및 자본 예산 배분
13,음식서비스,130104,중식조리,130104_L5,중식조리 전략 기획 및 전사 거버넌스 총괄,5,Knowledge(지식),국내외 규제 컴플라이언스
13,음식서비스,130104,중식조리,130104_L5,중식조리 전략 기획 및 전사 거버넌스 총괄,5,Knowledge(지식),엔터프라이즈 거버넌스
13,음식서비스,130104,중식조리,130104_L5,중식조리 전략 기획 및 전사 거버넌스 총괄,5,Skill(기술/도구),전사 로드맵 수립
13,음식서비스,130104,중식조리,130104_L5,중식조리 전략 기획 및 전사 거버넌스 총괄,5,Skill(기술/도구),투자 대비 성과(ROI) 모델링
13,음식서비스,130104,중식조리,130104_L5,중식조리 전략 기획 및 전사 거버넌스 총괄,5,Skill(기술/도구),최고 의사결정 전략 제언
13,음식서비스,130104,중식조리,130104_L5,중식조리 전략 기획 및 전사 거버넌스 총괄,5,Attitude(태도),거시적 통찰력
13,음식서비스,130104,중식조리,130104_L5,중식조리 전략 기획 및 전사 거버넌스 총괄,5,Attitude(태도),전략적 윤리 리더십
13,음식서비스,130105,일식조리,130105_L1,일식조리 기초 입문 및 업무 환경 지원,1,Knowledge(지식),일식조리 개론
13,음식서비스,130105,일식조리,130105_L1,일식조리 기초 입문 및 업무 환경 지원,1,Knowledge(지식),표준 작업 지침서
13,음식서비스,130105,일식조리,130105_L1,일식조리 기초 입문 및 업무 환경 지원,1,Knowledge(지식),기초 법령/규정
13,음식서비스,130105,일식조리,130105_L1,일식조리 기초 입문 및 업무 환경 지원,1,Skill(기술/도구),기초 전산 툴 조작
13,음식서비스,130105,일식조리,130105_L1,일식조리 기초 입문 및 업무 환경 지원,1,Skill(기술/도구),문서 서식 작성
13,음식서비스,130105,일식조리,130105_L1,일식조리 기초 입문 및 업무 환경 지원,1,Skill(기술/도구),자료 검색 및 분류
13,음식서비스,130105,일식조리,130105_L1,일식조리 기초 입문 및 업무 환경 지원,1,Attitude(태도),규정 준수 의식
13,음식서비스,130105,일식조리,130105_L1,일식조리 기초 입문 및 업무 환경 지원,1,Attitude(태도),성실한 업무 지원 태도
13,음식서비스,130105,일식조리,130105_L2,일식조리 초급 실무 및 정형 과업 수행,2,Knowledge(지식),일식조리 실무 프로세스
13,음식서비스,130105,일식조리,130105_L2,일식조리 초급 실무 및 정형 과업 수행,2,Knowledge(지식),단위 업무 품질 기준
13,음식서비스,130105,일식조리,130105_L2,일식조리 초급 실무 및 정형 과업 수행,2,Knowledge(지식),데이터 검증 기법
13,음식서비스,130105,일식조리,130105_L2,일식조리 초급 실무 및 정형 과업 수행,2,Skill(기술/도구),실무 도구/SW 조작
13,음식서비스,130105,일식조리,130105_L2,일식조리 초급 실무 및 정형 과업 수행,2,Skill(기술/도구),데이터 정제 및 가공
13,음식서비스,130105,일식조리,130105_L2,일식조리 초급 실무 및 정형 과업 수행,2,Skill(기술/도구),단위 결과물 산출
13,음식서비스,130105,일식조리,130105_L2,일식조리 초급 실무 및 정형 과업 수행,2,Attitude(태도),정확성과 꼼꼼함
13,음식서비스,130105,일식조리,130105_L2,일식조리 초급 실무 및 정형 과업 수행,2,Attitude(태도),기한 준수 책임감
13,음식서비스,130105,일식조리,130105_L3,일식조리 중급 독립 실무 및 문제해결 엔지니어링,3,Knowledge(지식),심화 모델링/설계 이론
13,음식서비스,130105,일식조리,130105_L3,일식조리 중급 독립 실무 및 문제해결 엔지니어링,3,Knowledge(지식),성능 지표(KPI) 분석법
13,음식서비스,130105,일식조리,130105_L3,일식조리 중급 독립 실무 및 문제해결 엔지니어링,3,Knowledge(지식),이슈 해결 방법론
13,음식서비스,130105,일식조리,130105_L3,일식조리 중급 독립 실무 및 문제해결 엔지니어링,3,Skill(기술/도구),고급 도구/코드/기기 활용
13,음식서비스,130105,일식조리,130105_L3,일식조리 중급 독립 실무 및 문제해결 엔지니어링,3,Skill(기술/도구),원인 분석 및 조치
13,음식서비스,130105,일식조리,130105_L3,일식조리 중급 독립 실무 및 문제해결 엔지니어링,3,Skill(기술/도구),성과 분석 리포팅
13,음식서비스,130105,일식조리,130105_L3,일식조리 중급 독립 실무 및 문제해결 엔지니어링,3,Attitude(태도),분석적 사고력
13,음식서비스,130105,일식조리,130105_L3,일식조리 중급 독립 실무 및 문제해결 엔지니어링,3,Attitude(태도),타 부서와의 원활한 협업 소통
13,음식서비스,130105,일식조리,130105_L4,일식조리 고급 전문화 및 프로젝트/팀 리딩,4,Knowledge(지식),신기술 융합 아키텍처
13,음식서비스,130105,일식조리,130105_L4,일식조리 고급 전문화 및 프로젝트/팀 리딩,4,Knowledge(지식),프로젝트 관리론(PMBOK/Agile)
13,음식서비스,130105,일식조리,130105_L4,일식조리 고급 전문화 및 프로젝트/팀 리딩,4,Knowledge(지식),품질보증(QA) 거버넌스
13,음식서비스,130105,일식조리,130105_L4,일식조리 고급 전문화 및 프로젝트/팀 리딩,4,Skill(기술/도구),전체 시스템 아키텍처 설계
13,음식서비스,130105,일식조리,130105_L4,일식조리 고급 전문화 및 프로젝트/팀 리딩,4,Skill(기술/도구),애자일 스프린트 리딩
13,음식서비스,130105,일식조리,130105_L4,일식조리 고급 전문화 및 프로젝트/팀 리딩,4,Skill(기술/도구),신기술 PoC 검증
13,음식서비스,130105,일식조리,130105_L4,일식조리 고급 전문화 및 프로젝트/팀 리딩,4,Attitude(태도),혁신 지향 리더십
13,음식서비스,130105,일식조리,130105_L4,일식조리 고급 전문화 및 프로젝트/팀 리딩,4,Attitude(태도),동료 성장 멘토링 마인드
13,음식서비스,130105,일식조리,130105_L5,일식조리 전략 기획 및 전사 거버넌스 총괄,5,Knowledge(지식),경영 전략 및 자본 예산 배분
13,음식서비스,130105,일식조리,130105_L5,일식조리 전략 기획 및 전사 거버넌스 총괄,5,Knowledge(지식),국내외 규제 컴플라이언스
13,음식서비스,130105,일식조리,130105_L5,일식조리 전략 기획 및 전사 거버넌스 총괄,5,Knowledge(지식),엔터프라이즈 거버넌스
13,음식서비스,130105,일식조리,130105_L5,일식조리 전략 기획 및 전사 거버넌스 총괄,5,Skill(기술/도구),전사 로드맵 수립
13,음식서비스,130105,일식조리,130105_L5,일식조리 전략 기획 및 전사 거버넌스 총괄,5,Skill(기술/도구),투자 대비 성과(ROI) 모델링
13,음식서비스,130105,일식조리,130105_L5,일식조리 전략 기획 및 전사 거버넌스 총괄,5,Skill(기술/도구),최고 의사결정 전략 제언
13,음식서비스,130105,일식조리,130105_L5,일식조리 전략 기획 및 전사 거버넌스 총괄,5,Attitude(태도),거시적 통찰력
13,음식서비스,130105,일식조리,130105_L5,일식조리 전략 기획 및 전사 거버넌스 총괄,5,Attitude(태도),전략적 윤리 리더십
13,음식서비스,130106,제과제빵(베이커리),130106_L1,제과제빵(베이커리) 기초 입문 및 업무 환경 지원,1,Knowledge(지식),제과제빵(베이커리) 개론
13,음식서비스,130106,제과제빵(베이커리),130106_L1,제과제빵(베이커리) 기초 입문 및 업무 환경 지원,1,Knowledge(지식),표준 작업 지침서
13,음식서비스,130106,제과제빵(베이커리),130106_L1,제과제빵(베이커리) 기초 입문 및 업무 환경 지원,1,Knowledge(지식),기초 법령/규정
13,음식서비스,130106,제과제빵(베이커리),130106_L1,제과제빵(베이커리) 기초 입문 및 업무 환경 지원,1,Skill(기술/도구),기초 전산 툴 조작
13,음식서비스,130106,제과제빵(베이커리),130106_L1,제과제빵(베이커리) 기초 입문 및 업무 환경 지원,1,Skill(기술/도구),문서 서식 작성
13,음식서비스,130106,제과제빵(베이커리),130106_L1,제과제빵(베이커리) 기초 입문 및 업무 환경 지원,1,Skill(기술/도구),자료 검색 및 분류
13,음식서비스,130106,제과제빵(베이커리),130106_L1,제과제빵(베이커리) 기초 입문 및 업무 환경 지원,1,Attitude(태도),규정 준수 의식
13,음식서비스,130106,제과제빵(베이커리),130106_L1,제과제빵(베이커리) 기초 입문 및 업무 환경 지원,1,Attitude(태도),성실한 업무 지원 태도
13,음식서비스,130106,제과제빵(베이커리),130106_L2,제과제빵(베이커리) 초급 실무 및 정형 과업 수행,2,Knowledge(지식),제과제빵(베이커리) 실무 프로세스
13,음식서비스,130106,제과제빵(베이커리),130106_L2,제과제빵(베이커리) 초급 실무 및 정형 과업 수행,2,Knowledge(지식),단위 업무 품질 기준
13,음식서비스,130106,제과제빵(베이커리),130106_L2,제과제빵(베이커리) 초급 실무 및 정형 과업 수행,2,Knowledge(지식),데이터 검증 기법
13,음식서비스,130106,제과제빵(베이커리),130106_L2,제과제빵(베이커리) 초급 실무 및 정형 과업 수행,2,Skill(기술/도구),실무 도구/SW 조작
13,음식서비스,130106,제과제빵(베이커리),130106_L2,제과제빵(베이커리) 초급 실무 및 정형 과업 수행,2,Skill(기술/도구),데이터 정제 및 가공
13,음식서비스,130106,제과제빵(베이커리),130106_L2,제과제빵(베이커리) 초급 실무 및 정형 과업 수행,2,Skill(기술/도구),단위 결과물 산출
13,음식서비스,130106,제과제빵(베이커리),130106_L2,제과제빵(베이커리) 초급 실무 및 정형 과업 수행,2,Attitude(태도),정확성과 꼼꼼함
13,음식서비스,130106,제과제빵(베이커리),130106_L2,제과제빵(베이커리) 초급 실무 및 정형 과업 수행,2,Attitude(태도),기한 준수 책임감
13,음식서비스,130106,제과제빵(베이커리),130106_L3,제과제빵(베이커리) 중급 독립 실무 및 문제해결 엔지니어링,3,Knowledge(지식),심화 모델링/설계 이론
13,음식서비스,130106,제과제빵(베이커리),130106_L3,제과제빵(베이커리) 중급 독립 실무 및 문제해결 엔지니어링,3,Knowledge(지식),성능 지표(KPI) 분석법
13,음식서비스,130106,제과제빵(베이커리),130106_L3,제과제빵(베이커리) 중급 독립 실무 및 문제해결 엔지니어링,3,Knowledge(지식),이슈 해결 방법론
13,음식서비스,130106,제과제빵(베이커리),130106_L3,제과제빵(베이커리) 중급 독립 실무 및 문제해결 엔지니어링,3,Skill(기술/도구),고급 도구/코드/기기 활용
13,음식서비스,130106,제과제빵(베이커리),130106_L3,제과제빵(베이커리) 중급 독립 실무 및 문제해결 엔지니어링,3,Skill(기술/도구),원인 분석 및 조치
13,음식서비스,130106,제과제빵(베이커리),130106_L3,제과제빵(베이커리) 중급 독립 실무 및 문제해결 엔지니어링,3,Skill(기술/도구),성과 분석 리포팅
13,음식서비스,130106,제과제빵(베이커리),130106_L3,제과제빵(베이커리) 중급 독립 실무 및 문제해결 엔지니어링,3,Attitude(태도),분석적 사고력
13,음식서비스,130106,제과제빵(베이커리),130106_L3,제과제빵(베이커리) 중급 독립 실무 및 문제해결 엔지니어링,3,Attitude(태도),타 부서와의 원활한 협업 소통
13,음식서비스,130106,제과제빵(베이커리),130106_L4,제과제빵(베이커리) 고급 전문화 및 프로젝트/팀 리딩,4,Knowledge(지식),신기술 융합 아키텍처
13,음식서비스,130106,제과제빵(베이커리),130106_L4,제과제빵(베이커리) 고급 전문화 및 프로젝트/팀 리딩,4,Knowledge(지식),프로젝트 관리론(PMBOK/Agile)
13,음식서비스,130106,제과제빵(베이커리),130106_L4,제과제빵(베이커리) 고급 전문화 및 프로젝트/팀 리딩,4,Knowledge(지식),품질보증(QA) 거버넌스
13,음식서비스,130106,제과제빵(베이커리),130106_L4,제과제빵(베이커리) 고급 전문화 및 프로젝트/팀 리딩,4,Skill(기술/도구),전체 시스템 아키텍처 설계
13,음식서비스,130106,제과제빵(베이커리),130106_L4,제과제빵(베이커리) 고급 전문화 및 프로젝트/팀 리딩,4,Skill(기술/도구),애자일 스프린트 리딩
13,음식서비스,130106,제과제빵(베이커리),130106_L4,제과제빵(베이커리) 고급 전문화 및 프로젝트/팀 리딩,4,Skill(기술/도구),신기술 PoC 검증
13,음식서비스,130106,제과제빵(베이커리),130106_L4,제과제빵(베이커리) 고급 전문화 및 프로젝트/팀 리딩,4,Attitude(태도),혁신 지향 리더십
13,음식서비스,130106,제과제빵(베이커리),130106_L4,제과제빵(베이커리) 고급 전문화 및 프로젝트/팀 리딩,4,Attitude(태도),동료 성장 멘토링 마인드
13,음식서비스,130106,제과제빵(베이커리),130106_L5,제과제빵(베이커리) 전략 기획 및 전사 거버넌스 총괄,5,Knowledge(지식),경영 전략 및 자본 예산 배분
13,음식서비스,130106,제과제빵(베이커리),130106_L5,제과제빵(베이커리) 전략 기획 및 전사 거버넌스 총괄,5,Knowledge(지식),국내외 규제 컴플라이언스
13,음식서비스,130106,제과제빵(베이커리),130106_L5,제과제빵(베이커리) 전략 기획 및 전사 거버넌스 총괄,5,Knowledge(지식),엔터프라이즈 거버넌스
13,음식서비스,130106,제과제빵(베이커리),130106_L5,제과제빵(베이커리) 전략 기획 및 전사 거버넌스 총괄,5,Skill(기술/도구),전사 로드맵 수립
13,음식서비스,130106,제과제빵(베이커리),130106_L5,제과제빵(베이커리) 전략 기획 및 전사 거버넌스 총괄,5,Skill(기술/도구),투자 대비 성과(ROI) 모델링
13,음식서비스,130106,제과제빵(베이커리),130106_L5,제과제빵(베이커리) 전략 기획 및 전사 거버넌스 총괄,5,Skill(기술/도구),최고 의사결정 전략 제언
13,음식서비스,130106,제과제빵(베이커리),130106_L5,제과제빵(베이커리) 전략 기획 및 전사 거버넌스 총괄,5,Attitude(태도),거시적 통찰력
13,음식서비스,130106,제과제빵(베이커리),130106_L5,제과제빵(베이커리) 전략 기획 및 전사 거버넌스 총괄,5,Attitude(태도),전략적 윤리 리더십
13,음식서비스,130107,바리스타(커피),130107_L1,바리스타(커피) 기초 입문 및 업무 환경 지원,1,Knowledge(지식),바리스타(커피) 개론
13,음식서비스,130107,바리스타(커피),130107_L1,바리스타(커피) 기초 입문 및 업무 환경 지원,1,Knowledge(지식),표준 작업 지침서
13,음식서비스,130107,바리스타(커피),130107_L1,바리스타(커피) 기초 입문 및 업무 환경 지원,1,Knowledge(지식),기초 법령/규정
13,음식서비스,130107,바리스타(커피),130107_L1,바리스타(커피) 기초 입문 및 업무 환경 지원,1,Skill(기술/도구),기초 전산 툴 조작
13,음식서비스,130107,바리스타(커피),130107_L1,바리스타(커피) 기초 입문 및 업무 환경 지원,1,Skill(기술/도구),문서 서식 작성
13,음식서비스,130107,바리스타(커피),130107_L1,바리스타(커피) 기초 입문 및 업무 환경 지원,1,Skill(기술/도구),자료 검색 및 분류
13,음식서비스,130107,바리스타(커피),130107_L1,바리스타(커피) 기초 입문 및 업무 환경 지원,1,Attitude(태도),규정 준수 의식
13,음식서비스,130107,바리스타(커피),130107_L1,바리스타(커피) 기초 입문 및 업무 환경 지원,1,Attitude(태도),성실한 업무 지원 태도
13,음식서비스,130107,바리스타(커피),130107_L2,바리스타(커피) 초급 실무 및 정형 과업 수행,2,Knowledge(지식),바리스타(커피) 실무 프로세스
13,음식서비스,130107,바리스타(커피),130107_L2,바리스타(커피) 초급 실무 및 정형 과업 수행,2,Knowledge(지식),단위 업무 품질 기준
13,음식서비스,130107,바리스타(커피),130107_L2,바리스타(커피) 초급 실무 및 정형 과업 수행,2,Knowledge(지식),데이터 검증 기법
13,음식서비스,130107,바리스타(커피),130107_L2,바리스타(커피) 초급 실무 및 정형 과업 수행,2,Skill(기술/도구),실무 도구/SW 조작
13,음식서비스,130107,바리스타(커피),130107_L2,바리스타(커피) 초급 실무 및 정형 과업 수행,2,Skill(기술/도구),데이터 정제 및 가공
13,음식서비스,130107,바리스타(커피),130107_L2,바리스타(커피) 초급 실무 및 정형 과업 수행,2,Skill(기술/도구),단위 결과물 산출
13,음식서비스,130107,바리스타(커피),130107_L2,바리스타(커피) 초급 실무 및 정형 과업 수행,2,Attitude(태도),정확성과 꼼꼼함
13,음식서비스,130107,바리스타(커피),130107_L2,바리스타(커피) 초급 실무 및 정형 과업 수행,2,Attitude(태도),기한 준수 책임감
13,음식서비스,130107,바리스타(커피),130107_L3,바리스타(커피) 중급 독립 실무 및 문제해결 엔지니어링,3,Knowledge(지식),심화 모델링/설계 이론
13,음식서비스,130107,바리스타(커피),130107_L3,바리스타(커피) 중급 독립 실무 및 문제해결 엔지니어링,3,Knowledge(지식),성능 지표(KPI) 분석법
13,음식서비스,130107,바리스타(커피),130107_L3,바리스타(커피) 중급 독립 실무 및 문제해결 엔지니어링,3,Knowledge(지식),이슈 해결 방법론
13,음식서비스,130107,바리스타(커피),130107_L3,바리스타(커피) 중급 독립 실무 및 문제해결 엔지니어링,3,Skill(기술/도구),고급 도구/코드/기기 활용
13,음식서비스,130107,바리스타(커피),130107_L3,바리스타(커피) 중급 독립 실무 및 문제해결 엔지니어링,3,Skill(기술/도구),원인 분석 및 조치
13,음식서비스,130107,바리스타(커피),130107_L3,바리스타(커피) 중급 독립 실무 및 문제해결 엔지니어링,3,Skill(기술/도구),성과 분석 리포팅
13,음식서비스,130107,바리스타(커피),130107_L3,바리스타(커피) 중급 독립 실무 및 문제해결 엔지니어링,3,Attitude(태도),분석적 사고력
13,음식서비스,130107,바리스타(커피),130107_L3,바리스타(커피) 중급 독립 실무 및 문제해결 엔지니어링,3,Attitude(태도),타 부서와의 원활한 협업 소통
13,음식서비스,130107,바리스타(커피),130107_L4,바리스타(커피) 고급 전문화 및 프로젝트/팀 리딩,4,Knowledge(지식),신기술 융합 아키텍처
13,음식서비스,130107,바리스타(커피),130107_L4,바리스타(커피) 고급 전문화 및 프로젝트/팀 리딩,4,Knowledge(지식),프로젝트 관리론(PMBOK/Agile)
13,음식서비스,130107,바리스타(커피),130107_L4,바리스타(커피) 고급 전문화 및 프로젝트/팀 리딩,4,Knowledge(지식),품질보증(QA) 거버넌스
13,음식서비스,130107,바리스타(커피),130107_L4,바리스타(커피) 고급 전문화 및 프로젝트/팀 리딩,4,Skill(기술/도구),전체 시스템 아키텍처 설계
13,음식서비스,130107,바리스타(커피),130107_L4,바리스타(커피) 고급 전문화 및 프로젝트/팀 리딩,4,Skill(기술/도구),애자일 스프린트 리딩
13,음식서비스,130107,바리스타(커피),130107_L4,바리스타(커피) 고급 전문화 및 프로젝트/팀 리딩,4,Skill(기술/도구),신기술 PoC 검증
13,음식서비스,130107,바리스타(커피),130107_L4,바리스타(커피) 고급 전문화 및 프로젝트/팀 리딩,4,Attitude(태도),혁신 지향 리더십
13,음식서비스,130107,바리스타(커피),130107_L4,바리스타(커피) 고급 전문화 및 프로젝트/팀 리딩,4,Attitude(태도),동료 성장 멘토링 마인드
13,음식서비스,130107,바리스타(커피),130107_L5,바리스타(커피) 전략 기획 및 전사 거버넌스 총괄,5,Knowledge(지식),경영 전략 및 자본 예산 배분
13,음식서비스,130107,바리스타(커피),130107_L5,바리스타(커피) 전략 기획 및 전사 거버넌스 총괄,5,Knowledge(지식),국내외 규제 컴플라이언스
13,음식서비스,130107,바리스타(커피),130107_L5,바리스타(커피) 전략 기획 및 전사 거버넌스 총괄,5,Knowledge(지식),엔터프라이즈 거버넌스
13,음식서비스,130107,바리스타(커피),130107_L5,바리스타(커피) 전략 기획 및 전사 거버넌스 총괄,5,Skill(기술/도구),전사 로드맵 수립
13,음식서비스,130107,바리스타(커피),130107_L5,바리스타(커피) 전략 기획 및 전사 거버넌스 총괄,5,Skill(기술/도구),투자 대비 성과(ROI) 모델링
13,음식서비스,130107,바리스타(커피),130107_L5,바리스타(커피) 전략 기획 및 전사 거버넌스 총괄,5,Skill(기술/도구),최고 의사결정 전략 제언
13,음식서비스,130107,바리스타(커피),130107_L5,바리스타(커피) 전략 기획 및 전사 거버넌스 총괄,5,Attitude(태도),거시적 통찰력
13,음식서비스,130107,바리스타(커피),130107_L5,바리스타(커피) 전략 기획 및 전사 거버넌스 총괄,5,Attitude(태도),전략적 윤리 리더십
13,음식서비스,130208,외식프랜차이즈본부운영,130208_L1,외식프랜차이즈본부운영 기초 입문 및 업무 환경 지원,1,Knowledge(지식),외식프랜차이즈본부운영 개론
13,음식서비스,130208,외식프랜차이즈본부운영,130208_L1,외식프랜차이즈본부운영 기초 입문 및 업무 환경 지원,1,Knowledge(지식),표준 작업 지침서
13,음식서비스,130208,외식프랜차이즈본부운영,130208_L1,외식프랜차이즈본부운영 기초 입문 및 업무 환경 지원,1,Knowledge(지식),기초 법령/규정
13,음식서비스,130208,외식프랜차이즈본부운영,130208_L1,외식프랜차이즈본부운영 기초 입문 및 업무 환경 지원,1,Skill(기술/도구),기초 전산 툴 조작
13,음식서비스,130208,외식프랜차이즈본부운영,130208_L1,외식프랜차이즈본부운영 기초 입문 및 업무 환경 지원,1,Skill(기술/도구),문서 서식 작성
13,음식서비스,130208,외식프랜차이즈본부운영,130208_L1,외식프랜차이즈본부운영 기초 입문 및 업무 환경 지원,1,Skill(기술/도구),자료 검색 및 분류
13,음식서비스,130208,외식프랜차이즈본부운영,130208_L1,외식프랜차이즈본부운영 기초 입문 및 업무 환경 지원,1,Attitude(태도),규정 준수 의식
13,음식서비스,130208,외식프랜차이즈본부운영,130208_L1,외식프랜차이즈본부운영 기초 입문 및 업무 환경 지원,1,Attitude(태도),성실한 업무 지원 태도
13,음식서비스,130208,외식프랜차이즈본부운영,130208_L2,외식프랜차이즈본부운영 초급 실무 및 정형 과업 수행,2,Knowledge(지식),외식프랜차이즈본부운영 실무 프로세스
13,음식서비스,130208,외식프랜차이즈본부운영,130208_L2,외식프랜차이즈본부운영 초급 실무 및 정형 과업 수행,2,Knowledge(지식),단위 업무 품질 기준
13,음식서비스,130208,외식프랜차이즈본부운영,130208_L2,외식프랜차이즈본부운영 초급 실무 및 정형 과업 수행,2,Knowledge(지식),데이터 검증 기법
13,음식서비스,130208,외식프랜차이즈본부운영,130208_L2,외식프랜차이즈본부운영 초급 실무 및 정형 과업 수행,2,Skill(기술/도구),실무 도구/SW 조작
13,음식서비스,130208,외식프랜차이즈본부운영,130208_L2,외식프랜차이즈본부운영 초급 실무 및 정형 과업 수행,2,Skill(기술/도구),데이터 정제 및 가공
13,음식서비스,130208,외식프랜차이즈본부운영,130208_L2,외식프랜차이즈본부운영 초급 실무 및 정형 과업 수행,2,Skill(기술/도구),단위 결과물 산출
13,음식서비스,130208,외식프랜차이즈본부운영,130208_L2,외식프랜차이즈본부운영 초급 실무 및 정형 과업 수행,2,Attitude(태도),정확성과 꼼꼼함
13,음식서비스,130208,외식프랜차이즈본부운영,130208_L2,외식프랜차이즈본부운영 초급 실무 및 정형 과업 수행,2,Attitude(태도),기한 준수 책임감
13,음식서비스,130208,외식프랜차이즈본부운영,130208_L3,외식프랜차이즈본부운영 중급 독립 실무 및 문제해결 엔지니어링,3,Knowledge(지식),심화 모델링/설계 이론
13,음식서비스,130208,외식프랜차이즈본부운영,130208_L3,외식프랜차이즈본부운영 중급 독립 실무 및 문제해결 엔지니어링,3,Knowledge(지식),성능 지표(KPI) 분석법
13,음식서비스,130208,외식프랜차이즈본부운영,130208_L3,외식프랜차이즈본부운영 중급 독립 실무 및 문제해결 엔지니어링,3,Knowledge(지식),이슈 해결 방법론
13,음식서비스,130208,외식프랜차이즈본부운영,130208_L3,외식프랜차이즈본부운영 중급 독립 실무 및 문제해결 엔지니어링,3,Skill(기술/도구),고급 도구/코드/기기 활용
13,음식서비스,130208,외식프랜차이즈본부운영,130208_L3,외식프랜차이즈본부운영 중급 독립 실무 및 문제해결 엔지니어링,3,Skill(기술/도구),원인 분석 및 조치
13,음식서비스,130208,외식프랜차이즈본부운영,130208_L3,외식프랜차이즈본부운영 중급 독립 실무 및 문제해결 엔지니어링,3,Skill(기술/도구),성과 분석 리포팅
13,음식서비스,130208,외식프랜차이즈본부운영,130208_L3,외식프랜차이즈본부운영 중급 독립 실무 및 문제해결 엔지니어링,3,Attitude(태도),분석적 사고력
13,음식서비스,130208,외식프랜차이즈본부운영,130208_L3,외식프랜차이즈본부운영 중급 독립 실무 및 문제해결 엔지니어링,3,Attitude(태도),타 부서와의 원활한 협업 소통
13,음식서비스,130208,외식프랜차이즈본부운영,130208_L4,외식프랜차이즈본부운영 고급 전문화 및 프로젝트/팀 리딩,4,Knowledge(지식),신기술 융합 아키텍처
13,음식서비스,130208,외식프랜차이즈본부운영,130208_L4,외식프랜차이즈본부운영 고급 전문화 및 프로젝트/팀 리딩,4,Knowledge(지식),프로젝트 관리론(PMBOK/Agile)
13,음식서비스,130208,외식프랜차이즈본부운영,130208_L4,외식프랜차이즈본부운영 고급 전문화 및 프로젝트/팀 리딩,4,Knowledge(지식),품질보증(QA) 거버넌스
13,음식서비스,130208,외식프랜차이즈본부운영,130208_L4,외식프랜차이즈본부운영 고급 전문화 및 프로젝트/팀 리딩,4,Skill(기술/도구),전체 시스템 아키텍처 설계
13,음식서비스,130208,외식프랜차이즈본부운영,130208_L4,외식프랜차이즈본부운영 고급 전문화 및 프로젝트/팀 리딩,4,Skill(기술/도구),애자일 스프린트 리딩
13,음식서비스,130208,외식프랜차이즈본부운영,130208_L4,외식프랜차이즈본부운영 고급 전문화 및 프로젝트/팀 리딩,4,Skill(기술/도구),신기술 PoC 검증
13,음식서비스,130208,외식프랜차이즈본부운영,130208_L4,외식프랜차이즈본부운영 고급 전문화 및 프로젝트/팀 리딩,4,Attitude(태도),혁신 지향 리더십
13,음식서비스,130208,외식프랜차이즈본부운영,130208_L4,외식프랜차이즈본부운영 고급 전문화 및 프로젝트/팀 리딩,4,Attitude(태도),동료 성장 멘토링 마인드
13,음식서비스,130208,외식프랜차이즈본부운영,130208_L5,외식프랜차이즈본부운영 전략 기획 및 전사 거버넌스 총괄,5,Knowledge(지식),경영 전략 및 자본 예산 배분
13,음식서비스,130208,외식프랜차이즈본부운영,130208_L5,외식프랜차이즈본부운영 전략 기획 및 전사 거버넌스 총괄,5,Knowledge(지식),국내외 규제 컴플라이언스
13,음식서비스,130208,외식프랜차이즈본부운영,130208_L5,외식프랜차이즈본부운영 전략 기획 및 전사 거버넌스 총괄,5,Knowledge(지식),엔터프라이즈 거버넌스
13,음식서비스,130208,외식프랜차이즈본부운영,130208_L5,외식프랜차이즈본부운영 전략 기획 및 전사 거버넌스 총괄,5,Skill(기술/도구),전사 로드맵 수립
13,음식서비스,130208,외식프랜차이즈본부운영,130208_L5,외식프랜차이즈본부운영 전략 기획 및 전사 거버넌스 총괄,5,Skill(기술/도구),투자 대비 성과(ROI) 모델링
13,음식서비스,130208,외식프랜차이즈본부운영,130208_L5,외식프랜차이즈본부운영 전략 기획 및 전사 거버넌스 총괄,5,Skill(기술/도구),최고 의사결정 전략 제언
13,음식서비스,130208,외식프랜차이즈본부운영,130208_L5,외식프랜차이즈본부운영 전략 기획 및 전사 거버넌스 총괄,5,Attitude(태도),거시적 통찰력
13,음식서비스,130208,외식프랜차이즈본부운영,130208_L5,외식프랜차이즈본부운영 전략 기획 및 전사 거버넌스 총괄,5,Attitude(태도),전략적 윤리 리더십
13,음식서비스,130209,외식원가관리(Costing),130209_L1,외식원가관리(Costing) 기초 입문 및 업무 환경 지원,1,Knowledge(지식),외식원가관리(Costing) 개론
13,음식서비스,130209,외식원가관리(Costing),130209_L1,외식원가관리(Costing) 기초 입문 및 업무 환경 지원,1,Knowledge(지식),표준 작업 지침서
13,음식서비스,130209,외식원가관리(Costing),130209_L1,외식원가관리(Costing) 기초 입문 및 업무 환경 지원,1,Knowledge(지식),기초 법령/규정
13,음식서비스,130209,외식원가관리(Costing),130209_L1,외식원가관리(Costing) 기초 입문 및 업무 환경 지원,1,Skill(기술/도구),기초 전산 툴 조작
13,음식서비스,130209,외식원가관리(Costing),130209_L1,외식원가관리(Costing) 기초 입문 및 업무 환경 지원,1,Skill(기술/도구),문서 서식 작성
13,음식서비스,130209,외식원가관리(Costing),130209_L1,외식원가관리(Costing) 기초 입문 및 업무 환경 지원,1,Skill(기술/도구),자료 검색 및 분류
13,음식서비스,130209,외식원가관리(Costing),130209_L1,외식원가관리(Costing) 기초 입문 및 업무 환경 지원,1,Attitude(태도),규정 준수 의식
13,음식서비스,130209,외식원가관리(Costing),130209_L1,외식원가관리(Costing) 기초 입문 및 업무 환경 지원,1,Attitude(태도),성실한 업무 지원 태도
13,음식서비스,130209,외식원가관리(Costing),130209_L2,외식원가관리(Costing) 초급 실무 및 정형 과업 수행,2,Knowledge(지식),외식원가관리(Costing) 실무 프로세스
13,음식서비스,130209,외식원가관리(Costing),130209_L2,외식원가관리(Costing) 초급 실무 및 정형 과업 수행,2,Knowledge(지식),단위 업무 품질 기준
13,음식서비스,130209,외식원가관리(Costing),130209_L2,외식원가관리(Costing) 초급 실무 및 정형 과업 수행,2,Knowledge(지식),데이터 검증 기법
13,음식서비스,130209,외식원가관리(Costing),130209_L2,외식원가관리(Costing) 초급 실무 및 정형 과업 수행,2,Skill(기술/도구),실무 도구/SW 조작
13,음식서비스,130209,외식원가관리(Costing),130209_L2,외식원가관리(Costing) 초급 실무 및 정형 과업 수행,2,Skill(기술/도구),데이터 정제 및 가공
13,음식서비스,130209,외식원가관리(Costing),130209_L2,외식원가관리(Costing) 초급 실무 및 정형 과업 수행,2,Skill(기술/도구),단위 결과물 산출
13,음식서비스,130209,외식원가관리(Costing),130209_L2,외식원가관리(Costing) 초급 실무 및 정형 과업 수행,2,Attitude(태도),정확성과 꼼꼼함
13,음식서비스,130209,외식원가관리(Costing),130209_L2,외식원가관리(Costing) 초급 실무 및 정형 과업 수행,2,Attitude(태도),기한 준수 책임감
13,음식서비스,130209,외식원가관리(Costing),130209_L3,외식원가관리(Costing) 중급 독립 실무 및 문제해결 엔지니어링,3,Knowledge(지식),심화 모델링/설계 이론
13,음식서비스,130209,외식원가관리(Costing),130209_L3,외식원가관리(Costing) 중급 독립 실무 및 문제해결 엔지니어링,3,Knowledge(지식),성능 지표(KPI) 분석법
13,음식서비스,130209,외식원가관리(Costing),130209_L3,외식원가관리(Costing) 중급 독립 실무 및 문제해결 엔지니어링,3,Knowledge(지식),이슈 해결 방법론
13,음식서비스,130209,외식원가관리(Costing),130209_L3,외식원가관리(Costing) 중급 독립 실무 및 문제해결 엔지니어링,3,Skill(기술/도구),고급 도구/코드/기기 활용
13,음식서비스,130209,외식원가관리(Costing),130209_L3,외식원가관리(Costing) 중급 독립 실무 및 문제해결 엔지니어링,3,Skill(기술/도구),원인 분석 및 조치
13,음식서비스,130209,외식원가관리(Costing),130209_L3,외식원가관리(Costing) 중급 독립 실무 및 문제해결 엔지니어링,3,Skill(기술/도구),성과 분석 리포팅
13,음식서비스,130209,외식원가관리(Costing),130209_L3,외식원가관리(Costing) 중급 독립 실무 및 문제해결 엔지니어링,3,Attitude(태도),분석적 사고력
13,음식서비스,130209,외식원가관리(Costing),130209_L3,외식원가관리(Costing) 중급 독립 실무 및 문제해결 엔지니어링,3,Attitude(태도),타 부서와의 원활한 협업 소통
13,음식서비스,130209,외식원가관리(Costing),130209_L4,외식원가관리(Costing) 고급 전문화 및 프로젝트/팀 리딩,4,Knowledge(지식),신기술 융합 아키텍처
13,음식서비스,130209,외식원가관리(Costing),130209_L4,외식원가관리(Costing) 고급 전문화 및 프로젝트/팀 리딩,4,Knowledge(지식),프로젝트 관리론(PMBOK/Agile)
13,음식서비스,130209,외식원가관리(Costing),130209_L4,외식원가관리(Costing) 고급 전문화 및 프로젝트/팀 리딩,4,Knowledge(지식),품질보증(QA) 거버넌스
13,음식서비스,130209,외식원가관리(Costing),130209_L4,외식원가관리(Costing) 고급 전문화 및 프로젝트/팀 리딩,4,Skill(기술/도구),전체 시스템 아키텍처 설계
13,음식서비스,130209,외식원가관리(Costing),130209_L4,외식원가관리(Costing) 고급 전문화 및 프로젝트/팀 리딩,4,Skill(기술/도구),애자일 스프린트 리딩
13,음식서비스,130209,외식원가관리(Costing),130209_L4,외식원가관리(Costing) 고급 전문화 및 프로젝트/팀 리딩,4,Skill(기술/도구),신기술 PoC 검증
13,음식서비스,130209,외식원가관리(Costing),130209_L4,외식원가관리(Costing) 고급 전문화 및 프로젝트/팀 리딩,4,Attitude(태도),혁신 지향 리더십
13,음식서비스,130209,외식원가관리(Costing),130209_L4,외식원가관리(Costing) 고급 전문화 및 프로젝트/팀 리딩,4,Attitude(태도),동료 성장 멘토링 마인드
13,음식서비스,130209,외식원가관리(Costing),130209_L5,외식원가관리(Costing) 전략 기획 및 전사 거버넌스 총괄,5,Knowledge(지식),경영 전략 및 자본 예산 배분
13,음식서비스,130209,외식원가관리(Costing),130209_L5,외식원가관리(Costing) 전략 기획 및 전사 거버넌스 총괄,5,Knowledge(지식),국내외 규제 컴플라이언스
13,음식서비스,130209,외식원가관리(Costing),130209_L5,외식원가관리(Costing) 전략 기획 및 전사 거버넌스 총괄,5,Knowledge(지식),엔터프라이즈 거버넌스
13,음식서비스,130209,외식원가관리(Costing),130209_L5,외식원가관리(Costing) 전략 기획 및 전사 거버넌스 총괄,5,Skill(기술/도구),전사 로드맵 수립
13,음식서비스,130209,외식원가관리(Costing),130209_L5,외식원가관리(Costing) 전략 기획 및 전사 거버넌스 총괄,5,Skill(기술/도구),투자 대비 성과(ROI) 모델링
13,음식서비스,130209,외식원가관리(Costing),130209_L5,외식원가관리(Costing) 전략 기획 및 전사 거버넌스 총괄,5,Skill(기술/도구),최고 의사결정 전략 제언
13,음식서비스,130209,외식원가관리(Costing),130209_L5,외식원가관리(Costing) 전략 기획 및 전사 거버넌스 총괄,5,Attitude(태도),거시적 통찰력
13,음식서비스,130209,외식원가관리(Costing),130209_L5,외식원가관리(Costing) 전략 기획 및 전사 거버넌스 총괄,5,Attitude(태도),전략적 윤리 리더십
13,음식서비스,130210,식음료서비스매니징,130210_L1,식음료서비스매니징 기초 입문 및 업무 환경 지원,1,Knowledge(지식),식음료서비스매니징 개론
13,음식서비스,130210,식음료서비스매니징,130210_L1,식음료서비스매니징 기초 입문 및 업무 환경 지원,1,Knowledge(지식),표준 작업 지침서
13,음식서비스,130210,식음료서비스매니징,130210_L1,식음료서비스매니징 기초 입문 및 업무 환경 지원,1,Knowledge(지식),기초 법령/규정
13,음식서비스,130210,식음료서비스매니징,130210_L1,식음료서비스매니징 기초 입문 및 업무 환경 지원,1,Skill(기술/도구),기초 전산 툴 조작
13,음식서비스,130210,식음료서비스매니징,130210_L1,식음료서비스매니징 기초 입문 및 업무 환경 지원,1,Skill(기술/도구),문서 서식 작성
13,음식서비스,130210,식음료서비스매니징,130210_L1,식음료서비스매니징 기초 입문 및 업무 환경 지원,1,Skill(기술/도구),자료 검색 및 분류
13,음식서비스,130210,식음료서비스매니징,130210_L1,식음료서비스매니징 기초 입문 및 업무 환경 지원,1,Attitude(태도),규정 준수 의식
13,음식서비스,130210,식음료서비스매니징,130210_L1,식음료서비스매니징 기초 입문 및 업무 환경 지원,1,Attitude(태도),성실한 업무 지원 태도
13,음식서비스,130210,식음료서비스매니징,130210_L2,식음료서비스매니징 초급 실무 및 정형 과업 수행,2,Knowledge(지식),식음료서비스매니징 실무 프로세스
13,음식서비스,130210,식음료서비스매니징,130210_L2,식음료서비스매니징 초급 실무 및 정형 과업 수행,2,Knowledge(지식),단위 업무 품질 기준
13,음식서비스,130210,식음료서비스매니징,130210_L2,식음료서비스매니징 초급 실무 및 정형 과업 수행,2,Knowledge(지식),데이터 검증 기법
13,음식서비스,130210,식음료서비스매니징,130210_L2,식음료서비스매니징 초급 실무 및 정형 과업 수행,2,Skill(기술/도구),실무 도구/SW 조작
13,음식서비스,130210,식음료서비스매니징,130210_L2,식음료서비스매니징 초급 실무 및 정형 과업 수행,2,Skill(기술/도구),데이터 정제 및 가공
13,음식서비스,130210,식음료서비스매니징,130210_L2,식음료서비스매니징 초급 실무 및 정형 과업 수행,2,Skill(기술/도구),단위 결과물 산출
13,음식서비스,130210,식음료서비스매니징,130210_L2,식음료서비스매니징 초급 실무 및 정형 과업 수행,2,Attitude(태도),정확성과 꼼꼼함
13,음식서비스,130210,식음료서비스매니징,130210_L2,식음료서비스매니징 초급 실무 및 정형 과업 수행,2,Attitude(태도),기한 준수 책임감
13,음식서비스,130210,식음료서비스매니징,130210_L3,식음료서비스매니징 중급 독립 실무 및 문제해결 엔지니어링,3,Knowledge(지식),심화 모델링/설계 이론
13,음식서비스,130210,식음료서비스매니징,130210_L3,식음료서비스매니징 중급 독립 실무 및 문제해결 엔지니어링,3,Knowledge(지식),성능 지표(KPI) 분석법
13,음식서비스,130210,식음료서비스매니징,130210_L3,식음료서비스매니징 중급 독립 실무 및 문제해결 엔지니어링,3,Knowledge(지식),이슈 해결 방법론
13,음식서비스,130210,식음료서비스매니징,130210_L3,식음료서비스매니징 중급 독립 실무 및 문제해결 엔지니어링,3,Skill(기술/도구),고급 도구/코드/기기 활용
13,음식서비스,130210,식음료서비스매니징,130210_L3,식음료서비스매니징 중급 독립 실무 및 문제해결 엔지니어링,3,Skill(기술/도구),원인 분석 및 조치
13,음식서비스,130210,식음료서비스매니징,130210_L3,식음료서비스매니징 중급 독립 실무 및 문제해결 엔지니어링,3,Skill(기술/도구),성과 분석 리포팅
13,음식서비스,130210,식음료서비스매니징,130210_L3,식음료서비스매니징 중급 독립 실무 및 문제해결 엔지니어링,3,Attitude(태도),분석적 사고력
13,음식서비스,130210,식음료서비스매니징,130210_L3,식음료서비스매니징 중급 독립 실무 및 문제해결 엔지니어링,3,Attitude(태도),타 부서와의 원활한 협업 소통
13,음식서비스,130210,식음료서비스매니징,130210_L4,식음료서비스매니징 고급 전문화 및 프로젝트/팀 리딩,4,Knowledge(지식),신기술 융합 아키텍처
13,음식서비스,130210,식음료서비스매니징,130210_L4,식음료서비스매니징 고급 전문화 및 프로젝트/팀 리딩,4,Knowledge(지식),프로젝트 관리론(PMBOK/Agile)
13,음식서비스,130210,식음료서비스매니징,130210_L4,식음료서비스매니징 고급 전문화 및 프로젝트/팀 리딩,4,Knowledge(지식),품질보증(QA) 거버넌스
13,음식서비스,130210,식음료서비스매니징,130210_L4,식음료서비스매니징 고급 전문화 및 프로젝트/팀 리딩,4,Skill(기술/도구),전체 시스템 아키텍처 설계
13,음식서비스,130210,식음료서비스매니징,130210_L4,식음료서비스매니징 고급 전문화 및 프로젝트/팀 리딩,4,Skill(기술/도구),애자일 스프린트 리딩
13,음식서비스,130210,식음료서비스매니징,130210_L4,식음료서비스매니징 고급 전문화 및 프로젝트/팀 리딩,4,Skill(기술/도구),신기술 PoC 검증
13,음식서비스,130210,식음료서비스매니징,130210_L4,식음료서비스매니징 고급 전문화 및 프로젝트/팀 리딩,4,Attitude(태도),혁신 지향 리더십
13,음식서비스,130210,식음료서비스매니징,130210_L4,식음료서비스매니징 고급 전문화 및 프로젝트/팀 리딩,4,Attitude(태도),동료 성장 멘토링 마인드
13,음식서비스,130210,식음료서비스매니징,130210_L5,식음료서비스매니징 전략 기획 및 전사 거버넌스 총괄,5,Knowledge(지식),경영 전략 및 자본 예산 배분
13,음식서비스,130210,식음료서비스매니징,130210_L5,식음료서비스매니징 전략 기획 및 전사 거버넌스 총괄,5,Knowledge(지식),국내외 규제 컴플라이언스
13,음식서비스,130210,식음료서비스매니징,130210_L5,식음료서비스매니징 전략 기획 및 전사 거버넌스 총괄,5,Knowledge(지식),엔터프라이즈 거버넌스
13,음식서비스,130210,식음료서비스매니징,130210_L5,식음료서비스매니징 전략 기획 및 전사 거버넌스 총괄,5,Skill(기술/도구),전사 로드맵 수립
13,음식서비스,130210,식음료서비스매니징,130210_L5,식음료서비스매니징 전략 기획 및 전사 거버넌스 총괄,5,Skill(기술/도구),투자 대비 성과(ROI) 모델링
13,음식서비스,130210,식음료서비스매니징,130210_L5,식음료서비스매니징 전략 기획 및 전사 거버넌스 총괄,5,Skill(기술/도구),최고 의사결정 전략 제언
13,음식서비스,130210,식음료서비스매니징,130210_L5,식음료서비스매니징 전략 기획 및 전사 거버넌스 총괄,5,Attitude(태도),거시적 통찰력
13,음식서비스,130210,식음료서비스매니징,130210_L5,식음료서비스매니징 전략 기획 및 전사 거버넌스 총괄,5,Attitude(태도),전략적 윤리 리더십
13,음식서비스,130211,단체급식식단관리,130211_L1,단체급식식단관리 기초 입문 및 업무 환경 지원,1,Knowledge(지식),단체급식식단관리 개론
13,음식서비스,130211,단체급식식단관리,130211_L1,단체급식식단관리 기초 입문 및 업무 환경 지원,1,Knowledge(지식),표준 작업 지침서
13,음식서비스,130211,단체급식식단관리,130211_L1,단체급식식단관리 기초 입문 및 업무 환경 지원,1,Knowledge(지식),기초 법령/규정
13,음식서비스,130211,단체급식식단관리,130211_L1,단체급식식단관리 기초 입문 및 업무 환경 지원,1,Skill(기술/도구),기초 전산 툴 조작
13,음식서비스,130211,단체급식식단관리,130211_L1,단체급식식단관리 기초 입문 및 업무 환경 지원,1,Skill(기술/도구),문서 서식 작성
13,음식서비스,130211,단체급식식단관리,130211_L1,단체급식식단관리 기초 입문 및 업무 환경 지원,1,Skill(기술/도구),자료 검색 및 분류
13,음식서비스,130211,단체급식식단관리,130211_L1,단체급식식단관리 기초 입문 및 업무 환경 지원,1,Attitude(태도),규정 준수 의식
13,음식서비스,130211,단체급식식단관리,130211_L1,단체급식식단관리 기초 입문 및 업무 환경 지원,1,Attitude(태도),성실한 업무 지원 태도
13,음식서비스,130211,단체급식식단관리,130211_L2,단체급식식단관리 초급 실무 및 정형 과업 수행,2,Knowledge(지식),단체급식식단관리 실무 프로세스
13,음식서비스,130211,단체급식식단관리,130211_L2,단체급식식단관리 초급 실무 및 정형 과업 수행,2,Knowledge(지식),단위 업무 품질 기준
13,음식서비스,130211,단체급식식단관리,130211_L2,단체급식식단관리 초급 실무 및 정형 과업 수행,2,Knowledge(지식),데이터 검증 기법
13,음식서비스,130211,단체급식식단관리,130211_L2,단체급식식단관리 초급 실무 및 정형 과업 수행,2,Skill(기술/도구),실무 도구/SW 조작
13,음식서비스,130211,단체급식식단관리,130211_L2,단체급식식단관리 초급 실무 및 정형 과업 수행,2,Skill(기술/도구),데이터 정제 및 가공
13,음식서비스,130211,단체급식식단관리,130211_L2,단체급식식단관리 초급 실무 및 정형 과업 수행,2,Skill(기술/도구),단위 결과물 산출
13,음식서비스,130211,단체급식식단관리,130211_L2,단체급식식단관리 초급 실무 및 정형 과업 수행,2,Attitude(태도),정확성과 꼼꼼함
13,음식서비스,130211,단체급식식단관리,130211_L2,단체급식식단관리 초급 실무 및 정형 과업 수행,2,Attitude(태도),기한 준수 책임감
13,음식서비스,130211,단체급식식단관리,130211_L3,단체급식식단관리 중급 독립 실무 및 문제해결 엔지니어링,3,Knowledge(지식),심화 모델링/설계 이론
13,음식서비스,130211,단체급식식단관리,130211_L3,단체급식식단관리 중급 독립 실무 및 문제해결 엔지니어링,3,Knowledge(지식),성능 지표(KPI) 분석법
13,음식서비스,130211,단체급식식단관리,130211_L3,단체급식식단관리 중급 독립 실무 및 문제해결 엔지니어링,3,Knowledge(지식),이슈 해결 방법론
13,음식서비스,130211,단체급식식단관리,130211_L3,단체급식식단관리 중급 독립 실무 및 문제해결 엔지니어링,3,Skill(기술/도구),고급 도구/코드/기기 활용
13,음식서비스,130211,단체급식식단관리,130211_L3,단체급식식단관리 중급 독립 실무 및 문제해결 엔지니어링,3,Skill(기술/도구),원인 분석 및 조치
13,음식서비스,130211,단체급식식단관리,130211_L3,단체급식식단관리 중급 독립 실무 및 문제해결 엔지니어링,3,Skill(기술/도구),성과 분석 리포팅
13,음식서비스,130211,단체급식식단관리,130211_L3,단체급식식단관리 중급 독립 실무 및 문제해결 엔지니어링,3,Attitude(태도),분석적 사고력
13,음식서비스,130211,단체급식식단관리,130211_L3,단체급식식단관리 중급 독립 실무 및 문제해결 엔지니어링,3,Attitude(태도),타 부서와의 원활한 협업 소통
13,음식서비스,130211,단체급식식단관리,130211_L4,단체급식식단관리 고급 전문화 및 프로젝트/팀 리딩,4,Knowledge(지식),신기술 융합 아키텍처
13,음식서비스,130211,단체급식식단관리,130211_L4,단체급식식단관리 고급 전문화 및 프로젝트/팀 리딩,4,Knowledge(지식),프로젝트 관리론(PMBOK/Agile)
13,음식서비스,130211,단체급식식단관리,130211_L4,단체급식식단관리 고급 전문화 및 프로젝트/팀 리딩,4,Knowledge(지식),품질보증(QA) 거버넌스
13,음식서비스,130211,단체급식식단관리,130211_L4,단체급식식단관리 고급 전문화 및 프로젝트/팀 리딩,4,Skill(기술/도구),전체 시스템 아키텍처 설계
13,음식서비스,130211,단체급식식단관리,130211_L4,단체급식식단관리 고급 전문화 및 프로젝트/팀 리딩,4,Skill(기술/도구),애자일 스프린트 리딩
13,음식서비스,130211,단체급식식단관리,130211_L4,단체급식식단관리 고급 전문화 및 프로젝트/팀 리딩,4,Skill(기술/도구),신기술 PoC 검증
13,음식서비스,130211,단체급식식단관리,130211_L4,단체급식식단관리 고급 전문화 및 프로젝트/팀 리딩,4,Attitude(태도),혁신 지향 리더십
13,음식서비스,130211,단체급식식단관리,130211_L4,단체급식식단관리 고급 전문화 및 프로젝트/팀 리딩,4,Attitude(태도),동료 성장 멘토링 마인드
13,음식서비스,130211,단체급식식단관리,130211_L5,단체급식식단관리 전략 기획 및 전사 거버넌스 총괄,5,Knowledge(지식),경영 전략 및 자본 예산 배분
13,음식서비스,130211,단체급식식단관리,130211_L5,단체급식식단관리 전략 기획 및 전사 거버넌스 총괄,5,Knowledge(지식),국내외 규제 컴플라이언스
13,음식서비스,130211,단체급식식단관리,130211_L5,단체급식식단관리 전략 기획 및 전사 거버넌스 총괄,5,Knowledge(지식),엔터프라이즈 거버넌스
13,음식서비스,130211,단체급식식단관리,130211_L5,단체급식식단관리 전략 기획 및 전사 거버넌스 총괄,5,Skill(기술/도구),전사 로드맵 수립
13,음식서비스,130211,단체급식식단관리,130211_L5,단체급식식단관리 전략 기획 및 전사 거버넌스 총괄,5,Skill(기술/도구),투자 대비 성과(ROI) 모델링
13,음식서비스,130211,단체급식식단관리,130211_L5,단체급식식단관리 전략 기획 및 전사 거버넌스 총괄,5,Skill(기술/도구),최고 의사결정 전략 제언
13,음식서비스,130211,단체급식식단관리,130211_L5,단체급식식단관리 전략 기획 및 전사 거버넌스 총괄,5,Attitude(태도),거시적 통찰력
13,음식서비스,130211,단체급식식단관리,130211_L5,단체급식식단관리 전략 기획 및 전사 거버넌스 총괄,5,Attitude(태도),전략적 윤리 리더십
14,건설,140101,스마트건축BIM설계,140101_L1,스마트건축BIM설계 기초 입문 및 업무 환경 지원,1,Knowledge(지식),스마트건축BIM설계 개론
14,건설,140101,스마트건축BIM설계,140101_L1,스마트건축BIM설계 기초 입문 및 업무 환경 지원,1,Knowledge(지식),표준 작업 지침서
14,건설,140101,스마트건축BIM설계,140101_L1,스마트건축BIM설계 기초 입문 및 업무 환경 지원,1,Knowledge(지식),기초 법령/규정
14,건설,140101,스마트건축BIM설계,140101_L1,스마트건축BIM설계 기초 입문 및 업무 환경 지원,1,Skill(기술/도구),기초 전산 툴 조작
14,건설,140101,스마트건축BIM설계,140101_L1,스마트건축BIM설계 기초 입문 및 업무 환경 지원,1,Skill(기술/도구),문서 서식 작성
14,건설,140101,스마트건축BIM설계,140101_L1,스마트건축BIM설계 기초 입문 및 업무 환경 지원,1,Skill(기술/도구),자료 검색 및 분류
14,건설,140101,스마트건축BIM설계,140101_L1,스마트건축BIM설계 기초 입문 및 업무 환경 지원,1,Attitude(태도),규정 준수 의식
14,건설,140101,스마트건축BIM설계,140101_L1,스마트건축BIM설계 기초 입문 및 업무 환경 지원,1,Attitude(태도),성실한 업무 지원 태도
14,건설,140101,스마트건축BIM설계,140101_L2,스마트건축BIM설계 초급 실무 및 정형 과업 수행,2,Knowledge(지식),스마트건축BIM설계 실무 프로세스
14,건설,140101,스마트건축BIM설계,140101_L2,스마트건축BIM설계 초급 실무 및 정형 과업 수행,2,Knowledge(지식),단위 업무 품질 기준
14,건설,140101,스마트건축BIM설계,140101_L2,스마트건축BIM설계 초급 실무 및 정형 과업 수행,2,Knowledge(지식),데이터 검증 기법
14,건설,140101,스마트건축BIM설계,140101_L2,스마트건축BIM설계 초급 실무 및 정형 과업 수행,2,Skill(기술/도구),실무 도구/SW 조작
14,건설,140101,스마트건축BIM설계,140101_L2,스마트건축BIM설계 초급 실무 및 정형 과업 수행,2,Skill(기술/도구),데이터 정제 및 가공
14,건설,140101,스마트건축BIM설계,140101_L2,스마트건축BIM설계 초급 실무 및 정형 과업 수행,2,Skill(기술/도구),단위 결과물 산출
14,건설,140101,스마트건축BIM설계,140101_L2,스마트건축BIM설계 초급 실무 및 정형 과업 수행,2,Attitude(태도),정확성과 꼼꼼함
14,건설,140101,스마트건축BIM설계,140101_L2,스마트건축BIM설계 초급 실무 및 정형 과업 수행,2,Attitude(태도),기한 준수 책임감
14,건설,140101,스마트건축BIM설계,140101_L3,스마트건축BIM설계 중급 독립 실무 및 문제해결 엔지니어링,3,Knowledge(지식),심화 모델링/설계 이론
14,건설,140101,스마트건축BIM설계,140101_L3,스마트건축BIM설계 중급 독립 실무 및 문제해결 엔지니어링,3,Knowledge(지식),성능 지표(KPI) 분석법
14,건설,140101,스마트건축BIM설계,140101_L3,스마트건축BIM설계 중급 독립 실무 및 문제해결 엔지니어링,3,Knowledge(지식),이슈 해결 방법론
14,건설,140101,스마트건축BIM설계,140101_L3,스마트건축BIM설계 중급 독립 실무 및 문제해결 엔지니어링,3,Skill(기술/도구),고급 도구/코드/기기 활용
14,건설,140101,스마트건축BIM설계,140101_L3,스마트건축BIM설계 중급 독립 실무 및 문제해결 엔지니어링,3,Skill(기술/도구),원인 분석 및 조치
14,건설,140101,스마트건축BIM설계,140101_L3,스마트건축BIM설계 중급 독립 실무 및 문제해결 엔지니어링,3,Skill(기술/도구),성과 분석 리포팅
14,건설,140101,스마트건축BIM설계,140101_L3,스마트건축BIM설계 중급 독립 실무 및 문제해결 엔지니어링,3,Attitude(태도),분석적 사고력
14,건설,140101,스마트건축BIM설계,140101_L3,스마트건축BIM설계 중급 독립 실무 및 문제해결 엔지니어링,3,Attitude(태도),타 부서와의 원활한 협업 소통
14,건설,140101,스마트건축BIM설계,140101_L4,스마트건축BIM설계 고급 전문화 및 프로젝트/팀 리딩,4,Knowledge(지식),신기술 융합 아키텍처
14,건설,140101,스마트건축BIM설계,140101_L4,스마트건축BIM설계 고급 전문화 및 프로젝트/팀 리딩,4,Knowledge(지식),프로젝트 관리론(PMBOK/Agile)
14,건설,140101,스마트건축BIM설계,140101_L4,스마트건축BIM설계 고급 전문화 및 프로젝트/팀 리딩,4,Knowledge(지식),품질보증(QA) 거버넌스
14,건설,140101,스마트건축BIM설계,140101_L4,스마트건축BIM설계 고급 전문화 및 프로젝트/팀 리딩,4,Skill(기술/도구),전체 시스템 아키텍처 설계
14,건설,140101,스마트건축BIM설계,140101_L4,스마트건축BIM설계 고급 전문화 및 프로젝트/팀 리딩,4,Skill(기술/도구),애자일 스프린트 리딩
14,건설,140101,스마트건축BIM설계,140101_L4,스마트건축BIM설계 고급 전문화 및 프로젝트/팀 리딩,4,Skill(기술/도구),신기술 PoC 검증
14,건설,140101,스마트건축BIM설계,140101_L4,스마트건축BIM설계 고급 전문화 및 프로젝트/팀 리딩,4,Attitude(태도),혁신 지향 리더십
14,건설,140101,스마트건축BIM설계,140101_L4,스마트건축BIM설계 고급 전문화 및 프로젝트/팀 리딩,4,Attitude(태도),동료 성장 멘토링 마인드
14,건설,140101,스마트건축BIM설계,140101_L5,스마트건축BIM설계 전략 기획 및 전사 거버넌스 총괄,5,Knowledge(지식),경영 전략 및 자본 예산 배분
14,건설,140101,스마트건축BIM설계,140101_L5,스마트건축BIM설계 전략 기획 및 전사 거버넌스 총괄,5,Knowledge(지식),국내외 규제 컴플라이언스
14,건설,140101,스마트건축BIM설계,140101_L5,스마트건축BIM설계 전략 기획 및 전사 거버넌스 총괄,5,Knowledge(지식),엔터프라이즈 거버넌스
14,건설,140101,스마트건축BIM설계,140101_L5,스마트건축BIM설계 전략 기획 및 전사 거버넌스 총괄,5,Skill(기술/도구),전사 로드맵 수립
14,건설,140101,스마트건축BIM설계,140101_L5,스마트건축BIM설계 전략 기획 및 전사 거버넌스 총괄,5,Skill(기술/도구),투자 대비 성과(ROI) 모델링
14,건설,140101,스마트건축BIM설계,140101_L5,스마트건축BIM설계 전략 기획 및 전사 거버넌스 총괄,5,Skill(기술/도구),최고 의사결정 전략 제언
14,건설,140101,스마트건축BIM설계,140101_L5,스마트건축BIM설계 전략 기획 및 전사 거버넌스 총괄,5,Attitude(태도),거시적 통찰력
14,건설,140101,스마트건축BIM설계,140101_L5,스마트건축BIM설계 전략 기획 및 전사 거버넌스 총괄,5,Attitude(태도),전략적 윤리 리더십
14,건설,140102,건축구조설계,140102_L1,건축구조설계 기초 입문 및 업무 환경 지원,1,Knowledge(지식),건축구조설계 개론
14,건설,140102,건축구조설계,140102_L1,건축구조설계 기초 입문 및 업무 환경 지원,1,Knowledge(지식),표준 작업 지침서
14,건설,140102,건축구조설계,140102_L1,건축구조설계 기초 입문 및 업무 환경 지원,1,Knowledge(지식),기초 법령/규정
14,건설,140102,건축구조설계,140102_L1,건축구조설계 기초 입문 및 업무 환경 지원,1,Skill(기술/도구),기초 전산 툴 조작
14,건설,140102,건축구조설계,140102_L1,건축구조설계 기초 입문 및 업무 환경 지원,1,Skill(기술/도구),문서 서식 작성
14,건설,140102,건축구조설계,140102_L1,건축구조설계 기초 입문 및 업무 환경 지원,1,Skill(기술/도구),자료 검색 및 분류
14,건설,140102,건축구조설계,140102_L1,건축구조설계 기초 입문 및 업무 환경 지원,1,Attitude(태도),규정 준수 의식
14,건설,140102,건축구조설계,140102_L1,건축구조설계 기초 입문 및 업무 환경 지원,1,Attitude(태도),성실한 업무 지원 태도
14,건설,140102,건축구조설계,140102_L2,건축구조설계 초급 실무 및 정형 과업 수행,2,Knowledge(지식),건축구조설계 실무 프로세스
14,건설,140102,건축구조설계,140102_L2,건축구조설계 초급 실무 및 정형 과업 수행,2,Knowledge(지식),단위 업무 품질 기준
14,건설,140102,건축구조설계,140102_L2,건축구조설계 초급 실무 및 정형 과업 수행,2,Knowledge(지식),데이터 검증 기법
14,건설,140102,건축구조설계,140102_L2,건축구조설계 초급 실무 및 정형 과업 수행,2,Skill(기술/도구),실무 도구/SW 조작
14,건설,140102,건축구조설계,140102_L2,건축구조설계 초급 실무 및 정형 과업 수행,2,Skill(기술/도구),데이터 정제 및 가공
14,건설,140102,건축구조설계,140102_L2,건축구조설계 초급 실무 및 정형 과업 수행,2,Skill(기술/도구),단위 결과물 산출
14,건설,140102,건축구조설계,140102_L2,건축구조설계 초급 실무 및 정형 과업 수행,2,Attitude(태도),정확성과 꼼꼼함
14,건설,140102,건축구조설계,140102_L2,건축구조설계 초급 실무 및 정형 과업 수행,2,Attitude(태도),기한 준수 책임감
14,건설,140102,건축구조설계,140102_L3,건축구조설계 중급 독립 실무 및 문제해결 엔지니어링,3,Knowledge(지식),심화 모델링/설계 이론
14,건설,140102,건축구조설계,140102_L3,건축구조설계 중급 독립 실무 및 문제해결 엔지니어링,3,Knowledge(지식),성능 지표(KPI) 분석법
14,건설,140102,건축구조설계,140102_L3,건축구조설계 중급 독립 실무 및 문제해결 엔지니어링,3,Knowledge(지식),이슈 해결 방법론
14,건설,140102,건축구조설계,140102_L3,건축구조설계 중급 독립 실무 및 문제해결 엔지니어링,3,Skill(기술/도구),고급 도구/코드/기기 활용
14,건설,140102,건축구조설계,140102_L3,건축구조설계 중급 독립 실무 및 문제해결 엔지니어링,3,Skill(기술/도구),원인 분석 및 조치
14,건설,140102,건축구조설계,140102_L3,건축구조설계 중급 독립 실무 및 문제해결 엔지니어링,3,Skill(기술/도구),성과 분석 리포팅
14,건설,140102,건축구조설계,140102_L3,건축구조설계 중급 독립 실무 및 문제해결 엔지니어링,3,Attitude(태도),분석적 사고력
14,건설,140102,건축구조설계,140102_L3,건축구조설계 중급 독립 실무 및 문제해결 엔지니어링,3,Attitude(태도),타 부서와의 원활한 협업 소통
14,건설,140102,건축구조설계,140102_L4,건축구조설계 고급 전문화 및 프로젝트/팀 리딩,4,Knowledge(지식),신기술 융합 아키텍처
14,건설,140102,건축구조설계,140102_L4,건축구조설계 고급 전문화 및 프로젝트/팀 리딩,4,Knowledge(지식),프로젝트 관리론(PMBOK/Agile)
14,건설,140102,건축구조설계,140102_L4,건축구조설계 고급 전문화 및 프로젝트/팀 리딩,4,Knowledge(지식),품질보증(QA) 거버넌스
14,건설,140102,건축구조설계,140102_L4,건축구조설계 고급 전문화 및 프로젝트/팀 리딩,4,Skill(기술/도구),전체 시스템 아키텍처 설계
14,건설,140102,건축구조설계,140102_L4,건축구조설계 고급 전문화 및 프로젝트/팀 리딩,4,Skill(기술/도구),애자일 스프린트 리딩
14,건설,140102,건축구조설계,140102_L4,건축구조설계 고급 전문화 및 프로젝트/팀 리딩,4,Skill(기술/도구),신기술 PoC 검증
14,건설,140102,건축구조설계,140102_L4,건축구조설계 고급 전문화 및 프로젝트/팀 리딩,4,Attitude(태도),혁신 지향 리더십
14,건설,140102,건축구조설계,140102_L4,건축구조설계 고급 전문화 및 프로젝트/팀 리딩,4,Attitude(태도),동료 성장 멘토링 마인드
14,건설,140102,건축구조설계,140102_L5,건축구조설계 전략 기획 및 전사 거버넌스 총괄,5,Knowledge(지식),경영 전략 및 자본 예산 배분
14,건설,140102,건축구조설계,140102_L5,건축구조설계 전략 기획 및 전사 거버넌스 총괄,5,Knowledge(지식),국내외 규제 컴플라이언스
14,건설,140102,건축구조설계,140102_L5,건축구조설계 전략 기획 및 전사 거버넌스 총괄,5,Knowledge(지식),엔터프라이즈 거버넌스
14,건설,140102,건축구조설계,140102_L5,건축구조설계 전략 기획 및 전사 거버넌스 총괄,5,Skill(기술/도구),전사 로드맵 수립
14,건설,140102,건축구조설계,140102_L5,건축구조설계 전략 기획 및 전사 거버넌스 총괄,5,Skill(기술/도구),투자 대비 성과(ROI) 모델링
14,건설,140102,건축구조설계,140102_L5,건축구조설계 전략 기획 및 전사 거버넌스 총괄,5,Skill(기술/도구),최고 의사결정 전략 제언
14,건설,140102,건축구조설계,140102_L5,건축구조설계 전략 기획 및 전사 거버넌스 총괄,5,Attitude(태도),거시적 통찰력
14,건설,140102,건축구조설계,140102_L5,건축구조설계 전략 기획 및 전사 거버넌스 총괄,5,Attitude(태도),전략적 윤리 리더십
14,건설,140103,건축시공관리,140103_L1,건축시공관리 기초 입문 및 업무 환경 지원,1,Knowledge(지식),건축시공관리 개론
14,건설,140103,건축시공관리,140103_L1,건축시공관리 기초 입문 및 업무 환경 지원,1,Knowledge(지식),표준 작업 지침서
14,건설,140103,건축시공관리,140103_L1,건축시공관리 기초 입문 및 업무 환경 지원,1,Knowledge(지식),기초 법령/규정
14,건설,140103,건축시공관리,140103_L1,건축시공관리 기초 입문 및 업무 환경 지원,1,Skill(기술/도구),기초 전산 툴 조작
14,건설,140103,건축시공관리,140103_L1,건축시공관리 기초 입문 및 업무 환경 지원,1,Skill(기술/도구),문서 서식 작성
14,건설,140103,건축시공관리,140103_L1,건축시공관리 기초 입문 및 업무 환경 지원,1,Skill(기술/도구),자료 검색 및 분류
14,건설,140103,건축시공관리,140103_L1,건축시공관리 기초 입문 및 업무 환경 지원,1,Attitude(태도),규정 준수 의식
14,건설,140103,건축시공관리,140103_L1,건축시공관리 기초 입문 및 업무 환경 지원,1,Attitude(태도),성실한 업무 지원 태도
14,건설,140103,건축시공관리,140103_L2,건축시공관리 초급 실무 및 정형 과업 수행,2,Knowledge(지식),건축시공관리 실무 프로세스
14,건설,140103,건축시공관리,140103_L2,건축시공관리 초급 실무 및 정형 과업 수행,2,Knowledge(지식),단위 업무 품질 기준
14,건설,140103,건축시공관리,140103_L2,건축시공관리 초급 실무 및 정형 과업 수행,2,Knowledge(지식),데이터 검증 기법
14,건설,140103,건축시공관리,140103_L2,건축시공관리 초급 실무 및 정형 과업 수행,2,Skill(기술/도구),실무 도구/SW 조작
14,건설,140103,건축시공관리,140103_L2,건축시공관리 초급 실무 및 정형 과업 수행,2,Skill(기술/도구),데이터 정제 및 가공
14,건설,140103,건축시공관리,140103_L2,건축시공관리 초급 실무 및 정형 과업 수행,2,Skill(기술/도구),단위 결과물 산출
14,건설,140103,건축시공관리,140103_L2,건축시공관리 초급 실무 및 정형 과업 수행,2,Attitude(태도),정확성과 꼼꼼함
14,건설,140103,건축시공관리,140103_L2,건축시공관리 초급 실무 및 정형 과업 수행,2,Attitude(태도),기한 준수 책임감
14,건설,140103,건축시공관리,140103_L3,건축시공관리 중급 독립 실무 및 문제해결 엔지니어링,3,Knowledge(지식),심화 모델링/설계 이론
14,건설,140103,건축시공관리,140103_L3,건축시공관리 중급 독립 실무 및 문제해결 엔지니어링,3,Knowledge(지식),성능 지표(KPI) 분석법
14,건설,140103,건축시공관리,140103_L3,건축시공관리 중급 독립 실무 및 문제해결 엔지니어링,3,Knowledge(지식),이슈 해결 방법론
14,건설,140103,건축시공관리,140103_L3,건축시공관리 중급 독립 실무 및 문제해결 엔지니어링,3,Skill(기술/도구),고급 도구/코드/기기 활용
14,건설,140103,건축시공관리,140103_L3,건축시공관리 중급 독립 실무 및 문제해결 엔지니어링,3,Skill(기술/도구),원인 분석 및 조치
14,건설,140103,건축시공관리,140103_L3,건축시공관리 중급 독립 실무 및 문제해결 엔지니어링,3,Skill(기술/도구),성과 분석 리포팅
14,건설,140103,건축시공관리,140103_L3,건축시공관리 중급 독립 실무 및 문제해결 엔지니어링,3,Attitude(태도),분석적 사고력
14,건설,140103,건축시공관리,140103_L3,건축시공관리 중급 독립 실무 및 문제해결 엔지니어링,3,Attitude(태도),타 부서와의 원활한 협업 소통
14,건설,140103,건축시공관리,140103_L4,건축시공관리 고급 전문화 및 프로젝트/팀 리딩,4,Knowledge(지식),신기술 융합 아키텍처
14,건설,140103,건축시공관리,140103_L4,건축시공관리 고급 전문화 및 프로젝트/팀 리딩,4,Knowledge(지식),프로젝트 관리론(PMBOK/Agile)
14,건설,140103,건축시공관리,140103_L4,건축시공관리 고급 전문화 및 프로젝트/팀 리딩,4,Knowledge(지식),품질보증(QA) 거버넌스
14,건설,140103,건축시공관리,140103_L4,건축시공관리 고급 전문화 및 프로젝트/팀 리딩,4,Skill(기술/도구),전체 시스템 아키텍처 설계
14,건설,140103,건축시공관리,140103_L4,건축시공관리 고급 전문화 및 프로젝트/팀 리딩,4,Skill(기술/도구),애자일 스프린트 리딩
14,건설,140103,건축시공관리,140103_L4,건축시공관리 고급 전문화 및 프로젝트/팀 리딩,4,Skill(기술/도구),신기술 PoC 검증
14,건설,140103,건축시공관리,140103_L4,건축시공관리 고급 전문화 및 프로젝트/팀 리딩,4,Attitude(태도),혁신 지향 리더십
14,건설,140103,건축시공관리,140103_L4,건축시공관리 고급 전문화 및 프로젝트/팀 리딩,4,Attitude(태도),동료 성장 멘토링 마인드
14,건설,140103,건축시공관리,140103_L5,건축시공관리 전략 기획 및 전사 거버넌스 총괄,5,Knowledge(지식),경영 전략 및 자본 예산 배분
14,건설,140103,건축시공관리,140103_L5,건축시공관리 전략 기획 및 전사 거버넌스 총괄,5,Knowledge(지식),국내외 규제 컴플라이언스
14,건설,140103,건축시공관리,140103_L5,건축시공관리 전략 기획 및 전사 거버넌스 총괄,5,Knowledge(지식),엔터프라이즈 거버넌스
14,건설,140103,건축시공관리,140103_L5,건축시공관리 전략 기획 및 전사 거버넌스 총괄,5,Skill(기술/도구),전사 로드맵 수립
14,건설,140103,건축시공관리,140103_L5,건축시공관리 전략 기획 및 전사 거버넌스 총괄,5,Skill(기술/도구),투자 대비 성과(ROI) 모델링
14,건설,140103,건축시공관리,140103_L5,건축시공관리 전략 기획 및 전사 거버넌스 총괄,5,Skill(기술/도구),최고 의사결정 전략 제언
14,건설,140103,건축시공관리,140103_L5,건축시공관리 전략 기획 및 전사 거버넌스 총괄,5,Attitude(태도),거시적 통찰력
14,건설,140103,건축시공관리,140103_L5,건축시공관리 전략 기획 및 전사 거버넌스 총괄,5,Attitude(태도),전략적 윤리 리더십
14,건설,140104,건축적산(견적),140104_L1,건축적산(견적) 기초 입문 및 업무 환경 지원,1,Knowledge(지식),건축적산(견적) 개론
14,건설,140104,건축적산(견적),140104_L1,건축적산(견적) 기초 입문 및 업무 환경 지원,1,Knowledge(지식),표준 작업 지침서
14,건설,140104,건축적산(견적),140104_L1,건축적산(견적) 기초 입문 및 업무 환경 지원,1,Knowledge(지식),기초 법령/규정
14,건설,140104,건축적산(견적),140104_L1,건축적산(견적) 기초 입문 및 업무 환경 지원,1,Skill(기술/도구),기초 전산 툴 조작
14,건설,140104,건축적산(견적),140104_L1,건축적산(견적) 기초 입문 및 업무 환경 지원,1,Skill(기술/도구),문서 서식 작성
14,건설,140104,건축적산(견적),140104_L1,건축적산(견적) 기초 입문 및 업무 환경 지원,1,Skill(기술/도구),자료 검색 및 분류
14,건설,140104,건축적산(견적),140104_L1,건축적산(견적) 기초 입문 및 업무 환경 지원,1,Attitude(태도),규정 준수 의식
14,건설,140104,건축적산(견적),140104_L1,건축적산(견적) 기초 입문 및 업무 환경 지원,1,Attitude(태도),성실한 업무 지원 태도
14,건설,140104,건축적산(견적),140104_L2,건축적산(견적) 초급 실무 및 정형 과업 수행,2,Knowledge(지식),건축적산(견적) 실무 프로세스
14,건설,140104,건축적산(견적),140104_L2,건축적산(견적) 초급 실무 및 정형 과업 수행,2,Knowledge(지식),단위 업무 품질 기준
14,건설,140104,건축적산(견적),140104_L2,건축적산(견적) 초급 실무 및 정형 과업 수행,2,Knowledge(지식),데이터 검증 기법
14,건설,140104,건축적산(견적),140104_L2,건축적산(견적) 초급 실무 및 정형 과업 수행,2,Skill(기술/도구),실무 도구/SW 조작
14,건설,140104,건축적산(견적),140104_L2,건축적산(견적) 초급 실무 및 정형 과업 수행,2,Skill(기술/도구),데이터 정제 및 가공
14,건설,140104,건축적산(견적),140104_L2,건축적산(견적) 초급 실무 및 정형 과업 수행,2,Skill(기술/도구),단위 결과물 산출
14,건설,140104,건축적산(견적),140104_L2,건축적산(견적) 초급 실무 및 정형 과업 수행,2,Attitude(태도),정확성과 꼼꼼함
14,건설,140104,건축적산(견적),140104_L2,건축적산(견적) 초급 실무 및 정형 과업 수행,2,Attitude(태도),기한 준수 책임감
14,건설,140104,건축적산(견적),140104_L3,건축적산(견적) 중급 독립 실무 및 문제해결 엔지니어링,3,Knowledge(지식),심화 모델링/설계 이론
14,건설,140104,건축적산(견적),140104_L3,건축적산(견적) 중급 독립 실무 및 문제해결 엔지니어링,3,Knowledge(지식),성능 지표(KPI) 분석법
14,건설,140104,건축적산(견적),140104_L3,건축적산(견적) 중급 독립 실무 및 문제해결 엔지니어링,3,Knowledge(지식),이슈 해결 방법론
14,건설,140104,건축적산(견적),140104_L3,건축적산(견적) 중급 독립 실무 및 문제해결 엔지니어링,3,Skill(기술/도구),고급 도구/코드/기기 활용
14,건설,140104,건축적산(견적),140104_L3,건축적산(견적) 중급 독립 실무 및 문제해결 엔지니어링,3,Skill(기술/도구),원인 분석 및 조치
14,건설,140104,건축적산(견적),140104_L3,건축적산(견적) 중급 독립 실무 및 문제해결 엔지니어링,3,Skill(기술/도구),성과 분석 리포팅
14,건설,140104,건축적산(견적),140104_L3,건축적산(견적) 중급 독립 실무 및 문제해결 엔지니어링,3,Attitude(태도),분석적 사고력
14,건설,140104,건축적산(견적),140104_L3,건축적산(견적) 중급 독립 실무 및 문제해결 엔지니어링,3,Attitude(태도),타 부서와의 원활한 협업 소통
14,건설,140104,건축적산(견적),140104_L4,건축적산(견적) 고급 전문화 및 프로젝트/팀 리딩,4,Knowledge(지식),신기술 융합 아키텍처
14,건설,140104,건축적산(견적),140104_L4,건축적산(견적) 고급 전문화 및 프로젝트/팀 리딩,4,Knowledge(지식),프로젝트 관리론(PMBOK/Agile)
14,건설,140104,건축적산(견적),140104_L4,건축적산(견적) 고급 전문화 및 프로젝트/팀 리딩,4,Knowledge(지식),품질보증(QA) 거버넌스
14,건설,140104,건축적산(견적),140104_L4,건축적산(견적) 고급 전문화 및 프로젝트/팀 리딩,4,Skill(기술/도구),전체 시스템 아키텍처 설계
14,건설,140104,건축적산(견적),140104_L4,건축적산(견적) 고급 전문화 및 프로젝트/팀 리딩,4,Skill(기술/도구),애자일 스프린트 리딩
14,건설,140104,건축적산(견적),140104_L4,건축적산(견적) 고급 전문화 및 프로젝트/팀 리딩,4,Skill(기술/도구),신기술 PoC 검증
14,건설,140104,건축적산(견적),140104_L4,건축적산(견적) 고급 전문화 및 프로젝트/팀 리딩,4,Attitude(태도),혁신 지향 리더십
14,건설,140104,건축적산(견적),140104_L4,건축적산(견적) 고급 전문화 및 프로젝트/팀 리딩,4,Attitude(태도),동료 성장 멘토링 마인드
14,건설,140104,건축적산(견적),140104_L5,건축적산(견적) 전략 기획 및 전사 거버넌스 총괄,5,Knowledge(지식),경영 전략 및 자본 예산 배분
14,건설,140104,건축적산(견적),140104_L5,건축적산(견적) 전략 기획 및 전사 거버넌스 총괄,5,Knowledge(지식),국내외 규제 컴플라이언스
14,건설,140104,건축적산(견적),140104_L5,건축적산(견적) 전략 기획 및 전사 거버넌스 총괄,5,Knowledge(지식),엔터프라이즈 거버넌스
14,건설,140104,건축적산(견적),140104_L5,건축적산(견적) 전략 기획 및 전사 거버넌스 총괄,5,Skill(기술/도구),전사 로드맵 수립
14,건설,140104,건축적산(견적),140104_L5,건축적산(견적) 전략 기획 및 전사 거버넌스 총괄,5,Skill(기술/도구),투자 대비 성과(ROI) 모델링
14,건설,140104,건축적산(견적),140104_L5,건축적산(견적) 전략 기획 및 전사 거버넌스 총괄,5,Skill(기술/도구),최고 의사결정 전략 제언
14,건설,140104,건축적산(견적),140104_L5,건축적산(견적) 전략 기획 및 전사 거버넌스 총괄,5,Attitude(태도),거시적 통찰력
14,건설,140104,건축적산(견적),140104_L5,건축적산(견적) 전략 기획 및 전사 거버넌스 총괄,5,Attitude(태도),전략적 윤리 리더십
14,건설,140105,실내건축인테리어,140105_L1,실내건축인테리어 기초 입문 및 업무 환경 지원,1,Knowledge(지식),실내건축인테리어 개론
14,건설,140105,실내건축인테리어,140105_L1,실내건축인테리어 기초 입문 및 업무 환경 지원,1,Knowledge(지식),표준 작업 지침서
14,건설,140105,실내건축인테리어,140105_L1,실내건축인테리어 기초 입문 및 업무 환경 지원,1,Knowledge(지식),기초 법령/규정
14,건설,140105,실내건축인테리어,140105_L1,실내건축인테리어 기초 입문 및 업무 환경 지원,1,Skill(기술/도구),기초 전산 툴 조작
14,건설,140105,실내건축인테리어,140105_L1,실내건축인테리어 기초 입문 및 업무 환경 지원,1,Skill(기술/도구),문서 서식 작성
14,건설,140105,실내건축인테리어,140105_L1,실내건축인테리어 기초 입문 및 업무 환경 지원,1,Skill(기술/도구),자료 검색 및 분류
14,건설,140105,실내건축인테리어,140105_L1,실내건축인테리어 기초 입문 및 업무 환경 지원,1,Attitude(태도),규정 준수 의식
14,건설,140105,실내건축인테리어,140105_L1,실내건축인테리어 기초 입문 및 업무 환경 지원,1,Attitude(태도),성실한 업무 지원 태도
14,건설,140105,실내건축인테리어,140105_L2,실내건축인테리어 초급 실무 및 정형 과업 수행,2,Knowledge(지식),실내건축인테리어 실무 프로세스
14,건설,140105,실내건축인테리어,140105_L2,실내건축인테리어 초급 실무 및 정형 과업 수행,2,Knowledge(지식),단위 업무 품질 기준
14,건설,140105,실내건축인테리어,140105_L2,실내건축인테리어 초급 실무 및 정형 과업 수행,2,Knowledge(지식),데이터 검증 기법
14,건설,140105,실내건축인테리어,140105_L2,실내건축인테리어 초급 실무 및 정형 과업 수행,2,Skill(기술/도구),실무 도구/SW 조작
14,건설,140105,실내건축인테리어,140105_L2,실내건축인테리어 초급 실무 및 정형 과업 수행,2,Skill(기술/도구),데이터 정제 및 가공
14,건설,140105,실내건축인테리어,140105_L2,실내건축인테리어 초급 실무 및 정형 과업 수행,2,Skill(기술/도구),단위 결과물 산출
14,건설,140105,실내건축인테리어,140105_L2,실내건축인테리어 초급 실무 및 정형 과업 수행,2,Attitude(태도),정확성과 꼼꼼함
14,건설,140105,실내건축인테리어,140105_L2,실내건축인테리어 초급 실무 및 정형 과업 수행,2,Attitude(태도),기한 준수 책임감
14,건설,140105,실내건축인테리어,140105_L3,실내건축인테리어 중급 독립 실무 및 문제해결 엔지니어링,3,Knowledge(지식),심화 모델링/설계 이론
14,건설,140105,실내건축인테리어,140105_L3,실내건축인테리어 중급 독립 실무 및 문제해결 엔지니어링,3,Knowledge(지식),성능 지표(KPI) 분석법
14,건설,140105,실내건축인테리어,140105_L3,실내건축인테리어 중급 독립 실무 및 문제해결 엔지니어링,3,Knowledge(지식),이슈 해결 방법론
14,건설,140105,실내건축인테리어,140105_L3,실내건축인테리어 중급 독립 실무 및 문제해결 엔지니어링,3,Skill(기술/도구),고급 도구/코드/기기 활용
14,건설,140105,실내건축인테리어,140105_L3,실내건축인테리어 중급 독립 실무 및 문제해결 엔지니어링,3,Skill(기술/도구),원인 분석 및 조치
14,건설,140105,실내건축인테리어,140105_L3,실내건축인테리어 중급 독립 실무 및 문제해결 엔지니어링,3,Skill(기술/도구),성과 분석 리포팅
14,건설,140105,실내건축인테리어,140105_L3,실내건축인테리어 중급 독립 실무 및 문제해결 엔지니어링,3,Attitude(태도),분석적 사고력
14,건설,140105,실내건축인테리어,140105_L3,실내건축인테리어 중급 독립 실무 및 문제해결 엔지니어링,3,Attitude(태도),타 부서와의 원활한 협업 소통
14,건설,140105,실내건축인테리어,140105_L4,실내건축인테리어 고급 전문화 및 프로젝트/팀 리딩,4,Knowledge(지식),신기술 융합 아키텍처
14,건설,140105,실내건축인테리어,140105_L4,실내건축인테리어 고급 전문화 및 프로젝트/팀 리딩,4,Knowledge(지식),프로젝트 관리론(PMBOK/Agile)
14,건설,140105,실내건축인테리어,140105_L4,실내건축인테리어 고급 전문화 및 프로젝트/팀 리딩,4,Knowledge(지식),품질보증(QA) 거버넌스
14,건설,140105,실내건축인테리어,140105_L4,실내건축인테리어 고급 전문화 및 프로젝트/팀 리딩,4,Skill(기술/도구),전체 시스템 아키텍처 설계
14,건설,140105,실내건축인테리어,140105_L4,실내건축인테리어 고급 전문화 및 프로젝트/팀 리딩,4,Skill(기술/도구),애자일 스프린트 리딩
14,건설,140105,실내건축인테리어,140105_L4,실내건축인테리어 고급 전문화 및 프로젝트/팀 리딩,4,Skill(기술/도구),신기술 PoC 검증
14,건설,140105,실내건축인테리어,140105_L4,실내건축인테리어 고급 전문화 및 프로젝트/팀 리딩,4,Attitude(태도),혁신 지향 리더십
14,건설,140105,실내건축인테리어,140105_L4,실내건축인테리어 고급 전문화 및 프로젝트/팀 리딩,4,Attitude(태도),동료 성장 멘토링 마인드
14,건설,140105,실내건축인테리어,140105_L5,실내건축인테리어 전략 기획 및 전사 거버넌스 총괄,5,Knowledge(지식),경영 전략 및 자본 예산 배분
14,건설,140105,실내건축인테리어,140105_L5,실내건축인테리어 전략 기획 및 전사 거버넌스 총괄,5,Knowledge(지식),국내외 규제 컴플라이언스
14,건설,140105,실내건축인테리어,140105_L5,실내건축인테리어 전략 기획 및 전사 거버넌스 총괄,5,Knowledge(지식),엔터프라이즈 거버넌스
14,건설,140105,실내건축인테리어,140105_L5,실내건축인테리어 전략 기획 및 전사 거버넌스 총괄,5,Skill(기술/도구),전사 로드맵 수립
14,건설,140105,실내건축인테리어,140105_L5,실내건축인테리어 전략 기획 및 전사 거버넌스 총괄,5,Skill(기술/도구),투자 대비 성과(ROI) 모델링
14,건설,140105,실내건축인테리어,140105_L5,실내건축인테리어 전략 기획 및 전사 거버넌스 총괄,5,Skill(기술/도구),최고 의사결정 전략 제언
14,건설,140105,실내건축인테리어,140105_L5,실내건축인테리어 전략 기획 및 전사 거버넌스 총괄,5,Attitude(태도),거시적 통찰력
14,건설,140105,실내건축인테리어,140105_L5,실내건축인테리어 전략 기획 및 전사 거버넌스 총괄,5,Attitude(태도),전략적 윤리 리더십
14,건설,140106,건축안전진단,140106_L1,건축안전진단 기초 입문 및 업무 환경 지원,1,Knowledge(지식),건축안전진단 개론
14,건설,140106,건축안전진단,140106_L1,건축안전진단 기초 입문 및 업무 환경 지원,1,Knowledge(지식),표준 작업 지침서
14,건설,140106,건축안전진단,140106_L1,건축안전진단 기초 입문 및 업무 환경 지원,1,Knowledge(지식),기초 법령/규정
14,건설,140106,건축안전진단,140106_L1,건축안전진단 기초 입문 및 업무 환경 지원,1,Skill(기술/도구),기초 전산 툴 조작
14,건설,140106,건축안전진단,140106_L1,건축안전진단 기초 입문 및 업무 환경 지원,1,Skill(기술/도구),문서 서식 작성
14,건설,140106,건축안전진단,140106_L1,건축안전진단 기초 입문 및 업무 환경 지원,1,Skill(기술/도구),자료 검색 및 분류
14,건설,140106,건축안전진단,140106_L1,건축안전진단 기초 입문 및 업무 환경 지원,1,Attitude(태도),규정 준수 의식
14,건설,140106,건축안전진단,140106_L1,건축안전진단 기초 입문 및 업무 환경 지원,1,Attitude(태도),성실한 업무 지원 태도
14,건설,140106,건축안전진단,140106_L2,건축안전진단 초급 실무 및 정형 과업 수행,2,Knowledge(지식),건축안전진단 실무 프로세스
14,건설,140106,건축안전진단,140106_L2,건축안전진단 초급 실무 및 정형 과업 수행,2,Knowledge(지식),단위 업무 품질 기준
14,건설,140106,건축안전진단,140106_L2,건축안전진단 초급 실무 및 정형 과업 수행,2,Knowledge(지식),데이터 검증 기법
14,건설,140106,건축안전진단,140106_L2,건축안전진단 초급 실무 및 정형 과업 수행,2,Skill(기술/도구),실무 도구/SW 조작
14,건설,140106,건축안전진단,140106_L2,건축안전진단 초급 실무 및 정형 과업 수행,2,Skill(기술/도구),데이터 정제 및 가공
14,건설,140106,건축안전진단,140106_L2,건축안전진단 초급 실무 및 정형 과업 수행,2,Skill(기술/도구),단위 결과물 산출
14,건설,140106,건축안전진단,140106_L2,건축안전진단 초급 실무 및 정형 과업 수행,2,Attitude(태도),정확성과 꼼꼼함
14,건설,140106,건축안전진단,140106_L2,건축안전진단 초급 실무 및 정형 과업 수행,2,Attitude(태도),기한 준수 책임감
14,건설,140106,건축안전진단,140106_L3,건축안전진단 중급 독립 실무 및 문제해결 엔지니어링,3,Knowledge(지식),심화 모델링/설계 이론
14,건설,140106,건축안전진단,140106_L3,건축안전진단 중급 독립 실무 및 문제해결 엔지니어링,3,Knowledge(지식),성능 지표(KPI) 분석법
14,건설,140106,건축안전진단,140106_L3,건축안전진단 중급 독립 실무 및 문제해결 엔지니어링,3,Knowledge(지식),이슈 해결 방법론
14,건설,140106,건축안전진단,140106_L3,건축안전진단 중급 독립 실무 및 문제해결 엔지니어링,3,Skill(기술/도구),고급 도구/코드/기기 활용
14,건설,140106,건축안전진단,140106_L3,건축안전진단 중급 독립 실무 및 문제해결 엔지니어링,3,Skill(기술/도구),원인 분석 및 조치
14,건설,140106,건축안전진단,140106_L3,건축안전진단 중급 독립 실무 및 문제해결 엔지니어링,3,Skill(기술/도구),성과 분석 리포팅
14,건설,140106,건축안전진단,140106_L3,건축안전진단 중급 독립 실무 및 문제해결 엔지니어링,3,Attitude(태도),분석적 사고력
14,건설,140106,건축안전진단,140106_L3,건축안전진단 중급 독립 실무 및 문제해결 엔지니어링,3,Attitude(태도),타 부서와의 원활한 협업 소통
14,건설,140106,건축안전진단,140106_L4,건축안전진단 고급 전문화 및 프로젝트/팀 리딩,4,Knowledge(지식),신기술 융합 아키텍처
14,건설,140106,건축안전진단,140106_L4,건축안전진단 고급 전문화 및 프로젝트/팀 리딩,4,Knowledge(지식),프로젝트 관리론(PMBOK/Agile)
14,건설,140106,건축안전진단,140106_L4,건축안전진단 고급 전문화 및 프로젝트/팀 리딩,4,Knowledge(지식),품질보증(QA) 거버넌스
14,건설,140106,건축안전진단,140106_L4,건축안전진단 고급 전문화 및 프로젝트/팀 리딩,4,Skill(기술/도구),전체 시스템 아키텍처 설계
14,건설,140106,건축안전진단,140106_L4,건축안전진단 고급 전문화 및 프로젝트/팀 리딩,4,Skill(기술/도구),애자일 스프린트 리딩
14,건설,140106,건축안전진단,140106_L4,건축안전진단 고급 전문화 및 프로젝트/팀 리딩,4,Skill(기술/도구),신기술 PoC 검증
14,건설,140106,건축안전진단,140106_L4,건축안전진단 고급 전문화 및 프로젝트/팀 리딩,4,Attitude(태도),혁신 지향 리더십
14,건설,140106,건축안전진단,140106_L4,건축안전진단 고급 전문화 및 프로젝트/팀 리딩,4,Attitude(태도),동료 성장 멘토링 마인드
14,건설,140106,건축안전진단,140106_L5,건축안전진단 전략 기획 및 전사 거버넌스 총괄,5,Knowledge(지식),경영 전략 및 자본 예산 배분
14,건설,140106,건축안전진단,140106_L5,건축안전진단 전략 기획 및 전사 거버넌스 총괄,5,Knowledge(지식),국내외 규제 컴플라이언스
14,건설,140106,건축안전진단,140106_L5,건축안전진단 전략 기획 및 전사 거버넌스 총괄,5,Knowledge(지식),엔터프라이즈 거버넌스
14,건설,140106,건축안전진단,140106_L5,건축안전진단 전략 기획 및 전사 거버넌스 총괄,5,Skill(기술/도구),전사 로드맵 수립
14,건설,140106,건축안전진단,140106_L5,건축안전진단 전략 기획 및 전사 거버넌스 총괄,5,Skill(기술/도구),투자 대비 성과(ROI) 모델링
14,건설,140106,건축안전진단,140106_L5,건축안전진단 전략 기획 및 전사 거버넌스 총괄,5,Skill(기술/도구),최고 의사결정 전략 제언
14,건설,140106,건축안전진단,140106_L5,건축안전진단 전략 기획 및 전사 거버넌스 총괄,5,Attitude(태도),거시적 통찰력
14,건설,140106,건축안전진단,140106_L5,건축안전진단 전략 기획 및 전사 거버넌스 총괄,5,Attitude(태도),전략적 윤리 리더십
14,건설,140207,토목구조설계,140207_L1,토목구조설계 기초 입문 및 업무 환경 지원,1,Knowledge(지식),토목구조설계 개론
14,건설,140207,토목구조설계,140207_L1,토목구조설계 기초 입문 및 업무 환경 지원,1,Knowledge(지식),표준 작업 지침서
14,건설,140207,토목구조설계,140207_L1,토목구조설계 기초 입문 및 업무 환경 지원,1,Knowledge(지식),기초 법령/규정
14,건설,140207,토목구조설계,140207_L1,토목구조설계 기초 입문 및 업무 환경 지원,1,Skill(기술/도구),기초 전산 툴 조작
14,건설,140207,토목구조설계,140207_L1,토목구조설계 기초 입문 및 업무 환경 지원,1,Skill(기술/도구),문서 서식 작성
14,건설,140207,토목구조설계,140207_L1,토목구조설계 기초 입문 및 업무 환경 지원,1,Skill(기술/도구),자료 검색 및 분류
14,건설,140207,토목구조설계,140207_L1,토목구조설계 기초 입문 및 업무 환경 지원,1,Attitude(태도),규정 준수 의식
14,건설,140207,토목구조설계,140207_L1,토목구조설계 기초 입문 및 업무 환경 지원,1,Attitude(태도),성실한 업무 지원 태도
14,건설,140207,토목구조설계,140207_L2,토목구조설계 초급 실무 및 정형 과업 수행,2,Knowledge(지식),토목구조설계 실무 프로세스
14,건설,140207,토목구조설계,140207_L2,토목구조설계 초급 실무 및 정형 과업 수행,2,Knowledge(지식),단위 업무 품질 기준
14,건설,140207,토목구조설계,140207_L2,토목구조설계 초급 실무 및 정형 과업 수행,2,Knowledge(지식),데이터 검증 기법
14,건설,140207,토목구조설계,140207_L2,토목구조설계 초급 실무 및 정형 과업 수행,2,Skill(기술/도구),실무 도구/SW 조작
14,건설,140207,토목구조설계,140207_L2,토목구조설계 초급 실무 및 정형 과업 수행,2,Skill(기술/도구),데이터 정제 및 가공
14,건설,140207,토목구조설계,140207_L2,토목구조설계 초급 실무 및 정형 과업 수행,2,Skill(기술/도구),단위 결과물 산출
14,건설,140207,토목구조설계,140207_L2,토목구조설계 초급 실무 및 정형 과업 수행,2,Attitude(태도),정확성과 꼼꼼함
14,건설,140207,토목구조설계,140207_L2,토목구조설계 초급 실무 및 정형 과업 수행,2,Attitude(태도),기한 준수 책임감
14,건설,140207,토목구조설계,140207_L3,토목구조설계 중급 독립 실무 및 문제해결 엔지니어링,3,Knowledge(지식),심화 모델링/설계 이론
14,건설,140207,토목구조설계,140207_L3,토목구조설계 중급 독립 실무 및 문제해결 엔지니어링,3,Knowledge(지식),성능 지표(KPI) 분석법
14,건설,140207,토목구조설계,140207_L3,토목구조설계 중급 독립 실무 및 문제해결 엔지니어링,3,Knowledge(지식),이슈 해결 방법론
14,건설,140207,토목구조설계,140207_L3,토목구조설계 중급 독립 실무 및 문제해결 엔지니어링,3,Skill(기술/도구),고급 도구/코드/기기 활용
14,건설,140207,토목구조설계,140207_L3,토목구조설계 중급 독립 실무 및 문제해결 엔지니어링,3,Skill(기술/도구),원인 분석 및 조치
14,건설,140207,토목구조설계,140207_L3,토목구조설계 중급 독립 실무 및 문제해결 엔지니어링,3,Skill(기술/도구),성과 분석 리포팅
14,건설,140207,토목구조설계,140207_L3,토목구조설계 중급 독립 실무 및 문제해결 엔지니어링,3,Attitude(태도),분석적 사고력
14,건설,140207,토목구조설계,140207_L3,토목구조설계 중급 독립 실무 및 문제해결 엔지니어링,3,Attitude(태도),타 부서와의 원활한 협업 소통
14,건설,140207,토목구조설계,140207_L4,토목구조설계 고급 전문화 및 프로젝트/팀 리딩,4,Knowledge(지식),신기술 융합 아키텍처
14,건설,140207,토목구조설계,140207_L4,토목구조설계 고급 전문화 및 프로젝트/팀 리딩,4,Knowledge(지식),프로젝트 관리론(PMBOK/Agile)
14,건설,140207,토목구조설계,140207_L4,토목구조설계 고급 전문화 및 프로젝트/팀 리딩,4,Knowledge(지식),품질보증(QA) 거버넌스
14,건설,140207,토목구조설계,140207_L4,토목구조설계 고급 전문화 및 프로젝트/팀 리딩,4,Skill(기술/도구),전체 시스템 아키텍처 설계
14,건설,140207,토목구조설계,140207_L4,토목구조설계 고급 전문화 및 프로젝트/팀 리딩,4,Skill(기술/도구),애자일 스프린트 리딩
14,건설,140207,토목구조설계,140207_L4,토목구조설계 고급 전문화 및 프로젝트/팀 리딩,4,Skill(기술/도구),신기술 PoC 검증
14,건설,140207,토목구조설계,140207_L4,토목구조설계 고급 전문화 및 프로젝트/팀 리딩,4,Attitude(태도),혁신 지향 리더십
14,건설,140207,토목구조설계,140207_L4,토목구조설계 고급 전문화 및 프로젝트/팀 리딩,4,Attitude(태도),동료 성장 멘토링 마인드
14,건설,140207,토목구조설계,140207_L5,토목구조설계 전략 기획 및 전사 거버넌스 총괄,5,Knowledge(지식),경영 전략 및 자본 예산 배분
14,건설,140207,토목구조설계,140207_L5,토목구조설계 전략 기획 및 전사 거버넌스 총괄,5,Knowledge(지식),국내외 규제 컴플라이언스
14,건설,140207,토목구조설계,140207_L5,토목구조설계 전략 기획 및 전사 거버넌스 총괄,5,Knowledge(지식),엔터프라이즈 거버넌스
14,건설,140207,토목구조설계,140207_L5,토목구조설계 전략 기획 및 전사 거버넌스 총괄,5,Skill(기술/도구),전사 로드맵 수립
14,건설,140207,토목구조설계,140207_L5,토목구조설계 전략 기획 및 전사 거버넌스 총괄,5,Skill(기술/도구),투자 대비 성과(ROI) 모델링
14,건설,140207,토목구조설계,140207_L5,토목구조설계 전략 기획 및 전사 거버넌스 총괄,5,Skill(기술/도구),최고 의사결정 전략 제언
14,건설,140207,토목구조설계,140207_L5,토목구조설계 전략 기획 및 전사 거버넌스 총괄,5,Attitude(태도),거시적 통찰력
14,건설,140207,토목구조설계,140207_L5,토목구조설계 전략 기획 및 전사 거버넌스 총괄,5,Attitude(태도),전략적 윤리 리더십
14,건설,140208,토목시공엔지니어,140208_L1,토목시공엔지니어 기초 입문 및 업무 환경 지원,1,Knowledge(지식),토목시공엔지니어 개론
14,건설,140208,토목시공엔지니어,140208_L1,토목시공엔지니어 기초 입문 및 업무 환경 지원,1,Knowledge(지식),표준 작업 지침서
14,건설,140208,토목시공엔지니어,140208_L1,토목시공엔지니어 기초 입문 및 업무 환경 지원,1,Knowledge(지식),기초 법령/규정
14,건설,140208,토목시공엔지니어,140208_L1,토목시공엔지니어 기초 입문 및 업무 환경 지원,1,Skill(기술/도구),기초 전산 툴 조작
14,건설,140208,토목시공엔지니어,140208_L1,토목시공엔지니어 기초 입문 및 업무 환경 지원,1,Skill(기술/도구),문서 서식 작성
14,건설,140208,토목시공엔지니어,140208_L1,토목시공엔지니어 기초 입문 및 업무 환경 지원,1,Skill(기술/도구),자료 검색 및 분류
14,건설,140208,토목시공엔지니어,140208_L1,토목시공엔지니어 기초 입문 및 업무 환경 지원,1,Attitude(태도),규정 준수 의식
14,건설,140208,토목시공엔지니어,140208_L1,토목시공엔지니어 기초 입문 및 업무 환경 지원,1,Attitude(태도),성실한 업무 지원 태도
14,건설,140208,토목시공엔지니어,140208_L2,토목시공엔지니어 초급 실무 및 정형 과업 수행,2,Knowledge(지식),토목시공엔지니어 실무 프로세스
14,건설,140208,토목시공엔지니어,140208_L2,토목시공엔지니어 초급 실무 및 정형 과업 수행,2,Knowledge(지식),단위 업무 품질 기준
14,건설,140208,토목시공엔지니어,140208_L2,토목시공엔지니어 초급 실무 및 정형 과업 수행,2,Knowledge(지식),데이터 검증 기법
14,건설,140208,토목시공엔지니어,140208_L2,토목시공엔지니어 초급 실무 및 정형 과업 수행,2,Skill(기술/도구),실무 도구/SW 조작
14,건설,140208,토목시공엔지니어,140208_L2,토목시공엔지니어 초급 실무 및 정형 과업 수행,2,Skill(기술/도구),데이터 정제 및 가공
14,건설,140208,토목시공엔지니어,140208_L2,토목시공엔지니어 초급 실무 및 정형 과업 수행,2,Skill(기술/도구),단위 결과물 산출
14,건설,140208,토목시공엔지니어,140208_L2,토목시공엔지니어 초급 실무 및 정형 과업 수행,2,Attitude(태도),정확성과 꼼꼼함
14,건설,140208,토목시공엔지니어,140208_L2,토목시공엔지니어 초급 실무 및 정형 과업 수행,2,Attitude(태도),기한 준수 책임감
14,건설,140208,토목시공엔지니어,140208_L3,토목시공엔지니어 중급 독립 실무 및 문제해결 엔지니어링,3,Knowledge(지식),심화 모델링/설계 이론
14,건설,140208,토목시공엔지니어,140208_L3,토목시공엔지니어 중급 독립 실무 및 문제해결 엔지니어링,3,Knowledge(지식),성능 지표(KPI) 분석법
14,건설,140208,토목시공엔지니어,140208_L3,토목시공엔지니어 중급 독립 실무 및 문제해결 엔지니어링,3,Knowledge(지식),이슈 해결 방법론
14,건설,140208,토목시공엔지니어,140208_L3,토목시공엔지니어 중급 독립 실무 및 문제해결 엔지니어링,3,Skill(기술/도구),고급 도구/코드/기기 활용
14,건설,140208,토목시공엔지니어,140208_L3,토목시공엔지니어 중급 독립 실무 및 문제해결 엔지니어링,3,Skill(기술/도구),원인 분석 및 조치
14,건설,140208,토목시공엔지니어,140208_L3,토목시공엔지니어 중급 독립 실무 및 문제해결 엔지니어링,3,Skill(기술/도구),성과 분석 리포팅
14,건설,140208,토목시공엔지니어,140208_L3,토목시공엔지니어 중급 독립 실무 및 문제해결 엔지니어링,3,Attitude(태도),분석적 사고력
14,건설,140208,토목시공엔지니어,140208_L3,토목시공엔지니어 중급 독립 실무 및 문제해결 엔지니어링,3,Attitude(태도),타 부서와의 원활한 협업 소통
14,건설,140208,토목시공엔지니어,140208_L4,토목시공엔지니어 고급 전문화 및 프로젝트/팀 리딩,4,Knowledge(지식),신기술 융합 아키텍처
14,건설,140208,토목시공엔지니어,140208_L4,토목시공엔지니어 고급 전문화 및 프로젝트/팀 리딩,4,Knowledge(지식),프로젝트 관리론(PMBOK/Agile)
14,건설,140208,토목시공엔지니어,140208_L4,토목시공엔지니어 고급 전문화 및 프로젝트/팀 리딩,4,Knowledge(지식),품질보증(QA) 거버넌스
14,건설,140208,토목시공엔지니어,140208_L4,토목시공엔지니어 고급 전문화 및 프로젝트/팀 리딩,4,Skill(기술/도구),전체 시스템 아키텍처 설계
14,건설,140208,토목시공엔지니어,140208_L4,토목시공엔지니어 고급 전문화 및 프로젝트/팀 리딩,4,Skill(기술/도구),애자일 스프린트 리딩
14,건설,140208,토목시공엔지니어,140208_L4,토목시공엔지니어 고급 전문화 및 프로젝트/팀 리딩,4,Skill(기술/도구),신기술 PoC 검증
14,건설,140208,토목시공엔지니어,140208_L4,토목시공엔지니어 고급 전문화 및 프로젝트/팀 리딩,4,Attitude(태도),혁신 지향 리더십
14,건설,140208,토목시공엔지니어,140208_L4,토목시공엔지니어 고급 전문화 및 프로젝트/팀 리딩,4,Attitude(태도),동료 성장 멘토링 마인드
14,건설,140208,토목시공엔지니어,140208_L5,토목시공엔지니어 전략 기획 및 전사 거버넌스 총괄,5,Knowledge(지식),경영 전략 및 자본 예산 배분
14,건설,140208,토목시공엔지니어,140208_L5,토목시공엔지니어 전략 기획 및 전사 거버넌스 총괄,5,Knowledge(지식),국내외 규제 컴플라이언스
14,건설,140208,토목시공엔지니어,140208_L5,토목시공엔지니어 전략 기획 및 전사 거버넌스 총괄,5,Knowledge(지식),엔터프라이즈 거버넌스
14,건설,140208,토목시공엔지니어,140208_L5,토목시공엔지니어 전략 기획 및 전사 거버넌스 총괄,5,Skill(기술/도구),전사 로드맵 수립
14,건설,140208,토목시공엔지니어,140208_L5,토목시공엔지니어 전략 기획 및 전사 거버넌스 총괄,5,Skill(기술/도구),투자 대비 성과(ROI) 모델링
14,건설,140208,토목시공엔지니어,140208_L5,토목시공엔지니어 전략 기획 및 전사 거버넌스 총괄,5,Skill(기술/도구),최고 의사결정 전략 제언
14,건설,140208,토목시공엔지니어,140208_L5,토목시공엔지니어 전략 기획 및 전사 거버넌스 총괄,5,Attitude(태도),거시적 통찰력
14,건설,140208,토목시공엔지니어,140208_L5,토목시공엔지니어 전략 기획 및 전사 거버넌스 총괄,5,Attitude(태도),전략적 윤리 리더십
14,건설,140209,지반공학설계,140209_L1,지반공학설계 기초 입문 및 업무 환경 지원,1,Knowledge(지식),지반공학설계 개론
14,건설,140209,지반공학설계,140209_L1,지반공학설계 기초 입문 및 업무 환경 지원,1,Knowledge(지식),표준 작업 지침서
14,건설,140209,지반공학설계,140209_L1,지반공학설계 기초 입문 및 업무 환경 지원,1,Knowledge(지식),기초 법령/규정
14,건설,140209,지반공학설계,140209_L1,지반공학설계 기초 입문 및 업무 환경 지원,1,Skill(기술/도구),기초 전산 툴 조작
14,건설,140209,지반공학설계,140209_L1,지반공학설계 기초 입문 및 업무 환경 지원,1,Skill(기술/도구),문서 서식 작성
14,건설,140209,지반공학설계,140209_L1,지반공학설계 기초 입문 및 업무 환경 지원,1,Skill(기술/도구),자료 검색 및 분류
14,건설,140209,지반공학설계,140209_L1,지반공학설계 기초 입문 및 업무 환경 지원,1,Attitude(태도),규정 준수 의식
14,건설,140209,지반공학설계,140209_L1,지반공학설계 기초 입문 및 업무 환경 지원,1,Attitude(태도),성실한 업무 지원 태도
14,건설,140209,지반공학설계,140209_L2,지반공학설계 초급 실무 및 정형 과업 수행,2,Knowledge(지식),지반공학설계 실무 프로세스
14,건설,140209,지반공학설계,140209_L2,지반공학설계 초급 실무 및 정형 과업 수행,2,Knowledge(지식),단위 업무 품질 기준
14,건설,140209,지반공학설계,140209_L2,지반공학설계 초급 실무 및 정형 과업 수행,2,Knowledge(지식),데이터 검증 기법
14,건설,140209,지반공학설계,140209_L2,지반공학설계 초급 실무 및 정형 과업 수행,2,Skill(기술/도구),실무 도구/SW 조작
14,건설,140209,지반공학설계,140209_L2,지반공학설계 초급 실무 및 정형 과업 수행,2,Skill(기술/도구),데이터 정제 및 가공
14,건설,140209,지반공학설계,140209_L2,지반공학설계 초급 실무 및 정형 과업 수행,2,Skill(기술/도구),단위 결과물 산출
14,건설,140209,지반공학설계,140209_L2,지반공학설계 초급 실무 및 정형 과업 수행,2,Attitude(태도),정확성과 꼼꼼함
14,건설,140209,지반공학설계,140209_L2,지반공학설계 초급 실무 및 정형 과업 수행,2,Attitude(태도),기한 준수 책임감
14,건설,140209,지반공학설계,140209_L3,지반공학설계 중급 독립 실무 및 문제해결 엔지니어링,3,Knowledge(지식),심화 모델링/설계 이론
14,건설,140209,지반공학설계,140209_L3,지반공학설계 중급 독립 실무 및 문제해결 엔지니어링,3,Knowledge(지식),성능 지표(KPI) 분석법
14,건설,140209,지반공학설계,140209_L3,지반공학설계 중급 독립 실무 및 문제해결 엔지니어링,3,Knowledge(지식),이슈 해결 방법론
14,건설,140209,지반공학설계,140209_L3,지반공학설계 중급 독립 실무 및 문제해결 엔지니어링,3,Skill(기술/도구),고급 도구/코드/기기 활용
14,건설,140209,지반공학설계,140209_L3,지반공학설계 중급 독립 실무 및 문제해결 엔지니어링,3,Skill(기술/도구),원인 분석 및 조치
14,건설,140209,지반공학설계,140209_L3,지반공학설계 중급 독립 실무 및 문제해결 엔지니어링,3,Skill(기술/도구),성과 분석 리포팅
14,건설,140209,지반공학설계,140209_L3,지반공학설계 중급 독립 실무 및 문제해결 엔지니어링,3,Attitude(태도),분석적 사고력
14,건설,140209,지반공학설계,140209_L3,지반공학설계 중급 독립 실무 및 문제해결 엔지니어링,3,Attitude(태도),타 부서와의 원활한 협업 소통
14,건설,140209,지반공학설계,140209_L4,지반공학설계 고급 전문화 및 프로젝트/팀 리딩,4,Knowledge(지식),신기술 융합 아키텍처
14,건설,140209,지반공학설계,140209_L4,지반공학설계 고급 전문화 및 프로젝트/팀 리딩,4,Knowledge(지식),프로젝트 관리론(PMBOK/Agile)
14,건설,140209,지반공학설계,140209_L4,지반공학설계 고급 전문화 및 프로젝트/팀 리딩,4,Knowledge(지식),품질보증(QA) 거버넌스
14,건설,140209,지반공학설계,140209_L4,지반공학설계 고급 전문화 및 프로젝트/팀 리딩,4,Skill(기술/도구),전체 시스템 아키텍처 설계
14,건설,140209,지반공학설계,140209_L4,지반공학설계 고급 전문화 및 프로젝트/팀 리딩,4,Skill(기술/도구),애자일 스프린트 리딩
14,건설,140209,지반공학설계,140209_L4,지반공학설계 고급 전문화 및 프로젝트/팀 리딩,4,Skill(기술/도구),신기술 PoC 검증
14,건설,140209,지반공학설계,140209_L4,지반공학설계 고급 전문화 및 프로젝트/팀 리딩,4,Attitude(태도),혁신 지향 리더십
14,건설,140209,지반공학설계,140209_L4,지반공학설계 고급 전문화 및 프로젝트/팀 리딩,4,Attitude(태도),동료 성장 멘토링 마인드
14,건설,140209,지반공학설계,140209_L5,지반공학설계 전략 기획 및 전사 거버넌스 총괄,5,Knowledge(지식),경영 전략 및 자본 예산 배분
14,건설,140209,지반공학설계,140209_L5,지반공학설계 전략 기획 및 전사 거버넌스 총괄,5,Knowledge(지식),국내외 규제 컴플라이언스
14,건설,140209,지반공학설계,140209_L5,지반공학설계 전략 기획 및 전사 거버넌스 총괄,5,Knowledge(지식),엔터프라이즈 거버넌스
14,건설,140209,지반공학설계,140209_L5,지반공학설계 전략 기획 및 전사 거버넌스 총괄,5,Skill(기술/도구),전사 로드맵 수립
14,건설,140209,지반공학설계,140209_L5,지반공학설계 전략 기획 및 전사 거버넌스 총괄,5,Skill(기술/도구),투자 대비 성과(ROI) 모델링
14,건설,140209,지반공학설계,140209_L5,지반공학설계 전략 기획 및 전사 거버넌스 총괄,5,Skill(기술/도구),최고 의사결정 전략 제언
14,건설,140209,지반공학설계,140209_L5,지반공학설계 전략 기획 및 전사 거버넌스 총괄,5,Attitude(태도),거시적 통찰력
14,건설,140209,지반공학설계,140209_L5,지반공학설계 전략 기획 및 전사 거버넌스 총괄,5,Attitude(태도),전략적 윤리 리더십
14,건설,140210,플랜트배관설계,140210_L1,플랜트배관설계 기초 입문 및 업무 환경 지원,1,Knowledge(지식),플랜트배관설계 개론
14,건설,140210,플랜트배관설계,140210_L1,플랜트배관설계 기초 입문 및 업무 환경 지원,1,Knowledge(지식),표준 작업 지침서
14,건설,140210,플랜트배관설계,140210_L1,플랜트배관설계 기초 입문 및 업무 환경 지원,1,Knowledge(지식),기초 법령/규정
14,건설,140210,플랜트배관설계,140210_L1,플랜트배관설계 기초 입문 및 업무 환경 지원,1,Skill(기술/도구),기초 전산 툴 조작
14,건설,140210,플랜트배관설계,140210_L1,플랜트배관설계 기초 입문 및 업무 환경 지원,1,Skill(기술/도구),문서 서식 작성
14,건설,140210,플랜트배관설계,140210_L1,플랜트배관설계 기초 입문 및 업무 환경 지원,1,Skill(기술/도구),자료 검색 및 분류
14,건설,140210,플랜트배관설계,140210_L1,플랜트배관설계 기초 입문 및 업무 환경 지원,1,Attitude(태도),규정 준수 의식
14,건설,140210,플랜트배관설계,140210_L1,플랜트배관설계 기초 입문 및 업무 환경 지원,1,Attitude(태도),성실한 업무 지원 태도
14,건설,140210,플랜트배관설계,140210_L2,플랜트배관설계 초급 실무 및 정형 과업 수행,2,Knowledge(지식),플랜트배관설계 실무 프로세스
14,건설,140210,플랜트배관설계,140210_L2,플랜트배관설계 초급 실무 및 정형 과업 수행,2,Knowledge(지식),단위 업무 품질 기준
14,건설,140210,플랜트배관설계,140210_L2,플랜트배관설계 초급 실무 및 정형 과업 수행,2,Knowledge(지식),데이터 검증 기법
14,건설,140210,플랜트배관설계,140210_L2,플랜트배관설계 초급 실무 및 정형 과업 수행,2,Skill(기술/도구),실무 도구/SW 조작
14,건설,140210,플랜트배관설계,140210_L2,플랜트배관설계 초급 실무 및 정형 과업 수행,2,Skill(기술/도구),데이터 정제 및 가공
14,건설,140210,플랜트배관설계,140210_L2,플랜트배관설계 초급 실무 및 정형 과업 수행,2,Skill(기술/도구),단위 결과물 산출
14,건설,140210,플랜트배관설계,140210_L2,플랜트배관설계 초급 실무 및 정형 과업 수행,2,Attitude(태도),정확성과 꼼꼼함
14,건설,140210,플랜트배관설계,140210_L2,플랜트배관설계 초급 실무 및 정형 과업 수행,2,Attitude(태도),기한 준수 책임감
14,건설,140210,플랜트배관설계,140210_L3,플랜트배관설계 중급 독립 실무 및 문제해결 엔지니어링,3,Knowledge(지식),심화 모델링/설계 이론
14,건설,140210,플랜트배관설계,140210_L3,플랜트배관설계 중급 독립 실무 및 문제해결 엔지니어링,3,Knowledge(지식),성능 지표(KPI) 분석법
14,건설,140210,플랜트배관설계,140210_L3,플랜트배관설계 중급 독립 실무 및 문제해결 엔지니어링,3,Knowledge(지식),이슈 해결 방법론
14,건설,140210,플랜트배관설계,140210_L3,플랜트배관설계 중급 독립 실무 및 문제해결 엔지니어링,3,Skill(기술/도구),고급 도구/코드/기기 활용
14,건설,140210,플랜트배관설계,140210_L3,플랜트배관설계 중급 독립 실무 및 문제해결 엔지니어링,3,Skill(기술/도구),원인 분석 및 조치
14,건설,140210,플랜트배관설계,140210_L3,플랜트배관설계 중급 독립 실무 및 문제해결 엔지니어링,3,Skill(기술/도구),성과 분석 리포팅
14,건설,140210,플랜트배관설계,140210_L3,플랜트배관설계 중급 독립 실무 및 문제해결 엔지니어링,3,Attitude(태도),분석적 사고력
14,건설,140210,플랜트배관설계,140210_L3,플랜트배관설계 중급 독립 실무 및 문제해결 엔지니어링,3,Attitude(태도),타 부서와의 원활한 협업 소통
14,건설,140210,플랜트배관설계,140210_L4,플랜트배관설계 고급 전문화 및 프로젝트/팀 리딩,4,Knowledge(지식),신기술 융합 아키텍처
14,건설,140210,플랜트배관설계,140210_L4,플랜트배관설계 고급 전문화 및 프로젝트/팀 리딩,4,Knowledge(지식),프로젝트 관리론(PMBOK/Agile)
14,건설,140210,플랜트배관설계,140210_L4,플랜트배관설계 고급 전문화 및 프로젝트/팀 리딩,4,Knowledge(지식),품질보증(QA) 거버넌스
14,건설,140210,플랜트배관설계,140210_L4,플랜트배관설계 고급 전문화 및 프로젝트/팀 리딩,4,Skill(기술/도구),전체 시스템 아키텍처 설계
14,건설,140210,플랜트배관설계,140210_L4,플랜트배관설계 고급 전문화 및 프로젝트/팀 리딩,4,Skill(기술/도구),애자일 스프린트 리딩
14,건설,140210,플랜트배관설계,140210_L4,플랜트배관설계 고급 전문화 및 프로젝트/팀 리딩,4,Skill(기술/도구),신기술 PoC 검증
14,건설,140210,플랜트배관설계,140210_L4,플랜트배관설계 고급 전문화 및 프로젝트/팀 리딩,4,Attitude(태도),혁신 지향 리더십
14,건설,140210,플랜트배관설계,140210_L4,플랜트배관설계 고급 전문화 및 프로젝트/팀 리딩,4,Attitude(태도),동료 성장 멘토링 마인드
14,건설,140210,플랜트배관설계,140210_L5,플랜트배관설계 전략 기획 및 전사 거버넌스 총괄,5,Knowledge(지식),경영 전략 및 자본 예산 배분
14,건설,140210,플랜트배관설계,140210_L5,플랜트배관설계 전략 기획 및 전사 거버넌스 총괄,5,Knowledge(지식),국내외 규제 컴플라이언스
14,건설,140210,플랜트배관설계,140210_L5,플랜트배관설계 전략 기획 및 전사 거버넌스 총괄,5,Knowledge(지식),엔터프라이즈 거버넌스
14,건설,140210,플랜트배관설계,140210_L5,플랜트배관설계 전략 기획 및 전사 거버넌스 총괄,5,Skill(기술/도구),전사 로드맵 수립
14,건설,140210,플랜트배관설계,140210_L5,플랜트배관설계 전략 기획 및 전사 거버넌스 총괄,5,Skill(기술/도구),투자 대비 성과(ROI) 모델링
14,건설,140210,플랜트배관설계,140210_L5,플랜트배관설계 전략 기획 및 전사 거버넌스 총괄,5,Skill(기술/도구),최고 의사결정 전략 제언
14,건설,140210,플랜트배관설계,140210_L5,플랜트배관설계 전략 기획 및 전사 거버넌스 총괄,5,Attitude(태도),거시적 통찰력
14,건설,140210,플랜트배관설계,140210_L5,플랜트배관설계 전략 기획 및 전사 거버넌스 총괄,5,Attitude(태도),전략적 윤리 리더십
14,건설,140211,측량및지형정보(GIS),140211_L1,측량및지형정보(GIS) 기초 입문 및 업무 환경 지원,1,Knowledge(지식),측량및지형정보(GIS) 개론
14,건설,140211,측량및지형정보(GIS),140211_L1,측량및지형정보(GIS) 기초 입문 및 업무 환경 지원,1,Knowledge(지식),표준 작업 지침서
14,건설,140211,측량및지형정보(GIS),140211_L1,측량및지형정보(GIS) 기초 입문 및 업무 환경 지원,1,Knowledge(지식),기초 법령/규정
14,건설,140211,측량및지형정보(GIS),140211_L1,측량및지형정보(GIS) 기초 입문 및 업무 환경 지원,1,Skill(기술/도구),기초 전산 툴 조작
14,건설,140211,측량및지형정보(GIS),140211_L1,측량및지형정보(GIS) 기초 입문 및 업무 환경 지원,1,Skill(기술/도구),문서 서식 작성
14,건설,140211,측량및지형정보(GIS),140211_L1,측량및지형정보(GIS) 기초 입문 및 업무 환경 지원,1,Skill(기술/도구),자료 검색 및 분류
14,건설,140211,측량및지형정보(GIS),140211_L1,측량및지형정보(GIS) 기초 입문 및 업무 환경 지원,1,Attitude(태도),규정 준수 의식
14,건설,140211,측량및지형정보(GIS),140211_L1,측량및지형정보(GIS) 기초 입문 및 업무 환경 지원,1,Attitude(태도),성실한 업무 지원 태도
14,건설,140211,측량및지형정보(GIS),140211_L2,측량및지형정보(GIS) 초급 실무 및 정형 과업 수행,2,Knowledge(지식),측량및지형정보(GIS) 실무 프로세스
14,건설,140211,측량및지형정보(GIS),140211_L2,측량및지형정보(GIS) 초급 실무 및 정형 과업 수행,2,Knowledge(지식),단위 업무 품질 기준
14,건설,140211,측량및지형정보(GIS),140211_L2,측량및지형정보(GIS) 초급 실무 및 정형 과업 수행,2,Knowledge(지식),데이터 검증 기법
14,건설,140211,측량및지형정보(GIS),140211_L2,측량및지형정보(GIS) 초급 실무 및 정형 과업 수행,2,Skill(기술/도구),실무 도구/SW 조작
14,건설,140211,측량및지형정보(GIS),140211_L2,측량및지형정보(GIS) 초급 실무 및 정형 과업 수행,2,Skill(기술/도구),데이터 정제 및 가공
14,건설,140211,측량및지형정보(GIS),140211_L2,측량및지형정보(GIS) 초급 실무 및 정형 과업 수행,2,Skill(기술/도구),단위 결과물 산출
14,건설,140211,측량및지형정보(GIS),140211_L2,측량및지형정보(GIS) 초급 실무 및 정형 과업 수행,2,Attitude(태도),정확성과 꼼꼼함
14,건설,140211,측량및지형정보(GIS),140211_L2,측량및지형정보(GIS) 초급 실무 및 정형 과업 수행,2,Attitude(태도),기한 준수 책임감
14,건설,140211,측량및지형정보(GIS),140211_L3,측량및지형정보(GIS) 중급 독립 실무 및 문제해결 엔지니어링,3,Knowledge(지식),심화 모델링/설계 이론
14,건설,140211,측량및지형정보(GIS),140211_L3,측량및지형정보(GIS) 중급 독립 실무 및 문제해결 엔지니어링,3,Knowledge(지식),성능 지표(KPI) 분석법
14,건설,140211,측량및지형정보(GIS),140211_L3,측량및지형정보(GIS) 중급 독립 실무 및 문제해결 엔지니어링,3,Knowledge(지식),이슈 해결 방법론
14,건설,140211,측량및지형정보(GIS),140211_L3,측량및지형정보(GIS) 중급 독립 실무 및 문제해결 엔지니어링,3,Skill(기술/도구),고급 도구/코드/기기 활용
14,건설,140211,측량및지형정보(GIS),140211_L3,측량및지형정보(GIS) 중급 독립 실무 및 문제해결 엔지니어링,3,Skill(기술/도구),원인 분석 및 조치
14,건설,140211,측량및지형정보(GIS),140211_L3,측량및지형정보(GIS) 중급 독립 실무 및 문제해결 엔지니어링,3,Skill(기술/도구),성과 분석 리포팅
14,건설,140211,측량및지형정보(GIS),140211_L3,측량및지형정보(GIS) 중급 독립 실무 및 문제해결 엔지니어링,3,Attitude(태도),분석적 사고력
14,건설,140211,측량및지형정보(GIS),140211_L3,측량및지형정보(GIS) 중급 독립 실무 및 문제해결 엔지니어링,3,Attitude(태도),타 부서와의 원활한 협업 소통
14,건설,140211,측량및지형정보(GIS),140211_L4,측량및지형정보(GIS) 고급 전문화 및 프로젝트/팀 리딩,4,Knowledge(지식),신기술 융합 아키텍처
14,건설,140211,측량및지형정보(GIS),140211_L4,측량및지형정보(GIS) 고급 전문화 및 프로젝트/팀 리딩,4,Knowledge(지식),프로젝트 관리론(PMBOK/Agile)
14,건설,140211,측량및지형정보(GIS),140211_L4,측량및지형정보(GIS) 고급 전문화 및 프로젝트/팀 리딩,4,Knowledge(지식),품질보증(QA) 거버넌스
14,건설,140211,측량및지형정보(GIS),140211_L4,측량및지형정보(GIS) 고급 전문화 및 프로젝트/팀 리딩,4,Skill(기술/도구),전체 시스템 아키텍처 설계
14,건설,140211,측량및지형정보(GIS),140211_L4,측량및지형정보(GIS) 고급 전문화 및 프로젝트/팀 리딩,4,Skill(기술/도구),애자일 스프린트 리딩
14,건설,140211,측량및지형정보(GIS),140211_L4,측량및지형정보(GIS) 고급 전문화 및 프로젝트/팀 리딩,4,Skill(기술/도구),신기술 PoC 검증
14,건설,140211,측량및지형정보(GIS),140211_L4,측량및지형정보(GIS) 고급 전문화 및 프로젝트/팀 리딩,4,Attitude(태도),혁신 지향 리더십
14,건설,140211,측량및지형정보(GIS),140211_L4,측량및지형정보(GIS) 고급 전문화 및 프로젝트/팀 리딩,4,Attitude(태도),동료 성장 멘토링 마인드
14,건설,140211,측량및지형정보(GIS),140211_L5,측량및지형정보(GIS) 전략 기획 및 전사 거버넌스 총괄,5,Knowledge(지식),경영 전략 및 자본 예산 배분
14,건설,140211,측량및지형정보(GIS),140211_L5,측량및지형정보(GIS) 전략 기획 및 전사 거버넌스 총괄,5,Knowledge(지식),국내외 규제 컴플라이언스
14,건설,140211,측량및지형정보(GIS),140211_L5,측량및지형정보(GIS) 전략 기획 및 전사 거버넌스 총괄,5,Knowledge(지식),엔터프라이즈 거버넌스
14,건설,140211,측량및지형정보(GIS),140211_L5,측량및지형정보(GIS) 전략 기획 및 전사 거버넌스 총괄,5,Skill(기술/도구),전사 로드맵 수립
14,건설,140211,측량및지형정보(GIS),140211_L5,측량및지형정보(GIS) 전략 기획 및 전사 거버넌스 총괄,5,Skill(기술/도구),투자 대비 성과(ROI) 모델링
14,건설,140211,측량및지형정보(GIS),140211_L5,측량및지형정보(GIS) 전략 기획 및 전사 거버넌스 총괄,5,Skill(기술/도구),최고 의사결정 전략 제언
14,건설,140211,측량및지형정보(GIS),140211_L5,측량및지형정보(GIS) 전략 기획 및 전사 거버넌스 총괄,5,Attitude(태도),거시적 통찰력
14,건설,140211,측량및지형정보(GIS),140211_L5,측량및지형정보(GIS) 전략 기획 및 전사 거버넌스 총괄,5,Attitude(태도),전략적 윤리 리더십
14,건설,140212,도시계획기획,140212_L1,도시계획기획 기초 입문 및 업무 환경 지원,1,Knowledge(지식),도시계획기획 개론
14,건설,140212,도시계획기획,140212_L1,도시계획기획 기초 입문 및 업무 환경 지원,1,Knowledge(지식),표준 작업 지침서
14,건설,140212,도시계획기획,140212_L1,도시계획기획 기초 입문 및 업무 환경 지원,1,Knowledge(지식),기초 법령/규정
14,건설,140212,도시계획기획,140212_L1,도시계획기획 기초 입문 및 업무 환경 지원,1,Skill(기술/도구),기초 전산 툴 조작
14,건설,140212,도시계획기획,140212_L1,도시계획기획 기초 입문 및 업무 환경 지원,1,Skill(기술/도구),문서 서식 작성
14,건설,140212,도시계획기획,140212_L1,도시계획기획 기초 입문 및 업무 환경 지원,1,Skill(기술/도구),자료 검색 및 분류
14,건설,140212,도시계획기획,140212_L1,도시계획기획 기초 입문 및 업무 환경 지원,1,Attitude(태도),규정 준수 의식
14,건설,140212,도시계획기획,140212_L1,도시계획기획 기초 입문 및 업무 환경 지원,1,Attitude(태도),성실한 업무 지원 태도
14,건설,140212,도시계획기획,140212_L2,도시계획기획 초급 실무 및 정형 과업 수행,2,Knowledge(지식),도시계획기획 실무 프로세스
14,건설,140212,도시계획기획,140212_L2,도시계획기획 초급 실무 및 정형 과업 수행,2,Knowledge(지식),단위 업무 품질 기준
14,건설,140212,도시계획기획,140212_L2,도시계획기획 초급 실무 및 정형 과업 수행,2,Knowledge(지식),데이터 검증 기법
14,건설,140212,도시계획기획,140212_L2,도시계획기획 초급 실무 및 정형 과업 수행,2,Skill(기술/도구),실무 도구/SW 조작
14,건설,140212,도시계획기획,140212_L2,도시계획기획 초급 실무 및 정형 과업 수행,2,Skill(기술/도구),데이터 정제 및 가공
14,건설,140212,도시계획기획,140212_L2,도시계획기획 초급 실무 및 정형 과업 수행,2,Skill(기술/도구),단위 결과물 산출
14,건설,140212,도시계획기획,140212_L2,도시계획기획 초급 실무 및 정형 과업 수행,2,Attitude(태도),정확성과 꼼꼼함
14,건설,140212,도시계획기획,140212_L2,도시계획기획 초급 실무 및 정형 과업 수행,2,Attitude(태도),기한 준수 책임감
14,건설,140212,도시계획기획,140212_L3,도시계획기획 중급 독립 실무 및 문제해결 엔지니어링,3,Knowledge(지식),심화 모델링/설계 이론
14,건설,140212,도시계획기획,140212_L3,도시계획기획 중급 독립 실무 및 문제해결 엔지니어링,3,Knowledge(지식),성능 지표(KPI) 분석법
14,건설,140212,도시계획기획,140212_L3,도시계획기획 중급 독립 실무 및 문제해결 엔지니어링,3,Knowledge(지식),이슈 해결 방법론
14,건설,140212,도시계획기획,140212_L3,도시계획기획 중급 독립 실무 및 문제해결 엔지니어링,3,Skill(기술/도구),고급 도구/코드/기기 활용
14,건설,140212,도시계획기획,140212_L3,도시계획기획 중급 독립 실무 및 문제해결 엔지니어링,3,Skill(기술/도구),원인 분석 및 조치
14,건설,140212,도시계획기획,140212_L3,도시계획기획 중급 독립 실무 및 문제해결 엔지니어링,3,Skill(기술/도구),성과 분석 리포팅
14,건설,140212,도시계획기획,140212_L3,도시계획기획 중급 독립 실무 및 문제해결 엔지니어링,3,Attitude(태도),분석적 사고력
14,건설,140212,도시계획기획,140212_L3,도시계획기획 중급 독립 실무 및 문제해결 엔지니어링,3,Attitude(태도),타 부서와의 원활한 협업 소통
14,건설,140212,도시계획기획,140212_L4,도시계획기획 고급 전문화 및 프로젝트/팀 리딩,4,Knowledge(지식),신기술 융합 아키텍처
14,건설,140212,도시계획기획,140212_L4,도시계획기획 고급 전문화 및 프로젝트/팀 리딩,4,Knowledge(지식),프로젝트 관리론(PMBOK/Agile)
14,건설,140212,도시계획기획,140212_L4,도시계획기획 고급 전문화 및 프로젝트/팀 리딩,4,Knowledge(지식),품질보증(QA) 거버넌스
14,건설,140212,도시계획기획,140212_L4,도시계획기획 고급 전문화 및 프로젝트/팀 리딩,4,Skill(기술/도구),전체 시스템 아키텍처 설계
14,건설,140212,도시계획기획,140212_L4,도시계획기획 고급 전문화 및 프로젝트/팀 리딩,4,Skill(기술/도구),애자일 스프린트 리딩
14,건설,140212,도시계획기획,140212_L4,도시계획기획 고급 전문화 및 프로젝트/팀 리딩,4,Skill(기술/도구),신기술 PoC 검증
14,건설,140212,도시계획기획,140212_L4,도시계획기획 고급 전문화 및 프로젝트/팀 리딩,4,Attitude(태도),혁신 지향 리더십
14,건설,140212,도시계획기획,140212_L4,도시계획기획 고급 전문화 및 프로젝트/팀 리딩,4,Attitude(태도),동료 성장 멘토링 마인드
14,건설,140212,도시계획기획,140212_L5,도시계획기획 전략 기획 및 전사 거버넌스 총괄,5,Knowledge(지식),경영 전략 및 자본 예산 배분
14,건설,140212,도시계획기획,140212_L5,도시계획기획 전략 기획 및 전사 거버넌스 총괄,5,Knowledge(지식),국내외 규제 컴플라이언스
14,건설,140212,도시계획기획,140212_L5,도시계획기획 전략 기획 및 전사 거버넌스 총괄,5,Knowledge(지식),엔터프라이즈 거버넌스
14,건설,140212,도시계획기획,140212_L5,도시계획기획 전략 기획 및 전사 거버넌스 총괄,5,Skill(기술/도구),전사 로드맵 수립
14,건설,140212,도시계획기획,140212_L5,도시계획기획 전략 기획 및 전사 거버넌스 총괄,5,Skill(기술/도구),투자 대비 성과(ROI) 모델링
14,건설,140212,도시계획기획,140212_L5,도시계획기획 전략 기획 및 전사 거버넌스 총괄,5,Skill(기술/도구),최고 의사결정 전략 제언
14,건설,140212,도시계획기획,140212_L5,도시계획기획 전략 기획 및 전사 거버넌스 총괄,5,Attitude(태도),거시적 통찰력
14,건설,140212,도시계획기획,140212_L5,도시계획기획 전략 기획 및 전사 거버넌스 총괄,5,Attitude(태도),전략적 윤리 리더십
15,광업자원,150101,지질자원탐사,150101_L1,지질자원탐사 기초 입문 및 업무 환경 지원,1,Knowledge(지식),지질자원탐사 개론
15,광업자원,150101,지질자원탐사,150101_L1,지질자원탐사 기초 입문 및 업무 환경 지원,1,Knowledge(지식),표준 작업 지침서
15,광업자원,150101,지질자원탐사,150101_L1,지질자원탐사 기초 입문 및 업무 환경 지원,1,Knowledge(지식),기초 법령/규정
15,광업자원,150101,지질자원탐사,150101_L1,지질자원탐사 기초 입문 및 업무 환경 지원,1,Skill(기술/도구),기초 전산 툴 조작
15,광업자원,150101,지질자원탐사,150101_L1,지질자원탐사 기초 입문 및 업무 환경 지원,1,Skill(기술/도구),문서 서식 작성
15,광업자원,150101,지질자원탐사,150101_L1,지질자원탐사 기초 입문 및 업무 환경 지원,1,Skill(기술/도구),자료 검색 및 분류
15,광업자원,150101,지질자원탐사,150101_L1,지질자원탐사 기초 입문 및 업무 환경 지원,1,Attitude(태도),규정 준수 의식
15,광업자원,150101,지질자원탐사,150101_L1,지질자원탐사 기초 입문 및 업무 환경 지원,1,Attitude(태도),성실한 업무 지원 태도
15,광업자원,150101,지질자원탐사,150101_L2,지질자원탐사 초급 실무 및 정형 과업 수행,2,Knowledge(지식),지질자원탐사 실무 프로세스
15,광업자원,150101,지질자원탐사,150101_L2,지질자원탐사 초급 실무 및 정형 과업 수행,2,Knowledge(지식),단위 업무 품질 기준
15,광업자원,150101,지질자원탐사,150101_L2,지질자원탐사 초급 실무 및 정형 과업 수행,2,Knowledge(지식),데이터 검증 기법
15,광업자원,150101,지질자원탐사,150101_L2,지질자원탐사 초급 실무 및 정형 과업 수행,2,Skill(기술/도구),실무 도구/SW 조작
15,광업자원,150101,지질자원탐사,150101_L2,지질자원탐사 초급 실무 및 정형 과업 수행,2,Skill(기술/도구),데이터 정제 및 가공
15,광업자원,150101,지질자원탐사,150101_L2,지질자원탐사 초급 실무 및 정형 과업 수행,2,Skill(기술/도구),단위 결과물 산출
15,광업자원,150101,지질자원탐사,150101_L2,지질자원탐사 초급 실무 및 정형 과업 수행,2,Attitude(태도),정확성과 꼼꼼함
15,광업자원,150101,지질자원탐사,150101_L2,지질자원탐사 초급 실무 및 정형 과업 수행,2,Attitude(태도),기한 준수 책임감
15,광업자원,150101,지질자원탐사,150101_L3,지질자원탐사 중급 독립 실무 및 문제해결 엔지니어링,3,Knowledge(지식),심화 모델링/설계 이론
15,광업자원,150101,지질자원탐사,150101_L3,지질자원탐사 중급 독립 실무 및 문제해결 엔지니어링,3,Knowledge(지식),성능 지표(KPI) 분석법
15,광업자원,150101,지질자원탐사,150101_L3,지질자원탐사 중급 독립 실무 및 문제해결 엔지니어링,3,Knowledge(지식),이슈 해결 방법론
15,광업자원,150101,지질자원탐사,150101_L3,지질자원탐사 중급 독립 실무 및 문제해결 엔지니어링,3,Skill(기술/도구),고급 도구/코드/기기 활용
15,광업자원,150101,지질자원탐사,150101_L3,지질자원탐사 중급 독립 실무 및 문제해결 엔지니어링,3,Skill(기술/도구),원인 분석 및 조치
15,광업자원,150101,지질자원탐사,150101_L3,지질자원탐사 중급 독립 실무 및 문제해결 엔지니어링,3,Skill(기술/도구),성과 분석 리포팅
15,광업자원,150101,지질자원탐사,150101_L3,지질자원탐사 중급 독립 실무 및 문제해결 엔지니어링,3,Attitude(태도),분석적 사고력
15,광업자원,150101,지질자원탐사,150101_L3,지질자원탐사 중급 독립 실무 및 문제해결 엔지니어링,3,Attitude(태도),타 부서와의 원활한 협업 소통
15,광업자원,150101,지질자원탐사,150101_L4,지질자원탐사 고급 전문화 및 프로젝트/팀 리딩,4,Knowledge(지식),신기술 융합 아키텍처
15,광업자원,150101,지질자원탐사,150101_L4,지질자원탐사 고급 전문화 및 프로젝트/팀 리딩,4,Knowledge(지식),프로젝트 관리론(PMBOK/Agile)
15,광업자원,150101,지질자원탐사,150101_L4,지질자원탐사 고급 전문화 및 프로젝트/팀 리딩,4,Knowledge(지식),품질보증(QA) 거버넌스
15,광업자원,150101,지질자원탐사,150101_L4,지질자원탐사 고급 전문화 및 프로젝트/팀 리딩,4,Skill(기술/도구),전체 시스템 아키텍처 설계
15,광업자원,150101,지질자원탐사,150101_L4,지질자원탐사 고급 전문화 및 프로젝트/팀 리딩,4,Skill(기술/도구),애자일 스프린트 리딩
15,광업자원,150101,지질자원탐사,150101_L4,지질자원탐사 고급 전문화 및 프로젝트/팀 리딩,4,Skill(기술/도구),신기술 PoC 검증
15,광업자원,150101,지질자원탐사,150101_L4,지질자원탐사 고급 전문화 및 프로젝트/팀 리딩,4,Attitude(태도),혁신 지향 리더십
15,광업자원,150101,지질자원탐사,150101_L4,지질자원탐사 고급 전문화 및 프로젝트/팀 리딩,4,Attitude(태도),동료 성장 멘토링 마인드
15,광업자원,150101,지질자원탐사,150101_L5,지질자원탐사 전략 기획 및 전사 거버넌스 총괄,5,Knowledge(지식),경영 전략 및 자본 예산 배분
15,광업자원,150101,지질자원탐사,150101_L5,지질자원탐사 전략 기획 및 전사 거버넌스 총괄,5,Knowledge(지식),국내외 규제 컴플라이언스
15,광업자원,150101,지질자원탐사,150101_L5,지질자원탐사 전략 기획 및 전사 거버넌스 총괄,5,Knowledge(지식),엔터프라이즈 거버넌스
15,광업자원,150101,지질자원탐사,150101_L5,지질자원탐사 전략 기획 및 전사 거버넌스 총괄,5,Skill(기술/도구),전사 로드맵 수립
15,광업자원,150101,지질자원탐사,150101_L5,지질자원탐사 전략 기획 및 전사 거버넌스 총괄,5,Skill(기술/도구),투자 대비 성과(ROI) 모델링
15,광업자원,150101,지질자원탐사,150101_L5,지질자원탐사 전략 기획 및 전사 거버넌스 총괄,5,Skill(기술/도구),최고 의사결정 전략 제언
15,광업자원,150101,지질자원탐사,150101_L5,지질자원탐사 전략 기획 및 전사 거버넌스 총괄,5,Attitude(태도),거시적 통찰력
15,광업자원,150101,지질자원탐사,150101_L5,지질자원탐사 전략 기획 및 전사 거버넌스 총괄,5,Attitude(태도),전략적 윤리 리더십
15,광업자원,150102,폐배터리희소금속추출공정,150102_L1,폐배터리희소금속추출공정 기초 입문 및 업무 환경 지원,1,Knowledge(지식),폐배터리희소금속추출공정 개론
15,광업자원,150102,폐배터리희소금속추출공정,150102_L1,폐배터리희소금속추출공정 기초 입문 및 업무 환경 지원,1,Knowledge(지식),표준 작업 지침서
15,광업자원,150102,폐배터리희소금속추출공정,150102_L1,폐배터리희소금속추출공정 기초 입문 및 업무 환경 지원,1,Knowledge(지식),기초 법령/규정
15,광업자원,150102,폐배터리희소금속추출공정,150102_L1,폐배터리희소금속추출공정 기초 입문 및 업무 환경 지원,1,Skill(기술/도구),기초 전산 툴 조작
15,광업자원,150102,폐배터리희소금속추출공정,150102_L1,폐배터리희소금속추출공정 기초 입문 및 업무 환경 지원,1,Skill(기술/도구),문서 서식 작성
15,광업자원,150102,폐배터리희소금속추출공정,150102_L1,폐배터리희소금속추출공정 기초 입문 및 업무 환경 지원,1,Skill(기술/도구),자료 검색 및 분류
15,광업자원,150102,폐배터리희소금속추출공정,150102_L1,폐배터리희소금속추출공정 기초 입문 및 업무 환경 지원,1,Attitude(태도),규정 준수 의식
15,광업자원,150102,폐배터리희소금속추출공정,150102_L1,폐배터리희소금속추출공정 기초 입문 및 업무 환경 지원,1,Attitude(태도),성실한 업무 지원 태도
15,광업자원,150102,폐배터리희소금속추출공정,150102_L2,폐배터리희소금속추출공정 초급 실무 및 정형 과업 수행,2,Knowledge(지식),폐배터리희소금속추출공정 실무 프로세스
15,광업자원,150102,폐배터리희소금속추출공정,150102_L2,폐배터리희소금속추출공정 초급 실무 및 정형 과업 수행,2,Knowledge(지식),단위 업무 품질 기준
15,광업자원,150102,폐배터리희소금속추출공정,150102_L2,폐배터리희소금속추출공정 초급 실무 및 정형 과업 수행,2,Knowledge(지식),데이터 검증 기법
15,광업자원,150102,폐배터리희소금속추출공정,150102_L2,폐배터리희소금속추출공정 초급 실무 및 정형 과업 수행,2,Skill(기술/도구),실무 도구/SW 조작
15,광업자원,150102,폐배터리희소금속추출공정,150102_L2,폐배터리희소금속추출공정 초급 실무 및 정형 과업 수행,2,Skill(기술/도구),데이터 정제 및 가공
15,광업자원,150102,폐배터리희소금속추출공정,150102_L2,폐배터리희소금속추출공정 초급 실무 및 정형 과업 수행,2,Skill(기술/도구),단위 결과물 산출
15,광업자원,150102,폐배터리희소금속추출공정,150102_L2,폐배터리희소금속추출공정 초급 실무 및 정형 과업 수행,2,Attitude(태도),정확성과 꼼꼼함
15,광업자원,150102,폐배터리희소금속추출공정,150102_L2,폐배터리희소금속추출공정 초급 실무 및 정형 과업 수행,2,Attitude(태도),기한 준수 책임감
15,광업자원,150102,폐배터리희소금속추출공정,150102_L3,폐배터리희소금속추출공정 중급 독립 실무 및 문제해결 엔지니어링,3,Knowledge(지식),심화 모델링/설계 이론
15,광업자원,150102,폐배터리희소금속추출공정,150102_L3,폐배터리희소금속추출공정 중급 독립 실무 및 문제해결 엔지니어링,3,Knowledge(지식),성능 지표(KPI) 분석법
15,광업자원,150102,폐배터리희소금속추출공정,150102_L3,폐배터리희소금속추출공정 중급 독립 실무 및 문제해결 엔지니어링,3,Knowledge(지식),이슈 해결 방법론
15,광업자원,150102,폐배터리희소금속추출공정,150102_L3,폐배터리희소금속추출공정 중급 독립 실무 및 문제해결 엔지니어링,3,Skill(기술/도구),고급 도구/코드/기기 활용
15,광업자원,150102,폐배터리희소금속추출공정,150102_L3,폐배터리희소금속추출공정 중급 독립 실무 및 문제해결 엔지니어링,3,Skill(기술/도구),원인 분석 및 조치
15,광업자원,150102,폐배터리희소금속추출공정,150102_L3,폐배터리희소금속추출공정 중급 독립 실무 및 문제해결 엔지니어링,3,Skill(기술/도구),성과 분석 리포팅
15,광업자원,150102,폐배터리희소금속추출공정,150102_L3,폐배터리희소금속추출공정 중급 독립 실무 및 문제해결 엔지니어링,3,Attitude(태도),분석적 사고력
15,광업자원,150102,폐배터리희소금속추출공정,150102_L3,폐배터리희소금속추출공정 중급 독립 실무 및 문제해결 엔지니어링,3,Attitude(태도),타 부서와의 원활한 협업 소통
15,광업자원,150102,폐배터리희소금속추출공정,150102_L4,폐배터리희소금속추출공정 고급 전문화 및 프로젝트/팀 리딩,4,Knowledge(지식),신기술 융합 아키텍처
15,광업자원,150102,폐배터리희소금속추출공정,150102_L4,폐배터리희소금속추출공정 고급 전문화 및 프로젝트/팀 리딩,4,Knowledge(지식),프로젝트 관리론(PMBOK/Agile)
15,광업자원,150102,폐배터리희소금속추출공정,150102_L4,폐배터리희소금속추출공정 고급 전문화 및 프로젝트/팀 리딩,4,Knowledge(지식),품질보증(QA) 거버넌스
15,광업자원,150102,폐배터리희소금속추출공정,150102_L4,폐배터리희소금속추출공정 고급 전문화 및 프로젝트/팀 리딩,4,Skill(기술/도구),전체 시스템 아키텍처 설계
15,광업자원,150102,폐배터리희소금속추출공정,150102_L4,폐배터리희소금속추출공정 고급 전문화 및 프로젝트/팀 리딩,4,Skill(기술/도구),애자일 스프린트 리딩
15,광업자원,150102,폐배터리희소금속추출공정,150102_L4,폐배터리희소금속추출공정 고급 전문화 및 프로젝트/팀 리딩,4,Skill(기술/도구),신기술 PoC 검증
15,광업자원,150102,폐배터리희소금속추출공정,150102_L4,폐배터리희소금속추출공정 고급 전문화 및 프로젝트/팀 리딩,4,Attitude(태도),혁신 지향 리더십
15,광업자원,150102,폐배터리희소금속추출공정,150102_L4,폐배터리희소금속추출공정 고급 전문화 및 프로젝트/팀 리딩,4,Attitude(태도),동료 성장 멘토링 마인드
15,광업자원,150102,폐배터리희소금속추출공정,150102_L5,폐배터리희소금속추출공정 전략 기획 및 전사 거버넌스 총괄,5,Knowledge(지식),경영 전략 및 자본 예산 배분
15,광업자원,150102,폐배터리희소금속추출공정,150102_L5,폐배터리희소금속추출공정 전략 기획 및 전사 거버넌스 총괄,5,Knowledge(지식),국내외 규제 컴플라이언스
15,광업자원,150102,폐배터리희소금속추출공정,150102_L5,폐배터리희소금속추출공정 전략 기획 및 전사 거버넌스 총괄,5,Knowledge(지식),엔터프라이즈 거버넌스
15,광업자원,150102,폐배터리희소금속추출공정,150102_L5,폐배터리희소금속추출공정 전략 기획 및 전사 거버넌스 총괄,5,Skill(기술/도구),전사 로드맵 수립
15,광업자원,150102,폐배터리희소금속추출공정,150102_L5,폐배터리희소금속추출공정 전략 기획 및 전사 거버넌스 총괄,5,Skill(기술/도구),투자 대비 성과(ROI) 모델링
15,광업자원,150102,폐배터리희소금속추출공정,150102_L5,폐배터리희소금속추출공정 전략 기획 및 전사 거버넌스 총괄,5,Skill(기술/도구),최고 의사결정 전략 제언
15,광업자원,150102,폐배터리희소금속추출공정,150102_L5,폐배터리희소금속추출공정 전략 기획 및 전사 거버넌스 총괄,5,Attitude(태도),거시적 통찰력
15,광업자원,150102,폐배터리희소금속추출공정,150102_L5,폐배터리희소금속추출공정 전략 기획 및 전사 거버넌스 총괄,5,Attitude(태도),전략적 윤리 리더십
15,광업자원,150103,광물선광제련설계,150103_L1,광물선광제련설계 기초 입문 및 업무 환경 지원,1,Knowledge(지식),광물선광제련설계 개론
15,광업자원,150103,광물선광제련설계,150103_L1,광물선광제련설계 기초 입문 및 업무 환경 지원,1,Knowledge(지식),표준 작업 지침서
15,광업자원,150103,광물선광제련설계,150103_L1,광물선광제련설계 기초 입문 및 업무 환경 지원,1,Knowledge(지식),기초 법령/규정
15,광업자원,150103,광물선광제련설계,150103_L1,광물선광제련설계 기초 입문 및 업무 환경 지원,1,Skill(기술/도구),기초 전산 툴 조작
15,광업자원,150103,광물선광제련설계,150103_L1,광물선광제련설계 기초 입문 및 업무 환경 지원,1,Skill(기술/도구),문서 서식 작성
15,광업자원,150103,광물선광제련설계,150103_L1,광물선광제련설계 기초 입문 및 업무 환경 지원,1,Skill(기술/도구),자료 검색 및 분류
15,광업자원,150103,광물선광제련설계,150103_L1,광물선광제련설계 기초 입문 및 업무 환경 지원,1,Attitude(태도),규정 준수 의식
15,광업자원,150103,광물선광제련설계,150103_L1,광물선광제련설계 기초 입문 및 업무 환경 지원,1,Attitude(태도),성실한 업무 지원 태도
15,광업자원,150103,광물선광제련설계,150103_L2,광물선광제련설계 초급 실무 및 정형 과업 수행,2,Knowledge(지식),광물선광제련설계 실무 프로세스
15,광업자원,150103,광물선광제련설계,150103_L2,광물선광제련설계 초급 실무 및 정형 과업 수행,2,Knowledge(지식),단위 업무 품질 기준
15,광업자원,150103,광물선광제련설계,150103_L2,광물선광제련설계 초급 실무 및 정형 과업 수행,2,Knowledge(지식),데이터 검증 기법
15,광업자원,150103,광물선광제련설계,150103_L2,광물선광제련설계 초급 실무 및 정형 과업 수행,2,Skill(기술/도구),실무 도구/SW 조작
15,광업자원,150103,광물선광제련설계,150103_L2,광물선광제련설계 초급 실무 및 정형 과업 수행,2,Skill(기술/도구),데이터 정제 및 가공
15,광업자원,150103,광물선광제련설계,150103_L2,광물선광제련설계 초급 실무 및 정형 과업 수행,2,Skill(기술/도구),단위 결과물 산출
15,광업자원,150103,광물선광제련설계,150103_L2,광물선광제련설계 초급 실무 및 정형 과업 수행,2,Attitude(태도),정확성과 꼼꼼함
15,광업자원,150103,광물선광제련설계,150103_L2,광물선광제련설계 초급 실무 및 정형 과업 수행,2,Attitude(태도),기한 준수 책임감
15,광업자원,150103,광물선광제련설계,150103_L3,광물선광제련설계 중급 독립 실무 및 문제해결 엔지니어링,3,Knowledge(지식),심화 모델링/설계 이론
15,광업자원,150103,광물선광제련설계,150103_L3,광물선광제련설계 중급 독립 실무 및 문제해결 엔지니어링,3,Knowledge(지식),성능 지표(KPI) 분석법
15,광업자원,150103,광물선광제련설계,150103_L3,광물선광제련설계 중급 독립 실무 및 문제해결 엔지니어링,3,Knowledge(지식),이슈 해결 방법론
15,광업자원,150103,광물선광제련설계,150103_L3,광물선광제련설계 중급 독립 실무 및 문제해결 엔지니어링,3,Skill(기술/도구),고급 도구/코드/기기 활용
15,광업자원,150103,광물선광제련설계,150103_L3,광물선광제련설계 중급 독립 실무 및 문제해결 엔지니어링,3,Skill(기술/도구),원인 분석 및 조치
15,광업자원,150103,광물선광제련설계,150103_L3,광물선광제련설계 중급 독립 실무 및 문제해결 엔지니어링,3,Skill(기술/도구),성과 분석 리포팅
15,광업자원,150103,광물선광제련설계,150103_L3,광물선광제련설계 중급 독립 실무 및 문제해결 엔지니어링,3,Attitude(태도),분석적 사고력
15,광업자원,150103,광물선광제련설계,150103_L3,광물선광제련설계 중급 독립 실무 및 문제해결 엔지니어링,3,Attitude(태도),타 부서와의 원활한 협업 소통
15,광업자원,150103,광물선광제련설계,150103_L4,광물선광제련설계 고급 전문화 및 프로젝트/팀 리딩,4,Knowledge(지식),신기술 융합 아키텍처
15,광업자원,150103,광물선광제련설계,150103_L4,광물선광제련설계 고급 전문화 및 프로젝트/팀 리딩,4,Knowledge(지식),프로젝트 관리론(PMBOK/Agile)
15,광업자원,150103,광물선광제련설계,150103_L4,광물선광제련설계 고급 전문화 및 프로젝트/팀 리딩,4,Knowledge(지식),품질보증(QA) 거버넌스
15,광업자원,150103,광물선광제련설계,150103_L4,광물선광제련설계 고급 전문화 및 프로젝트/팀 리딩,4,Skill(기술/도구),전체 시스템 아키텍처 설계
15,광업자원,150103,광물선광제련설계,150103_L4,광물선광제련설계 고급 전문화 및 프로젝트/팀 리딩,4,Skill(기술/도구),애자일 스프린트 리딩
15,광업자원,150103,광물선광제련설계,150103_L4,광물선광제련설계 고급 전문화 및 프로젝트/팀 리딩,4,Skill(기술/도구),신기술 PoC 검증
15,광업자원,150103,광물선광제련설계,150103_L4,광물선광제련설계 고급 전문화 및 프로젝트/팀 리딩,4,Attitude(태도),혁신 지향 리더십
15,광업자원,150103,광물선광제련설계,150103_L4,광물선광제련설계 고급 전문화 및 프로젝트/팀 리딩,4,Attitude(태도),동료 성장 멘토링 마인드
15,광업자원,150103,광물선광제련설계,150103_L5,광물선광제련설계 전략 기획 및 전사 거버넌스 총괄,5,Knowledge(지식),경영 전략 및 자본 예산 배분
15,광업자원,150103,광물선광제련설계,150103_L5,광물선광제련설계 전략 기획 및 전사 거버넌스 총괄,5,Knowledge(지식),국내외 규제 컴플라이언스
15,광업자원,150103,광물선광제련설계,150103_L5,광물선광제련설계 전략 기획 및 전사 거버넌스 총괄,5,Knowledge(지식),엔터프라이즈 거버넌스
15,광업자원,150103,광물선광제련설계,150103_L5,광물선광제련설계 전략 기획 및 전사 거버넌스 총괄,5,Skill(기술/도구),전사 로드맵 수립
15,광업자원,150103,광물선광제련설계,150103_L5,광물선광제련설계 전략 기획 및 전사 거버넌스 총괄,5,Skill(기술/도구),투자 대비 성과(ROI) 모델링
15,광업자원,150103,광물선광제련설계,150103_L5,광물선광제련설계 전략 기획 및 전사 거버넌스 총괄,5,Skill(기술/도구),최고 의사결정 전략 제언
15,광업자원,150103,광물선광제련설계,150103_L5,광물선광제련설계 전략 기획 및 전사 거버넌스 총괄,5,Attitude(태도),거시적 통찰력
15,광업자원,150103,광물선광제련설계,150103_L5,광물선광제련설계 전략 기획 및 전사 거버넌스 총괄,5,Attitude(태도),전략적 윤리 리더십
15,광업자원,150104,지하수수질환경평가,150104_L1,지하수수질환경평가 기초 입문 및 업무 환경 지원,1,Knowledge(지식),지하수수질환경평가 개론
15,광업자원,150104,지하수수질환경평가,150104_L1,지하수수질환경평가 기초 입문 및 업무 환경 지원,1,Knowledge(지식),표준 작업 지침서
15,광업자원,150104,지하수수질환경평가,150104_L1,지하수수질환경평가 기초 입문 및 업무 환경 지원,1,Knowledge(지식),기초 법령/규정
15,광업자원,150104,지하수수질환경평가,150104_L1,지하수수질환경평가 기초 입문 및 업무 환경 지원,1,Skill(기술/도구),기초 전산 툴 조작
15,광업자원,150104,지하수수질환경평가,150104_L1,지하수수질환경평가 기초 입문 및 업무 환경 지원,1,Skill(기술/도구),문서 서식 작성
15,광업자원,150104,지하수수질환경평가,150104_L1,지하수수질환경평가 기초 입문 및 업무 환경 지원,1,Skill(기술/도구),자료 검색 및 분류
15,광업자원,150104,지하수수질환경평가,150104_L1,지하수수질환경평가 기초 입문 및 업무 환경 지원,1,Attitude(태도),규정 준수 의식
15,광업자원,150104,지하수수질환경평가,150104_L1,지하수수질환경평가 기초 입문 및 업무 환경 지원,1,Attitude(태도),성실한 업무 지원 태도
15,광업자원,150104,지하수수질환경평가,150104_L2,지하수수질환경평가 초급 실무 및 정형 과업 수행,2,Knowledge(지식),지하수수질환경평가 실무 프로세스
15,광업자원,150104,지하수수질환경평가,150104_L2,지하수수질환경평가 초급 실무 및 정형 과업 수행,2,Knowledge(지식),단위 업무 품질 기준
15,광업자원,150104,지하수수질환경평가,150104_L2,지하수수질환경평가 초급 실무 및 정형 과업 수행,2,Knowledge(지식),데이터 검증 기법
15,광업자원,150104,지하수수질환경평가,150104_L2,지하수수질환경평가 초급 실무 및 정형 과업 수행,2,Skill(기술/도구),실무 도구/SW 조작
15,광업자원,150104,지하수수질환경평가,150104_L2,지하수수질환경평가 초급 실무 및 정형 과업 수행,2,Skill(기술/도구),데이터 정제 및 가공
15,광업자원,150104,지하수수질환경평가,150104_L2,지하수수질환경평가 초급 실무 및 정형 과업 수행,2,Skill(기술/도구),단위 결과물 산출
15,광업자원,150104,지하수수질환경평가,150104_L2,지하수수질환경평가 초급 실무 및 정형 과업 수행,2,Attitude(태도),정확성과 꼼꼼함
15,광업자원,150104,지하수수질환경평가,150104_L2,지하수수질환경평가 초급 실무 및 정형 과업 수행,2,Attitude(태도),기한 준수 책임감
15,광업자원,150104,지하수수질환경평가,150104_L3,지하수수질환경평가 중급 독립 실무 및 문제해결 엔지니어링,3,Knowledge(지식),심화 모델링/설계 이론
15,광업자원,150104,지하수수질환경평가,150104_L3,지하수수질환경평가 중급 독립 실무 및 문제해결 엔지니어링,3,Knowledge(지식),성능 지표(KPI) 분석법
15,광업자원,150104,지하수수질환경평가,150104_L3,지하수수질환경평가 중급 독립 실무 및 문제해결 엔지니어링,3,Knowledge(지식),이슈 해결 방법론
15,광업자원,150104,지하수수질환경평가,150104_L3,지하수수질환경평가 중급 독립 실무 및 문제해결 엔지니어링,3,Skill(기술/도구),고급 도구/코드/기기 활용
15,광업자원,150104,지하수수질환경평가,150104_L3,지하수수질환경평가 중급 독립 실무 및 문제해결 엔지니어링,3,Skill(기술/도구),원인 분석 및 조치
15,광업자원,150104,지하수수질환경평가,150104_L3,지하수수질환경평가 중급 독립 실무 및 문제해결 엔지니어링,3,Skill(기술/도구),성과 분석 리포팅
15,광업자원,150104,지하수수질환경평가,150104_L3,지하수수질환경평가 중급 독립 실무 및 문제해결 엔지니어링,3,Attitude(태도),분석적 사고력
15,광업자원,150104,지하수수질환경평가,150104_L3,지하수수질환경평가 중급 독립 실무 및 문제해결 엔지니어링,3,Attitude(태도),타 부서와의 원활한 협업 소통
15,광업자원,150104,지하수수질환경평가,150104_L4,지하수수질환경평가 고급 전문화 및 프로젝트/팀 리딩,4,Knowledge(지식),신기술 융합 아키텍처
15,광업자원,150104,지하수수질환경평가,150104_L4,지하수수질환경평가 고급 전문화 및 프로젝트/팀 리딩,4,Knowledge(지식),프로젝트 관리론(PMBOK/Agile)
15,광업자원,150104,지하수수질환경평가,150104_L4,지하수수질환경평가 고급 전문화 및 프로젝트/팀 리딩,4,Knowledge(지식),품질보증(QA) 거버넌스
15,광업자원,150104,지하수수질환경평가,150104_L4,지하수수질환경평가 고급 전문화 및 프로젝트/팀 리딩,4,Skill(기술/도구),전체 시스템 아키텍처 설계
15,광업자원,150104,지하수수질환경평가,150104_L4,지하수수질환경평가 고급 전문화 및 프로젝트/팀 리딩,4,Skill(기술/도구),애자일 스프린트 리딩
15,광업자원,150104,지하수수질환경평가,150104_L4,지하수수질환경평가 고급 전문화 및 프로젝트/팀 리딩,4,Skill(기술/도구),신기술 PoC 검증
15,광업자원,150104,지하수수질환경평가,150104_L4,지하수수질환경평가 고급 전문화 및 프로젝트/팀 리딩,4,Attitude(태도),혁신 지향 리더십
15,광업자원,150104,지하수수질환경평가,150104_L4,지하수수질환경평가 고급 전문화 및 프로젝트/팀 리딩,4,Attitude(태도),동료 성장 멘토링 마인드
15,광업자원,150104,지하수수질환경평가,150104_L5,지하수수질환경평가 전략 기획 및 전사 거버넌스 총괄,5,Knowledge(지식),경영 전략 및 자본 예산 배분
15,광업자원,150104,지하수수질환경평가,150104_L5,지하수수질환경평가 전략 기획 및 전사 거버넌스 총괄,5,Knowledge(지식),국내외 규제 컴플라이언스
15,광업자원,150104,지하수수질환경평가,150104_L5,지하수수질환경평가 전략 기획 및 전사 거버넌스 총괄,5,Knowledge(지식),엔터프라이즈 거버넌스
15,광업자원,150104,지하수수질환경평가,150104_L5,지하수수질환경평가 전략 기획 및 전사 거버넌스 총괄,5,Skill(기술/도구),전사 로드맵 수립
15,광업자원,150104,지하수수질환경평가,150104_L5,지하수수질환경평가 전략 기획 및 전사 거버넌스 총괄,5,Skill(기술/도구),투자 대비 성과(ROI) 모델링
15,광업자원,150104,지하수수질환경평가,150104_L5,지하수수질환경평가 전략 기획 및 전사 거버넌스 총괄,5,Skill(기술/도구),최고 의사결정 전략 제언
15,광업자원,150104,지하수수질환경평가,150104_L5,지하수수질환경평가 전략 기획 및 전사 거버넌스 총괄,5,Attitude(태도),거시적 통찰력
15,광업자원,150104,지하수수질환경평가,150104_L5,지하수수질환경평가 전략 기획 및 전사 거버넌스 총괄,5,Attitude(태도),전략적 윤리 리더십
15,광업자원,150105,친환경자원순환관리,150105_L1,친환경자원순환관리 기초 입문 및 업무 환경 지원,1,Knowledge(지식),친환경자원순환관리 개론
15,광업자원,150105,친환경자원순환관리,150105_L1,친환경자원순환관리 기초 입문 및 업무 환경 지원,1,Knowledge(지식),표준 작업 지침서
15,광업자원,150105,친환경자원순환관리,150105_L1,친환경자원순환관리 기초 입문 및 업무 환경 지원,1,Knowledge(지식),기초 법령/규정
15,광업자원,150105,친환경자원순환관리,150105_L1,친환경자원순환관리 기초 입문 및 업무 환경 지원,1,Skill(기술/도구),기초 전산 툴 조작
15,광업자원,150105,친환경자원순환관리,150105_L1,친환경자원순환관리 기초 입문 및 업무 환경 지원,1,Skill(기술/도구),문서 서식 작성
15,광업자원,150105,친환경자원순환관리,150105_L1,친환경자원순환관리 기초 입문 및 업무 환경 지원,1,Skill(기술/도구),자료 검색 및 분류
15,광업자원,150105,친환경자원순환관리,150105_L1,친환경자원순환관리 기초 입문 및 업무 환경 지원,1,Attitude(태도),규정 준수 의식
15,광업자원,150105,친환경자원순환관리,150105_L1,친환경자원순환관리 기초 입문 및 업무 환경 지원,1,Attitude(태도),성실한 업무 지원 태도
15,광업자원,150105,친환경자원순환관리,150105_L2,친환경자원순환관리 초급 실무 및 정형 과업 수행,2,Knowledge(지식),친환경자원순환관리 실무 프로세스
15,광업자원,150105,친환경자원순환관리,150105_L2,친환경자원순환관리 초급 실무 및 정형 과업 수행,2,Knowledge(지식),단위 업무 품질 기준
15,광업자원,150105,친환경자원순환관리,150105_L2,친환경자원순환관리 초급 실무 및 정형 과업 수행,2,Knowledge(지식),데이터 검증 기법
15,광업자원,150105,친환경자원순환관리,150105_L2,친환경자원순환관리 초급 실무 및 정형 과업 수행,2,Skill(기술/도구),실무 도구/SW 조작
15,광업자원,150105,친환경자원순환관리,150105_L2,친환경자원순환관리 초급 실무 및 정형 과업 수행,2,Skill(기술/도구),데이터 정제 및 가공
15,광업자원,150105,친환경자원순환관리,150105_L2,친환경자원순환관리 초급 실무 및 정형 과업 수행,2,Skill(기술/도구),단위 결과물 산출
15,광업자원,150105,친환경자원순환관리,150105_L2,친환경자원순환관리 초급 실무 및 정형 과업 수행,2,Attitude(태도),정확성과 꼼꼼함
15,광업자원,150105,친환경자원순환관리,150105_L2,친환경자원순환관리 초급 실무 및 정형 과업 수행,2,Attitude(태도),기한 준수 책임감
15,광업자원,150105,친환경자원순환관리,150105_L3,친환경자원순환관리 중급 독립 실무 및 문제해결 엔지니어링,3,Knowledge(지식),심화 모델링/설계 이론
15,광업자원,150105,친환경자원순환관리,150105_L3,친환경자원순환관리 중급 독립 실무 및 문제해결 엔지니어링,3,Knowledge(지식),성능 지표(KPI) 분석법
15,광업자원,150105,친환경자원순환관리,150105_L3,친환경자원순환관리 중급 독립 실무 및 문제해결 엔지니어링,3,Knowledge(지식),이슈 해결 방법론
15,광업자원,150105,친환경자원순환관리,150105_L3,친환경자원순환관리 중급 독립 실무 및 문제해결 엔지니어링,3,Skill(기술/도구),고급 도구/코드/기기 활용
15,광업자원,150105,친환경자원순환관리,150105_L3,친환경자원순환관리 중급 독립 실무 및 문제해결 엔지니어링,3,Skill(기술/도구),원인 분석 및 조치
15,광업자원,150105,친환경자원순환관리,150105_L3,친환경자원순환관리 중급 독립 실무 및 문제해결 엔지니어링,3,Skill(기술/도구),성과 분석 리포팅
15,광업자원,150105,친환경자원순환관리,150105_L3,친환경자원순환관리 중급 독립 실무 및 문제해결 엔지니어링,3,Attitude(태도),분석적 사고력
15,광업자원,150105,친환경자원순환관리,150105_L3,친환경자원순환관리 중급 독립 실무 및 문제해결 엔지니어링,3,Attitude(태도),타 부서와의 원활한 협업 소통
15,광업자원,150105,친환경자원순환관리,150105_L4,친환경자원순환관리 고급 전문화 및 프로젝트/팀 리딩,4,Knowledge(지식),신기술 융합 아키텍처
15,광업자원,150105,친환경자원순환관리,150105_L4,친환경자원순환관리 고급 전문화 및 프로젝트/팀 리딩,4,Knowledge(지식),프로젝트 관리론(PMBOK/Agile)
15,광업자원,150105,친환경자원순환관리,150105_L4,친환경자원순환관리 고급 전문화 및 프로젝트/팀 리딩,4,Knowledge(지식),품질보증(QA) 거버넌스
15,광업자원,150105,친환경자원순환관리,150105_L4,친환경자원순환관리 고급 전문화 및 프로젝트/팀 리딩,4,Skill(기술/도구),전체 시스템 아키텍처 설계
15,광업자원,150105,친환경자원순환관리,150105_L4,친환경자원순환관리 고급 전문화 및 프로젝트/팀 리딩,4,Skill(기술/도구),애자일 스프린트 리딩
15,광업자원,150105,친환경자원순환관리,150105_L4,친환경자원순환관리 고급 전문화 및 프로젝트/팀 리딩,4,Skill(기술/도구),신기술 PoC 검증
15,광업자원,150105,친환경자원순환관리,150105_L4,친환경자원순환관리 고급 전문화 및 프로젝트/팀 리딩,4,Attitude(태도),혁신 지향 리더십
15,광업자원,150105,친환경자원순환관리,150105_L4,친환경자원순환관리 고급 전문화 및 프로젝트/팀 리딩,4,Attitude(태도),동료 성장 멘토링 마인드
15,광업자원,150105,친환경자원순환관리,150105_L5,친환경자원순환관리 전략 기획 및 전사 거버넌스 총괄,5,Knowledge(지식),경영 전략 및 자본 예산 배분
15,광업자원,150105,친환경자원순환관리,150105_L5,친환경자원순환관리 전략 기획 및 전사 거버넌스 총괄,5,Knowledge(지식),국내외 규제 컴플라이언스
15,광업자원,150105,친환경자원순환관리,150105_L5,친환경자원순환관리 전략 기획 및 전사 거버넌스 총괄,5,Knowledge(지식),엔터프라이즈 거버넌스
15,광업자원,150105,친환경자원순환관리,150105_L5,친환경자원순환관리 전략 기획 및 전사 거버넌스 총괄,5,Skill(기술/도구),전사 로드맵 수립
15,광업자원,150105,친환경자원순환관리,150105_L5,친환경자원순환관리 전략 기획 및 전사 거버넌스 총괄,5,Skill(기술/도구),투자 대비 성과(ROI) 모델링
15,광업자원,150105,친환경자원순환관리,150105_L5,친환경자원순환관리 전략 기획 및 전사 거버넌스 총괄,5,Skill(기술/도구),최고 의사결정 전략 제언
15,광업자원,150105,친환경자원순환관리,150105_L5,친환경자원순환관리 전략 기획 및 전사 거버넌스 총괄,5,Attitude(태도),거시적 통찰력
15,광업자원,150105,친환경자원순환관리,150105_L5,친환경자원순환관리 전략 기획 및 전사 거버넌스 총괄,5,Attitude(태도),전략적 윤리 리더십
15,광업자원,150106,광해방지복구,150106_L1,광해방지복구 기초 입문 및 업무 환경 지원,1,Knowledge(지식),광해방지복구 개론
15,광업자원,150106,광해방지복구,150106_L1,광해방지복구 기초 입문 및 업무 환경 지원,1,Knowledge(지식),표준 작업 지침서
15,광업자원,150106,광해방지복구,150106_L1,광해방지복구 기초 입문 및 업무 환경 지원,1,Knowledge(지식),기초 법령/규정
15,광업자원,150106,광해방지복구,150106_L1,광해방지복구 기초 입문 및 업무 환경 지원,1,Skill(기술/도구),기초 전산 툴 조작
15,광업자원,150106,광해방지복구,150106_L1,광해방지복구 기초 입문 및 업무 환경 지원,1,Skill(기술/도구),문서 서식 작성
15,광업자원,150106,광해방지복구,150106_L1,광해방지복구 기초 입문 및 업무 환경 지원,1,Skill(기술/도구),자료 검색 및 분류
15,광업자원,150106,광해방지복구,150106_L1,광해방지복구 기초 입문 및 업무 환경 지원,1,Attitude(태도),규정 준수 의식
15,광업자원,150106,광해방지복구,150106_L1,광해방지복구 기초 입문 및 업무 환경 지원,1,Attitude(태도),성실한 업무 지원 태도
15,광업자원,150106,광해방지복구,150106_L2,광해방지복구 초급 실무 및 정형 과업 수행,2,Knowledge(지식),광해방지복구 실무 프로세스
15,광업자원,150106,광해방지복구,150106_L2,광해방지복구 초급 실무 및 정형 과업 수행,2,Knowledge(지식),단위 업무 품질 기준
15,광업자원,150106,광해방지복구,150106_L2,광해방지복구 초급 실무 및 정형 과업 수행,2,Knowledge(지식),데이터 검증 기법
15,광업자원,150106,광해방지복구,150106_L2,광해방지복구 초급 실무 및 정형 과업 수행,2,Skill(기술/도구),실무 도구/SW 조작
15,광업자원,150106,광해방지복구,150106_L2,광해방지복구 초급 실무 및 정형 과업 수행,2,Skill(기술/도구),데이터 정제 및 가공
15,광업자원,150106,광해방지복구,150106_L2,광해방지복구 초급 실무 및 정형 과업 수행,2,Skill(기술/도구),단위 결과물 산출
15,광업자원,150106,광해방지복구,150106_L2,광해방지복구 초급 실무 및 정형 과업 수행,2,Attitude(태도),정확성과 꼼꼼함
15,광업자원,150106,광해방지복구,150106_L2,광해방지복구 초급 실무 및 정형 과업 수행,2,Attitude(태도),기한 준수 책임감
15,광업자원,150106,광해방지복구,150106_L3,광해방지복구 중급 독립 실무 및 문제해결 엔지니어링,3,Knowledge(지식),심화 모델링/설계 이론
15,광업자원,150106,광해방지복구,150106_L3,광해방지복구 중급 독립 실무 및 문제해결 엔지니어링,3,Knowledge(지식),성능 지표(KPI) 분석법
15,광업자원,150106,광해방지복구,150106_L3,광해방지복구 중급 독립 실무 및 문제해결 엔지니어링,3,Knowledge(지식),이슈 해결 방법론
15,광업자원,150106,광해방지복구,150106_L3,광해방지복구 중급 독립 실무 및 문제해결 엔지니어링,3,Skill(기술/도구),고급 도구/코드/기기 활용
15,광업자원,150106,광해방지복구,150106_L3,광해방지복구 중급 독립 실무 및 문제해결 엔지니어링,3,Skill(기술/도구),원인 분석 및 조치
15,광업자원,150106,광해방지복구,150106_L3,광해방지복구 중급 독립 실무 및 문제해결 엔지니어링,3,Skill(기술/도구),성과 분석 리포팅
15,광업자원,150106,광해방지복구,150106_L3,광해방지복구 중급 독립 실무 및 문제해결 엔지니어링,3,Attitude(태도),분석적 사고력
15,광업자원,150106,광해방지복구,150106_L3,광해방지복구 중급 독립 실무 및 문제해결 엔지니어링,3,Attitude(태도),타 부서와의 원활한 협업 소통
15,광업자원,150106,광해방지복구,150106_L4,광해방지복구 고급 전문화 및 프로젝트/팀 리딩,4,Knowledge(지식),신기술 융합 아키텍처
15,광업자원,150106,광해방지복구,150106_L4,광해방지복구 고급 전문화 및 프로젝트/팀 리딩,4,Knowledge(지식),프로젝트 관리론(PMBOK/Agile)
15,광업자원,150106,광해방지복구,150106_L4,광해방지복구 고급 전문화 및 프로젝트/팀 리딩,4,Knowledge(지식),품질보증(QA) 거버넌스
15,광업자원,150106,광해방지복구,150106_L4,광해방지복구 고급 전문화 및 프로젝트/팀 리딩,4,Skill(기술/도구),전체 시스템 아키텍처 설계
15,광업자원,150106,광해방지복구,150106_L4,광해방지복구 고급 전문화 및 프로젝트/팀 리딩,4,Skill(기술/도구),애자일 스프린트 리딩
15,광업자원,150106,광해방지복구,150106_L4,광해방지복구 고급 전문화 및 프로젝트/팀 리딩,4,Skill(기술/도구),신기술 PoC 검증
15,광업자원,150106,광해방지복구,150106_L4,광해방지복구 고급 전문화 및 프로젝트/팀 리딩,4,Attitude(태도),혁신 지향 리더십
15,광업자원,150106,광해방지복구,150106_L4,광해방지복구 고급 전문화 및 프로젝트/팀 리딩,4,Attitude(태도),동료 성장 멘토링 마인드
15,광업자원,150106,광해방지복구,150106_L5,광해방지복구 전략 기획 및 전사 거버넌스 총괄,5,Knowledge(지식),경영 전략 및 자본 예산 배분
15,광업자원,150106,광해방지복구,150106_L5,광해방지복구 전략 기획 및 전사 거버넌스 총괄,5,Knowledge(지식),국내외 규제 컴플라이언스
15,광업자원,150106,광해방지복구,150106_L5,광해방지복구 전략 기획 및 전사 거버넌스 총괄,5,Knowledge(지식),엔터프라이즈 거버넌스
15,광업자원,150106,광해방지복구,150106_L5,광해방지복구 전략 기획 및 전사 거버넌스 총괄,5,Skill(기술/도구),전사 로드맵 수립
15,광업자원,150106,광해방지복구,150106_L5,광해방지복구 전략 기획 및 전사 거버넌스 총괄,5,Skill(기술/도구),투자 대비 성과(ROI) 모델링
15,광업자원,150106,광해방지복구,150106_L5,광해방지복구 전략 기획 및 전사 거버넌스 총괄,5,Skill(기술/도구),최고 의사결정 전략 제언
15,광업자원,150106,광해방지복구,150106_L5,광해방지복구 전략 기획 및 전사 거버넌스 총괄,5,Attitude(태도),거시적 통찰력
15,광업자원,150106,광해방지복구,150106_L5,광해방지복구 전략 기획 및 전사 거버넌스 총괄,5,Attitude(태도),전략적 윤리 리더십
16,기계,160101,3D CAD기계요소설계,160101_L1,3D CAD기계요소설계 기초 입문 및 업무 환경 지원,1,Knowledge(지식),3D CAD기계요소설계 개론
16,기계,160101,3D CAD기계요소설계,160101_L1,3D CAD기계요소설계 기초 입문 및 업무 환경 지원,1,Knowledge(지식),표준 작업 지침서
16,기계,160101,3D CAD기계요소설계,160101_L1,3D CAD기계요소설계 기초 입문 및 업무 환경 지원,1,Knowledge(지식),기초 법령/규정
16,기계,160101,3D CAD기계요소설계,160101_L1,3D CAD기계요소설계 기초 입문 및 업무 환경 지원,1,Skill(기술/도구),기초 전산 툴 조작
16,기계,160101,3D CAD기계요소설계,160101_L1,3D CAD기계요소설계 기초 입문 및 업무 환경 지원,1,Skill(기술/도구),문서 서식 작성
16,기계,160101,3D CAD기계요소설계,160101_L1,3D CAD기계요소설계 기초 입문 및 업무 환경 지원,1,Skill(기술/도구),자료 검색 및 분류
16,기계,160101,3D CAD기계요소설계,160101_L1,3D CAD기계요소설계 기초 입문 및 업무 환경 지원,1,Attitude(태도),규정 준수 의식
16,기계,160101,3D CAD기계요소설계,160101_L1,3D CAD기계요소설계 기초 입문 및 업무 환경 지원,1,Attitude(태도),성실한 업무 지원 태도
16,기계,160101,3D CAD기계요소설계,160101_L2,3D CAD기계요소설계 초급 실무 및 정형 과업 수행,2,Knowledge(지식),3D CAD기계요소설계 실무 프로세스
16,기계,160101,3D CAD기계요소설계,160101_L2,3D CAD기계요소설계 초급 실무 및 정형 과업 수행,2,Knowledge(지식),단위 업무 품질 기준
16,기계,160101,3D CAD기계요소설계,160101_L2,3D CAD기계요소설계 초급 실무 및 정형 과업 수행,2,Knowledge(지식),데이터 검증 기법
16,기계,160101,3D CAD기계요소설계,160101_L2,3D CAD기계요소설계 초급 실무 및 정형 과업 수행,2,Skill(기술/도구),실무 도구/SW 조작
16,기계,160101,3D CAD기계요소설계,160101_L2,3D CAD기계요소설계 초급 실무 및 정형 과업 수행,2,Skill(기술/도구),데이터 정제 및 가공
16,기계,160101,3D CAD기계요소설계,160101_L2,3D CAD기계요소설계 초급 실무 및 정형 과업 수행,2,Skill(기술/도구),단위 결과물 산출
16,기계,160101,3D CAD기계요소설계,160101_L2,3D CAD기계요소설계 초급 실무 및 정형 과업 수행,2,Attitude(태도),정확성과 꼼꼼함
16,기계,160101,3D CAD기계요소설계,160101_L2,3D CAD기계요소설계 초급 실무 및 정형 과업 수행,2,Attitude(태도),기한 준수 책임감
16,기계,160101,3D CAD기계요소설계,160101_L3,3D CAD기계요소설계 중급 독립 실무 및 문제해결 엔지니어링,3,Knowledge(지식),심화 모델링/설계 이론
16,기계,160101,3D CAD기계요소설계,160101_L3,3D CAD기계요소설계 중급 독립 실무 및 문제해결 엔지니어링,3,Knowledge(지식),성능 지표(KPI) 분석법
16,기계,160101,3D CAD기계요소설계,160101_L3,3D CAD기계요소설계 중급 독립 실무 및 문제해결 엔지니어링,3,Knowledge(지식),이슈 해결 방법론
16,기계,160101,3D CAD기계요소설계,160101_L3,3D CAD기계요소설계 중급 독립 실무 및 문제해결 엔지니어링,3,Skill(기술/도구),고급 도구/코드/기기 활용
16,기계,160101,3D CAD기계요소설계,160101_L3,3D CAD기계요소설계 중급 독립 실무 및 문제해결 엔지니어링,3,Skill(기술/도구),원인 분석 및 조치
16,기계,160101,3D CAD기계요소설계,160101_L3,3D CAD기계요소설계 중급 독립 실무 및 문제해결 엔지니어링,3,Skill(기술/도구),성과 분석 리포팅
16,기계,160101,3D CAD기계요소설계,160101_L3,3D CAD기계요소설계 중급 독립 실무 및 문제해결 엔지니어링,3,Attitude(태도),분석적 사고력
16,기계,160101,3D CAD기계요소설계,160101_L3,3D CAD기계요소설계 중급 독립 실무 및 문제해결 엔지니어링,3,Attitude(태도),타 부서와의 원활한 협업 소통
16,기계,160101,3D CAD기계요소설계,160101_L4,3D CAD기계요소설계 고급 전문화 및 프로젝트/팀 리딩,4,Knowledge(지식),신기술 융합 아키텍처
16,기계,160101,3D CAD기계요소설계,160101_L4,3D CAD기계요소설계 고급 전문화 및 프로젝트/팀 리딩,4,Knowledge(지식),프로젝트 관리론(PMBOK/Agile)
16,기계,160101,3D CAD기계요소설계,160101_L4,3D CAD기계요소설계 고급 전문화 및 프로젝트/팀 리딩,4,Knowledge(지식),품질보증(QA) 거버넌스
16,기계,160101,3D CAD기계요소설계,160101_L4,3D CAD기계요소설계 고급 전문화 및 프로젝트/팀 리딩,4,Skill(기술/도구),전체 시스템 아키텍처 설계
16,기계,160101,3D CAD기계요소설계,160101_L4,3D CAD기계요소설계 고급 전문화 및 프로젝트/팀 리딩,4,Skill(기술/도구),애자일 스프린트 리딩
16,기계,160101,3D CAD기계요소설계,160101_L4,3D CAD기계요소설계 고급 전문화 및 프로젝트/팀 리딩,4,Skill(기술/도구),신기술 PoC 검증
16,기계,160101,3D CAD기계요소설계,160101_L4,3D CAD기계요소설계 고급 전문화 및 프로젝트/팀 리딩,4,Attitude(태도),혁신 지향 리더십
16,기계,160101,3D CAD기계요소설계,160101_L4,3D CAD기계요소설계 고급 전문화 및 프로젝트/팀 리딩,4,Attitude(태도),동료 성장 멘토링 마인드
16,기계,160101,3D CAD기계요소설계,160101_L5,3D CAD기계요소설계 전략 기획 및 전사 거버넌스 총괄,5,Knowledge(지식),경영 전략 및 자본 예산 배분
16,기계,160101,3D CAD기계요소설계,160101_L5,3D CAD기계요소설계 전략 기획 및 전사 거버넌스 총괄,5,Knowledge(지식),국내외 규제 컴플라이언스
16,기계,160101,3D CAD기계요소설계,160101_L5,3D CAD기계요소설계 전략 기획 및 전사 거버넌스 총괄,5,Knowledge(지식),엔터프라이즈 거버넌스
16,기계,160101,3D CAD기계요소설계,160101_L5,3D CAD기계요소설계 전략 기획 및 전사 거버넌스 총괄,5,Skill(기술/도구),전사 로드맵 수립
16,기계,160101,3D CAD기계요소설계,160101_L5,3D CAD기계요소설계 전략 기획 및 전사 거버넌스 총괄,5,Skill(기술/도구),투자 대비 성과(ROI) 모델링
16,기계,160101,3D CAD기계요소설계,160101_L5,3D CAD기계요소설계 전략 기획 및 전사 거버넌스 총괄,5,Skill(기술/도구),최고 의사결정 전략 제언
16,기계,160101,3D CAD기계요소설계,160101_L5,3D CAD기계요소설계 전략 기획 및 전사 거버넌스 총괄,5,Attitude(태도),거시적 통찰력
16,기계,160101,3D CAD기계요소설계,160101_L5,3D CAD기계요소설계 전략 기획 및 전사 거버넌스 총괄,5,Attitude(태도),전략적 윤리 리더십
16,기계,160102,CAM/CNC정밀가공,160102_L1,CAM/CNC정밀가공 기초 입문 및 업무 환경 지원,1,Knowledge(지식),CAM/CNC정밀가공 개론
16,기계,160102,CAM/CNC정밀가공,160102_L1,CAM/CNC정밀가공 기초 입문 및 업무 환경 지원,1,Knowledge(지식),표준 작업 지침서
16,기계,160102,CAM/CNC정밀가공,160102_L1,CAM/CNC정밀가공 기초 입문 및 업무 환경 지원,1,Knowledge(지식),기초 법령/규정
16,기계,160102,CAM/CNC정밀가공,160102_L1,CAM/CNC정밀가공 기초 입문 및 업무 환경 지원,1,Skill(기술/도구),기초 전산 툴 조작
16,기계,160102,CAM/CNC정밀가공,160102_L1,CAM/CNC정밀가공 기초 입문 및 업무 환경 지원,1,Skill(기술/도구),문서 서식 작성
16,기계,160102,CAM/CNC정밀가공,160102_L1,CAM/CNC정밀가공 기초 입문 및 업무 환경 지원,1,Skill(기술/도구),자료 검색 및 분류
16,기계,160102,CAM/CNC정밀가공,160102_L1,CAM/CNC정밀가공 기초 입문 및 업무 환경 지원,1,Attitude(태도),규정 준수 의식
16,기계,160102,CAM/CNC정밀가공,160102_L1,CAM/CNC정밀가공 기초 입문 및 업무 환경 지원,1,Attitude(태도),성실한 업무 지원 태도
16,기계,160102,CAM/CNC정밀가공,160102_L2,CAM/CNC정밀가공 초급 실무 및 정형 과업 수행,2,Knowledge(지식),CAM/CNC정밀가공 실무 프로세스
16,기계,160102,CAM/CNC정밀가공,160102_L2,CAM/CNC정밀가공 초급 실무 및 정형 과업 수행,2,Knowledge(지식),단위 업무 품질 기준
16,기계,160102,CAM/CNC정밀가공,160102_L2,CAM/CNC정밀가공 초급 실무 및 정형 과업 수행,2,Knowledge(지식),데이터 검증 기법
16,기계,160102,CAM/CNC정밀가공,160102_L2,CAM/CNC정밀가공 초급 실무 및 정형 과업 수행,2,Skill(기술/도구),실무 도구/SW 조작
16,기계,160102,CAM/CNC정밀가공,160102_L2,CAM/CNC정밀가공 초급 실무 및 정형 과업 수행,2,Skill(기술/도구),데이터 정제 및 가공
16,기계,160102,CAM/CNC정밀가공,160102_L2,CAM/CNC정밀가공 초급 실무 및 정형 과업 수행,2,Skill(기술/도구),단위 결과물 산출
16,기계,160102,CAM/CNC정밀가공,160102_L2,CAM/CNC정밀가공 초급 실무 및 정형 과업 수행,2,Attitude(태도),정확성과 꼼꼼함
16,기계,160102,CAM/CNC정밀가공,160102_L2,CAM/CNC정밀가공 초급 실무 및 정형 과업 수행,2,Attitude(태도),기한 준수 책임감
16,기계,160102,CAM/CNC정밀가공,160102_L3,CAM/CNC정밀가공 중급 독립 실무 및 문제해결 엔지니어링,3,Knowledge(지식),심화 모델링/설계 이론
16,기계,160102,CAM/CNC정밀가공,160102_L3,CAM/CNC정밀가공 중급 독립 실무 및 문제해결 엔지니어링,3,Knowledge(지식),성능 지표(KPI) 분석법
16,기계,160102,CAM/CNC정밀가공,160102_L3,CAM/CNC정밀가공 중급 독립 실무 및 문제해결 엔지니어링,3,Knowledge(지식),이슈 해결 방법론
16,기계,160102,CAM/CNC정밀가공,160102_L3,CAM/CNC정밀가공 중급 독립 실무 및 문제해결 엔지니어링,3,Skill(기술/도구),고급 도구/코드/기기 활용
16,기계,160102,CAM/CNC정밀가공,160102_L3,CAM/CNC정밀가공 중급 독립 실무 및 문제해결 엔지니어링,3,Skill(기술/도구),원인 분석 및 조치
16,기계,160102,CAM/CNC정밀가공,160102_L3,CAM/CNC정밀가공 중급 독립 실무 및 문제해결 엔지니어링,3,Skill(기술/도구),성과 분석 리포팅
16,기계,160102,CAM/CNC정밀가공,160102_L3,CAM/CNC정밀가공 중급 독립 실무 및 문제해결 엔지니어링,3,Attitude(태도),분석적 사고력
16,기계,160102,CAM/CNC정밀가공,160102_L3,CAM/CNC정밀가공 중급 독립 실무 및 문제해결 엔지니어링,3,Attitude(태도),타 부서와의 원활한 협업 소통
16,기계,160102,CAM/CNC정밀가공,160102_L4,CAM/CNC정밀가공 고급 전문화 및 프로젝트/팀 리딩,4,Knowledge(지식),신기술 융합 아키텍처
16,기계,160102,CAM/CNC정밀가공,160102_L4,CAM/CNC정밀가공 고급 전문화 및 프로젝트/팀 리딩,4,Knowledge(지식),프로젝트 관리론(PMBOK/Agile)
16,기계,160102,CAM/CNC정밀가공,160102_L4,CAM/CNC정밀가공 고급 전문화 및 프로젝트/팀 리딩,4,Knowledge(지식),품질보증(QA) 거버넌스
16,기계,160102,CAM/CNC정밀가공,160102_L4,CAM/CNC정밀가공 고급 전문화 및 프로젝트/팀 리딩,4,Skill(기술/도구),전체 시스템 아키텍처 설계
16,기계,160102,CAM/CNC정밀가공,160102_L4,CAM/CNC정밀가공 고급 전문화 및 프로젝트/팀 리딩,4,Skill(기술/도구),애자일 스프린트 리딩
16,기계,160102,CAM/CNC정밀가공,160102_L4,CAM/CNC정밀가공 고급 전문화 및 프로젝트/팀 리딩,4,Skill(기술/도구),신기술 PoC 검증
16,기계,160102,CAM/CNC정밀가공,160102_L4,CAM/CNC정밀가공 고급 전문화 및 프로젝트/팀 리딩,4,Attitude(태도),혁신 지향 리더십
16,기계,160102,CAM/CNC정밀가공,160102_L4,CAM/CNC정밀가공 고급 전문화 및 프로젝트/팀 리딩,4,Attitude(태도),동료 성장 멘토링 마인드
16,기계,160102,CAM/CNC정밀가공,160102_L5,CAM/CNC정밀가공 전략 기획 및 전사 거버넌스 총괄,5,Knowledge(지식),경영 전략 및 자본 예산 배분
16,기계,160102,CAM/CNC정밀가공,160102_L5,CAM/CNC정밀가공 전략 기획 및 전사 거버넌스 총괄,5,Knowledge(지식),국내외 규제 컴플라이언스
16,기계,160102,CAM/CNC정밀가공,160102_L5,CAM/CNC정밀가공 전략 기획 및 전사 거버넌스 총괄,5,Knowledge(지식),엔터프라이즈 거버넌스
16,기계,160102,CAM/CNC정밀가공,160102_L5,CAM/CNC정밀가공 전략 기획 및 전사 거버넌스 총괄,5,Skill(기술/도구),전사 로드맵 수립
16,기계,160102,CAM/CNC정밀가공,160102_L5,CAM/CNC정밀가공 전략 기획 및 전사 거버넌스 총괄,5,Skill(기술/도구),투자 대비 성과(ROI) 모델링
16,기계,160102,CAM/CNC정밀가공,160102_L5,CAM/CNC정밀가공 전략 기획 및 전사 거버넌스 총괄,5,Skill(기술/도구),최고 의사결정 전략 제언
16,기계,160102,CAM/CNC정밀가공,160102_L5,CAM/CNC정밀가공 전략 기획 및 전사 거버넌스 총괄,5,Attitude(태도),거시적 통찰력
16,기계,160102,CAM/CNC정밀가공,160102_L5,CAM/CNC정밀가공 전략 기획 및 전사 거버넌스 총괄,5,Attitude(태도),전략적 윤리 리더십
16,기계,160103,사출금형설계,160103_L1,사출금형설계 기초 입문 및 업무 환경 지원,1,Knowledge(지식),사출금형설계 개론
16,기계,160103,사출금형설계,160103_L1,사출금형설계 기초 입문 및 업무 환경 지원,1,Knowledge(지식),표준 작업 지침서
16,기계,160103,사출금형설계,160103_L1,사출금형설계 기초 입문 및 업무 환경 지원,1,Knowledge(지식),기초 법령/규정
16,기계,160103,사출금형설계,160103_L1,사출금형설계 기초 입문 및 업무 환경 지원,1,Skill(기술/도구),기초 전산 툴 조작
16,기계,160103,사출금형설계,160103_L1,사출금형설계 기초 입문 및 업무 환경 지원,1,Skill(기술/도구),문서 서식 작성
16,기계,160103,사출금형설계,160103_L1,사출금형설계 기초 입문 및 업무 환경 지원,1,Skill(기술/도구),자료 검색 및 분류
16,기계,160103,사출금형설계,160103_L1,사출금형설계 기초 입문 및 업무 환경 지원,1,Attitude(태도),규정 준수 의식
16,기계,160103,사출금형설계,160103_L1,사출금형설계 기초 입문 및 업무 환경 지원,1,Attitude(태도),성실한 업무 지원 태도
16,기계,160103,사출금형설계,160103_L2,사출금형설계 초급 실무 및 정형 과업 수행,2,Knowledge(지식),사출금형설계 실무 프로세스
16,기계,160103,사출금형설계,160103_L2,사출금형설계 초급 실무 및 정형 과업 수행,2,Knowledge(지식),단위 업무 품질 기준
16,기계,160103,사출금형설계,160103_L2,사출금형설계 초급 실무 및 정형 과업 수행,2,Knowledge(지식),데이터 검증 기법
16,기계,160103,사출금형설계,160103_L2,사출금형설계 초급 실무 및 정형 과업 수행,2,Skill(기술/도구),실무 도구/SW 조작
16,기계,160103,사출금형설계,160103_L2,사출금형설계 초급 실무 및 정형 과업 수행,2,Skill(기술/도구),데이터 정제 및 가공
16,기계,160103,사출금형설계,160103_L2,사출금형설계 초급 실무 및 정형 과업 수행,2,Skill(기술/도구),단위 결과물 산출
16,기계,160103,사출금형설계,160103_L2,사출금형설계 초급 실무 및 정형 과업 수행,2,Attitude(태도),정확성과 꼼꼼함
16,기계,160103,사출금형설계,160103_L2,사출금형설계 초급 실무 및 정형 과업 수행,2,Attitude(태도),기한 준수 책임감
16,기계,160103,사출금형설계,160103_L3,사출금형설계 중급 독립 실무 및 문제해결 엔지니어링,3,Knowledge(지식),심화 모델링/설계 이론
16,기계,160103,사출금형설계,160103_L3,사출금형설계 중급 독립 실무 및 문제해결 엔지니어링,3,Knowledge(지식),성능 지표(KPI) 분석법
16,기계,160103,사출금형설계,160103_L3,사출금형설계 중급 독립 실무 및 문제해결 엔지니어링,3,Knowledge(지식),이슈 해결 방법론
16,기계,160103,사출금형설계,160103_L3,사출금형설계 중급 독립 실무 및 문제해결 엔지니어링,3,Skill(기술/도구),고급 도구/코드/기기 활용
16,기계,160103,사출금형설계,160103_L3,사출금형설계 중급 독립 실무 및 문제해결 엔지니어링,3,Skill(기술/도구),원인 분석 및 조치
16,기계,160103,사출금형설계,160103_L3,사출금형설계 중급 독립 실무 및 문제해결 엔지니어링,3,Skill(기술/도구),성과 분석 리포팅
16,기계,160103,사출금형설계,160103_L3,사출금형설계 중급 독립 실무 및 문제해결 엔지니어링,3,Attitude(태도),분석적 사고력
16,기계,160103,사출금형설계,160103_L3,사출금형설계 중급 독립 실무 및 문제해결 엔지니어링,3,Attitude(태도),타 부서와의 원활한 협업 소통
16,기계,160103,사출금형설계,160103_L4,사출금형설계 고급 전문화 및 프로젝트/팀 리딩,4,Knowledge(지식),신기술 융합 아키텍처
16,기계,160103,사출금형설계,160103_L4,사출금형설계 고급 전문화 및 프로젝트/팀 리딩,4,Knowledge(지식),프로젝트 관리론(PMBOK/Agile)
16,기계,160103,사출금형설계,160103_L4,사출금형설계 고급 전문화 및 프로젝트/팀 리딩,4,Knowledge(지식),품질보증(QA) 거버넌스
16,기계,160103,사출금형설계,160103_L4,사출금형설계 고급 전문화 및 프로젝트/팀 리딩,4,Skill(기술/도구),전체 시스템 아키텍처 설계
16,기계,160103,사출금형설계,160103_L4,사출금형설계 고급 전문화 및 프로젝트/팀 리딩,4,Skill(기술/도구),애자일 스프린트 리딩
16,기계,160103,사출금형설계,160103_L4,사출금형설계 고급 전문화 및 프로젝트/팀 리딩,4,Skill(기술/도구),신기술 PoC 검증
16,기계,160103,사출금형설계,160103_L4,사출금형설계 고급 전문화 및 프로젝트/팀 리딩,4,Attitude(태도),혁신 지향 리더십
16,기계,160103,사출금형설계,160103_L4,사출금형설계 고급 전문화 및 프로젝트/팀 리딩,4,Attitude(태도),동료 성장 멘토링 마인드
16,기계,160103,사출금형설계,160103_L5,사출금형설계 전략 기획 및 전사 거버넌스 총괄,5,Knowledge(지식),경영 전략 및 자본 예산 배분
16,기계,160103,사출금형설계,160103_L5,사출금형설계 전략 기획 및 전사 거버넌스 총괄,5,Knowledge(지식),국내외 규제 컴플라이언스
16,기계,160103,사출금형설계,160103_L5,사출금형설계 전략 기획 및 전사 거버넌스 총괄,5,Knowledge(지식),엔터프라이즈 거버넌스
16,기계,160103,사출금형설계,160103_L5,사출금형설계 전략 기획 및 전사 거버넌스 총괄,5,Skill(기술/도구),전사 로드맵 수립
16,기계,160103,사출금형설계,160103_L5,사출금형설계 전략 기획 및 전사 거버넌스 총괄,5,Skill(기술/도구),투자 대비 성과(ROI) 모델링
16,기계,160103,사출금형설계,160103_L5,사출금형설계 전략 기획 및 전사 거버넌스 총괄,5,Skill(기술/도구),최고 의사결정 전략 제언
16,기계,160103,사출금형설계,160103_L5,사출금형설계 전략 기획 및 전사 거버넌스 총괄,5,Attitude(태도),거시적 통찰력
16,기계,160103,사출금형설계,160103_L5,사출금형설계 전략 기획 및 전사 거버넌스 총괄,5,Attitude(태도),전략적 윤리 리더십
16,기계,160104,프레스금형설계,160104_L1,프레스금형설계 기초 입문 및 업무 환경 지원,1,Knowledge(지식),프레스금형설계 개론
16,기계,160104,프레스금형설계,160104_L1,프레스금형설계 기초 입문 및 업무 환경 지원,1,Knowledge(지식),표준 작업 지침서
16,기계,160104,프레스금형설계,160104_L1,프레스금형설계 기초 입문 및 업무 환경 지원,1,Knowledge(지식),기초 법령/규정
16,기계,160104,프레스금형설계,160104_L1,프레스금형설계 기초 입문 및 업무 환경 지원,1,Skill(기술/도구),기초 전산 툴 조작
16,기계,160104,프레스금형설계,160104_L1,프레스금형설계 기초 입문 및 업무 환경 지원,1,Skill(기술/도구),문서 서식 작성
16,기계,160104,프레스금형설계,160104_L1,프레스금형설계 기초 입문 및 업무 환경 지원,1,Skill(기술/도구),자료 검색 및 분류
16,기계,160104,프레스금형설계,160104_L1,프레스금형설계 기초 입문 및 업무 환경 지원,1,Attitude(태도),규정 준수 의식
16,기계,160104,프레스금형설계,160104_L1,프레스금형설계 기초 입문 및 업무 환경 지원,1,Attitude(태도),성실한 업무 지원 태도
16,기계,160104,프레스금형설계,160104_L2,프레스금형설계 초급 실무 및 정형 과업 수행,2,Knowledge(지식),프레스금형설계 실무 프로세스
16,기계,160104,프레스금형설계,160104_L2,프레스금형설계 초급 실무 및 정형 과업 수행,2,Knowledge(지식),단위 업무 품질 기준
16,기계,160104,프레스금형설계,160104_L2,프레스금형설계 초급 실무 및 정형 과업 수행,2,Knowledge(지식),데이터 검증 기법
16,기계,160104,프레스금형설계,160104_L2,프레스금형설계 초급 실무 및 정형 과업 수행,2,Skill(기술/도구),실무 도구/SW 조작
16,기계,160104,프레스금형설계,160104_L2,프레스금형설계 초급 실무 및 정형 과업 수행,2,Skill(기술/도구),데이터 정제 및 가공
16,기계,160104,프레스금형설계,160104_L2,프레스금형설계 초급 실무 및 정형 과업 수행,2,Skill(기술/도구),단위 결과물 산출
16,기계,160104,프레스금형설계,160104_L2,프레스금형설계 초급 실무 및 정형 과업 수행,2,Attitude(태도),정확성과 꼼꼼함
16,기계,160104,프레스금형설계,160104_L2,프레스금형설계 초급 실무 및 정형 과업 수행,2,Attitude(태도),기한 준수 책임감
16,기계,160104,프레스금형설계,160104_L3,프레스금형설계 중급 독립 실무 및 문제해결 엔지니어링,3,Knowledge(지식),심화 모델링/설계 이론
16,기계,160104,프레스금형설계,160104_L3,프레스금형설계 중급 독립 실무 및 문제해결 엔지니어링,3,Knowledge(지식),성능 지표(KPI) 분석법
16,기계,160104,프레스금형설계,160104_L3,프레스금형설계 중급 독립 실무 및 문제해결 엔지니어링,3,Knowledge(지식),이슈 해결 방법론
16,기계,160104,프레스금형설계,160104_L3,프레스금형설계 중급 독립 실무 및 문제해결 엔지니어링,3,Skill(기술/도구),고급 도구/코드/기기 활용
16,기계,160104,프레스금형설계,160104_L3,프레스금형설계 중급 독립 실무 및 문제해결 엔지니어링,3,Skill(기술/도구),원인 분석 및 조치
16,기계,160104,프레스금형설계,160104_L3,프레스금형설계 중급 독립 실무 및 문제해결 엔지니어링,3,Skill(기술/도구),성과 분석 리포팅
16,기계,160104,프레스금형설계,160104_L3,프레스금형설계 중급 독립 실무 및 문제해결 엔지니어링,3,Attitude(태도),분석적 사고력
16,기계,160104,프레스금형설계,160104_L3,프레스금형설계 중급 독립 실무 및 문제해결 엔지니어링,3,Attitude(태도),타 부서와의 원활한 협업 소통
16,기계,160104,프레스금형설계,160104_L4,프레스금형설계 고급 전문화 및 프로젝트/팀 리딩,4,Knowledge(지식),신기술 융합 아키텍처
16,기계,160104,프레스금형설계,160104_L4,프레스금형설계 고급 전문화 및 프로젝트/팀 리딩,4,Knowledge(지식),프로젝트 관리론(PMBOK/Agile)
16,기계,160104,프레스금형설계,160104_L4,프레스금형설계 고급 전문화 및 프로젝트/팀 리딩,4,Knowledge(지식),품질보증(QA) 거버넌스
16,기계,160104,프레스금형설계,160104_L4,프레스금형설계 고급 전문화 및 프로젝트/팀 리딩,4,Skill(기술/도구),전체 시스템 아키텍처 설계
16,기계,160104,프레스금형설계,160104_L4,프레스금형설계 고급 전문화 및 프로젝트/팀 리딩,4,Skill(기술/도구),애자일 스프린트 리딩
16,기계,160104,프레스금형설계,160104_L4,프레스금형설계 고급 전문화 및 프로젝트/팀 리딩,4,Skill(기술/도구),신기술 PoC 검증
16,기계,160104,프레스금형설계,160104_L4,프레스금형설계 고급 전문화 및 프로젝트/팀 리딩,4,Attitude(태도),혁신 지향 리더십
16,기계,160104,프레스금형설계,160104_L4,프레스금형설계 고급 전문화 및 프로젝트/팀 리딩,4,Attitude(태도),동료 성장 멘토링 마인드
16,기계,160104,프레스금형설계,160104_L5,프레스금형설계 전략 기획 및 전사 거버넌스 총괄,5,Knowledge(지식),경영 전략 및 자본 예산 배분
16,기계,160104,프레스금형설계,160104_L5,프레스금형설계 전략 기획 및 전사 거버넌스 총괄,5,Knowledge(지식),국내외 규제 컴플라이언스
16,기계,160104,프레스금형설계,160104_L5,프레스금형설계 전략 기획 및 전사 거버넌스 총괄,5,Knowledge(지식),엔터프라이즈 거버넌스
16,기계,160104,프레스금형설계,160104_L5,프레스금형설계 전략 기획 및 전사 거버넌스 총괄,5,Skill(기술/도구),전사 로드맵 수립
16,기계,160104,프레스금형설계,160104_L5,프레스금형설계 전략 기획 및 전사 거버넌스 총괄,5,Skill(기술/도구),투자 대비 성과(ROI) 모델링
16,기계,160104,프레스금형설계,160104_L5,프레스금형설계 전략 기획 및 전사 거버넌스 총괄,5,Skill(기술/도구),최고 의사결정 전략 제언
16,기계,160104,프레스금형설계,160104_L5,프레스금형설계 전략 기획 및 전사 거버넌스 총괄,5,Attitude(태도),거시적 통찰력
16,기계,160104,프레스금형설계,160104_L5,프레스금형설계 전략 기획 및 전사 거버넌스 총괄,5,Attitude(태도),전략적 윤리 리더십
16,기계,160105,배관설비설계,160105_L1,배관설비설계 기초 입문 및 업무 환경 지원,1,Knowledge(지식),배관설비설계 개론
16,기계,160105,배관설비설계,160105_L1,배관설비설계 기초 입문 및 업무 환경 지원,1,Knowledge(지식),표준 작업 지침서
16,기계,160105,배관설비설계,160105_L1,배관설비설계 기초 입문 및 업무 환경 지원,1,Knowledge(지식),기초 법령/규정
16,기계,160105,배관설비설계,160105_L1,배관설비설계 기초 입문 및 업무 환경 지원,1,Skill(기술/도구),기초 전산 툴 조작
16,기계,160105,배관설비설계,160105_L1,배관설비설계 기초 입문 및 업무 환경 지원,1,Skill(기술/도구),문서 서식 작성
16,기계,160105,배관설비설계,160105_L1,배관설비설계 기초 입문 및 업무 환경 지원,1,Skill(기술/도구),자료 검색 및 분류
16,기계,160105,배관설비설계,160105_L1,배관설비설계 기초 입문 및 업무 환경 지원,1,Attitude(태도),규정 준수 의식
16,기계,160105,배관설비설계,160105_L1,배관설비설계 기초 입문 및 업무 환경 지원,1,Attitude(태도),성실한 업무 지원 태도
16,기계,160105,배관설비설계,160105_L2,배관설비설계 초급 실무 및 정형 과업 수행,2,Knowledge(지식),배관설비설계 실무 프로세스
16,기계,160105,배관설비설계,160105_L2,배관설비설계 초급 실무 및 정형 과업 수행,2,Knowledge(지식),단위 업무 품질 기준
16,기계,160105,배관설비설계,160105_L2,배관설비설계 초급 실무 및 정형 과업 수행,2,Knowledge(지식),데이터 검증 기법
16,기계,160105,배관설비설계,160105_L2,배관설비설계 초급 실무 및 정형 과업 수행,2,Skill(기술/도구),실무 도구/SW 조작
16,기계,160105,배관설비설계,160105_L2,배관설비설계 초급 실무 및 정형 과업 수행,2,Skill(기술/도구),데이터 정제 및 가공
16,기계,160105,배관설비설계,160105_L2,배관설비설계 초급 실무 및 정형 과업 수행,2,Skill(기술/도구),단위 결과물 산출
16,기계,160105,배관설비설계,160105_L2,배관설비설계 초급 실무 및 정형 과업 수행,2,Attitude(태도),정확성과 꼼꼼함
16,기계,160105,배관설비설계,160105_L2,배관설비설계 초급 실무 및 정형 과업 수행,2,Attitude(태도),기한 준수 책임감
16,기계,160105,배관설비설계,160105_L3,배관설비설계 중급 독립 실무 및 문제해결 엔지니어링,3,Knowledge(지식),심화 모델링/설계 이론
16,기계,160105,배관설비설계,160105_L3,배관설비설계 중급 독립 실무 및 문제해결 엔지니어링,3,Knowledge(지식),성능 지표(KPI) 분석법
16,기계,160105,배관설비설계,160105_L3,배관설비설계 중급 독립 실무 및 문제해결 엔지니어링,3,Knowledge(지식),이슈 해결 방법론
16,기계,160105,배관설비설계,160105_L3,배관설비설계 중급 독립 실무 및 문제해결 엔지니어링,3,Skill(기술/도구),고급 도구/코드/기기 활용
16,기계,160105,배관설비설계,160105_L3,배관설비설계 중급 독립 실무 및 문제해결 엔지니어링,3,Skill(기술/도구),원인 분석 및 조치
16,기계,160105,배관설비설계,160105_L3,배관설비설계 중급 독립 실무 및 문제해결 엔지니어링,3,Skill(기술/도구),성과 분석 리포팅
16,기계,160105,배관설비설계,160105_L3,배관설비설계 중급 독립 실무 및 문제해결 엔지니어링,3,Attitude(태도),분석적 사고력
16,기계,160105,배관설비설계,160105_L3,배관설비설계 중급 독립 실무 및 문제해결 엔지니어링,3,Attitude(태도),타 부서와의 원활한 협업 소통
16,기계,160105,배관설비설계,160105_L4,배관설비설계 고급 전문화 및 프로젝트/팀 리딩,4,Knowledge(지식),신기술 융합 아키텍처
16,기계,160105,배관설비설계,160105_L4,배관설비설계 고급 전문화 및 프로젝트/팀 리딩,4,Knowledge(지식),프로젝트 관리론(PMBOK/Agile)
16,기계,160105,배관설비설계,160105_L4,배관설비설계 고급 전문화 및 프로젝트/팀 리딩,4,Knowledge(지식),품질보증(QA) 거버넌스
16,기계,160105,배관설비설계,160105_L4,배관설비설계 고급 전문화 및 프로젝트/팀 리딩,4,Skill(기술/도구),전체 시스템 아키텍처 설계
16,기계,160105,배관설비설계,160105_L4,배관설비설계 고급 전문화 및 프로젝트/팀 리딩,4,Skill(기술/도구),애자일 스프린트 리딩
16,기계,160105,배관설비설계,160105_L4,배관설비설계 고급 전문화 및 프로젝트/팀 리딩,4,Skill(기술/도구),신기술 PoC 검증
16,기계,160105,배관설비설계,160105_L4,배관설비설계 고급 전문화 및 프로젝트/팀 리딩,4,Attitude(태도),혁신 지향 리더십
16,기계,160105,배관설비설계,160105_L4,배관설비설계 고급 전문화 및 프로젝트/팀 리딩,4,Attitude(태도),동료 성장 멘토링 마인드
16,기계,160105,배관설비설계,160105_L5,배관설비설계 전략 기획 및 전사 거버넌스 총괄,5,Knowledge(지식),경영 전략 및 자본 예산 배분
16,기계,160105,배관설비설계,160105_L5,배관설비설계 전략 기획 및 전사 거버넌스 총괄,5,Knowledge(지식),국내외 규제 컴플라이언스
16,기계,160105,배관설비설계,160105_L5,배관설비설계 전략 기획 및 전사 거버넌스 총괄,5,Knowledge(지식),엔터프라이즈 거버넌스
16,기계,160105,배관설비설계,160105_L5,배관설비설계 전략 기획 및 전사 거버넌스 총괄,5,Skill(기술/도구),전사 로드맵 수립
16,기계,160105,배관설비설계,160105_L5,배관설비설계 전략 기획 및 전사 거버넌스 총괄,5,Skill(기술/도구),투자 대비 성과(ROI) 모델링
16,기계,160105,배관설비설계,160105_L5,배관설비설계 전략 기획 및 전사 거버넌스 총괄,5,Skill(기술/도구),최고 의사결정 전략 제언
16,기계,160105,배관설비설계,160105_L5,배관설비설계 전략 기획 및 전사 거버넌스 총괄,5,Attitude(태도),거시적 통찰력
16,기계,160105,배관설비설계,160105_L5,배관설비설계 전략 기획 및 전사 거버넌스 총괄,5,Attitude(태도),전략적 윤리 리더십
16,기계,160206,스마트팩토리자동화설비,160206_L1,스마트팩토리자동화설비 기초 입문 및 업무 환경 지원,1,Knowledge(지식),스마트팩토리자동화설비 개론
16,기계,160206,스마트팩토리자동화설비,160206_L1,스마트팩토리자동화설비 기초 입문 및 업무 환경 지원,1,Knowledge(지식),표준 작업 지침서
16,기계,160206,스마트팩토리자동화설비,160206_L1,스마트팩토리자동화설비 기초 입문 및 업무 환경 지원,1,Knowledge(지식),기초 법령/규정
16,기계,160206,스마트팩토리자동화설비,160206_L1,스마트팩토리자동화설비 기초 입문 및 업무 환경 지원,1,Skill(기술/도구),기초 전산 툴 조작
16,기계,160206,스마트팩토리자동화설비,160206_L1,스마트팩토리자동화설비 기초 입문 및 업무 환경 지원,1,Skill(기술/도구),문서 서식 작성
16,기계,160206,스마트팩토리자동화설비,160206_L1,스마트팩토리자동화설비 기초 입문 및 업무 환경 지원,1,Skill(기술/도구),자료 검색 및 분류
16,기계,160206,스마트팩토리자동화설비,160206_L1,스마트팩토리자동화설비 기초 입문 및 업무 환경 지원,1,Attitude(태도),규정 준수 의식
16,기계,160206,스마트팩토리자동화설비,160206_L1,스마트팩토리자동화설비 기초 입문 및 업무 환경 지원,1,Attitude(태도),성실한 업무 지원 태도
16,기계,160206,스마트팩토리자동화설비,160206_L2,스마트팩토리자동화설비 초급 실무 및 정형 과업 수행,2,Knowledge(지식),스마트팩토리자동화설비 실무 프로세스
16,기계,160206,스마트팩토리자동화설비,160206_L2,스마트팩토리자동화설비 초급 실무 및 정형 과업 수행,2,Knowledge(지식),단위 업무 품질 기준
16,기계,160206,스마트팩토리자동화설비,160206_L2,스마트팩토리자동화설비 초급 실무 및 정형 과업 수행,2,Knowledge(지식),데이터 검증 기법
16,기계,160206,스마트팩토리자동화설비,160206_L2,스마트팩토리자동화설비 초급 실무 및 정형 과업 수행,2,Skill(기술/도구),실무 도구/SW 조작
16,기계,160206,스마트팩토리자동화설비,160206_L2,스마트팩토리자동화설비 초급 실무 및 정형 과업 수행,2,Skill(기술/도구),데이터 정제 및 가공
16,기계,160206,스마트팩토리자동화설비,160206_L2,스마트팩토리자동화설비 초급 실무 및 정형 과업 수행,2,Skill(기술/도구),단위 결과물 산출
16,기계,160206,스마트팩토리자동화설비,160206_L2,스마트팩토리자동화설비 초급 실무 및 정형 과업 수행,2,Attitude(태도),정확성과 꼼꼼함
16,기계,160206,스마트팩토리자동화설비,160206_L2,스마트팩토리자동화설비 초급 실무 및 정형 과업 수행,2,Attitude(태도),기한 준수 책임감
16,기계,160206,스마트팩토리자동화설비,160206_L3,스마트팩토리자동화설비 중급 독립 실무 및 문제해결 엔지니어링,3,Knowledge(지식),심화 모델링/설계 이론
16,기계,160206,스마트팩토리자동화설비,160206_L3,스마트팩토리자동화설비 중급 독립 실무 및 문제해결 엔지니어링,3,Knowledge(지식),성능 지표(KPI) 분석법
16,기계,160206,스마트팩토리자동화설비,160206_L3,스마트팩토리자동화설비 중급 독립 실무 및 문제해결 엔지니어링,3,Knowledge(지식),이슈 해결 방법론
16,기계,160206,스마트팩토리자동화설비,160206_L3,스마트팩토리자동화설비 중급 독립 실무 및 문제해결 엔지니어링,3,Skill(기술/도구),고급 도구/코드/기기 활용
16,기계,160206,스마트팩토리자동화설비,160206_L3,스마트팩토리자동화설비 중급 독립 실무 및 문제해결 엔지니어링,3,Skill(기술/도구),원인 분석 및 조치
16,기계,160206,스마트팩토리자동화설비,160206_L3,스마트팩토리자동화설비 중급 독립 실무 및 문제해결 엔지니어링,3,Skill(기술/도구),성과 분석 리포팅
16,기계,160206,스마트팩토리자동화설비,160206_L3,스마트팩토리자동화설비 중급 독립 실무 및 문제해결 엔지니어링,3,Attitude(태도),분석적 사고력
16,기계,160206,스마트팩토리자동화설비,160206_L3,스마트팩토리자동화설비 중급 독립 실무 및 문제해결 엔지니어링,3,Attitude(태도),타 부서와의 원활한 협업 소통
16,기계,160206,스마트팩토리자동화설비,160206_L4,스마트팩토리자동화설비 고급 전문화 및 프로젝트/팀 리딩,4,Knowledge(지식),신기술 융합 아키텍처
16,기계,160206,스마트팩토리자동화설비,160206_L4,스마트팩토리자동화설비 고급 전문화 및 프로젝트/팀 리딩,4,Knowledge(지식),프로젝트 관리론(PMBOK/Agile)
16,기계,160206,스마트팩토리자동화설비,160206_L4,스마트팩토리자동화설비 고급 전문화 및 프로젝트/팀 리딩,4,Knowledge(지식),품질보증(QA) 거버넌스
16,기계,160206,스마트팩토리자동화설비,160206_L4,스마트팩토리자동화설비 고급 전문화 및 프로젝트/팀 리딩,4,Skill(기술/도구),전체 시스템 아키텍처 설계
16,기계,160206,스마트팩토리자동화설비,160206_L4,스마트팩토리자동화설비 고급 전문화 및 프로젝트/팀 리딩,4,Skill(기술/도구),애자일 스프린트 리딩
16,기계,160206,스마트팩토리자동화설비,160206_L4,스마트팩토리자동화설비 고급 전문화 및 프로젝트/팀 리딩,4,Skill(기술/도구),신기술 PoC 검증
16,기계,160206,스마트팩토리자동화설비,160206_L4,스마트팩토리자동화설비 고급 전문화 및 프로젝트/팀 리딩,4,Attitude(태도),혁신 지향 리더십
16,기계,160206,스마트팩토리자동화설비,160206_L4,스마트팩토리자동화설비 고급 전문화 및 프로젝트/팀 리딩,4,Attitude(태도),동료 성장 멘토링 마인드
16,기계,160206,스마트팩토리자동화설비,160206_L5,스마트팩토리자동화설비 전략 기획 및 전사 거버넌스 총괄,5,Knowledge(지식),경영 전략 및 자본 예산 배분
16,기계,160206,스마트팩토리자동화설비,160206_L5,스마트팩토리자동화설비 전략 기획 및 전사 거버넌스 총괄,5,Knowledge(지식),국내외 규제 컴플라이언스
16,기계,160206,스마트팩토리자동화설비,160206_L5,스마트팩토리자동화설비 전략 기획 및 전사 거버넌스 총괄,5,Knowledge(지식),엔터프라이즈 거버넌스
16,기계,160206,스마트팩토리자동화설비,160206_L5,스마트팩토리자동화설비 전략 기획 및 전사 거버넌스 총괄,5,Skill(기술/도구),전사 로드맵 수립
16,기계,160206,스마트팩토리자동화설비,160206_L5,스마트팩토리자동화설비 전략 기획 및 전사 거버넌스 총괄,5,Skill(기술/도구),투자 대비 성과(ROI) 모델링
16,기계,160206,스마트팩토리자동화설비,160206_L5,스마트팩토리자동화설비 전략 기획 및 전사 거버넌스 총괄,5,Skill(기술/도구),최고 의사결정 전략 제언
16,기계,160206,스마트팩토리자동화설비,160206_L5,스마트팩토리자동화설비 전략 기획 및 전사 거버넌스 총괄,5,Attitude(태도),거시적 통찰력
16,기계,160206,스마트팩토리자동화설비,160206_L5,스마트팩토리자동화설비 전략 기획 및 전사 거버넌스 총괄,5,Attitude(태도),전략적 윤리 리더십
16,기계,160207,PLC시퀀스제어,160207_L1,PLC시퀀스제어 기초 입문 및 업무 환경 지원,1,Knowledge(지식),PLC시퀀스제어 개론
16,기계,160207,PLC시퀀스제어,160207_L1,PLC시퀀스제어 기초 입문 및 업무 환경 지원,1,Knowledge(지식),표준 작업 지침서
16,기계,160207,PLC시퀀스제어,160207_L1,PLC시퀀스제어 기초 입문 및 업무 환경 지원,1,Knowledge(지식),기초 법령/규정
16,기계,160207,PLC시퀀스제어,160207_L1,PLC시퀀스제어 기초 입문 및 업무 환경 지원,1,Skill(기술/도구),기초 전산 툴 조작
16,기계,160207,PLC시퀀스제어,160207_L1,PLC시퀀스제어 기초 입문 및 업무 환경 지원,1,Skill(기술/도구),문서 서식 작성
16,기계,160207,PLC시퀀스제어,160207_L1,PLC시퀀스제어 기초 입문 및 업무 환경 지원,1,Skill(기술/도구),자료 검색 및 분류
16,기계,160207,PLC시퀀스제어,160207_L1,PLC시퀀스제어 기초 입문 및 업무 환경 지원,1,Attitude(태도),규정 준수 의식
16,기계,160207,PLC시퀀스제어,160207_L1,PLC시퀀스제어 기초 입문 및 업무 환경 지원,1,Attitude(태도),성실한 업무 지원 태도
16,기계,160207,PLC시퀀스제어,160207_L2,PLC시퀀스제어 초급 실무 및 정형 과업 수행,2,Knowledge(지식),PLC시퀀스제어 실무 프로세스
16,기계,160207,PLC시퀀스제어,160207_L2,PLC시퀀스제어 초급 실무 및 정형 과업 수행,2,Knowledge(지식),단위 업무 품질 기준
16,기계,160207,PLC시퀀스제어,160207_L2,PLC시퀀스제어 초급 실무 및 정형 과업 수행,2,Knowledge(지식),데이터 검증 기법
16,기계,160207,PLC시퀀스제어,160207_L2,PLC시퀀스제어 초급 실무 및 정형 과업 수행,2,Skill(기술/도구),실무 도구/SW 조작
16,기계,160207,PLC시퀀스제어,160207_L2,PLC시퀀스제어 초급 실무 및 정형 과업 수행,2,Skill(기술/도구),데이터 정제 및 가공
16,기계,160207,PLC시퀀스제어,160207_L2,PLC시퀀스제어 초급 실무 및 정형 과업 수행,2,Skill(기술/도구),단위 결과물 산출
16,기계,160207,PLC시퀀스제어,160207_L2,PLC시퀀스제어 초급 실무 및 정형 과업 수행,2,Attitude(태도),정확성과 꼼꼼함
16,기계,160207,PLC시퀀스제어,160207_L2,PLC시퀀스제어 초급 실무 및 정형 과업 수행,2,Attitude(태도),기한 준수 책임감
16,기계,160207,PLC시퀀스제어,160207_L3,PLC시퀀스제어 중급 독립 실무 및 문제해결 엔지니어링,3,Knowledge(지식),심화 모델링/설계 이론
16,기계,160207,PLC시퀀스제어,160207_L3,PLC시퀀스제어 중급 독립 실무 및 문제해결 엔지니어링,3,Knowledge(지식),성능 지표(KPI) 분석법
16,기계,160207,PLC시퀀스제어,160207_L3,PLC시퀀스제어 중급 독립 실무 및 문제해결 엔지니어링,3,Knowledge(지식),이슈 해결 방법론
16,기계,160207,PLC시퀀스제어,160207_L3,PLC시퀀스제어 중급 독립 실무 및 문제해결 엔지니어링,3,Skill(기술/도구),고급 도구/코드/기기 활용
16,기계,160207,PLC시퀀스제어,160207_L3,PLC시퀀스제어 중급 독립 실무 및 문제해결 엔지니어링,3,Skill(기술/도구),원인 분석 및 조치
16,기계,160207,PLC시퀀스제어,160207_L3,PLC시퀀스제어 중급 독립 실무 및 문제해결 엔지니어링,3,Skill(기술/도구),성과 분석 리포팅
16,기계,160207,PLC시퀀스제어,160207_L3,PLC시퀀스제어 중급 독립 실무 및 문제해결 엔지니어링,3,Attitude(태도),분석적 사고력
16,기계,160207,PLC시퀀스제어,160207_L3,PLC시퀀스제어 중급 독립 실무 및 문제해결 엔지니어링,3,Attitude(태도),타 부서와의 원활한 협업 소통
16,기계,160207,PLC시퀀스제어,160207_L4,PLC시퀀스제어 고급 전문화 및 프로젝트/팀 리딩,4,Knowledge(지식),신기술 융합 아키텍처
16,기계,160207,PLC시퀀스제어,160207_L4,PLC시퀀스제어 고급 전문화 및 프로젝트/팀 리딩,4,Knowledge(지식),프로젝트 관리론(PMBOK/Agile)
16,기계,160207,PLC시퀀스제어,160207_L4,PLC시퀀스제어 고급 전문화 및 프로젝트/팀 리딩,4,Knowledge(지식),품질보증(QA) 거버넌스
16,기계,160207,PLC시퀀스제어,160207_L4,PLC시퀀스제어 고급 전문화 및 프로젝트/팀 리딩,4,Skill(기술/도구),전체 시스템 아키텍처 설계
16,기계,160207,PLC시퀀스제어,160207_L4,PLC시퀀스제어 고급 전문화 및 프로젝트/팀 리딩,4,Skill(기술/도구),애자일 스프린트 리딩
16,기계,160207,PLC시퀀스제어,160207_L4,PLC시퀀스제어 고급 전문화 및 프로젝트/팀 리딩,4,Skill(기술/도구),신기술 PoC 검증
16,기계,160207,PLC시퀀스제어,160207_L4,PLC시퀀스제어 고급 전문화 및 프로젝트/팀 리딩,4,Attitude(태도),혁신 지향 리더십
16,기계,160207,PLC시퀀스제어,160207_L4,PLC시퀀스제어 고급 전문화 및 프로젝트/팀 리딩,4,Attitude(태도),동료 성장 멘토링 마인드
16,기계,160207,PLC시퀀스제어,160207_L5,PLC시퀀스제어 전략 기획 및 전사 거버넌스 총괄,5,Knowledge(지식),경영 전략 및 자본 예산 배분
16,기계,160207,PLC시퀀스제어,160207_L5,PLC시퀀스제어 전략 기획 및 전사 거버넌스 총괄,5,Knowledge(지식),국내외 규제 컴플라이언스
16,기계,160207,PLC시퀀스제어,160207_L5,PLC시퀀스제어 전략 기획 및 전사 거버넌스 총괄,5,Knowledge(지식),엔터프라이즈 거버넌스
16,기계,160207,PLC시퀀스제어,160207_L5,PLC시퀀스제어 전략 기획 및 전사 거버넌스 총괄,5,Skill(기술/도구),전사 로드맵 수립
16,기계,160207,PLC시퀀스제어,160207_L5,PLC시퀀스제어 전략 기획 및 전사 거버넌스 총괄,5,Skill(기술/도구),투자 대비 성과(ROI) 모델링
16,기계,160207,PLC시퀀스제어,160207_L5,PLC시퀀스제어 전략 기획 및 전사 거버넌스 총괄,5,Skill(기술/도구),최고 의사결정 전략 제언
16,기계,160207,PLC시퀀스제어,160207_L5,PLC시퀀스제어 전략 기획 및 전사 거버넌스 총괄,5,Attitude(태도),거시적 통찰력
16,기계,160207,PLC시퀀스제어,160207_L5,PLC시퀀스제어 전략 기획 및 전사 거버넌스 총괄,5,Attitude(태도),전략적 윤리 리더십
16,기계,160208,산업용로봇티칭,160208_L1,산업용로봇티칭 기초 입문 및 업무 환경 지원,1,Knowledge(지식),산업용로봇티칭 개론
16,기계,160208,산업용로봇티칭,160208_L1,산업용로봇티칭 기초 입문 및 업무 환경 지원,1,Knowledge(지식),표준 작업 지침서
16,기계,160208,산업용로봇티칭,160208_L1,산업용로봇티칭 기초 입문 및 업무 환경 지원,1,Knowledge(지식),기초 법령/규정
16,기계,160208,산업용로봇티칭,160208_L1,산업용로봇티칭 기초 입문 및 업무 환경 지원,1,Skill(기술/도구),기초 전산 툴 조작
16,기계,160208,산업용로봇티칭,160208_L1,산업용로봇티칭 기초 입문 및 업무 환경 지원,1,Skill(기술/도구),문서 서식 작성
16,기계,160208,산업용로봇티칭,160208_L1,산업용로봇티칭 기초 입문 및 업무 환경 지원,1,Skill(기술/도구),자료 검색 및 분류
16,기계,160208,산업용로봇티칭,160208_L1,산업용로봇티칭 기초 입문 및 업무 환경 지원,1,Attitude(태도),규정 준수 의식
16,기계,160208,산업용로봇티칭,160208_L1,산업용로봇티칭 기초 입문 및 업무 환경 지원,1,Attitude(태도),성실한 업무 지원 태도
16,기계,160208,산업용로봇티칭,160208_L2,산업용로봇티칭 초급 실무 및 정형 과업 수행,2,Knowledge(지식),산업용로봇티칭 실무 프로세스
16,기계,160208,산업용로봇티칭,160208_L2,산업용로봇티칭 초급 실무 및 정형 과업 수행,2,Knowledge(지식),단위 업무 품질 기준
16,기계,160208,산업용로봇티칭,160208_L2,산업용로봇티칭 초급 실무 및 정형 과업 수행,2,Knowledge(지식),데이터 검증 기법
16,기계,160208,산업용로봇티칭,160208_L2,산업용로봇티칭 초급 실무 및 정형 과업 수행,2,Skill(기술/도구),실무 도구/SW 조작
16,기계,160208,산업용로봇티칭,160208_L2,산업용로봇티칭 초급 실무 및 정형 과업 수행,2,Skill(기술/도구),데이터 정제 및 가공
16,기계,160208,산업용로봇티칭,160208_L2,산업용로봇티칭 초급 실무 및 정형 과업 수행,2,Skill(기술/도구),단위 결과물 산출
16,기계,160208,산업용로봇티칭,160208_L2,산업용로봇티칭 초급 실무 및 정형 과업 수행,2,Attitude(태도),정확성과 꼼꼼함
16,기계,160208,산업용로봇티칭,160208_L2,산업용로봇티칭 초급 실무 및 정형 과업 수행,2,Attitude(태도),기한 준수 책임감
16,기계,160208,산업용로봇티칭,160208_L3,산업용로봇티칭 중급 독립 실무 및 문제해결 엔지니어링,3,Knowledge(지식),심화 모델링/설계 이론
16,기계,160208,산업용로봇티칭,160208_L3,산업용로봇티칭 중급 독립 실무 및 문제해결 엔지니어링,3,Knowledge(지식),성능 지표(KPI) 분석법
16,기계,160208,산업용로봇티칭,160208_L3,산업용로봇티칭 중급 독립 실무 및 문제해결 엔지니어링,3,Knowledge(지식),이슈 해결 방법론
16,기계,160208,산업용로봇티칭,160208_L3,산업용로봇티칭 중급 독립 실무 및 문제해결 엔지니어링,3,Skill(기술/도구),고급 도구/코드/기기 활용
16,기계,160208,산업용로봇티칭,160208_L3,산업용로봇티칭 중급 독립 실무 및 문제해결 엔지니어링,3,Skill(기술/도구),원인 분석 및 조치
16,기계,160208,산업용로봇티칭,160208_L3,산업용로봇티칭 중급 독립 실무 및 문제해결 엔지니어링,3,Skill(기술/도구),성과 분석 리포팅
16,기계,160208,산업용로봇티칭,160208_L3,산업용로봇티칭 중급 독립 실무 및 문제해결 엔지니어링,3,Attitude(태도),분석적 사고력
16,기계,160208,산업용로봇티칭,160208_L3,산업용로봇티칭 중급 독립 실무 및 문제해결 엔지니어링,3,Attitude(태도),타 부서와의 원활한 협업 소통
16,기계,160208,산업용로봇티칭,160208_L4,산업용로봇티칭 고급 전문화 및 프로젝트/팀 리딩,4,Knowledge(지식),신기술 융합 아키텍처
16,기계,160208,산업용로봇티칭,160208_L4,산업용로봇티칭 고급 전문화 및 프로젝트/팀 리딩,4,Knowledge(지식),프로젝트 관리론(PMBOK/Agile)
16,기계,160208,산업용로봇티칭,160208_L4,산업용로봇티칭 고급 전문화 및 프로젝트/팀 리딩,4,Knowledge(지식),품질보증(QA) 거버넌스
16,기계,160208,산업용로봇티칭,160208_L4,산업용로봇티칭 고급 전문화 및 프로젝트/팀 리딩,4,Skill(기술/도구),전체 시스템 아키텍처 설계
16,기계,160208,산업용로봇티칭,160208_L4,산업용로봇티칭 고급 전문화 및 프로젝트/팀 리딩,4,Skill(기술/도구),애자일 스프린트 리딩
16,기계,160208,산업용로봇티칭,160208_L4,산업용로봇티칭 고급 전문화 및 프로젝트/팀 리딩,4,Skill(기술/도구),신기술 PoC 검증
16,기계,160208,산업용로봇티칭,160208_L4,산업용로봇티칭 고급 전문화 및 프로젝트/팀 리딩,4,Attitude(태도),혁신 지향 리더십
16,기계,160208,산업용로봇티칭,160208_L4,산업용로봇티칭 고급 전문화 및 프로젝트/팀 리딩,4,Attitude(태도),동료 성장 멘토링 마인드
16,기계,160208,산업용로봇티칭,160208_L5,산업용로봇티칭 전략 기획 및 전사 거버넌스 총괄,5,Knowledge(지식),경영 전략 및 자본 예산 배분
16,기계,160208,산업용로봇티칭,160208_L5,산업용로봇티칭 전략 기획 및 전사 거버넌스 총괄,5,Knowledge(지식),국내외 규제 컴플라이언스
16,기계,160208,산업용로봇티칭,160208_L5,산업용로봇티칭 전략 기획 및 전사 거버넌스 총괄,5,Knowledge(지식),엔터프라이즈 거버넌스
16,기계,160208,산업용로봇티칭,160208_L5,산업용로봇티칭 전략 기획 및 전사 거버넌스 총괄,5,Skill(기술/도구),전사 로드맵 수립
16,기계,160208,산업용로봇티칭,160208_L5,산업용로봇티칭 전략 기획 및 전사 거버넌스 총괄,5,Skill(기술/도구),투자 대비 성과(ROI) 모델링
16,기계,160208,산업용로봇티칭,160208_L5,산업용로봇티칭 전략 기획 및 전사 거버넌스 총괄,5,Skill(기술/도구),최고 의사결정 전략 제언
16,기계,160208,산업용로봇티칭,160208_L5,산업용로봇티칭 전략 기획 및 전사 거버넌스 총괄,5,Attitude(태도),거시적 통찰력
16,기계,160208,산업용로봇티칭,160208_L5,산업용로봇티칭 전략 기획 및 전사 거버넌스 총괄,5,Attitude(태도),전략적 윤리 리더십
16,기계,160209,자율주행차샤시제어,160209_L1,자율주행차샤시제어 기초 입문 및 업무 환경 지원,1,Knowledge(지식),자율주행차샤시제어 개론
16,기계,160209,자율주행차샤시제어,160209_L1,자율주행차샤시제어 기초 입문 및 업무 환경 지원,1,Knowledge(지식),표준 작업 지침서
16,기계,160209,자율주행차샤시제어,160209_L1,자율주행차샤시제어 기초 입문 및 업무 환경 지원,1,Knowledge(지식),기초 법령/규정
16,기계,160209,자율주행차샤시제어,160209_L1,자율주행차샤시제어 기초 입문 및 업무 환경 지원,1,Skill(기술/도구),기초 전산 툴 조작
16,기계,160209,자율주행차샤시제어,160209_L1,자율주행차샤시제어 기초 입문 및 업무 환경 지원,1,Skill(기술/도구),문서 서식 작성
16,기계,160209,자율주행차샤시제어,160209_L1,자율주행차샤시제어 기초 입문 및 업무 환경 지원,1,Skill(기술/도구),자료 검색 및 분류
16,기계,160209,자율주행차샤시제어,160209_L1,자율주행차샤시제어 기초 입문 및 업무 환경 지원,1,Attitude(태도),규정 준수 의식
16,기계,160209,자율주행차샤시제어,160209_L1,자율주행차샤시제어 기초 입문 및 업무 환경 지원,1,Attitude(태도),성실한 업무 지원 태도
16,기계,160209,자율주행차샤시제어,160209_L2,자율주행차샤시제어 초급 실무 및 정형 과업 수행,2,Knowledge(지식),자율주행차샤시제어 실무 프로세스
16,기계,160209,자율주행차샤시제어,160209_L2,자율주행차샤시제어 초급 실무 및 정형 과업 수행,2,Knowledge(지식),단위 업무 품질 기준
16,기계,160209,자율주행차샤시제어,160209_L2,자율주행차샤시제어 초급 실무 및 정형 과업 수행,2,Knowledge(지식),데이터 검증 기법
16,기계,160209,자율주행차샤시제어,160209_L2,자율주행차샤시제어 초급 실무 및 정형 과업 수행,2,Skill(기술/도구),실무 도구/SW 조작
16,기계,160209,자율주행차샤시제어,160209_L2,자율주행차샤시제어 초급 실무 및 정형 과업 수행,2,Skill(기술/도구),데이터 정제 및 가공
16,기계,160209,자율주행차샤시제어,160209_L2,자율주행차샤시제어 초급 실무 및 정형 과업 수행,2,Skill(기술/도구),단위 결과물 산출
16,기계,160209,자율주행차샤시제어,160209_L2,자율주행차샤시제어 초급 실무 및 정형 과업 수행,2,Attitude(태도),정확성과 꼼꼼함
16,기계,160209,자율주행차샤시제어,160209_L2,자율주행차샤시제어 초급 실무 및 정형 과업 수행,2,Attitude(태도),기한 준수 책임감
16,기계,160209,자율주행차샤시제어,160209_L3,자율주행차샤시제어 중급 독립 실무 및 문제해결 엔지니어링,3,Knowledge(지식),심화 모델링/설계 이론
16,기계,160209,자율주행차샤시제어,160209_L3,자율주행차샤시제어 중급 독립 실무 및 문제해결 엔지니어링,3,Knowledge(지식),성능 지표(KPI) 분석법
16,기계,160209,자율주행차샤시제어,160209_L3,자율주행차샤시제어 중급 독립 실무 및 문제해결 엔지니어링,3,Knowledge(지식),이슈 해결 방법론
16,기계,160209,자율주행차샤시제어,160209_L3,자율주행차샤시제어 중급 독립 실무 및 문제해결 엔지니어링,3,Skill(기술/도구),고급 도구/코드/기기 활용
16,기계,160209,자율주행차샤시제어,160209_L3,자율주행차샤시제어 중급 독립 실무 및 문제해결 엔지니어링,3,Skill(기술/도구),원인 분석 및 조치
16,기계,160209,자율주행차샤시제어,160209_L3,자율주행차샤시제어 중급 독립 실무 및 문제해결 엔지니어링,3,Skill(기술/도구),성과 분석 리포팅
16,기계,160209,자율주행차샤시제어,160209_L3,자율주행차샤시제어 중급 독립 실무 및 문제해결 엔지니어링,3,Attitude(태도),분석적 사고력
16,기계,160209,자율주행차샤시제어,160209_L3,자율주행차샤시제어 중급 독립 실무 및 문제해결 엔지니어링,3,Attitude(태도),타 부서와의 원활한 협업 소통
16,기계,160209,자율주행차샤시제어,160209_L4,자율주행차샤시제어 고급 전문화 및 프로젝트/팀 리딩,4,Knowledge(지식),신기술 융합 아키텍처
16,기계,160209,자율주행차샤시제어,160209_L4,자율주행차샤시제어 고급 전문화 및 프로젝트/팀 리딩,4,Knowledge(지식),프로젝트 관리론(PMBOK/Agile)
16,기계,160209,자율주행차샤시제어,160209_L4,자율주행차샤시제어 고급 전문화 및 프로젝트/팀 리딩,4,Knowledge(지식),품질보증(QA) 거버넌스
16,기계,160209,자율주행차샤시제어,160209_L4,자율주행차샤시제어 고급 전문화 및 프로젝트/팀 리딩,4,Skill(기술/도구),전체 시스템 아키텍처 설계
16,기계,160209,자율주행차샤시제어,160209_L4,자율주행차샤시제어 고급 전문화 및 프로젝트/팀 리딩,4,Skill(기술/도구),애자일 스프린트 리딩
16,기계,160209,자율주행차샤시제어,160209_L4,자율주행차샤시제어 고급 전문화 및 프로젝트/팀 리딩,4,Skill(기술/도구),신기술 PoC 검증
16,기계,160209,자율주행차샤시제어,160209_L4,자율주행차샤시제어 고급 전문화 및 프로젝트/팀 리딩,4,Attitude(태도),혁신 지향 리더십
16,기계,160209,자율주행차샤시제어,160209_L4,자율주행차샤시제어 고급 전문화 및 프로젝트/팀 리딩,4,Attitude(태도),동료 성장 멘토링 마인드
16,기계,160209,자율주행차샤시제어,160209_L5,자율주행차샤시제어 전략 기획 및 전사 거버넌스 총괄,5,Knowledge(지식),경영 전략 및 자본 예산 배분
16,기계,160209,자율주행차샤시제어,160209_L5,자율주행차샤시제어 전략 기획 및 전사 거버넌스 총괄,5,Knowledge(지식),국내외 규제 컴플라이언스
16,기계,160209,자율주행차샤시제어,160209_L5,자율주행차샤시제어 전략 기획 및 전사 거버넌스 총괄,5,Knowledge(지식),엔터프라이즈 거버넌스
16,기계,160209,자율주행차샤시제어,160209_L5,자율주행차샤시제어 전략 기획 및 전사 거버넌스 총괄,5,Skill(기술/도구),전사 로드맵 수립
16,기계,160209,자율주행차샤시제어,160209_L5,자율주행차샤시제어 전략 기획 및 전사 거버넌스 총괄,5,Skill(기술/도구),투자 대비 성과(ROI) 모델링
16,기계,160209,자율주행차샤시제어,160209_L5,자율주행차샤시제어 전략 기획 및 전사 거버넌스 총괄,5,Skill(기술/도구),최고 의사결정 전략 제언
16,기계,160209,자율주행차샤시제어,160209_L5,자율주행차샤시제어 전략 기획 및 전사 거버넌스 총괄,5,Attitude(태도),거시적 통찰력
16,기계,160209,자율주행차샤시제어,160209_L5,자율주행차샤시제어 전략 기획 및 전사 거버넌스 총괄,5,Attitude(태도),전략적 윤리 리더십
16,기계,160210,항공기기체정비,160210_L1,항공기기체정비 기초 입문 및 업무 환경 지원,1,Knowledge(지식),항공기기체정비 개론
16,기계,160210,항공기기체정비,160210_L1,항공기기체정비 기초 입문 및 업무 환경 지원,1,Knowledge(지식),표준 작업 지침서
16,기계,160210,항공기기체정비,160210_L1,항공기기체정비 기초 입문 및 업무 환경 지원,1,Knowledge(지식),기초 법령/규정
16,기계,160210,항공기기체정비,160210_L1,항공기기체정비 기초 입문 및 업무 환경 지원,1,Skill(기술/도구),기초 전산 툴 조작
16,기계,160210,항공기기체정비,160210_L1,항공기기체정비 기초 입문 및 업무 환경 지원,1,Skill(기술/도구),문서 서식 작성
16,기계,160210,항공기기체정비,160210_L1,항공기기체정비 기초 입문 및 업무 환경 지원,1,Skill(기술/도구),자료 검색 및 분류
16,기계,160210,항공기기체정비,160210_L1,항공기기체정비 기초 입문 및 업무 환경 지원,1,Attitude(태도),규정 준수 의식
16,기계,160210,항공기기체정비,160210_L1,항공기기체정비 기초 입문 및 업무 환경 지원,1,Attitude(태도),성실한 업무 지원 태도
16,기계,160210,항공기기체정비,160210_L2,항공기기체정비 초급 실무 및 정형 과업 수행,2,Knowledge(지식),항공기기체정비 실무 프로세스
16,기계,160210,항공기기체정비,160210_L2,항공기기체정비 초급 실무 및 정형 과업 수행,2,Knowledge(지식),단위 업무 품질 기준
16,기계,160210,항공기기체정비,160210_L2,항공기기체정비 초급 실무 및 정형 과업 수행,2,Knowledge(지식),데이터 검증 기법
16,기계,160210,항공기기체정비,160210_L2,항공기기체정비 초급 실무 및 정형 과업 수행,2,Skill(기술/도구),실무 도구/SW 조작
16,기계,160210,항공기기체정비,160210_L2,항공기기체정비 초급 실무 및 정형 과업 수행,2,Skill(기술/도구),데이터 정제 및 가공
16,기계,160210,항공기기체정비,160210_L2,항공기기체정비 초급 실무 및 정형 과업 수행,2,Skill(기술/도구),단위 결과물 산출
16,기계,160210,항공기기체정비,160210_L2,항공기기체정비 초급 실무 및 정형 과업 수행,2,Attitude(태도),정확성과 꼼꼼함
16,기계,160210,항공기기체정비,160210_L2,항공기기체정비 초급 실무 및 정형 과업 수행,2,Attitude(태도),기한 준수 책임감
16,기계,160210,항공기기체정비,160210_L3,항공기기체정비 중급 독립 실무 및 문제해결 엔지니어링,3,Knowledge(지식),심화 모델링/설계 이론
16,기계,160210,항공기기체정비,160210_L3,항공기기체정비 중급 독립 실무 및 문제해결 엔지니어링,3,Knowledge(지식),성능 지표(KPI) 분석법
16,기계,160210,항공기기체정비,160210_L3,항공기기체정비 중급 독립 실무 및 문제해결 엔지니어링,3,Knowledge(지식),이슈 해결 방법론
16,기계,160210,항공기기체정비,160210_L3,항공기기체정비 중급 독립 실무 및 문제해결 엔지니어링,3,Skill(기술/도구),고급 도구/코드/기기 활용
16,기계,160210,항공기기체정비,160210_L3,항공기기체정비 중급 독립 실무 및 문제해결 엔지니어링,3,Skill(기술/도구),원인 분석 및 조치
16,기계,160210,항공기기체정비,160210_L3,항공기기체정비 중급 독립 실무 및 문제해결 엔지니어링,3,Skill(기술/도구),성과 분석 리포팅
16,기계,160210,항공기기체정비,160210_L3,항공기기체정비 중급 독립 실무 및 문제해결 엔지니어링,3,Attitude(태도),분석적 사고력
16,기계,160210,항공기기체정비,160210_L3,항공기기체정비 중급 독립 실무 및 문제해결 엔지니어링,3,Attitude(태도),타 부서와의 원활한 협업 소통
16,기계,160210,항공기기체정비,160210_L4,항공기기체정비 고급 전문화 및 프로젝트/팀 리딩,4,Knowledge(지식),신기술 융합 아키텍처
16,기계,160210,항공기기체정비,160210_L4,항공기기체정비 고급 전문화 및 프로젝트/팀 리딩,4,Knowledge(지식),프로젝트 관리론(PMBOK/Agile)
16,기계,160210,항공기기체정비,160210_L4,항공기기체정비 고급 전문화 및 프로젝트/팀 리딩,4,Knowledge(지식),품질보증(QA) 거버넌스
16,기계,160210,항공기기체정비,160210_L4,항공기기체정비 고급 전문화 및 프로젝트/팀 리딩,4,Skill(기술/도구),전체 시스템 아키텍처 설계
16,기계,160210,항공기기체정비,160210_L4,항공기기체정비 고급 전문화 및 프로젝트/팀 리딩,4,Skill(기술/도구),애자일 스프린트 리딩
16,기계,160210,항공기기체정비,160210_L4,항공기기체정비 고급 전문화 및 프로젝트/팀 리딩,4,Skill(기술/도구),신기술 PoC 검증
16,기계,160210,항공기기체정비,160210_L4,항공기기체정비 고급 전문화 및 프로젝트/팀 리딩,4,Attitude(태도),혁신 지향 리더십
16,기계,160210,항공기기체정비,160210_L4,항공기기체정비 고급 전문화 및 프로젝트/팀 리딩,4,Attitude(태도),동료 성장 멘토링 마인드
16,기계,160210,항공기기체정비,160210_L5,항공기기체정비 전략 기획 및 전사 거버넌스 총괄,5,Knowledge(지식),경영 전략 및 자본 예산 배분
16,기계,160210,항공기기체정비,160210_L5,항공기기체정비 전략 기획 및 전사 거버넌스 총괄,5,Knowledge(지식),국내외 규제 컴플라이언스
16,기계,160210,항공기기체정비,160210_L5,항공기기체정비 전략 기획 및 전사 거버넌스 총괄,5,Knowledge(지식),엔터프라이즈 거버넌스
16,기계,160210,항공기기체정비,160210_L5,항공기기체정비 전략 기획 및 전사 거버넌스 총괄,5,Skill(기술/도구),전사 로드맵 수립
16,기계,160210,항공기기체정비,160210_L5,항공기기체정비 전략 기획 및 전사 거버넌스 총괄,5,Skill(기술/도구),투자 대비 성과(ROI) 모델링
16,기계,160210,항공기기체정비,160210_L5,항공기기체정비 전략 기획 및 전사 거버넌스 총괄,5,Skill(기술/도구),최고 의사결정 전략 제언
16,기계,160210,항공기기체정비,160210_L5,항공기기체정비 전략 기획 및 전사 거버넌스 총괄,5,Attitude(태도),거시적 통찰력
16,기계,160210,항공기기체정비,160210_L5,항공기기체정비 전략 기획 및 전사 거버넌스 총괄,5,Attitude(태도),전략적 윤리 리더십
16,기계,160211,조선해양기기설계,160211_L1,조선해양기기설계 기초 입문 및 업무 환경 지원,1,Knowledge(지식),조선해양기기설계 개론
16,기계,160211,조선해양기기설계,160211_L1,조선해양기기설계 기초 입문 및 업무 환경 지원,1,Knowledge(지식),표준 작업 지침서
16,기계,160211,조선해양기기설계,160211_L1,조선해양기기설계 기초 입문 및 업무 환경 지원,1,Knowledge(지식),기초 법령/규정
16,기계,160211,조선해양기기설계,160211_L1,조선해양기기설계 기초 입문 및 업무 환경 지원,1,Skill(기술/도구),기초 전산 툴 조작
16,기계,160211,조선해양기기설계,160211_L1,조선해양기기설계 기초 입문 및 업무 환경 지원,1,Skill(기술/도구),문서 서식 작성
16,기계,160211,조선해양기기설계,160211_L1,조선해양기기설계 기초 입문 및 업무 환경 지원,1,Skill(기술/도구),자료 검색 및 분류
16,기계,160211,조선해양기기설계,160211_L1,조선해양기기설계 기초 입문 및 업무 환경 지원,1,Attitude(태도),규정 준수 의식
16,기계,160211,조선해양기기설계,160211_L1,조선해양기기설계 기초 입문 및 업무 환경 지원,1,Attitude(태도),성실한 업무 지원 태도
16,기계,160211,조선해양기기설계,160211_L2,조선해양기기설계 초급 실무 및 정형 과업 수행,2,Knowledge(지식),조선해양기기설계 실무 프로세스
16,기계,160211,조선해양기기설계,160211_L2,조선해양기기설계 초급 실무 및 정형 과업 수행,2,Knowledge(지식),단위 업무 품질 기준
16,기계,160211,조선해양기기설계,160211_L2,조선해양기기설계 초급 실무 및 정형 과업 수행,2,Knowledge(지식),데이터 검증 기법
16,기계,160211,조선해양기기설계,160211_L2,조선해양기기설계 초급 실무 및 정형 과업 수행,2,Skill(기술/도구),실무 도구/SW 조작
16,기계,160211,조선해양기기설계,160211_L2,조선해양기기설계 초급 실무 및 정형 과업 수행,2,Skill(기술/도구),데이터 정제 및 가공
16,기계,160211,조선해양기기설계,160211_L2,조선해양기기설계 초급 실무 및 정형 과업 수행,2,Skill(기술/도구),단위 결과물 산출
16,기계,160211,조선해양기기설계,160211_L2,조선해양기기설계 초급 실무 및 정형 과업 수행,2,Attitude(태도),정확성과 꼼꼼함
16,기계,160211,조선해양기기설계,160211_L2,조선해양기기설계 초급 실무 및 정형 과업 수행,2,Attitude(태도),기한 준수 책임감
16,기계,160211,조선해양기기설계,160211_L3,조선해양기기설계 중급 독립 실무 및 문제해결 엔지니어링,3,Knowledge(지식),심화 모델링/설계 이론
16,기계,160211,조선해양기기설계,160211_L3,조선해양기기설계 중급 독립 실무 및 문제해결 엔지니어링,3,Knowledge(지식),성능 지표(KPI) 분석법
16,기계,160211,조선해양기기설계,160211_L3,조선해양기기설계 중급 독립 실무 및 문제해결 엔지니어링,3,Knowledge(지식),이슈 해결 방법론
16,기계,160211,조선해양기기설계,160211_L3,조선해양기기설계 중급 독립 실무 및 문제해결 엔지니어링,3,Skill(기술/도구),고급 도구/코드/기기 활용
16,기계,160211,조선해양기기설계,160211_L3,조선해양기기설계 중급 독립 실무 및 문제해결 엔지니어링,3,Skill(기술/도구),원인 분석 및 조치
16,기계,160211,조선해양기기설계,160211_L3,조선해양기기설계 중급 독립 실무 및 문제해결 엔지니어링,3,Skill(기술/도구),성과 분석 리포팅
16,기계,160211,조선해양기기설계,160211_L3,조선해양기기설계 중급 독립 실무 및 문제해결 엔지니어링,3,Attitude(태도),분석적 사고력
16,기계,160211,조선해양기기설계,160211_L3,조선해양기기설계 중급 독립 실무 및 문제해결 엔지니어링,3,Attitude(태도),타 부서와의 원활한 협업 소통
16,기계,160211,조선해양기기설계,160211_L4,조선해양기기설계 고급 전문화 및 프로젝트/팀 리딩,4,Knowledge(지식),신기술 융합 아키텍처
16,기계,160211,조선해양기기설계,160211_L4,조선해양기기설계 고급 전문화 및 프로젝트/팀 리딩,4,Knowledge(지식),프로젝트 관리론(PMBOK/Agile)
16,기계,160211,조선해양기기설계,160211_L4,조선해양기기설계 고급 전문화 및 프로젝트/팀 리딩,4,Knowledge(지식),품질보증(QA) 거버넌스
16,기계,160211,조선해양기기설계,160211_L4,조선해양기기설계 고급 전문화 및 프로젝트/팀 리딩,4,Skill(기술/도구),전체 시스템 아키텍처 설계
16,기계,160211,조선해양기기설계,160211_L4,조선해양기기설계 고급 전문화 및 프로젝트/팀 리딩,4,Skill(기술/도구),애자일 스프린트 리딩
16,기계,160211,조선해양기기설계,160211_L4,조선해양기기설계 고급 전문화 및 프로젝트/팀 리딩,4,Skill(기술/도구),신기술 PoC 검증
16,기계,160211,조선해양기기설계,160211_L4,조선해양기기설계 고급 전문화 및 프로젝트/팀 리딩,4,Attitude(태도),혁신 지향 리더십
16,기계,160211,조선해양기기설계,160211_L4,조선해양기기설계 고급 전문화 및 프로젝트/팀 리딩,4,Attitude(태도),동료 성장 멘토링 마인드
16,기계,160211,조선해양기기설계,160211_L5,조선해양기기설계 전략 기획 및 전사 거버넌스 총괄,5,Knowledge(지식),경영 전략 및 자본 예산 배분
16,기계,160211,조선해양기기설계,160211_L5,조선해양기기설계 전략 기획 및 전사 거버넌스 총괄,5,Knowledge(지식),국내외 규제 컴플라이언스
16,기계,160211,조선해양기기설계,160211_L5,조선해양기기설계 전략 기획 및 전사 거버넌스 총괄,5,Knowledge(지식),엔터프라이즈 거버넌스
16,기계,160211,조선해양기기설계,160211_L5,조선해양기기설계 전략 기획 및 전사 거버넌스 총괄,5,Skill(기술/도구),전사 로드맵 수립
16,기계,160211,조선해양기기설계,160211_L5,조선해양기기설계 전략 기획 및 전사 거버넌스 총괄,5,Skill(기술/도구),투자 대비 성과(ROI) 모델링
16,기계,160211,조선해양기기설계,160211_L5,조선해양기기설계 전략 기획 및 전사 거버넌스 총괄,5,Skill(기술/도구),최고 의사결정 전략 제언
16,기계,160211,조선해양기기설계,160211_L5,조선해양기기설계 전략 기획 및 전사 거버넌스 총괄,5,Attitude(태도),거시적 통찰력
16,기계,160211,조선해양기기설계,160211_L5,조선해양기기설계 전략 기획 및 전사 거버넌스 총괄,5,Attitude(태도),전략적 윤리 리더십
17,재료,170101,제선제강공정,170101_L1,제선제강공정 기초 입문 및 업무 환경 지원,1,Knowledge(지식),제선제강공정 개론
17,재료,170101,제선제강공정,170101_L1,제선제강공정 기초 입문 및 업무 환경 지원,1,Knowledge(지식),표준 작업 지침서
17,재료,170101,제선제강공정,170101_L1,제선제강공정 기초 입문 및 업무 환경 지원,1,Knowledge(지식),기초 법령/규정
17,재료,170101,제선제강공정,170101_L1,제선제강공정 기초 입문 및 업무 환경 지원,1,Skill(기술/도구),기초 전산 툴 조작
17,재료,170101,제선제강공정,170101_L1,제선제강공정 기초 입문 및 업무 환경 지원,1,Skill(기술/도구),문서 서식 작성
17,재료,170101,제선제강공정,170101_L1,제선제강공정 기초 입문 및 업무 환경 지원,1,Skill(기술/도구),자료 검색 및 분류
17,재료,170101,제선제강공정,170101_L1,제선제강공정 기초 입문 및 업무 환경 지원,1,Attitude(태도),규정 준수 의식
17,재료,170101,제선제강공정,170101_L1,제선제강공정 기초 입문 및 업무 환경 지원,1,Attitude(태도),성실한 업무 지원 태도
17,재료,170101,제선제강공정,170101_L2,제선제강공정 초급 실무 및 정형 과업 수행,2,Knowledge(지식),제선제강공정 실무 프로세스
17,재료,170101,제선제강공정,170101_L2,제선제강공정 초급 실무 및 정형 과업 수행,2,Knowledge(지식),단위 업무 품질 기준
17,재료,170101,제선제강공정,170101_L2,제선제강공정 초급 실무 및 정형 과업 수행,2,Knowledge(지식),데이터 검증 기법
17,재료,170101,제선제강공정,170101_L2,제선제강공정 초급 실무 및 정형 과업 수행,2,Skill(기술/도구),실무 도구/SW 조작
17,재료,170101,제선제강공정,170101_L2,제선제강공정 초급 실무 및 정형 과업 수행,2,Skill(기술/도구),데이터 정제 및 가공
17,재료,170101,제선제강공정,170101_L2,제선제강공정 초급 실무 및 정형 과업 수행,2,Skill(기술/도구),단위 결과물 산출
17,재료,170101,제선제강공정,170101_L2,제선제강공정 초급 실무 및 정형 과업 수행,2,Attitude(태도),정확성과 꼼꼼함
17,재료,170101,제선제강공정,170101_L2,제선제강공정 초급 실무 및 정형 과업 수행,2,Attitude(태도),기한 준수 책임감
17,재료,170101,제선제강공정,170101_L3,제선제강공정 중급 독립 실무 및 문제해결 엔지니어링,3,Knowledge(지식),심화 모델링/설계 이론
17,재료,170101,제선제강공정,170101_L3,제선제강공정 중급 독립 실무 및 문제해결 엔지니어링,3,Knowledge(지식),성능 지표(KPI) 분석법
17,재료,170101,제선제강공정,170101_L3,제선제강공정 중급 독립 실무 및 문제해결 엔지니어링,3,Knowledge(지식),이슈 해결 방법론
17,재료,170101,제선제강공정,170101_L3,제선제강공정 중급 독립 실무 및 문제해결 엔지니어링,3,Skill(기술/도구),고급 도구/코드/기기 활용
17,재료,170101,제선제강공정,170101_L3,제선제강공정 중급 독립 실무 및 문제해결 엔지니어링,3,Skill(기술/도구),원인 분석 및 조치
17,재료,170101,제선제강공정,170101_L3,제선제강공정 중급 독립 실무 및 문제해결 엔지니어링,3,Skill(기술/도구),성과 분석 리포팅
17,재료,170101,제선제강공정,170101_L3,제선제강공정 중급 독립 실무 및 문제해결 엔지니어링,3,Attitude(태도),분석적 사고력
17,재료,170101,제선제강공정,170101_L3,제선제강공정 중급 독립 실무 및 문제해결 엔지니어링,3,Attitude(태도),타 부서와의 원활한 협업 소통
17,재료,170101,제선제강공정,170101_L4,제선제강공정 고급 전문화 및 프로젝트/팀 리딩,4,Knowledge(지식),신기술 융합 아키텍처
17,재료,170101,제선제강공정,170101_L4,제선제강공정 고급 전문화 및 프로젝트/팀 리딩,4,Knowledge(지식),프로젝트 관리론(PMBOK/Agile)
17,재료,170101,제선제강공정,170101_L4,제선제강공정 고급 전문화 및 프로젝트/팀 리딩,4,Knowledge(지식),품질보증(QA) 거버넌스
17,재료,170101,제선제강공정,170101_L4,제선제강공정 고급 전문화 및 프로젝트/팀 리딩,4,Skill(기술/도구),전체 시스템 아키텍처 설계
17,재료,170101,제선제강공정,170101_L4,제선제강공정 고급 전문화 및 프로젝트/팀 리딩,4,Skill(기술/도구),애자일 스프린트 리딩
17,재료,170101,제선제강공정,170101_L4,제선제강공정 고급 전문화 및 프로젝트/팀 리딩,4,Skill(기술/도구),신기술 PoC 검증
17,재료,170101,제선제강공정,170101_L4,제선제강공정 고급 전문화 및 프로젝트/팀 리딩,4,Attitude(태도),혁신 지향 리더십
17,재료,170101,제선제강공정,170101_L4,제선제강공정 고급 전문화 및 프로젝트/팀 리딩,4,Attitude(태도),동료 성장 멘토링 마인드
17,재료,170101,제선제강공정,170101_L5,제선제강공정 전략 기획 및 전사 거버넌스 총괄,5,Knowledge(지식),경영 전략 및 자본 예산 배분
17,재료,170101,제선제강공정,170101_L5,제선제강공정 전략 기획 및 전사 거버넌스 총괄,5,Knowledge(지식),국내외 규제 컴플라이언스
17,재료,170101,제선제강공정,170101_L5,제선제강공정 전략 기획 및 전사 거버넌스 총괄,5,Knowledge(지식),엔터프라이즈 거버넌스
17,재료,170101,제선제강공정,170101_L5,제선제강공정 전략 기획 및 전사 거버넌스 총괄,5,Skill(기술/도구),전사 로드맵 수립
17,재료,170101,제선제강공정,170101_L5,제선제강공정 전략 기획 및 전사 거버넌스 총괄,5,Skill(기술/도구),투자 대비 성과(ROI) 모델링
17,재료,170101,제선제강공정,170101_L5,제선제강공정 전략 기획 및 전사 거버넌스 총괄,5,Skill(기술/도구),최고 의사결정 전략 제언
17,재료,170101,제선제강공정,170101_L5,제선제강공정 전략 기획 및 전사 거버넌스 총괄,5,Attitude(태도),거시적 통찰력
17,재료,170101,제선제강공정,170101_L5,제선제강공정 전략 기획 및 전사 거버넌스 총괄,5,Attitude(태도),전략적 윤리 리더십
17,재료,170102,금속열처리제어,170102_L1,금속열처리제어 기초 입문 및 업무 환경 지원,1,Knowledge(지식),금속열처리제어 개론
17,재료,170102,금속열처리제어,170102_L1,금속열처리제어 기초 입문 및 업무 환경 지원,1,Knowledge(지식),표준 작업 지침서
17,재료,170102,금속열처리제어,170102_L1,금속열처리제어 기초 입문 및 업무 환경 지원,1,Knowledge(지식),기초 법령/규정
17,재료,170102,금속열처리제어,170102_L1,금속열처리제어 기초 입문 및 업무 환경 지원,1,Skill(기술/도구),기초 전산 툴 조작
17,재료,170102,금속열처리제어,170102_L1,금속열처리제어 기초 입문 및 업무 환경 지원,1,Skill(기술/도구),문서 서식 작성
17,재료,170102,금속열처리제어,170102_L1,금속열처리제어 기초 입문 및 업무 환경 지원,1,Skill(기술/도구),자료 검색 및 분류
17,재료,170102,금속열처리제어,170102_L1,금속열처리제어 기초 입문 및 업무 환경 지원,1,Attitude(태도),규정 준수 의식
17,재료,170102,금속열처리제어,170102_L1,금속열처리제어 기초 입문 및 업무 환경 지원,1,Attitude(태도),성실한 업무 지원 태도
17,재료,170102,금속열처리제어,170102_L2,금속열처리제어 초급 실무 및 정형 과업 수행,2,Knowledge(지식),금속열처리제어 실무 프로세스
17,재료,170102,금속열처리제어,170102_L2,금속열처리제어 초급 실무 및 정형 과업 수행,2,Knowledge(지식),단위 업무 품질 기준
17,재료,170102,금속열처리제어,170102_L2,금속열처리제어 초급 실무 및 정형 과업 수행,2,Knowledge(지식),데이터 검증 기법
17,재료,170102,금속열처리제어,170102_L2,금속열처리제어 초급 실무 및 정형 과업 수행,2,Skill(기술/도구),실무 도구/SW 조작
17,재료,170102,금속열처리제어,170102_L2,금속열처리제어 초급 실무 및 정형 과업 수행,2,Skill(기술/도구),데이터 정제 및 가공
17,재료,170102,금속열처리제어,170102_L2,금속열처리제어 초급 실무 및 정형 과업 수행,2,Skill(기술/도구),단위 결과물 산출
17,재료,170102,금속열처리제어,170102_L2,금속열처리제어 초급 실무 및 정형 과업 수행,2,Attitude(태도),정확성과 꼼꼼함
17,재료,170102,금속열처리제어,170102_L2,금속열처리제어 초급 실무 및 정형 과업 수행,2,Attitude(태도),기한 준수 책임감
17,재료,170102,금속열처리제어,170102_L3,금속열처리제어 중급 독립 실무 및 문제해결 엔지니어링,3,Knowledge(지식),심화 모델링/설계 이론
17,재료,170102,금속열처리제어,170102_L3,금속열처리제어 중급 독립 실무 및 문제해결 엔지니어링,3,Knowledge(지식),성능 지표(KPI) 분석법
17,재료,170102,금속열처리제어,170102_L3,금속열처리제어 중급 독립 실무 및 문제해결 엔지니어링,3,Knowledge(지식),이슈 해결 방법론
17,재료,170102,금속열처리제어,170102_L3,금속열처리제어 중급 독립 실무 및 문제해결 엔지니어링,3,Skill(기술/도구),고급 도구/코드/기기 활용
17,재료,170102,금속열처리제어,170102_L3,금속열처리제어 중급 독립 실무 및 문제해결 엔지니어링,3,Skill(기술/도구),원인 분석 및 조치
17,재료,170102,금속열처리제어,170102_L3,금속열처리제어 중급 독립 실무 및 문제해결 엔지니어링,3,Skill(기술/도구),성과 분석 리포팅
17,재료,170102,금속열처리제어,170102_L3,금속열처리제어 중급 독립 실무 및 문제해결 엔지니어링,3,Attitude(태도),분석적 사고력
17,재료,170102,금속열처리제어,170102_L3,금속열처리제어 중급 독립 실무 및 문제해결 엔지니어링,3,Attitude(태도),타 부서와의 원활한 협업 소통
17,재료,170102,금속열처리제어,170102_L4,금속열처리제어 고급 전문화 및 프로젝트/팀 리딩,4,Knowledge(지식),신기술 융합 아키텍처
17,재료,170102,금속열처리제어,170102_L4,금속열처리제어 고급 전문화 및 프로젝트/팀 리딩,4,Knowledge(지식),프로젝트 관리론(PMBOK/Agile)
17,재료,170102,금속열처리제어,170102_L4,금속열처리제어 고급 전문화 및 프로젝트/팀 리딩,4,Knowledge(지식),품질보증(QA) 거버넌스
17,재료,170102,금속열처리제어,170102_L4,금속열처리제어 고급 전문화 및 프로젝트/팀 리딩,4,Skill(기술/도구),전체 시스템 아키텍처 설계
17,재료,170102,금속열처리제어,170102_L4,금속열처리제어 고급 전문화 및 프로젝트/팀 리딩,4,Skill(기술/도구),애자일 스프린트 리딩
17,재료,170102,금속열처리제어,170102_L4,금속열처리제어 고급 전문화 및 프로젝트/팀 리딩,4,Skill(기술/도구),신기술 PoC 검증
17,재료,170102,금속열처리제어,170102_L4,금속열처리제어 고급 전문화 및 프로젝트/팀 리딩,4,Attitude(태도),혁신 지향 리더십
17,재료,170102,금속열처리제어,170102_L4,금속열처리제어 고급 전문화 및 프로젝트/팀 리딩,4,Attitude(태도),동료 성장 멘토링 마인드
17,재료,170102,금속열처리제어,170102_L5,금속열처리제어 전략 기획 및 전사 거버넌스 총괄,5,Knowledge(지식),경영 전략 및 자본 예산 배분
17,재료,170102,금속열처리제어,170102_L5,금속열처리제어 전략 기획 및 전사 거버넌스 총괄,5,Knowledge(지식),국내외 규제 컴플라이언스
17,재료,170102,금속열처리제어,170102_L5,금속열처리제어 전략 기획 및 전사 거버넌스 총괄,5,Knowledge(지식),엔터프라이즈 거버넌스
17,재료,170102,금속열처리제어,170102_L5,금속열처리제어 전략 기획 및 전사 거버넌스 총괄,5,Skill(기술/도구),전사 로드맵 수립
17,재료,170102,금속열처리제어,170102_L5,금속열처리제어 전략 기획 및 전사 거버넌스 총괄,5,Skill(기술/도구),투자 대비 성과(ROI) 모델링
17,재료,170102,금속열처리제어,170102_L5,금속열처리제어 전략 기획 및 전사 거버넌스 총괄,5,Skill(기술/도구),최고 의사결정 전략 제언
17,재료,170102,금속열처리제어,170102_L5,금속열처리제어 전략 기획 및 전사 거버넌스 총괄,5,Attitude(태도),거시적 통찰력
17,재료,170102,금속열처리제어,170102_L5,금속열처리제어 전략 기획 및 전사 거버넌스 총괄,5,Attitude(태도),전략적 윤리 리더십
17,재료,170103,도금표면처리,170103_L1,도금표면처리 기초 입문 및 업무 환경 지원,1,Knowledge(지식),도금표면처리 개론
17,재료,170103,도금표면처리,170103_L1,도금표면처리 기초 입문 및 업무 환경 지원,1,Knowledge(지식),표준 작업 지침서
17,재료,170103,도금표면처리,170103_L1,도금표면처리 기초 입문 및 업무 환경 지원,1,Knowledge(지식),기초 법령/규정
17,재료,170103,도금표면처리,170103_L1,도금표면처리 기초 입문 및 업무 환경 지원,1,Skill(기술/도구),기초 전산 툴 조작
17,재료,170103,도금표면처리,170103_L1,도금표면처리 기초 입문 및 업무 환경 지원,1,Skill(기술/도구),문서 서식 작성
17,재료,170103,도금표면처리,170103_L1,도금표면처리 기초 입문 및 업무 환경 지원,1,Skill(기술/도구),자료 검색 및 분류
17,재료,170103,도금표면처리,170103_L1,도금표면처리 기초 입문 및 업무 환경 지원,1,Attitude(태도),규정 준수 의식
17,재료,170103,도금표면처리,170103_L1,도금표면처리 기초 입문 및 업무 환경 지원,1,Attitude(태도),성실한 업무 지원 태도
17,재료,170103,도금표면처리,170103_L2,도금표면처리 초급 실무 및 정형 과업 수행,2,Knowledge(지식),도금표면처리 실무 프로세스
17,재료,170103,도금표면처리,170103_L2,도금표면처리 초급 실무 및 정형 과업 수행,2,Knowledge(지식),단위 업무 품질 기준
17,재료,170103,도금표면처리,170103_L2,도금표면처리 초급 실무 및 정형 과업 수행,2,Knowledge(지식),데이터 검증 기법
17,재료,170103,도금표면처리,170103_L2,도금표면처리 초급 실무 및 정형 과업 수행,2,Skill(기술/도구),실무 도구/SW 조작
17,재료,170103,도금표면처리,170103_L2,도금표면처리 초급 실무 및 정형 과업 수행,2,Skill(기술/도구),데이터 정제 및 가공
17,재료,170103,도금표면처리,170103_L2,도금표면처리 초급 실무 및 정형 과업 수행,2,Skill(기술/도구),단위 결과물 산출
17,재료,170103,도금표면처리,170103_L2,도금표면처리 초급 실무 및 정형 과업 수행,2,Attitude(태도),정확성과 꼼꼼함
17,재료,170103,도금표면처리,170103_L2,도금표면처리 초급 실무 및 정형 과업 수행,2,Attitude(태도),기한 준수 책임감
17,재료,170103,도금표면처리,170103_L3,도금표면처리 중급 독립 실무 및 문제해결 엔지니어링,3,Knowledge(지식),심화 모델링/설계 이론
17,재료,170103,도금표면처리,170103_L3,도금표면처리 중급 독립 실무 및 문제해결 엔지니어링,3,Knowledge(지식),성능 지표(KPI) 분석법
17,재료,170103,도금표면처리,170103_L3,도금표면처리 중급 독립 실무 및 문제해결 엔지니어링,3,Knowledge(지식),이슈 해결 방법론
17,재료,170103,도금표면처리,170103_L3,도금표면처리 중급 독립 실무 및 문제해결 엔지니어링,3,Skill(기술/도구),고급 도구/코드/기기 활용
17,재료,170103,도금표면처리,170103_L3,도금표면처리 중급 독립 실무 및 문제해결 엔지니어링,3,Skill(기술/도구),원인 분석 및 조치
17,재료,170103,도금표면처리,170103_L3,도금표면처리 중급 독립 실무 및 문제해결 엔지니어링,3,Skill(기술/도구),성과 분석 리포팅
17,재료,170103,도금표면처리,170103_L3,도금표면처리 중급 독립 실무 및 문제해결 엔지니어링,3,Attitude(태도),분석적 사고력
17,재료,170103,도금표면처리,170103_L3,도금표면처리 중급 독립 실무 및 문제해결 엔지니어링,3,Attitude(태도),타 부서와의 원활한 협업 소통
17,재료,170103,도금표면처리,170103_L4,도금표면처리 고급 전문화 및 프로젝트/팀 리딩,4,Knowledge(지식),신기술 융합 아키텍처
17,재료,170103,도금표면처리,170103_L4,도금표면처리 고급 전문화 및 프로젝트/팀 리딩,4,Knowledge(지식),프로젝트 관리론(PMBOK/Agile)
17,재료,170103,도금표면처리,170103_L4,도금표면처리 고급 전문화 및 프로젝트/팀 리딩,4,Knowledge(지식),품질보증(QA) 거버넌스
17,재료,170103,도금표면처리,170103_L4,도금표면처리 고급 전문화 및 프로젝트/팀 리딩,4,Skill(기술/도구),전체 시스템 아키텍처 설계
17,재료,170103,도금표면처리,170103_L4,도금표면처리 고급 전문화 및 프로젝트/팀 리딩,4,Skill(기술/도구),애자일 스프린트 리딩
17,재료,170103,도금표면처리,170103_L4,도금표면처리 고급 전문화 및 프로젝트/팀 리딩,4,Skill(기술/도구),신기술 PoC 검증
17,재료,170103,도금표면처리,170103_L4,도금표면처리 고급 전문화 및 프로젝트/팀 리딩,4,Attitude(태도),혁신 지향 리더십
17,재료,170103,도금표면처리,170103_L4,도금표면처리 고급 전문화 및 프로젝트/팀 리딩,4,Attitude(태도),동료 성장 멘토링 마인드
17,재료,170103,도금표면처리,170103_L5,도금표면처리 전략 기획 및 전사 거버넌스 총괄,5,Knowledge(지식),경영 전략 및 자본 예산 배분
17,재료,170103,도금표면처리,170103_L5,도금표면처리 전략 기획 및 전사 거버넌스 총괄,5,Knowledge(지식),국내외 규제 컴플라이언스
17,재료,170103,도금표면처리,170103_L5,도금표면처리 전략 기획 및 전사 거버넌스 총괄,5,Knowledge(지식),엔터프라이즈 거버넌스
17,재료,170103,도금표면처리,170103_L5,도금표면처리 전략 기획 및 전사 거버넌스 총괄,5,Skill(기술/도구),전사 로드맵 수립
17,재료,170103,도금표면처리,170103_L5,도금표면처리 전략 기획 및 전사 거버넌스 총괄,5,Skill(기술/도구),투자 대비 성과(ROI) 모델링
17,재료,170103,도금표면처리,170103_L5,도금표면처리 전략 기획 및 전사 거버넌스 총괄,5,Skill(기술/도구),최고 의사결정 전략 제언
17,재료,170103,도금표면처리,170103_L5,도금표면처리 전략 기획 및 전사 거버넌스 총괄,5,Attitude(태도),거시적 통찰력
17,재료,170103,도금표면처리,170103_L5,도금표면처리 전략 기획 및 전사 거버넌스 총괄,5,Attitude(태도),전략적 윤리 리더십
17,재료,170104,비철금속가공,170104_L1,비철금속가공 기초 입문 및 업무 환경 지원,1,Knowledge(지식),비철금속가공 개론
17,재료,170104,비철금속가공,170104_L1,비철금속가공 기초 입문 및 업무 환경 지원,1,Knowledge(지식),표준 작업 지침서
17,재료,170104,비철금속가공,170104_L1,비철금속가공 기초 입문 및 업무 환경 지원,1,Knowledge(지식),기초 법령/규정
17,재료,170104,비철금속가공,170104_L1,비철금속가공 기초 입문 및 업무 환경 지원,1,Skill(기술/도구),기초 전산 툴 조작
17,재료,170104,비철금속가공,170104_L1,비철금속가공 기초 입문 및 업무 환경 지원,1,Skill(기술/도구),문서 서식 작성
17,재료,170104,비철금속가공,170104_L1,비철금속가공 기초 입문 및 업무 환경 지원,1,Skill(기술/도구),자료 검색 및 분류
17,재료,170104,비철금속가공,170104_L1,비철금속가공 기초 입문 및 업무 환경 지원,1,Attitude(태도),규정 준수 의식
17,재료,170104,비철금속가공,170104_L1,비철금속가공 기초 입문 및 업무 환경 지원,1,Attitude(태도),성실한 업무 지원 태도
17,재료,170104,비철금속가공,170104_L2,비철금속가공 초급 실무 및 정형 과업 수행,2,Knowledge(지식),비철금속가공 실무 프로세스
17,재료,170104,비철금속가공,170104_L2,비철금속가공 초급 실무 및 정형 과업 수행,2,Knowledge(지식),단위 업무 품질 기준
17,재료,170104,비철금속가공,170104_L2,비철금속가공 초급 실무 및 정형 과업 수행,2,Knowledge(지식),데이터 검증 기법
17,재료,170104,비철금속가공,170104_L2,비철금속가공 초급 실무 및 정형 과업 수행,2,Skill(기술/도구),실무 도구/SW 조작
17,재료,170104,비철금속가공,170104_L2,비철금속가공 초급 실무 및 정형 과업 수행,2,Skill(기술/도구),데이터 정제 및 가공
17,재료,170104,비철금속가공,170104_L2,비철금속가공 초급 실무 및 정형 과업 수행,2,Skill(기술/도구),단위 결과물 산출
17,재료,170104,비철금속가공,170104_L2,비철금속가공 초급 실무 및 정형 과업 수행,2,Attitude(태도),정확성과 꼼꼼함
17,재료,170104,비철금속가공,170104_L2,비철금속가공 초급 실무 및 정형 과업 수행,2,Attitude(태도),기한 준수 책임감
17,재료,170104,비철금속가공,170104_L3,비철금속가공 중급 독립 실무 및 문제해결 엔지니어링,3,Knowledge(지식),심화 모델링/설계 이론
17,재료,170104,비철금속가공,170104_L3,비철금속가공 중급 독립 실무 및 문제해결 엔지니어링,3,Knowledge(지식),성능 지표(KPI) 분석법
17,재료,170104,비철금속가공,170104_L3,비철금속가공 중급 독립 실무 및 문제해결 엔지니어링,3,Knowledge(지식),이슈 해결 방법론
17,재료,170104,비철금속가공,170104_L3,비철금속가공 중급 독립 실무 및 문제해결 엔지니어링,3,Skill(기술/도구),고급 도구/코드/기기 활용
17,재료,170104,비철금속가공,170104_L3,비철금속가공 중급 독립 실무 및 문제해결 엔지니어링,3,Skill(기술/도구),원인 분석 및 조치
17,재료,170104,비철금속가공,170104_L3,비철금속가공 중급 독립 실무 및 문제해결 엔지니어링,3,Skill(기술/도구),성과 분석 리포팅
17,재료,170104,비철금속가공,170104_L3,비철금속가공 중급 독립 실무 및 문제해결 엔지니어링,3,Attitude(태도),분석적 사고력
17,재료,170104,비철금속가공,170104_L3,비철금속가공 중급 독립 실무 및 문제해결 엔지니어링,3,Attitude(태도),타 부서와의 원활한 협업 소통
17,재료,170104,비철금속가공,170104_L4,비철금속가공 고급 전문화 및 프로젝트/팀 리딩,4,Knowledge(지식),신기술 융합 아키텍처
17,재료,170104,비철금속가공,170104_L4,비철금속가공 고급 전문화 및 프로젝트/팀 리딩,4,Knowledge(지식),프로젝트 관리론(PMBOK/Agile)
17,재료,170104,비철금속가공,170104_L4,비철금속가공 고급 전문화 및 프로젝트/팀 리딩,4,Knowledge(지식),품질보증(QA) 거버넌스
17,재료,170104,비철금속가공,170104_L4,비철금속가공 고급 전문화 및 프로젝트/팀 리딩,4,Skill(기술/도구),전체 시스템 아키텍처 설계
17,재료,170104,비철금속가공,170104_L4,비철금속가공 고급 전문화 및 프로젝트/팀 리딩,4,Skill(기술/도구),애자일 스프린트 리딩
17,재료,170104,비철금속가공,170104_L4,비철금속가공 고급 전문화 및 프로젝트/팀 리딩,4,Skill(기술/도구),신기술 PoC 검증
17,재료,170104,비철금속가공,170104_L4,비철금속가공 고급 전문화 및 프로젝트/팀 리딩,4,Attitude(태도),혁신 지향 리더십
17,재료,170104,비철금속가공,170104_L4,비철금속가공 고급 전문화 및 프로젝트/팀 리딩,4,Attitude(태도),동료 성장 멘토링 마인드
17,재료,170104,비철금속가공,170104_L5,비철금속가공 전략 기획 및 전사 거버넌스 총괄,5,Knowledge(지식),경영 전략 및 자본 예산 배분
17,재료,170104,비철금속가공,170104_L5,비철금속가공 전략 기획 및 전사 거버넌스 총괄,5,Knowledge(지식),국내외 규제 컴플라이언스
17,재료,170104,비철금속가공,170104_L5,비철금속가공 전략 기획 및 전사 거버넌스 총괄,5,Knowledge(지식),엔터프라이즈 거버넌스
17,재료,170104,비철금속가공,170104_L5,비철금속가공 전략 기획 및 전사 거버넌스 총괄,5,Skill(기술/도구),전사 로드맵 수립
17,재료,170104,비철금속가공,170104_L5,비철금속가공 전략 기획 및 전사 거버넌스 총괄,5,Skill(기술/도구),투자 대비 성과(ROI) 모델링
17,재료,170104,비철금속가공,170104_L5,비철금속가공 전략 기획 및 전사 거버넌스 총괄,5,Skill(기술/도구),최고 의사결정 전략 제언
17,재료,170104,비철금속가공,170104_L5,비철금속가공 전략 기획 및 전사 거버넌스 총괄,5,Attitude(태도),거시적 통찰력
17,재료,170104,비철금속가공,170104_L5,비철금속가공 전략 기획 및 전사 거버넌스 총괄,5,Attitude(태도),전략적 윤리 리더십
17,재료,170105,신소재물성평가,170105_L1,신소재물성평가 기초 입문 및 업무 환경 지원,1,Knowledge(지식),신소재물성평가 개론
17,재료,170105,신소재물성평가,170105_L1,신소재물성평가 기초 입문 및 업무 환경 지원,1,Knowledge(지식),표준 작업 지침서
17,재료,170105,신소재물성평가,170105_L1,신소재물성평가 기초 입문 및 업무 환경 지원,1,Knowledge(지식),기초 법령/규정
17,재료,170105,신소재물성평가,170105_L1,신소재물성평가 기초 입문 및 업무 환경 지원,1,Skill(기술/도구),기초 전산 툴 조작
17,재료,170105,신소재물성평가,170105_L1,신소재물성평가 기초 입문 및 업무 환경 지원,1,Skill(기술/도구),문서 서식 작성
17,재료,170105,신소재물성평가,170105_L1,신소재물성평가 기초 입문 및 업무 환경 지원,1,Skill(기술/도구),자료 검색 및 분류
17,재료,170105,신소재물성평가,170105_L1,신소재물성평가 기초 입문 및 업무 환경 지원,1,Attitude(태도),규정 준수 의식
17,재료,170105,신소재물성평가,170105_L1,신소재물성평가 기초 입문 및 업무 환경 지원,1,Attitude(태도),성실한 업무 지원 태도
17,재료,170105,신소재물성평가,170105_L2,신소재물성평가 초급 실무 및 정형 과업 수행,2,Knowledge(지식),신소재물성평가 실무 프로세스
17,재료,170105,신소재물성평가,170105_L2,신소재물성평가 초급 실무 및 정형 과업 수행,2,Knowledge(지식),단위 업무 품질 기준
17,재료,170105,신소재물성평가,170105_L2,신소재물성평가 초급 실무 및 정형 과업 수행,2,Knowledge(지식),데이터 검증 기법
17,재료,170105,신소재물성평가,170105_L2,신소재물성평가 초급 실무 및 정형 과업 수행,2,Skill(기술/도구),실무 도구/SW 조작
17,재료,170105,신소재물성평가,170105_L2,신소재물성평가 초급 실무 및 정형 과업 수행,2,Skill(기술/도구),데이터 정제 및 가공
17,재료,170105,신소재물성평가,170105_L2,신소재물성평가 초급 실무 및 정형 과업 수행,2,Skill(기술/도구),단위 결과물 산출
17,재료,170105,신소재물성평가,170105_L2,신소재물성평가 초급 실무 및 정형 과업 수행,2,Attitude(태도),정확성과 꼼꼼함
17,재료,170105,신소재물성평가,170105_L2,신소재물성평가 초급 실무 및 정형 과업 수행,2,Attitude(태도),기한 준수 책임감
17,재료,170105,신소재물성평가,170105_L3,신소재물성평가 중급 독립 실무 및 문제해결 엔지니어링,3,Knowledge(지식),심화 모델링/설계 이론
17,재료,170105,신소재물성평가,170105_L3,신소재물성평가 중급 독립 실무 및 문제해결 엔지니어링,3,Knowledge(지식),성능 지표(KPI) 분석법
17,재료,170105,신소재물성평가,170105_L3,신소재물성평가 중급 독립 실무 및 문제해결 엔지니어링,3,Knowledge(지식),이슈 해결 방법론
17,재료,170105,신소재물성평가,170105_L3,신소재물성평가 중급 독립 실무 및 문제해결 엔지니어링,3,Skill(기술/도구),고급 도구/코드/기기 활용
17,재료,170105,신소재물성평가,170105_L3,신소재물성평가 중급 독립 실무 및 문제해결 엔지니어링,3,Skill(기술/도구),원인 분석 및 조치
17,재료,170105,신소재물성평가,170105_L3,신소재물성평가 중급 독립 실무 및 문제해결 엔지니어링,3,Skill(기술/도구),성과 분석 리포팅
17,재료,170105,신소재물성평가,170105_L3,신소재물성평가 중급 독립 실무 및 문제해결 엔지니어링,3,Attitude(태도),분석적 사고력
17,재료,170105,신소재물성평가,170105_L3,신소재물성평가 중급 독립 실무 및 문제해결 엔지니어링,3,Attitude(태도),타 부서와의 원활한 협업 소통
17,재료,170105,신소재물성평가,170105_L4,신소재물성평가 고급 전문화 및 프로젝트/팀 리딩,4,Knowledge(지식),신기술 융합 아키텍처
17,재료,170105,신소재물성평가,170105_L4,신소재물성평가 고급 전문화 및 프로젝트/팀 리딩,4,Knowledge(지식),프로젝트 관리론(PMBOK/Agile)
17,재료,170105,신소재물성평가,170105_L4,신소재물성평가 고급 전문화 및 프로젝트/팀 리딩,4,Knowledge(지식),품질보증(QA) 거버넌스
17,재료,170105,신소재물성평가,170105_L4,신소재물성평가 고급 전문화 및 프로젝트/팀 리딩,4,Skill(기술/도구),전체 시스템 아키텍처 설계
17,재료,170105,신소재물성평가,170105_L4,신소재물성평가 고급 전문화 및 프로젝트/팀 리딩,4,Skill(기술/도구),애자일 스프린트 리딩
17,재료,170105,신소재물성평가,170105_L4,신소재물성평가 고급 전문화 및 프로젝트/팀 리딩,4,Skill(기술/도구),신기술 PoC 검증
17,재료,170105,신소재물성평가,170105_L4,신소재물성평가 고급 전문화 및 프로젝트/팀 리딩,4,Attitude(태도),혁신 지향 리더십
17,재료,170105,신소재물성평가,170105_L4,신소재물성평가 고급 전문화 및 프로젝트/팀 리딩,4,Attitude(태도),동료 성장 멘토링 마인드
17,재료,170105,신소재물성평가,170105_L5,신소재물성평가 전략 기획 및 전사 거버넌스 총괄,5,Knowledge(지식),경영 전략 및 자본 예산 배분
17,재료,170105,신소재물성평가,170105_L5,신소재물성평가 전략 기획 및 전사 거버넌스 총괄,5,Knowledge(지식),국내외 규제 컴플라이언스
17,재료,170105,신소재물성평가,170105_L5,신소재물성평가 전략 기획 및 전사 거버넌스 총괄,5,Knowledge(지식),엔터프라이즈 거버넌스
17,재료,170105,신소재물성평가,170105_L5,신소재물성평가 전략 기획 및 전사 거버넌스 총괄,5,Skill(기술/도구),전사 로드맵 수립
17,재료,170105,신소재물성평가,170105_L5,신소재물성평가 전략 기획 및 전사 거버넌스 총괄,5,Skill(기술/도구),투자 대비 성과(ROI) 모델링
17,재료,170105,신소재물성평가,170105_L5,신소재물성평가 전략 기획 및 전사 거버넌스 총괄,5,Skill(기술/도구),최고 의사결정 전략 제언
17,재료,170105,신소재물성평가,170105_L5,신소재물성평가 전략 기획 및 전사 거버넌스 총괄,5,Attitude(태도),거시적 통찰력
17,재료,170105,신소재물성평가,170105_L5,신소재물성평가 전략 기획 및 전사 거버넌스 총괄,5,Attitude(태도),전략적 윤리 리더십
17,재료,170206,이차전지양극재개발,170206_L1,이차전지양극재개발 기초 입문 및 업무 환경 지원,1,Knowledge(지식),이차전지양극재개발 개론
17,재료,170206,이차전지양극재개발,170206_L1,이차전지양극재개발 기초 입문 및 업무 환경 지원,1,Knowledge(지식),표준 작업 지침서
17,재료,170206,이차전지양극재개발,170206_L1,이차전지양극재개발 기초 입문 및 업무 환경 지원,1,Knowledge(지식),기초 법령/규정
17,재료,170206,이차전지양극재개발,170206_L1,이차전지양극재개발 기초 입문 및 업무 환경 지원,1,Skill(기술/도구),기초 전산 툴 조작
17,재료,170206,이차전지양극재개발,170206_L1,이차전지양극재개발 기초 입문 및 업무 환경 지원,1,Skill(기술/도구),문서 서식 작성
17,재료,170206,이차전지양극재개발,170206_L1,이차전지양극재개발 기초 입문 및 업무 환경 지원,1,Skill(기술/도구),자료 검색 및 분류
17,재료,170206,이차전지양극재개발,170206_L1,이차전지양극재개발 기초 입문 및 업무 환경 지원,1,Attitude(태도),규정 준수 의식
17,재료,170206,이차전지양극재개발,170206_L1,이차전지양극재개발 기초 입문 및 업무 환경 지원,1,Attitude(태도),성실한 업무 지원 태도
17,재료,170206,이차전지양극재개발,170206_L2,이차전지양극재개발 초급 실무 및 정형 과업 수행,2,Knowledge(지식),이차전지양극재개발 실무 프로세스
17,재료,170206,이차전지양극재개발,170206_L2,이차전지양극재개발 초급 실무 및 정형 과업 수행,2,Knowledge(지식),단위 업무 품질 기준
17,재료,170206,이차전지양극재개발,170206_L2,이차전지양극재개발 초급 실무 및 정형 과업 수행,2,Knowledge(지식),데이터 검증 기법
17,재료,170206,이차전지양극재개발,170206_L2,이차전지양극재개발 초급 실무 및 정형 과업 수행,2,Skill(기술/도구),실무 도구/SW 조작
17,재료,170206,이차전지양극재개발,170206_L2,이차전지양극재개발 초급 실무 및 정형 과업 수행,2,Skill(기술/도구),데이터 정제 및 가공
17,재료,170206,이차전지양극재개발,170206_L2,이차전지양극재개발 초급 실무 및 정형 과업 수행,2,Skill(기술/도구),단위 결과물 산출
17,재료,170206,이차전지양극재개발,170206_L2,이차전지양극재개발 초급 실무 및 정형 과업 수행,2,Attitude(태도),정확성과 꼼꼼함
17,재료,170206,이차전지양극재개발,170206_L2,이차전지양극재개발 초급 실무 및 정형 과업 수행,2,Attitude(태도),기한 준수 책임감
17,재료,170206,이차전지양극재개발,170206_L3,이차전지양극재개발 중급 독립 실무 및 문제해결 엔지니어링,3,Knowledge(지식),심화 모델링/설계 이론
17,재료,170206,이차전지양극재개발,170206_L3,이차전지양극재개발 중급 독립 실무 및 문제해결 엔지니어링,3,Knowledge(지식),성능 지표(KPI) 분석법
17,재료,170206,이차전지양극재개발,170206_L3,이차전지양극재개발 중급 독립 실무 및 문제해결 엔지니어링,3,Knowledge(지식),이슈 해결 방법론
17,재료,170206,이차전지양극재개발,170206_L3,이차전지양극재개발 중급 독립 실무 및 문제해결 엔지니어링,3,Skill(기술/도구),고급 도구/코드/기기 활용
17,재료,170206,이차전지양극재개발,170206_L3,이차전지양극재개발 중급 독립 실무 및 문제해결 엔지니어링,3,Skill(기술/도구),원인 분석 및 조치
17,재료,170206,이차전지양극재개발,170206_L3,이차전지양극재개발 중급 독립 실무 및 문제해결 엔지니어링,3,Skill(기술/도구),성과 분석 리포팅
17,재료,170206,이차전지양극재개발,170206_L3,이차전지양극재개발 중급 독립 실무 및 문제해결 엔지니어링,3,Attitude(태도),분석적 사고력
17,재료,170206,이차전지양극재개발,170206_L3,이차전지양극재개발 중급 독립 실무 및 문제해결 엔지니어링,3,Attitude(태도),타 부서와의 원활한 협업 소통
17,재료,170206,이차전지양극재개발,170206_L4,이차전지양극재개발 고급 전문화 및 프로젝트/팀 리딩,4,Knowledge(지식),신기술 융합 아키텍처
17,재료,170206,이차전지양극재개발,170206_L4,이차전지양극재개발 고급 전문화 및 프로젝트/팀 리딩,4,Knowledge(지식),프로젝트 관리론(PMBOK/Agile)
17,재료,170206,이차전지양극재개발,170206_L4,이차전지양극재개발 고급 전문화 및 프로젝트/팀 리딩,4,Knowledge(지식),품질보증(QA) 거버넌스
17,재료,170206,이차전지양극재개발,170206_L4,이차전지양극재개발 고급 전문화 및 프로젝트/팀 리딩,4,Skill(기술/도구),전체 시스템 아키텍처 설계
17,재료,170206,이차전지양극재개발,170206_L4,이차전지양극재개발 고급 전문화 및 프로젝트/팀 리딩,4,Skill(기술/도구),애자일 스프린트 리딩
17,재료,170206,이차전지양극재개발,170206_L4,이차전지양극재개발 고급 전문화 및 프로젝트/팀 리딩,4,Skill(기술/도구),신기술 PoC 검증
17,재료,170206,이차전지양극재개발,170206_L4,이차전지양극재개발 고급 전문화 및 프로젝트/팀 리딩,4,Attitude(태도),혁신 지향 리더십
17,재료,170206,이차전지양극재개발,170206_L4,이차전지양극재개발 고급 전문화 및 프로젝트/팀 리딩,4,Attitude(태도),동료 성장 멘토링 마인드
17,재료,170206,이차전지양극재개발,170206_L5,이차전지양극재개발 전략 기획 및 전사 거버넌스 총괄,5,Knowledge(지식),경영 전략 및 자본 예산 배분
17,재료,170206,이차전지양극재개발,170206_L5,이차전지양극재개발 전략 기획 및 전사 거버넌스 총괄,5,Knowledge(지식),국내외 규제 컴플라이언스
17,재료,170206,이차전지양극재개발,170206_L5,이차전지양극재개발 전략 기획 및 전사 거버넌스 총괄,5,Knowledge(지식),엔터프라이즈 거버넌스
17,재료,170206,이차전지양극재개발,170206_L5,이차전지양극재개발 전략 기획 및 전사 거버넌스 총괄,5,Skill(기술/도구),전사 로드맵 수립
17,재료,170206,이차전지양극재개발,170206_L5,이차전지양극재개발 전략 기획 및 전사 거버넌스 총괄,5,Skill(기술/도구),투자 대비 성과(ROI) 모델링
17,재료,170206,이차전지양극재개발,170206_L5,이차전지양극재개발 전략 기획 및 전사 거버넌스 총괄,5,Skill(기술/도구),최고 의사결정 전략 제언
17,재료,170206,이차전지양극재개발,170206_L5,이차전지양극재개발 전략 기획 및 전사 거버넌스 총괄,5,Attitude(태도),거시적 통찰력
17,재료,170206,이차전지양극재개발,170206_L5,이차전지양극재개발 전략 기획 및 전사 거버넌스 총괄,5,Attitude(태도),전략적 윤리 리더십
17,재료,170207,이차전지음극재개발,170207_L1,이차전지음극재개발 기초 입문 및 업무 환경 지원,1,Knowledge(지식),이차전지음극재개발 개론
17,재료,170207,이차전지음극재개발,170207_L1,이차전지음극재개발 기초 입문 및 업무 환경 지원,1,Knowledge(지식),표준 작업 지침서
17,재료,170207,이차전지음극재개발,170207_L1,이차전지음극재개발 기초 입문 및 업무 환경 지원,1,Knowledge(지식),기초 법령/규정
17,재료,170207,이차전지음극재개발,170207_L1,이차전지음극재개발 기초 입문 및 업무 환경 지원,1,Skill(기술/도구),기초 전산 툴 조작
17,재료,170207,이차전지음극재개발,170207_L1,이차전지음극재개발 기초 입문 및 업무 환경 지원,1,Skill(기술/도구),문서 서식 작성
17,재료,170207,이차전지음극재개발,170207_L1,이차전지음극재개발 기초 입문 및 업무 환경 지원,1,Skill(기술/도구),자료 검색 및 분류
17,재료,170207,이차전지음극재개발,170207_L1,이차전지음극재개발 기초 입문 및 업무 환경 지원,1,Attitude(태도),규정 준수 의식
17,재료,170207,이차전지음극재개발,170207_L1,이차전지음극재개발 기초 입문 및 업무 환경 지원,1,Attitude(태도),성실한 업무 지원 태도
17,재료,170207,이차전지음극재개발,170207_L2,이차전지음극재개발 초급 실무 및 정형 과업 수행,2,Knowledge(지식),이차전지음극재개발 실무 프로세스
17,재료,170207,이차전지음극재개발,170207_L2,이차전지음극재개발 초급 실무 및 정형 과업 수행,2,Knowledge(지식),단위 업무 품질 기준
17,재료,170207,이차전지음극재개발,170207_L2,이차전지음극재개발 초급 실무 및 정형 과업 수행,2,Knowledge(지식),데이터 검증 기법
17,재료,170207,이차전지음극재개발,170207_L2,이차전지음극재개발 초급 실무 및 정형 과업 수행,2,Skill(기술/도구),실무 도구/SW 조작
17,재료,170207,이차전지음극재개발,170207_L2,이차전지음극재개발 초급 실무 및 정형 과업 수행,2,Skill(기술/도구),데이터 정제 및 가공
17,재료,170207,이차전지음극재개발,170207_L2,이차전지음극재개발 초급 실무 및 정형 과업 수행,2,Skill(기술/도구),단위 결과물 산출
17,재료,170207,이차전지음극재개발,170207_L2,이차전지음극재개발 초급 실무 및 정형 과업 수행,2,Attitude(태도),정확성과 꼼꼼함
17,재료,170207,이차전지음극재개발,170207_L2,이차전지음극재개발 초급 실무 및 정형 과업 수행,2,Attitude(태도),기한 준수 책임감
17,재료,170207,이차전지음극재개발,170207_L3,이차전지음극재개발 중급 독립 실무 및 문제해결 엔지니어링,3,Knowledge(지식),심화 모델링/설계 이론
17,재료,170207,이차전지음극재개발,170207_L3,이차전지음극재개발 중급 독립 실무 및 문제해결 엔지니어링,3,Knowledge(지식),성능 지표(KPI) 분석법
17,재료,170207,이차전지음극재개발,170207_L3,이차전지음극재개발 중급 독립 실무 및 문제해결 엔지니어링,3,Knowledge(지식),이슈 해결 방법론
17,재료,170207,이차전지음극재개발,170207_L3,이차전지음극재개발 중급 독립 실무 및 문제해결 엔지니어링,3,Skill(기술/도구),고급 도구/코드/기기 활용
17,재료,170207,이차전지음극재개발,170207_L3,이차전지음극재개발 중급 독립 실무 및 문제해결 엔지니어링,3,Skill(기술/도구),원인 분석 및 조치
17,재료,170207,이차전지음극재개발,170207_L3,이차전지음극재개발 중급 독립 실무 및 문제해결 엔지니어링,3,Skill(기술/도구),성과 분석 리포팅
17,재료,170207,이차전지음극재개발,170207_L3,이차전지음극재개발 중급 독립 실무 및 문제해결 엔지니어링,3,Attitude(태도),분석적 사고력
17,재료,170207,이차전지음극재개발,170207_L3,이차전지음극재개발 중급 독립 실무 및 문제해결 엔지니어링,3,Attitude(태도),타 부서와의 원활한 협업 소통
17,재료,170207,이차전지음극재개발,170207_L4,이차전지음극재개발 고급 전문화 및 프로젝트/팀 리딩,4,Knowledge(지식),신기술 융합 아키텍처
17,재료,170207,이차전지음극재개발,170207_L4,이차전지음극재개발 고급 전문화 및 프로젝트/팀 리딩,4,Knowledge(지식),프로젝트 관리론(PMBOK/Agile)
17,재료,170207,이차전지음극재개발,170207_L4,이차전지음극재개발 고급 전문화 및 프로젝트/팀 리딩,4,Knowledge(지식),품질보증(QA) 거버넌스
17,재료,170207,이차전지음극재개발,170207_L4,이차전지음극재개발 고급 전문화 및 프로젝트/팀 리딩,4,Skill(기술/도구),전체 시스템 아키텍처 설계
17,재료,170207,이차전지음극재개발,170207_L4,이차전지음극재개발 고급 전문화 및 프로젝트/팀 리딩,4,Skill(기술/도구),애자일 스프린트 리딩
17,재료,170207,이차전지음극재개발,170207_L4,이차전지음극재개발 고급 전문화 및 프로젝트/팀 리딩,4,Skill(기술/도구),신기술 PoC 검증
17,재료,170207,이차전지음극재개발,170207_L4,이차전지음극재개발 고급 전문화 및 프로젝트/팀 리딩,4,Attitude(태도),혁신 지향 리더십
17,재료,170207,이차전지음극재개발,170207_L4,이차전지음극재개발 고급 전문화 및 프로젝트/팀 리딩,4,Attitude(태도),동료 성장 멘토링 마인드
17,재료,170207,이차전지음극재개발,170207_L5,이차전지음극재개발 전략 기획 및 전사 거버넌스 총괄,5,Knowledge(지식),경영 전략 및 자본 예산 배분
17,재료,170207,이차전지음극재개발,170207_L5,이차전지음극재개발 전략 기획 및 전사 거버넌스 총괄,5,Knowledge(지식),국내외 규제 컴플라이언스
17,재료,170207,이차전지음극재개발,170207_L5,이차전지음극재개발 전략 기획 및 전사 거버넌스 총괄,5,Knowledge(지식),엔터프라이즈 거버넌스
17,재료,170207,이차전지음극재개발,170207_L5,이차전지음극재개발 전략 기획 및 전사 거버넌스 총괄,5,Skill(기술/도구),전사 로드맵 수립
17,재료,170207,이차전지음극재개발,170207_L5,이차전지음극재개발 전략 기획 및 전사 거버넌스 총괄,5,Skill(기술/도구),투자 대비 성과(ROI) 모델링
17,재료,170207,이차전지음극재개발,170207_L5,이차전지음극재개발 전략 기획 및 전사 거버넌스 총괄,5,Skill(기술/도구),최고 의사결정 전략 제언
17,재료,170207,이차전지음극재개발,170207_L5,이차전지음극재개발 전략 기획 및 전사 거버넌스 총괄,5,Attitude(태도),거시적 통찰력
17,재료,170207,이차전지음극재개발,170207_L5,이차전지음극재개발 전략 기획 및 전사 거버넌스 총괄,5,Attitude(태도),전략적 윤리 리더십
17,재료,170208,전고체전해질연구,170208_L1,전고체전해질연구 기초 입문 및 업무 환경 지원,1,Knowledge(지식),전고체전해질연구 개론
17,재료,170208,전고체전해질연구,170208_L1,전고체전해질연구 기초 입문 및 업무 환경 지원,1,Knowledge(지식),표준 작업 지침서
17,재료,170208,전고체전해질연구,170208_L1,전고체전해질연구 기초 입문 및 업무 환경 지원,1,Knowledge(지식),기초 법령/규정
17,재료,170208,전고체전해질연구,170208_L1,전고체전해질연구 기초 입문 및 업무 환경 지원,1,Skill(기술/도구),기초 전산 툴 조작
17,재료,170208,전고체전해질연구,170208_L1,전고체전해질연구 기초 입문 및 업무 환경 지원,1,Skill(기술/도구),문서 서식 작성
17,재료,170208,전고체전해질연구,170208_L1,전고체전해질연구 기초 입문 및 업무 환경 지원,1,Skill(기술/도구),자료 검색 및 분류
17,재료,170208,전고체전해질연구,170208_L1,전고체전해질연구 기초 입문 및 업무 환경 지원,1,Attitude(태도),규정 준수 의식
17,재료,170208,전고체전해질연구,170208_L1,전고체전해질연구 기초 입문 및 업무 환경 지원,1,Attitude(태도),성실한 업무 지원 태도
17,재료,170208,전고체전해질연구,170208_L2,전고체전해질연구 초급 실무 및 정형 과업 수행,2,Knowledge(지식),전고체전해질연구 실무 프로세스
17,재료,170208,전고체전해질연구,170208_L2,전고체전해질연구 초급 실무 및 정형 과업 수행,2,Knowledge(지식),단위 업무 품질 기준
17,재료,170208,전고체전해질연구,170208_L2,전고체전해질연구 초급 실무 및 정형 과업 수행,2,Knowledge(지식),데이터 검증 기법
17,재료,170208,전고체전해질연구,170208_L2,전고체전해질연구 초급 실무 및 정형 과업 수행,2,Skill(기술/도구),실무 도구/SW 조작
17,재료,170208,전고체전해질연구,170208_L2,전고체전해질연구 초급 실무 및 정형 과업 수행,2,Skill(기술/도구),데이터 정제 및 가공
17,재료,170208,전고체전해질연구,170208_L2,전고체전해질연구 초급 실무 및 정형 과업 수행,2,Skill(기술/도구),단위 결과물 산출
17,재료,170208,전고체전해질연구,170208_L2,전고체전해질연구 초급 실무 및 정형 과업 수행,2,Attitude(태도),정확성과 꼼꼼함
17,재료,170208,전고체전해질연구,170208_L2,전고체전해질연구 초급 실무 및 정형 과업 수행,2,Attitude(태도),기한 준수 책임감
17,재료,170208,전고체전해질연구,170208_L3,전고체전해질연구 중급 독립 실무 및 문제해결 엔지니어링,3,Knowledge(지식),심화 모델링/설계 이론
17,재료,170208,전고체전해질연구,170208_L3,전고체전해질연구 중급 독립 실무 및 문제해결 엔지니어링,3,Knowledge(지식),성능 지표(KPI) 분석법
17,재료,170208,전고체전해질연구,170208_L3,전고체전해질연구 중급 독립 실무 및 문제해결 엔지니어링,3,Knowledge(지식),이슈 해결 방법론
17,재료,170208,전고체전해질연구,170208_L3,전고체전해질연구 중급 독립 실무 및 문제해결 엔지니어링,3,Skill(기술/도구),고급 도구/코드/기기 활용
17,재료,170208,전고체전해질연구,170208_L3,전고체전해질연구 중급 독립 실무 및 문제해결 엔지니어링,3,Skill(기술/도구),원인 분석 및 조치
17,재료,170208,전고체전해질연구,170208_L3,전고체전해질연구 중급 독립 실무 및 문제해결 엔지니어링,3,Skill(기술/도구),성과 분석 리포팅
17,재료,170208,전고체전해질연구,170208_L3,전고체전해질연구 중급 독립 실무 및 문제해결 엔지니어링,3,Attitude(태도),분석적 사고력
17,재료,170208,전고체전해질연구,170208_L3,전고체전해질연구 중급 독립 실무 및 문제해결 엔지니어링,3,Attitude(태도),타 부서와의 원활한 협업 소통
17,재료,170208,전고체전해질연구,170208_L4,전고체전해질연구 고급 전문화 및 프로젝트/팀 리딩,4,Knowledge(지식),신기술 융합 아키텍처
17,재료,170208,전고체전해질연구,170208_L4,전고체전해질연구 고급 전문화 및 프로젝트/팀 리딩,4,Knowledge(지식),프로젝트 관리론(PMBOK/Agile)
17,재료,170208,전고체전해질연구,170208_L4,전고체전해질연구 고급 전문화 및 프로젝트/팀 리딩,4,Knowledge(지식),품질보증(QA) 거버넌스
17,재료,170208,전고체전해질연구,170208_L4,전고체전해질연구 고급 전문화 및 프로젝트/팀 리딩,4,Skill(기술/도구),전체 시스템 아키텍처 설계
17,재료,170208,전고체전해질연구,170208_L4,전고체전해질연구 고급 전문화 및 프로젝트/팀 리딩,4,Skill(기술/도구),애자일 스프린트 리딩
17,재료,170208,전고체전해질연구,170208_L4,전고체전해질연구 고급 전문화 및 프로젝트/팀 리딩,4,Skill(기술/도구),신기술 PoC 검증
17,재료,170208,전고체전해질연구,170208_L4,전고체전해질연구 고급 전문화 및 프로젝트/팀 리딩,4,Attitude(태도),혁신 지향 리더십
17,재료,170208,전고체전해질연구,170208_L4,전고체전해질연구 고급 전문화 및 프로젝트/팀 리딩,4,Attitude(태도),동료 성장 멘토링 마인드
17,재료,170208,전고체전해질연구,170208_L5,전고체전해질연구 전략 기획 및 전사 거버넌스 총괄,5,Knowledge(지식),경영 전략 및 자본 예산 배분
17,재료,170208,전고체전해질연구,170208_L5,전고체전해질연구 전략 기획 및 전사 거버넌스 총괄,5,Knowledge(지식),국내외 규제 컴플라이언스
17,재료,170208,전고체전해질연구,170208_L5,전고체전해질연구 전략 기획 및 전사 거버넌스 총괄,5,Knowledge(지식),엔터프라이즈 거버넌스
17,재료,170208,전고체전해질연구,170208_L5,전고체전해질연구 전략 기획 및 전사 거버넌스 총괄,5,Skill(기술/도구),전사 로드맵 수립
17,재료,170208,전고체전해질연구,170208_L5,전고체전해질연구 전략 기획 및 전사 거버넌스 총괄,5,Skill(기술/도구),투자 대비 성과(ROI) 모델링
17,재료,170208,전고체전해질연구,170208_L5,전고체전해질연구 전략 기획 및 전사 거버넌스 총괄,5,Skill(기술/도구),최고 의사결정 전략 제언
17,재료,170208,전고체전해질연구,170208_L5,전고체전해질연구 전략 기획 및 전사 거버넌스 총괄,5,Attitude(태도),거시적 통찰력
17,재료,170208,전고체전해질연구,170208_L5,전고체전해질연구 전략 기획 및 전사 거버넌스 총괄,5,Attitude(태도),전략적 윤리 리더십
17,재료,170209,반도체세라믹소재,170209_L1,반도체세라믹소재 기초 입문 및 업무 환경 지원,1,Knowledge(지식),반도체세라믹소재 개론
17,재료,170209,반도체세라믹소재,170209_L1,반도체세라믹소재 기초 입문 및 업무 환경 지원,1,Knowledge(지식),표준 작업 지침서
17,재료,170209,반도체세라믹소재,170209_L1,반도체세라믹소재 기초 입문 및 업무 환경 지원,1,Knowledge(지식),기초 법령/규정
17,재료,170209,반도체세라믹소재,170209_L1,반도체세라믹소재 기초 입문 및 업무 환경 지원,1,Skill(기술/도구),기초 전산 툴 조작
17,재료,170209,반도체세라믹소재,170209_L1,반도체세라믹소재 기초 입문 및 업무 환경 지원,1,Skill(기술/도구),문서 서식 작성
17,재료,170209,반도체세라믹소재,170209_L1,반도체세라믹소재 기초 입문 및 업무 환경 지원,1,Skill(기술/도구),자료 검색 및 분류
17,재료,170209,반도체세라믹소재,170209_L1,반도체세라믹소재 기초 입문 및 업무 환경 지원,1,Attitude(태도),규정 준수 의식
17,재료,170209,반도체세라믹소재,170209_L1,반도체세라믹소재 기초 입문 및 업무 환경 지원,1,Attitude(태도),성실한 업무 지원 태도
17,재료,170209,반도체세라믹소재,170209_L2,반도체세라믹소재 초급 실무 및 정형 과업 수행,2,Knowledge(지식),반도체세라믹소재 실무 프로세스
17,재료,170209,반도체세라믹소재,170209_L2,반도체세라믹소재 초급 실무 및 정형 과업 수행,2,Knowledge(지식),단위 업무 품질 기준
17,재료,170209,반도체세라믹소재,170209_L2,반도체세라믹소재 초급 실무 및 정형 과업 수행,2,Knowledge(지식),데이터 검증 기법
17,재료,170209,반도체세라믹소재,170209_L2,반도체세라믹소재 초급 실무 및 정형 과업 수행,2,Skill(기술/도구),실무 도구/SW 조작
17,재료,170209,반도체세라믹소재,170209_L2,반도체세라믹소재 초급 실무 및 정형 과업 수행,2,Skill(기술/도구),데이터 정제 및 가공
17,재료,170209,반도체세라믹소재,170209_L2,반도체세라믹소재 초급 실무 및 정형 과업 수행,2,Skill(기술/도구),단위 결과물 산출
17,재료,170209,반도체세라믹소재,170209_L2,반도체세라믹소재 초급 실무 및 정형 과업 수행,2,Attitude(태도),정확성과 꼼꼼함
17,재료,170209,반도체세라믹소재,170209_L2,반도체세라믹소재 초급 실무 및 정형 과업 수행,2,Attitude(태도),기한 준수 책임감
17,재료,170209,반도체세라믹소재,170209_L3,반도체세라믹소재 중급 독립 실무 및 문제해결 엔지니어링,3,Knowledge(지식),심화 모델링/설계 이론
17,재료,170209,반도체세라믹소재,170209_L3,반도체세라믹소재 중급 독립 실무 및 문제해결 엔지니어링,3,Knowledge(지식),성능 지표(KPI) 분석법
17,재료,170209,반도체세라믹소재,170209_L3,반도체세라믹소재 중급 독립 실무 및 문제해결 엔지니어링,3,Knowledge(지식),이슈 해결 방법론
17,재료,170209,반도체세라믹소재,170209_L3,반도체세라믹소재 중급 독립 실무 및 문제해결 엔지니어링,3,Skill(기술/도구),고급 도구/코드/기기 활용
17,재료,170209,반도체세라믹소재,170209_L3,반도체세라믹소재 중급 독립 실무 및 문제해결 엔지니어링,3,Skill(기술/도구),원인 분석 및 조치
17,재료,170209,반도체세라믹소재,170209_L3,반도체세라믹소재 중급 독립 실무 및 문제해결 엔지니어링,3,Skill(기술/도구),성과 분석 리포팅
17,재료,170209,반도체세라믹소재,170209_L3,반도체세라믹소재 중급 독립 실무 및 문제해결 엔지니어링,3,Attitude(태도),분석적 사고력
17,재료,170209,반도체세라믹소재,170209_L3,반도체세라믹소재 중급 독립 실무 및 문제해결 엔지니어링,3,Attitude(태도),타 부서와의 원활한 협업 소통
17,재료,170209,반도체세라믹소재,170209_L4,반도체세라믹소재 고급 전문화 및 프로젝트/팀 리딩,4,Knowledge(지식),신기술 융합 아키텍처
17,재료,170209,반도체세라믹소재,170209_L4,반도체세라믹소재 고급 전문화 및 프로젝트/팀 리딩,4,Knowledge(지식),프로젝트 관리론(PMBOK/Agile)
17,재료,170209,반도체세라믹소재,170209_L4,반도체세라믹소재 고급 전문화 및 프로젝트/팀 리딩,4,Knowledge(지식),품질보증(QA) 거버넌스
17,재료,170209,반도체세라믹소재,170209_L4,반도체세라믹소재 고급 전문화 및 프로젝트/팀 리딩,4,Skill(기술/도구),전체 시스템 아키텍처 설계
17,재료,170209,반도체세라믹소재,170209_L4,반도체세라믹소재 고급 전문화 및 프로젝트/팀 리딩,4,Skill(기술/도구),애자일 스프린트 리딩
17,재료,170209,반도체세라믹소재,170209_L4,반도체세라믹소재 고급 전문화 및 프로젝트/팀 리딩,4,Skill(기술/도구),신기술 PoC 검증
17,재료,170209,반도체세라믹소재,170209_L4,반도체세라믹소재 고급 전문화 및 프로젝트/팀 리딩,4,Attitude(태도),혁신 지향 리더십
17,재료,170209,반도체세라믹소재,170209_L4,반도체세라믹소재 고급 전문화 및 프로젝트/팀 리딩,4,Attitude(태도),동료 성장 멘토링 마인드
17,재료,170209,반도체세라믹소재,170209_L5,반도체세라믹소재 전략 기획 및 전사 거버넌스 총괄,5,Knowledge(지식),경영 전략 및 자본 예산 배분
17,재료,170209,반도체세라믹소재,170209_L5,반도체세라믹소재 전략 기획 및 전사 거버넌스 총괄,5,Knowledge(지식),국내외 규제 컴플라이언스
17,재료,170209,반도체세라믹소재,170209_L5,반도체세라믹소재 전략 기획 및 전사 거버넌스 총괄,5,Knowledge(지식),엔터프라이즈 거버넌스
17,재료,170209,반도체세라믹소재,170209_L5,반도체세라믹소재 전략 기획 및 전사 거버넌스 총괄,5,Skill(기술/도구),전사 로드맵 수립
17,재료,170209,반도체세라믹소재,170209_L5,반도체세라믹소재 전략 기획 및 전사 거버넌스 총괄,5,Skill(기술/도구),투자 대비 성과(ROI) 모델링
17,재료,170209,반도체세라믹소재,170209_L5,반도체세라믹소재 전략 기획 및 전사 거버넌스 총괄,5,Skill(기술/도구),최고 의사결정 전략 제언
17,재료,170209,반도체세라믹소재,170209_L5,반도체세라믹소재 전략 기획 및 전사 거버넌스 총괄,5,Attitude(태도),거시적 통찰력
17,재료,170209,반도체세라믹소재,170209_L5,반도체세라믹소재 전략 기획 및 전사 거버넌스 총괄,5,Attitude(태도),전략적 윤리 리더십
17,재료,170210,디스플레이광학유리,170210_L1,디스플레이광학유리 기초 입문 및 업무 환경 지원,1,Knowledge(지식),디스플레이광학유리 개론
17,재료,170210,디스플레이광학유리,170210_L1,디스플레이광학유리 기초 입문 및 업무 환경 지원,1,Knowledge(지식),표준 작업 지침서
17,재료,170210,디스플레이광학유리,170210_L1,디스플레이광학유리 기초 입문 및 업무 환경 지원,1,Knowledge(지식),기초 법령/규정
17,재료,170210,디스플레이광학유리,170210_L1,디스플레이광학유리 기초 입문 및 업무 환경 지원,1,Skill(기술/도구),기초 전산 툴 조작
17,재료,170210,디스플레이광학유리,170210_L1,디스플레이광학유리 기초 입문 및 업무 환경 지원,1,Skill(기술/도구),문서 서식 작성
17,재료,170210,디스플레이광학유리,170210_L1,디스플레이광학유리 기초 입문 및 업무 환경 지원,1,Skill(기술/도구),자료 검색 및 분류
17,재료,170210,디스플레이광학유리,170210_L1,디스플레이광학유리 기초 입문 및 업무 환경 지원,1,Attitude(태도),규정 준수 의식
17,재료,170210,디스플레이광학유리,170210_L1,디스플레이광학유리 기초 입문 및 업무 환경 지원,1,Attitude(태도),성실한 업무 지원 태도
17,재료,170210,디스플레이광학유리,170210_L2,디스플레이광학유리 초급 실무 및 정형 과업 수행,2,Knowledge(지식),디스플레이광학유리 실무 프로세스
17,재료,170210,디스플레이광학유리,170210_L2,디스플레이광학유리 초급 실무 및 정형 과업 수행,2,Knowledge(지식),단위 업무 품질 기준
17,재료,170210,디스플레이광학유리,170210_L2,디스플레이광학유리 초급 실무 및 정형 과업 수행,2,Knowledge(지식),데이터 검증 기법
17,재료,170210,디스플레이광학유리,170210_L2,디스플레이광학유리 초급 실무 및 정형 과업 수행,2,Skill(기술/도구),실무 도구/SW 조작
17,재료,170210,디스플레이광학유리,170210_L2,디스플레이광학유리 초급 실무 및 정형 과업 수행,2,Skill(기술/도구),데이터 정제 및 가공
17,재료,170210,디스플레이광학유리,170210_L2,디스플레이광학유리 초급 실무 및 정형 과업 수행,2,Skill(기술/도구),단위 결과물 산출
17,재료,170210,디스플레이광학유리,170210_L2,디스플레이광학유리 초급 실무 및 정형 과업 수행,2,Attitude(태도),정확성과 꼼꼼함
17,재료,170210,디스플레이광학유리,170210_L2,디스플레이광학유리 초급 실무 및 정형 과업 수행,2,Attitude(태도),기한 준수 책임감
17,재료,170210,디스플레이광학유리,170210_L3,디스플레이광학유리 중급 독립 실무 및 문제해결 엔지니어링,3,Knowledge(지식),심화 모델링/설계 이론
17,재료,170210,디스플레이광학유리,170210_L3,디스플레이광학유리 중급 독립 실무 및 문제해결 엔지니어링,3,Knowledge(지식),성능 지표(KPI) 분석법
17,재료,170210,디스플레이광학유리,170210_L3,디스플레이광학유리 중급 독립 실무 및 문제해결 엔지니어링,3,Knowledge(지식),이슈 해결 방법론
17,재료,170210,디스플레이광학유리,170210_L3,디스플레이광학유리 중급 독립 실무 및 문제해결 엔지니어링,3,Skill(기술/도구),고급 도구/코드/기기 활용
17,재료,170210,디스플레이광학유리,170210_L3,디스플레이광학유리 중급 독립 실무 및 문제해결 엔지니어링,3,Skill(기술/도구),원인 분석 및 조치
17,재료,170210,디스플레이광학유리,170210_L3,디스플레이광학유리 중급 독립 실무 및 문제해결 엔지니어링,3,Skill(기술/도구),성과 분석 리포팅
17,재료,170210,디스플레이광학유리,170210_L3,디스플레이광학유리 중급 독립 실무 및 문제해결 엔지니어링,3,Attitude(태도),분석적 사고력
17,재료,170210,디스플레이광학유리,170210_L3,디스플레이광학유리 중급 독립 실무 및 문제해결 엔지니어링,3,Attitude(태도),타 부서와의 원활한 협업 소통
17,재료,170210,디스플레이광학유리,170210_L4,디스플레이광학유리 고급 전문화 및 프로젝트/팀 리딩,4,Knowledge(지식),신기술 융합 아키텍처
17,재료,170210,디스플레이광학유리,170210_L4,디스플레이광학유리 고급 전문화 및 프로젝트/팀 리딩,4,Knowledge(지식),프로젝트 관리론(PMBOK/Agile)
17,재료,170210,디스플레이광학유리,170210_L4,디스플레이광학유리 고급 전문화 및 프로젝트/팀 리딩,4,Knowledge(지식),품질보증(QA) 거버넌스
17,재료,170210,디스플레이광학유리,170210_L4,디스플레이광학유리 고급 전문화 및 프로젝트/팀 리딩,4,Skill(기술/도구),전체 시스템 아키텍처 설계
17,재료,170210,디스플레이광학유리,170210_L4,디스플레이광학유리 고급 전문화 및 프로젝트/팀 리딩,4,Skill(기술/도구),애자일 스프린트 리딩
17,재료,170210,디스플레이광학유리,170210_L4,디스플레이광학유리 고급 전문화 및 프로젝트/팀 리딩,4,Skill(기술/도구),신기술 PoC 검증
17,재료,170210,디스플레이광학유리,170210_L4,디스플레이광학유리 고급 전문화 및 프로젝트/팀 리딩,4,Attitude(태도),혁신 지향 리더십
17,재료,170210,디스플레이광학유리,170210_L4,디스플레이광학유리 고급 전문화 및 프로젝트/팀 리딩,4,Attitude(태도),동료 성장 멘토링 마인드
17,재료,170210,디스플레이광학유리,170210_L5,디스플레이광학유리 전략 기획 및 전사 거버넌스 총괄,5,Knowledge(지식),경영 전략 및 자본 예산 배분
17,재료,170210,디스플레이광학유리,170210_L5,디스플레이광학유리 전략 기획 및 전사 거버넌스 총괄,5,Knowledge(지식),국내외 규제 컴플라이언스
17,재료,170210,디스플레이광학유리,170210_L5,디스플레이광학유리 전략 기획 및 전사 거버넌스 총괄,5,Knowledge(지식),엔터프라이즈 거버넌스
17,재료,170210,디스플레이광학유리,170210_L5,디스플레이광학유리 전략 기획 및 전사 거버넌스 총괄,5,Skill(기술/도구),전사 로드맵 수립
17,재료,170210,디스플레이광학유리,170210_L5,디스플레이광학유리 전략 기획 및 전사 거버넌스 총괄,5,Skill(기술/도구),투자 대비 성과(ROI) 모델링
17,재료,170210,디스플레이광학유리,170210_L5,디스플레이광학유리 전략 기획 및 전사 거버넌스 총괄,5,Skill(기술/도구),최고 의사결정 전략 제언
17,재료,170210,디스플레이광학유리,170210_L5,디스플레이광학유리 전략 기획 및 전사 거버넌스 총괄,5,Attitude(태도),거시적 통찰력
17,재료,170210,디스플레이광학유리,170210_L5,디스플레이광학유리 전략 기획 및 전사 거버넌스 총괄,5,Attitude(태도),전략적 윤리 리더십
18,화학·바이오,180101,바이오의약품QC/QA,180101_L1,바이오의약품QC/QA 기초 입문 및 업무 환경 지원,1,Knowledge(지식),바이오의약품QC/QA 개론
18,화학·바이오,180101,바이오의약품QC/QA,180101_L1,바이오의약품QC/QA 기초 입문 및 업무 환경 지원,1,Knowledge(지식),표준 작업 지침서
18,화학·바이오,180101,바이오의약품QC/QA,180101_L1,바이오의약품QC/QA 기초 입문 및 업무 환경 지원,1,Knowledge(지식),기초 법령/규정
18,화학·바이오,180101,바이오의약품QC/QA,180101_L1,바이오의약품QC/QA 기초 입문 및 업무 환경 지원,1,Skill(기술/도구),기초 전산 툴 조작
18,화학·바이오,180101,바이오의약품QC/QA,180101_L1,바이오의약품QC/QA 기초 입문 및 업무 환경 지원,1,Skill(기술/도구),문서 서식 작성
18,화학·바이오,180101,바이오의약품QC/QA,180101_L1,바이오의약품QC/QA 기초 입문 및 업무 환경 지원,1,Skill(기술/도구),자료 검색 및 분류
18,화학·바이오,180101,바이오의약품QC/QA,180101_L1,바이오의약품QC/QA 기초 입문 및 업무 환경 지원,1,Attitude(태도),규정 준수 의식
18,화학·바이오,180101,바이오의약품QC/QA,180101_L1,바이오의약품QC/QA 기초 입문 및 업무 환경 지원,1,Attitude(태도),성실한 업무 지원 태도
18,화학·바이오,180101,바이오의약품QC/QA,180101_L2,바이오의약품QC/QA 초급 실무 및 정형 과업 수행,2,Knowledge(지식),바이오의약품QC/QA 실무 프로세스
18,화학·바이오,180101,바이오의약품QC/QA,180101_L2,바이오의약품QC/QA 초급 실무 및 정형 과업 수행,2,Knowledge(지식),단위 업무 품질 기준
18,화학·바이오,180101,바이오의약품QC/QA,180101_L2,바이오의약품QC/QA 초급 실무 및 정형 과업 수행,2,Knowledge(지식),데이터 검증 기법
18,화학·바이오,180101,바이오의약품QC/QA,180101_L2,바이오의약품QC/QA 초급 실무 및 정형 과업 수행,2,Skill(기술/도구),실무 도구/SW 조작
18,화학·바이오,180101,바이오의약품QC/QA,180101_L2,바이오의약품QC/QA 초급 실무 및 정형 과업 수행,2,Skill(기술/도구),데이터 정제 및 가공
18,화학·바이오,180101,바이오의약품QC/QA,180101_L2,바이오의약품QC/QA 초급 실무 및 정형 과업 수행,2,Skill(기술/도구),단위 결과물 산출
18,화학·바이오,180101,바이오의약품QC/QA,180101_L2,바이오의약품QC/QA 초급 실무 및 정형 과업 수행,2,Attitude(태도),정확성과 꼼꼼함
18,화학·바이오,180101,바이오의약품QC/QA,180101_L2,바이오의약품QC/QA 초급 실무 및 정형 과업 수행,2,Attitude(태도),기한 준수 책임감
18,화학·바이오,180101,바이오의약품QC/QA,180101_L3,바이오의약품QC/QA 중급 독립 실무 및 문제해결 엔지니어링,3,Knowledge(지식),심화 모델링/설계 이론
18,화학·바이오,180101,바이오의약품QC/QA,180101_L3,바이오의약품QC/QA 중급 독립 실무 및 문제해결 엔지니어링,3,Knowledge(지식),성능 지표(KPI) 분석법
18,화학·바이오,180101,바이오의약품QC/QA,180101_L3,바이오의약품QC/QA 중급 독립 실무 및 문제해결 엔지니어링,3,Knowledge(지식),이슈 해결 방법론
18,화학·바이오,180101,바이오의약품QC/QA,180101_L3,바이오의약품QC/QA 중급 독립 실무 및 문제해결 엔지니어링,3,Skill(기술/도구),고급 도구/코드/기기 활용
18,화학·바이오,180101,바이오의약품QC/QA,180101_L3,바이오의약품QC/QA 중급 독립 실무 및 문제해결 엔지니어링,3,Skill(기술/도구),원인 분석 및 조치
18,화학·바이오,180101,바이오의약품QC/QA,180101_L3,바이오의약품QC/QA 중급 독립 실무 및 문제해결 엔지니어링,3,Skill(기술/도구),성과 분석 리포팅
18,화학·바이오,180101,바이오의약품QC/QA,180101_L3,바이오의약품QC/QA 중급 독립 실무 및 문제해결 엔지니어링,3,Attitude(태도),분석적 사고력
18,화학·바이오,180101,바이오의약품QC/QA,180101_L3,바이오의약품QC/QA 중급 독립 실무 및 문제해결 엔지니어링,3,Attitude(태도),타 부서와의 원활한 협업 소통
18,화학·바이오,180101,바이오의약품QC/QA,180101_L4,바이오의약품QC/QA 고급 전문화 및 프로젝트/팀 리딩,4,Knowledge(지식),신기술 융합 아키텍처
18,화학·바이오,180101,바이오의약품QC/QA,180101_L4,바이오의약품QC/QA 고급 전문화 및 프로젝트/팀 리딩,4,Knowledge(지식),프로젝트 관리론(PMBOK/Agile)
18,화학·바이오,180101,바이오의약품QC/QA,180101_L4,바이오의약품QC/QA 고급 전문화 및 프로젝트/팀 리딩,4,Knowledge(지식),품질보증(QA) 거버넌스
18,화학·바이오,180101,바이오의약품QC/QA,180101_L4,바이오의약품QC/QA 고급 전문화 및 프로젝트/팀 리딩,4,Skill(기술/도구),전체 시스템 아키텍처 설계
18,화학·바이오,180101,바이오의약품QC/QA,180101_L4,바이오의약품QC/QA 고급 전문화 및 프로젝트/팀 리딩,4,Skill(기술/도구),애자일 스프린트 리딩
18,화학·바이오,180101,바이오의약품QC/QA,180101_L4,바이오의약품QC/QA 고급 전문화 및 프로젝트/팀 리딩,4,Skill(기술/도구),신기술 PoC 검증
18,화학·바이오,180101,바이오의약품QC/QA,180101_L4,바이오의약품QC/QA 고급 전문화 및 프로젝트/팀 리딩,4,Attitude(태도),혁신 지향 리더십
18,화학·바이오,180101,바이오의약품QC/QA,180101_L4,바이오의약품QC/QA 고급 전문화 및 프로젝트/팀 리딩,4,Attitude(태도),동료 성장 멘토링 마인드
18,화학·바이오,180101,바이오의약품QC/QA,180101_L5,바이오의약품QC/QA 전략 기획 및 전사 거버넌스 총괄,5,Knowledge(지식),경영 전략 및 자본 예산 배분
18,화학·바이오,180101,바이오의약품QC/QA,180101_L5,바이오의약품QC/QA 전략 기획 및 전사 거버넌스 총괄,5,Knowledge(지식),국내외 규제 컴플라이언스
18,화학·바이오,180101,바이오의약품QC/QA,180101_L5,바이오의약품QC/QA 전략 기획 및 전사 거버넌스 총괄,5,Knowledge(지식),엔터프라이즈 거버넌스
18,화학·바이오,180101,바이오의약품QC/QA,180101_L5,바이오의약품QC/QA 전략 기획 및 전사 거버넌스 총괄,5,Skill(기술/도구),전사 로드맵 수립
18,화학·바이오,180101,바이오의약품QC/QA,180101_L5,바이오의약품QC/QA 전략 기획 및 전사 거버넌스 총괄,5,Skill(기술/도구),투자 대비 성과(ROI) 모델링
18,화학·바이오,180101,바이오의약품QC/QA,180101_L5,바이오의약품QC/QA 전략 기획 및 전사 거버넌스 총괄,5,Skill(기술/도구),최고 의사결정 전략 제언
18,화학·바이오,180101,바이오의약품QC/QA,180101_L5,바이오의약품QC/QA 전략 기획 및 전사 거버넌스 총괄,5,Attitude(태도),거시적 통찰력
18,화학·바이오,180101,바이오의약품QC/QA,180101_L5,바이오의약품QC/QA 전략 기획 및 전사 거버넌스 총괄,5,Attitude(태도),전략적 윤리 리더십
18,화학·바이오,180102,cGMP공정밸리데이션,180102_L1,cGMP공정밸리데이션 기초 입문 및 업무 환경 지원,1,Knowledge(지식),cGMP공정밸리데이션 개론
18,화학·바이오,180102,cGMP공정밸리데이션,180102_L1,cGMP공정밸리데이션 기초 입문 및 업무 환경 지원,1,Knowledge(지식),표준 작업 지침서
18,화학·바이오,180102,cGMP공정밸리데이션,180102_L1,cGMP공정밸리데이션 기초 입문 및 업무 환경 지원,1,Knowledge(지식),기초 법령/규정
18,화학·바이오,180102,cGMP공정밸리데이션,180102_L1,cGMP공정밸리데이션 기초 입문 및 업무 환경 지원,1,Skill(기술/도구),기초 전산 툴 조작
18,화학·바이오,180102,cGMP공정밸리데이션,180102_L1,cGMP공정밸리데이션 기초 입문 및 업무 환경 지원,1,Skill(기술/도구),문서 서식 작성
18,화학·바이오,180102,cGMP공정밸리데이션,180102_L1,cGMP공정밸리데이션 기초 입문 및 업무 환경 지원,1,Skill(기술/도구),자료 검색 및 분류
18,화학·바이오,180102,cGMP공정밸리데이션,180102_L1,cGMP공정밸리데이션 기초 입문 및 업무 환경 지원,1,Attitude(태도),규정 준수 의식
18,화학·바이오,180102,cGMP공정밸리데이션,180102_L1,cGMP공정밸리데이션 기초 입문 및 업무 환경 지원,1,Attitude(태도),성실한 업무 지원 태도
18,화학·바이오,180102,cGMP공정밸리데이션,180102_L2,cGMP공정밸리데이션 초급 실무 및 정형 과업 수행,2,Knowledge(지식),cGMP공정밸리데이션 실무 프로세스
18,화학·바이오,180102,cGMP공정밸리데이션,180102_L2,cGMP공정밸리데이션 초급 실무 및 정형 과업 수행,2,Knowledge(지식),단위 업무 품질 기준
18,화학·바이오,180102,cGMP공정밸리데이션,180102_L2,cGMP공정밸리데이션 초급 실무 및 정형 과업 수행,2,Knowledge(지식),데이터 검증 기법
18,화학·바이오,180102,cGMP공정밸리데이션,180102_L2,cGMP공정밸리데이션 초급 실무 및 정형 과업 수행,2,Skill(기술/도구),실무 도구/SW 조작
18,화학·바이오,180102,cGMP공정밸리데이션,180102_L2,cGMP공정밸리데이션 초급 실무 및 정형 과업 수행,2,Skill(기술/도구),데이터 정제 및 가공
18,화학·바이오,180102,cGMP공정밸리데이션,180102_L2,cGMP공정밸리데이션 초급 실무 및 정형 과업 수행,2,Skill(기술/도구),단위 결과물 산출
18,화학·바이오,180102,cGMP공정밸리데이션,180102_L2,cGMP공정밸리데이션 초급 실무 및 정형 과업 수행,2,Attitude(태도),정확성과 꼼꼼함
18,화학·바이오,180102,cGMP공정밸리데이션,180102_L2,cGMP공정밸리데이션 초급 실무 및 정형 과업 수행,2,Attitude(태도),기한 준수 책임감
18,화학·바이오,180102,cGMP공정밸리데이션,180102_L3,cGMP공정밸리데이션 중급 독립 실무 및 문제해결 엔지니어링,3,Knowledge(지식),심화 모델링/설계 이론
18,화학·바이오,180102,cGMP공정밸리데이션,180102_L3,cGMP공정밸리데이션 중급 독립 실무 및 문제해결 엔지니어링,3,Knowledge(지식),성능 지표(KPI) 분석법
18,화학·바이오,180102,cGMP공정밸리데이션,180102_L3,cGMP공정밸리데이션 중급 독립 실무 및 문제해결 엔지니어링,3,Knowledge(지식),이슈 해결 방법론
18,화학·바이오,180102,cGMP공정밸리데이션,180102_L3,cGMP공정밸리데이션 중급 독립 실무 및 문제해결 엔지니어링,3,Skill(기술/도구),고급 도구/코드/기기 활용
18,화학·바이오,180102,cGMP공정밸리데이션,180102_L3,cGMP공정밸리데이션 중급 독립 실무 및 문제해결 엔지니어링,3,Skill(기술/도구),원인 분석 및 조치
18,화학·바이오,180102,cGMP공정밸리데이션,180102_L3,cGMP공정밸리데이션 중급 독립 실무 및 문제해결 엔지니어링,3,Skill(기술/도구),성과 분석 리포팅
18,화학·바이오,180102,cGMP공정밸리데이션,180102_L3,cGMP공정밸리데이션 중급 독립 실무 및 문제해결 엔지니어링,3,Attitude(태도),분석적 사고력
18,화학·바이오,180102,cGMP공정밸리데이션,180102_L3,cGMP공정밸리데이션 중급 독립 실무 및 문제해결 엔지니어링,3,Attitude(태도),타 부서와의 원활한 협업 소통
18,화학·바이오,180102,cGMP공정밸리데이션,180102_L4,cGMP공정밸리데이션 고급 전문화 및 프로젝트/팀 리딩,4,Knowledge(지식),신기술 융합 아키텍처
18,화학·바이오,180102,cGMP공정밸리데이션,180102_L4,cGMP공정밸리데이션 고급 전문화 및 프로젝트/팀 리딩,4,Knowledge(지식),프로젝트 관리론(PMBOK/Agile)
18,화학·바이오,180102,cGMP공정밸리데이션,180102_L4,cGMP공정밸리데이션 고급 전문화 및 프로젝트/팀 리딩,4,Knowledge(지식),품질보증(QA) 거버넌스
18,화학·바이오,180102,cGMP공정밸리데이션,180102_L4,cGMP공정밸리데이션 고급 전문화 및 프로젝트/팀 리딩,4,Skill(기술/도구),전체 시스템 아키텍처 설계
18,화학·바이오,180102,cGMP공정밸리데이션,180102_L4,cGMP공정밸리데이션 고급 전문화 및 프로젝트/팀 리딩,4,Skill(기술/도구),애자일 스프린트 리딩
18,화학·바이오,180102,cGMP공정밸리데이션,180102_L4,cGMP공정밸리데이션 고급 전문화 및 프로젝트/팀 리딩,4,Skill(기술/도구),신기술 PoC 검증
18,화학·바이오,180102,cGMP공정밸리데이션,180102_L4,cGMP공정밸리데이션 고급 전문화 및 프로젝트/팀 리딩,4,Attitude(태도),혁신 지향 리더십
18,화학·바이오,180102,cGMP공정밸리데이션,180102_L4,cGMP공정밸리데이션 고급 전문화 및 프로젝트/팀 리딩,4,Attitude(태도),동료 성장 멘토링 마인드
18,화학·바이오,180102,cGMP공정밸리데이션,180102_L5,cGMP공정밸리데이션 전략 기획 및 전사 거버넌스 총괄,5,Knowledge(지식),경영 전략 및 자본 예산 배분
18,화학·바이오,180102,cGMP공정밸리데이션,180102_L5,cGMP공정밸리데이션 전략 기획 및 전사 거버넌스 총괄,5,Knowledge(지식),국내외 규제 컴플라이언스
18,화학·바이오,180102,cGMP공정밸리데이션,180102_L5,cGMP공정밸리데이션 전략 기획 및 전사 거버넌스 총괄,5,Knowledge(지식),엔터프라이즈 거버넌스
18,화학·바이오,180102,cGMP공정밸리데이션,180102_L5,cGMP공정밸리데이션 전략 기획 및 전사 거버넌스 총괄,5,Skill(기술/도구),전사 로드맵 수립
18,화학·바이오,180102,cGMP공정밸리데이션,180102_L5,cGMP공정밸리데이션 전략 기획 및 전사 거버넌스 총괄,5,Skill(기술/도구),투자 대비 성과(ROI) 모델링
18,화학·바이오,180102,cGMP공정밸리데이션,180102_L5,cGMP공정밸리데이션 전략 기획 및 전사 거버넌스 총괄,5,Skill(기술/도구),최고 의사결정 전략 제언
18,화학·바이오,180102,cGMP공정밸리데이션,180102_L5,cGMP공정밸리데이션 전략 기획 및 전사 거버넌스 총괄,5,Attitude(태도),거시적 통찰력
18,화학·바이오,180102,cGMP공정밸리데이션,180102_L5,cGMP공정밸리데이션 전략 기획 및 전사 거버넌스 총괄,5,Attitude(태도),전략적 윤리 리더십
18,화학·바이오,180103,유전자세포치료제공정,180103_L1,유전자세포치료제공정 기초 입문 및 업무 환경 지원,1,Knowledge(지식),유전자세포치료제공정 개론
18,화학·바이오,180103,유전자세포치료제공정,180103_L1,유전자세포치료제공정 기초 입문 및 업무 환경 지원,1,Knowledge(지식),표준 작업 지침서
18,화학·바이오,180103,유전자세포치료제공정,180103_L1,유전자세포치료제공정 기초 입문 및 업무 환경 지원,1,Knowledge(지식),기초 법령/규정
18,화학·바이오,180103,유전자세포치료제공정,180103_L1,유전자세포치료제공정 기초 입문 및 업무 환경 지원,1,Skill(기술/도구),기초 전산 툴 조작
18,화학·바이오,180103,유전자세포치료제공정,180103_L1,유전자세포치료제공정 기초 입문 및 업무 환경 지원,1,Skill(기술/도구),문서 서식 작성
18,화학·바이오,180103,유전자세포치료제공정,180103_L1,유전자세포치료제공정 기초 입문 및 업무 환경 지원,1,Skill(기술/도구),자료 검색 및 분류
18,화학·바이오,180103,유전자세포치료제공정,180103_L1,유전자세포치료제공정 기초 입문 및 업무 환경 지원,1,Attitude(태도),규정 준수 의식
18,화학·바이오,180103,유전자세포치료제공정,180103_L1,유전자세포치료제공정 기초 입문 및 업무 환경 지원,1,Attitude(태도),성실한 업무 지원 태도
18,화학·바이오,180103,유전자세포치료제공정,180103_L2,유전자세포치료제공정 초급 실무 및 정형 과업 수행,2,Knowledge(지식),유전자세포치료제공정 실무 프로세스
18,화학·바이오,180103,유전자세포치료제공정,180103_L2,유전자세포치료제공정 초급 실무 및 정형 과업 수행,2,Knowledge(지식),단위 업무 품질 기준
18,화학·바이오,180103,유전자세포치료제공정,180103_L2,유전자세포치료제공정 초급 실무 및 정형 과업 수행,2,Knowledge(지식),데이터 검증 기법
18,화학·바이오,180103,유전자세포치료제공정,180103_L2,유전자세포치료제공정 초급 실무 및 정형 과업 수행,2,Skill(기술/도구),실무 도구/SW 조작
18,화학·바이오,180103,유전자세포치료제공정,180103_L2,유전자세포치료제공정 초급 실무 및 정형 과업 수행,2,Skill(기술/도구),데이터 정제 및 가공
18,화학·바이오,180103,유전자세포치료제공정,180103_L2,유전자세포치료제공정 초급 실무 및 정형 과업 수행,2,Skill(기술/도구),단위 결과물 산출
18,화학·바이오,180103,유전자세포치료제공정,180103_L2,유전자세포치료제공정 초급 실무 및 정형 과업 수행,2,Attitude(태도),정확성과 꼼꼼함
18,화학·바이오,180103,유전자세포치료제공정,180103_L2,유전자세포치료제공정 초급 실무 및 정형 과업 수행,2,Attitude(태도),기한 준수 책임감
18,화학·바이오,180103,유전자세포치료제공정,180103_L3,유전자세포치료제공정 중급 독립 실무 및 문제해결 엔지니어링,3,Knowledge(지식),심화 모델링/설계 이론
18,화학·바이오,180103,유전자세포치료제공정,180103_L3,유전자세포치료제공정 중급 독립 실무 및 문제해결 엔지니어링,3,Knowledge(지식),성능 지표(KPI) 분석법
18,화학·바이오,180103,유전자세포치료제공정,180103_L3,유전자세포치료제공정 중급 독립 실무 및 문제해결 엔지니어링,3,Knowledge(지식),이슈 해결 방법론
18,화학·바이오,180103,유전자세포치료제공정,180103_L3,유전자세포치료제공정 중급 독립 실무 및 문제해결 엔지니어링,3,Skill(기술/도구),고급 도구/코드/기기 활용
18,화학·바이오,180103,유전자세포치료제공정,180103_L3,유전자세포치료제공정 중급 독립 실무 및 문제해결 엔지니어링,3,Skill(기술/도구),원인 분석 및 조치
18,화학·바이오,180103,유전자세포치료제공정,180103_L3,유전자세포치료제공정 중급 독립 실무 및 문제해결 엔지니어링,3,Skill(기술/도구),성과 분석 리포팅
18,화학·바이오,180103,유전자세포치료제공정,180103_L3,유전자세포치료제공정 중급 독립 실무 및 문제해결 엔지니어링,3,Attitude(태도),분석적 사고력
18,화학·바이오,180103,유전자세포치료제공정,180103_L3,유전자세포치료제공정 중급 독립 실무 및 문제해결 엔지니어링,3,Attitude(태도),타 부서와의 원활한 협업 소통
18,화학·바이오,180103,유전자세포치료제공정,180103_L4,유전자세포치료제공정 고급 전문화 및 프로젝트/팀 리딩,4,Knowledge(지식),신기술 융합 아키텍처
18,화학·바이오,180103,유전자세포치료제공정,180103_L4,유전자세포치료제공정 고급 전문화 및 프로젝트/팀 리딩,4,Knowledge(지식),프로젝트 관리론(PMBOK/Agile)
18,화학·바이오,180103,유전자세포치료제공정,180103_L4,유전자세포치료제공정 고급 전문화 및 프로젝트/팀 리딩,4,Knowledge(지식),품질보증(QA) 거버넌스
18,화학·바이오,180103,유전자세포치료제공정,180103_L4,유전자세포치료제공정 고급 전문화 및 프로젝트/팀 리딩,4,Skill(기술/도구),전체 시스템 아키텍처 설계
18,화학·바이오,180103,유전자세포치료제공정,180103_L4,유전자세포치료제공정 고급 전문화 및 프로젝트/팀 리딩,4,Skill(기술/도구),애자일 스프린트 리딩
18,화학·바이오,180103,유전자세포치료제공정,180103_L4,유전자세포치료제공정 고급 전문화 및 프로젝트/팀 리딩,4,Skill(기술/도구),신기술 PoC 검증
18,화학·바이오,180103,유전자세포치료제공정,180103_L4,유전자세포치료제공정 고급 전문화 및 프로젝트/팀 리딩,4,Attitude(태도),혁신 지향 리더십
18,화학·바이오,180103,유전자세포치료제공정,180103_L4,유전자세포치료제공정 고급 전문화 및 프로젝트/팀 리딩,4,Attitude(태도),동료 성장 멘토링 마인드
18,화학·바이오,180103,유전자세포치료제공정,180103_L5,유전자세포치료제공정 전략 기획 및 전사 거버넌스 총괄,5,Knowledge(지식),경영 전략 및 자본 예산 배분
18,화학·바이오,180103,유전자세포치료제공정,180103_L5,유전자세포치료제공정 전략 기획 및 전사 거버넌스 총괄,5,Knowledge(지식),국내외 규제 컴플라이언스
18,화학·바이오,180103,유전자세포치료제공정,180103_L5,유전자세포치료제공정 전략 기획 및 전사 거버넌스 총괄,5,Knowledge(지식),엔터프라이즈 거버넌스
18,화학·바이오,180103,유전자세포치료제공정,180103_L5,유전자세포치료제공정 전략 기획 및 전사 거버넌스 총괄,5,Skill(기술/도구),전사 로드맵 수립
18,화학·바이오,180103,유전자세포치료제공정,180103_L5,유전자세포치료제공정 전략 기획 및 전사 거버넌스 총괄,5,Skill(기술/도구),투자 대비 성과(ROI) 모델링
18,화학·바이오,180103,유전자세포치료제공정,180103_L5,유전자세포치료제공정 전략 기획 및 전사 거버넌스 총괄,5,Skill(기술/도구),최고 의사결정 전략 제언
18,화학·바이오,180103,유전자세포치료제공정,180103_L5,유전자세포치료제공정 전략 기획 및 전사 거버넌스 총괄,5,Attitude(태도),거시적 통찰력
18,화학·바이오,180103,유전자세포치료제공정,180103_L5,유전자세포치료제공정 전략 기획 및 전사 거버넌스 총괄,5,Attitude(태도),전략적 윤리 리더십
18,화학·바이오,180104,바이오발효정제,180104_L1,바이오발효정제 기초 입문 및 업무 환경 지원,1,Knowledge(지식),바이오발효정제 개론
18,화학·바이오,180104,바이오발효정제,180104_L1,바이오발효정제 기초 입문 및 업무 환경 지원,1,Knowledge(지식),표준 작업 지침서
18,화학·바이오,180104,바이오발효정제,180104_L1,바이오발효정제 기초 입문 및 업무 환경 지원,1,Knowledge(지식),기초 법령/규정
18,화학·바이오,180104,바이오발효정제,180104_L1,바이오발효정제 기초 입문 및 업무 환경 지원,1,Skill(기술/도구),기초 전산 툴 조작
18,화학·바이오,180104,바이오발효정제,180104_L1,바이오발효정제 기초 입문 및 업무 환경 지원,1,Skill(기술/도구),문서 서식 작성
18,화학·바이오,180104,바이오발효정제,180104_L1,바이오발효정제 기초 입문 및 업무 환경 지원,1,Skill(기술/도구),자료 검색 및 분류
18,화학·바이오,180104,바이오발효정제,180104_L1,바이오발효정제 기초 입문 및 업무 환경 지원,1,Attitude(태도),규정 준수 의식
18,화학·바이오,180104,바이오발효정제,180104_L1,바이오발효정제 기초 입문 및 업무 환경 지원,1,Attitude(태도),성실한 업무 지원 태도
18,화학·바이오,180104,바이오발효정제,180104_L2,바이오발효정제 초급 실무 및 정형 과업 수행,2,Knowledge(지식),바이오발효정제 실무 프로세스
18,화학·바이오,180104,바이오발효정제,180104_L2,바이오발효정제 초급 실무 및 정형 과업 수행,2,Knowledge(지식),단위 업무 품질 기준
18,화학·바이오,180104,바이오발효정제,180104_L2,바이오발효정제 초급 실무 및 정형 과업 수행,2,Knowledge(지식),데이터 검증 기법
18,화학·바이오,180104,바이오발효정제,180104_L2,바이오발효정제 초급 실무 및 정형 과업 수행,2,Skill(기술/도구),실무 도구/SW 조작
18,화학·바이오,180104,바이오발효정제,180104_L2,바이오발효정제 초급 실무 및 정형 과업 수행,2,Skill(기술/도구),데이터 정제 및 가공
18,화학·바이오,180104,바이오발효정제,180104_L2,바이오발효정제 초급 실무 및 정형 과업 수행,2,Skill(기술/도구),단위 결과물 산출
18,화학·바이오,180104,바이오발효정제,180104_L2,바이오발효정제 초급 실무 및 정형 과업 수행,2,Attitude(태도),정확성과 꼼꼼함
18,화학·바이오,180104,바이오발효정제,180104_L2,바이오발효정제 초급 실무 및 정형 과업 수행,2,Attitude(태도),기한 준수 책임감
18,화학·바이오,180104,바이오발효정제,180104_L3,바이오발효정제 중급 독립 실무 및 문제해결 엔지니어링,3,Knowledge(지식),심화 모델링/설계 이론
18,화학·바이오,180104,바이오발효정제,180104_L3,바이오발효정제 중급 독립 실무 및 문제해결 엔지니어링,3,Knowledge(지식),성능 지표(KPI) 분석법
18,화학·바이오,180104,바이오발효정제,180104_L3,바이오발효정제 중급 독립 실무 및 문제해결 엔지니어링,3,Knowledge(지식),이슈 해결 방법론
18,화학·바이오,180104,바이오발효정제,180104_L3,바이오발효정제 중급 독립 실무 및 문제해결 엔지니어링,3,Skill(기술/도구),고급 도구/코드/기기 활용
18,화학·바이오,180104,바이오발효정제,180104_L3,바이오발효정제 중급 독립 실무 및 문제해결 엔지니어링,3,Skill(기술/도구),원인 분석 및 조치
18,화학·바이오,180104,바이오발효정제,180104_L3,바이오발효정제 중급 독립 실무 및 문제해결 엔지니어링,3,Skill(기술/도구),성과 분석 리포팅
18,화학·바이오,180104,바이오발효정제,180104_L3,바이오발효정제 중급 독립 실무 및 문제해결 엔지니어링,3,Attitude(태도),분석적 사고력
18,화학·바이오,180104,바이오발효정제,180104_L3,바이오발효정제 중급 독립 실무 및 문제해결 엔지니어링,3,Attitude(태도),타 부서와의 원활한 협업 소통
18,화학·바이오,180104,바이오발효정제,180104_L4,바이오발효정제 고급 전문화 및 프로젝트/팀 리딩,4,Knowledge(지식),신기술 융합 아키텍처
18,화학·바이오,180104,바이오발효정제,180104_L4,바이오발효정제 고급 전문화 및 프로젝트/팀 리딩,4,Knowledge(지식),프로젝트 관리론(PMBOK/Agile)
18,화학·바이오,180104,바이오발효정제,180104_L4,바이오발효정제 고급 전문화 및 프로젝트/팀 리딩,4,Knowledge(지식),품질보증(QA) 거버넌스
18,화학·바이오,180104,바이오발효정제,180104_L4,바이오발효정제 고급 전문화 및 프로젝트/팀 리딩,4,Skill(기술/도구),전체 시스템 아키텍처 설계
18,화학·바이오,180104,바이오발효정제,180104_L4,바이오발효정제 고급 전문화 및 프로젝트/팀 리딩,4,Skill(기술/도구),애자일 스프린트 리딩
18,화학·바이오,180104,바이오발효정제,180104_L4,바이오발효정제 고급 전문화 및 프로젝트/팀 리딩,4,Skill(기술/도구),신기술 PoC 검증
18,화학·바이오,180104,바이오발효정제,180104_L4,바이오발효정제 고급 전문화 및 프로젝트/팀 리딩,4,Attitude(태도),혁신 지향 리더십
18,화학·바이오,180104,바이오발효정제,180104_L4,바이오발효정제 고급 전문화 및 프로젝트/팀 리딩,4,Attitude(태도),동료 성장 멘토링 마인드
18,화학·바이오,180104,바이오발효정제,180104_L5,바이오발효정제 전략 기획 및 전사 거버넌스 총괄,5,Knowledge(지식),경영 전략 및 자본 예산 배분
18,화학·바이오,180104,바이오발효정제,180104_L5,바이오발효정제 전략 기획 및 전사 거버넌스 총괄,5,Knowledge(지식),국내외 규제 컴플라이언스
18,화학·바이오,180104,바이오발효정제,180104_L5,바이오발효정제 전략 기획 및 전사 거버넌스 총괄,5,Knowledge(지식),엔터프라이즈 거버넌스
18,화학·바이오,180104,바이오발효정제,180104_L5,바이오발효정제 전략 기획 및 전사 거버넌스 총괄,5,Skill(기술/도구),전사 로드맵 수립
18,화학·바이오,180104,바이오발효정제,180104_L5,바이오발효정제 전략 기획 및 전사 거버넌스 총괄,5,Skill(기술/도구),투자 대비 성과(ROI) 모델링
18,화학·바이오,180104,바이오발효정제,180104_L5,바이오발효정제 전략 기획 및 전사 거버넌스 총괄,5,Skill(기술/도구),최고 의사결정 전략 제언
18,화학·바이오,180104,바이오발효정제,180104_L5,바이오발효정제 전략 기획 및 전사 거버넌스 총괄,5,Attitude(태도),거시적 통찰력
18,화학·바이오,180104,바이오발효정제,180104_L5,바이오발효정제 전략 기획 및 전사 거버넌스 총괄,5,Attitude(태도),전략적 윤리 리더십
18,화학·바이오,180105,체외진단의료기기개발,180105_L1,체외진단의료기기개발 기초 입문 및 업무 환경 지원,1,Knowledge(지식),체외진단의료기기개발 개론
18,화학·바이오,180105,체외진단의료기기개발,180105_L1,체외진단의료기기개발 기초 입문 및 업무 환경 지원,1,Knowledge(지식),표준 작업 지침서
18,화학·바이오,180105,체외진단의료기기개발,180105_L1,체외진단의료기기개발 기초 입문 및 업무 환경 지원,1,Knowledge(지식),기초 법령/규정
18,화학·바이오,180105,체외진단의료기기개발,180105_L1,체외진단의료기기개발 기초 입문 및 업무 환경 지원,1,Skill(기술/도구),기초 전산 툴 조작
18,화학·바이오,180105,체외진단의료기기개발,180105_L1,체외진단의료기기개발 기초 입문 및 업무 환경 지원,1,Skill(기술/도구),문서 서식 작성
18,화학·바이오,180105,체외진단의료기기개발,180105_L1,체외진단의료기기개발 기초 입문 및 업무 환경 지원,1,Skill(기술/도구),자료 검색 및 분류
18,화학·바이오,180105,체외진단의료기기개발,180105_L1,체외진단의료기기개발 기초 입문 및 업무 환경 지원,1,Attitude(태도),규정 준수 의식
18,화학·바이오,180105,체외진단의료기기개발,180105_L1,체외진단의료기기개발 기초 입문 및 업무 환경 지원,1,Attitude(태도),성실한 업무 지원 태도
18,화학·바이오,180105,체외진단의료기기개발,180105_L2,체외진단의료기기개발 초급 실무 및 정형 과업 수행,2,Knowledge(지식),체외진단의료기기개발 실무 프로세스
18,화학·바이오,180105,체외진단의료기기개발,180105_L2,체외진단의료기기개발 초급 실무 및 정형 과업 수행,2,Knowledge(지식),단위 업무 품질 기준
18,화학·바이오,180105,체외진단의료기기개발,180105_L2,체외진단의료기기개발 초급 실무 및 정형 과업 수행,2,Knowledge(지식),데이터 검증 기법
18,화학·바이오,180105,체외진단의료기기개발,180105_L2,체외진단의료기기개발 초급 실무 및 정형 과업 수행,2,Skill(기술/도구),실무 도구/SW 조작
18,화학·바이오,180105,체외진단의료기기개발,180105_L2,체외진단의료기기개발 초급 실무 및 정형 과업 수행,2,Skill(기술/도구),데이터 정제 및 가공
18,화학·바이오,180105,체외진단의료기기개발,180105_L2,체외진단의료기기개발 초급 실무 및 정형 과업 수행,2,Skill(기술/도구),단위 결과물 산출
18,화학·바이오,180105,체외진단의료기기개발,180105_L2,체외진단의료기기개발 초급 실무 및 정형 과업 수행,2,Attitude(태도),정확성과 꼼꼼함
18,화학·바이오,180105,체외진단의료기기개발,180105_L2,체외진단의료기기개발 초급 실무 및 정형 과업 수행,2,Attitude(태도),기한 준수 책임감
18,화학·바이오,180105,체외진단의료기기개발,180105_L3,체외진단의료기기개발 중급 독립 실무 및 문제해결 엔지니어링,3,Knowledge(지식),심화 모델링/설계 이론
18,화학·바이오,180105,체외진단의료기기개발,180105_L3,체외진단의료기기개발 중급 독립 실무 및 문제해결 엔지니어링,3,Knowledge(지식),성능 지표(KPI) 분석법
18,화학·바이오,180105,체외진단의료기기개발,180105_L3,체외진단의료기기개발 중급 독립 실무 및 문제해결 엔지니어링,3,Knowledge(지식),이슈 해결 방법론
18,화학·바이오,180105,체외진단의료기기개발,180105_L3,체외진단의료기기개발 중급 독립 실무 및 문제해결 엔지니어링,3,Skill(기술/도구),고급 도구/코드/기기 활용
18,화학·바이오,180105,체외진단의료기기개발,180105_L3,체외진단의료기기개발 중급 독립 실무 및 문제해결 엔지니어링,3,Skill(기술/도구),원인 분석 및 조치
18,화학·바이오,180105,체외진단의료기기개발,180105_L3,체외진단의료기기개발 중급 독립 실무 및 문제해결 엔지니어링,3,Skill(기술/도구),성과 분석 리포팅
18,화학·바이오,180105,체외진단의료기기개발,180105_L3,체외진단의료기기개발 중급 독립 실무 및 문제해결 엔지니어링,3,Attitude(태도),분석적 사고력
18,화학·바이오,180105,체외진단의료기기개발,180105_L3,체외진단의료기기개발 중급 독립 실무 및 문제해결 엔지니어링,3,Attitude(태도),타 부서와의 원활한 협업 소통
18,화학·바이오,180105,체외진단의료기기개발,180105_L4,체외진단의료기기개발 고급 전문화 및 프로젝트/팀 리딩,4,Knowledge(지식),신기술 융합 아키텍처
18,화학·바이오,180105,체외진단의료기기개발,180105_L4,체외진단의료기기개발 고급 전문화 및 프로젝트/팀 리딩,4,Knowledge(지식),프로젝트 관리론(PMBOK/Agile)
18,화학·바이오,180105,체외진단의료기기개발,180105_L4,체외진단의료기기개발 고급 전문화 및 프로젝트/팀 리딩,4,Knowledge(지식),품질보증(QA) 거버넌스
18,화학·바이오,180105,체외진단의료기기개발,180105_L4,체외진단의료기기개발 고급 전문화 및 프로젝트/팀 리딩,4,Skill(기술/도구),전체 시스템 아키텍처 설계
18,화학·바이오,180105,체외진단의료기기개발,180105_L4,체외진단의료기기개발 고급 전문화 및 프로젝트/팀 리딩,4,Skill(기술/도구),애자일 스프린트 리딩
18,화학·바이오,180105,체외진단의료기기개발,180105_L4,체외진단의료기기개발 고급 전문화 및 프로젝트/팀 리딩,4,Skill(기술/도구),신기술 PoC 검증
18,화학·바이오,180105,체외진단의료기기개발,180105_L4,체외진단의료기기개발 고급 전문화 및 프로젝트/팀 리딩,4,Attitude(태도),혁신 지향 리더십
18,화학·바이오,180105,체외진단의료기기개발,180105_L4,체외진단의료기기개발 고급 전문화 및 프로젝트/팀 리딩,4,Attitude(태도),동료 성장 멘토링 마인드
18,화학·바이오,180105,체외진단의료기기개발,180105_L5,체외진단의료기기개발 전략 기획 및 전사 거버넌스 총괄,5,Knowledge(지식),경영 전략 및 자본 예산 배분
18,화학·바이오,180105,체외진단의료기기개발,180105_L5,체외진단의료기기개발 전략 기획 및 전사 거버넌스 총괄,5,Knowledge(지식),국내외 규제 컴플라이언스
18,화학·바이오,180105,체외진단의료기기개발,180105_L5,체외진단의료기기개발 전략 기획 및 전사 거버넌스 총괄,5,Knowledge(지식),엔터프라이즈 거버넌스
18,화학·바이오,180105,체외진단의료기기개발,180105_L5,체외진단의료기기개발 전략 기획 및 전사 거버넌스 총괄,5,Skill(기술/도구),전사 로드맵 수립
18,화학·바이오,180105,체외진단의료기기개발,180105_L5,체외진단의료기기개발 전략 기획 및 전사 거버넌스 총괄,5,Skill(기술/도구),투자 대비 성과(ROI) 모델링
18,화학·바이오,180105,체외진단의료기기개발,180105_L5,체외진단의료기기개발 전략 기획 및 전사 거버넌스 총괄,5,Skill(기술/도구),최고 의사결정 전략 제언
18,화학·바이오,180105,체외진단의료기기개발,180105_L5,체외진단의료기기개발 전략 기획 및 전사 거버넌스 총괄,5,Attitude(태도),거시적 통찰력
18,화학·바이오,180105,체외진단의료기기개발,180105_L5,체외진단의료기기개발 전략 기획 및 전사 거버넌스 총괄,5,Attitude(태도),전략적 윤리 리더십
18,화학·바이오,180206,석유화학연속공정제어,180206_L1,석유화학연속공정제어 기초 입문 및 업무 환경 지원,1,Knowledge(지식),석유화학연속공정제어 개론
18,화학·바이오,180206,석유화학연속공정제어,180206_L1,석유화학연속공정제어 기초 입문 및 업무 환경 지원,1,Knowledge(지식),표준 작업 지침서
18,화학·바이오,180206,석유화학연속공정제어,180206_L1,석유화학연속공정제어 기초 입문 및 업무 환경 지원,1,Knowledge(지식),기초 법령/규정
18,화학·바이오,180206,석유화학연속공정제어,180206_L1,석유화학연속공정제어 기초 입문 및 업무 환경 지원,1,Skill(기술/도구),기초 전산 툴 조작
18,화학·바이오,180206,석유화학연속공정제어,180206_L1,석유화학연속공정제어 기초 입문 및 업무 환경 지원,1,Skill(기술/도구),문서 서식 작성
18,화학·바이오,180206,석유화학연속공정제어,180206_L1,석유화학연속공정제어 기초 입문 및 업무 환경 지원,1,Skill(기술/도구),자료 검색 및 분류
18,화학·바이오,180206,석유화학연속공정제어,180206_L1,석유화학연속공정제어 기초 입문 및 업무 환경 지원,1,Attitude(태도),규정 준수 의식
18,화학·바이오,180206,석유화학연속공정제어,180206_L1,석유화학연속공정제어 기초 입문 및 업무 환경 지원,1,Attitude(태도),성실한 업무 지원 태도
18,화학·바이오,180206,석유화학연속공정제어,180206_L2,석유화학연속공정제어 초급 실무 및 정형 과업 수행,2,Knowledge(지식),석유화학연속공정제어 실무 프로세스
18,화학·바이오,180206,석유화학연속공정제어,180206_L2,석유화학연속공정제어 초급 실무 및 정형 과업 수행,2,Knowledge(지식),단위 업무 품질 기준
18,화학·바이오,180206,석유화학연속공정제어,180206_L2,석유화학연속공정제어 초급 실무 및 정형 과업 수행,2,Knowledge(지식),데이터 검증 기법
18,화학·바이오,180206,석유화학연속공정제어,180206_L2,석유화학연속공정제어 초급 실무 및 정형 과업 수행,2,Skill(기술/도구),실무 도구/SW 조작
18,화학·바이오,180206,석유화학연속공정제어,180206_L2,석유화학연속공정제어 초급 실무 및 정형 과업 수행,2,Skill(기술/도구),데이터 정제 및 가공
18,화학·바이오,180206,석유화학연속공정제어,180206_L2,석유화학연속공정제어 초급 실무 및 정형 과업 수행,2,Skill(기술/도구),단위 결과물 산출
18,화학·바이오,180206,석유화학연속공정제어,180206_L2,석유화학연속공정제어 초급 실무 및 정형 과업 수행,2,Attitude(태도),정확성과 꼼꼼함
18,화학·바이오,180206,석유화학연속공정제어,180206_L2,석유화학연속공정제어 초급 실무 및 정형 과업 수행,2,Attitude(태도),기한 준수 책임감
18,화학·바이오,180206,석유화학연속공정제어,180206_L3,석유화학연속공정제어 중급 독립 실무 및 문제해결 엔지니어링,3,Knowledge(지식),심화 모델링/설계 이론
18,화학·바이오,180206,석유화학연속공정제어,180206_L3,석유화학연속공정제어 중급 독립 실무 및 문제해결 엔지니어링,3,Knowledge(지식),성능 지표(KPI) 분석법
18,화학·바이오,180206,석유화학연속공정제어,180206_L3,석유화학연속공정제어 중급 독립 실무 및 문제해결 엔지니어링,3,Knowledge(지식),이슈 해결 방법론
18,화학·바이오,180206,석유화학연속공정제어,180206_L3,석유화학연속공정제어 중급 독립 실무 및 문제해결 엔지니어링,3,Skill(기술/도구),고급 도구/코드/기기 활용
18,화학·바이오,180206,석유화학연속공정제어,180206_L3,석유화학연속공정제어 중급 독립 실무 및 문제해결 엔지니어링,3,Skill(기술/도구),원인 분석 및 조치
18,화학·바이오,180206,석유화학연속공정제어,180206_L3,석유화학연속공정제어 중급 독립 실무 및 문제해결 엔지니어링,3,Skill(기술/도구),성과 분석 리포팅
18,화학·바이오,180206,석유화학연속공정제어,180206_L3,석유화학연속공정제어 중급 독립 실무 및 문제해결 엔지니어링,3,Attitude(태도),분석적 사고력
18,화학·바이오,180206,석유화학연속공정제어,180206_L3,석유화학연속공정제어 중급 독립 실무 및 문제해결 엔지니어링,3,Attitude(태도),타 부서와의 원활한 협업 소통
18,화학·바이오,180206,석유화학연속공정제어,180206_L4,석유화학연속공정제어 고급 전문화 및 프로젝트/팀 리딩,4,Knowledge(지식),신기술 융합 아키텍처
18,화학·바이오,180206,석유화학연속공정제어,180206_L4,석유화학연속공정제어 고급 전문화 및 프로젝트/팀 리딩,4,Knowledge(지식),프로젝트 관리론(PMBOK/Agile)
18,화학·바이오,180206,석유화학연속공정제어,180206_L4,석유화학연속공정제어 고급 전문화 및 프로젝트/팀 리딩,4,Knowledge(지식),품질보증(QA) 거버넌스
18,화학·바이오,180206,석유화학연속공정제어,180206_L4,석유화학연속공정제어 고급 전문화 및 프로젝트/팀 리딩,4,Skill(기술/도구),전체 시스템 아키텍처 설계
18,화학·바이오,180206,석유화학연속공정제어,180206_L4,석유화학연속공정제어 고급 전문화 및 프로젝트/팀 리딩,4,Skill(기술/도구),애자일 스프린트 리딩
18,화학·바이오,180206,석유화학연속공정제어,180206_L4,석유화학연속공정제어 고급 전문화 및 프로젝트/팀 리딩,4,Skill(기술/도구),신기술 PoC 검증
18,화학·바이오,180206,석유화학연속공정제어,180206_L4,석유화학연속공정제어 고급 전문화 및 프로젝트/팀 리딩,4,Attitude(태도),혁신 지향 리더십
18,화학·바이오,180206,석유화학연속공정제어,180206_L4,석유화학연속공정제어 고급 전문화 및 프로젝트/팀 리딩,4,Attitude(태도),동료 성장 멘토링 마인드
18,화학·바이오,180206,석유화학연속공정제어,180206_L5,석유화학연속공정제어 전략 기획 및 전사 거버넌스 총괄,5,Knowledge(지식),경영 전략 및 자본 예산 배분
18,화학·바이오,180206,석유화학연속공정제어,180206_L5,석유화학연속공정제어 전략 기획 및 전사 거버넌스 총괄,5,Knowledge(지식),국내외 규제 컴플라이언스
18,화학·바이오,180206,석유화학연속공정제어,180206_L5,석유화학연속공정제어 전략 기획 및 전사 거버넌스 총괄,5,Knowledge(지식),엔터프라이즈 거버넌스
18,화학·바이오,180206,석유화학연속공정제어,180206_L5,석유화학연속공정제어 전략 기획 및 전사 거버넌스 총괄,5,Skill(기술/도구),전사 로드맵 수립
18,화학·바이오,180206,석유화학연속공정제어,180206_L5,석유화학연속공정제어 전략 기획 및 전사 거버넌스 총괄,5,Skill(기술/도구),투자 대비 성과(ROI) 모델링
18,화학·바이오,180206,석유화학연속공정제어,180206_L5,석유화학연속공정제어 전략 기획 및 전사 거버넌스 총괄,5,Skill(기술/도구),최고 의사결정 전략 제언
18,화학·바이오,180206,석유화학연속공정제어,180206_L5,석유화학연속공정제어 전략 기획 및 전사 거버넌스 총괄,5,Attitude(태도),거시적 통찰력
18,화학·바이오,180206,석유화학연속공정제어,180206_L5,석유화학연속공정제어 전략 기획 및 전사 거버넌스 총괄,5,Attitude(태도),전략적 윤리 리더십
18,화학·바이오,180207,화장품제형연구(R&D),180207_L1,화장품제형연구(R&D) 기초 입문 및 업무 환경 지원,1,Knowledge(지식),화장품제형연구(R&D) 개론
18,화학·바이오,180207,화장품제형연구(R&D),180207_L1,화장품제형연구(R&D) 기초 입문 및 업무 환경 지원,1,Knowledge(지식),표준 작업 지침서
18,화학·바이오,180207,화장품제형연구(R&D),180207_L1,화장품제형연구(R&D) 기초 입문 및 업무 환경 지원,1,Knowledge(지식),기초 법령/규정
18,화학·바이오,180207,화장품제형연구(R&D),180207_L1,화장품제형연구(R&D) 기초 입문 및 업무 환경 지원,1,Skill(기술/도구),기초 전산 툴 조작
18,화학·바이오,180207,화장품제형연구(R&D),180207_L1,화장품제형연구(R&D) 기초 입문 및 업무 환경 지원,1,Skill(기술/도구),문서 서식 작성
18,화학·바이오,180207,화장품제형연구(R&D),180207_L1,화장품제형연구(R&D) 기초 입문 및 업무 환경 지원,1,Skill(기술/도구),자료 검색 및 분류
18,화학·바이오,180207,화장품제형연구(R&D),180207_L1,화장품제형연구(R&D) 기초 입문 및 업무 환경 지원,1,Attitude(태도),규정 준수 의식
18,화학·바이오,180207,화장품제형연구(R&D),180207_L1,화장품제형연구(R&D) 기초 입문 및 업무 환경 지원,1,Attitude(태도),성실한 업무 지원 태도
18,화학·바이오,180207,화장품제형연구(R&D),180207_L2,화장품제형연구(R&D) 초급 실무 및 정형 과업 수행,2,Knowledge(지식),화장품제형연구(R&D) 실무 프로세스
18,화학·바이오,180207,화장품제형연구(R&D),180207_L2,화장품제형연구(R&D) 초급 실무 및 정형 과업 수행,2,Knowledge(지식),단위 업무 품질 기준
18,화학·바이오,180207,화장품제형연구(R&D),180207_L2,화장품제형연구(R&D) 초급 실무 및 정형 과업 수행,2,Knowledge(지식),데이터 검증 기법
18,화학·바이오,180207,화장품제형연구(R&D),180207_L2,화장품제형연구(R&D) 초급 실무 및 정형 과업 수행,2,Skill(기술/도구),실무 도구/SW 조작
18,화학·바이오,180207,화장품제형연구(R&D),180207_L2,화장품제형연구(R&D) 초급 실무 및 정형 과업 수행,2,Skill(기술/도구),데이터 정제 및 가공
18,화학·바이오,180207,화장품제형연구(R&D),180207_L2,화장품제형연구(R&D) 초급 실무 및 정형 과업 수행,2,Skill(기술/도구),단위 결과물 산출
18,화학·바이오,180207,화장품제형연구(R&D),180207_L2,화장품제형연구(R&D) 초급 실무 및 정형 과업 수행,2,Attitude(태도),정확성과 꼼꼼함
18,화학·바이오,180207,화장품제형연구(R&D),180207_L2,화장품제형연구(R&D) 초급 실무 및 정형 과업 수행,2,Attitude(태도),기한 준수 책임감
18,화학·바이오,180207,화장품제형연구(R&D),180207_L3,화장품제형연구(R&D) 중급 독립 실무 및 문제해결 엔지니어링,3,Knowledge(지식),심화 모델링/설계 이론
18,화학·바이오,180207,화장품제형연구(R&D),180207_L3,화장품제형연구(R&D) 중급 독립 실무 및 문제해결 엔지니어링,3,Knowledge(지식),성능 지표(KPI) 분석법
18,화학·바이오,180207,화장품제형연구(R&D),180207_L3,화장품제형연구(R&D) 중급 독립 실무 및 문제해결 엔지니어링,3,Knowledge(지식),이슈 해결 방법론
18,화학·바이오,180207,화장품제형연구(R&D),180207_L3,화장품제형연구(R&D) 중급 독립 실무 및 문제해결 엔지니어링,3,Skill(기술/도구),고급 도구/코드/기기 활용
18,화학·바이오,180207,화장품제형연구(R&D),180207_L3,화장품제형연구(R&D) 중급 독립 실무 및 문제해결 엔지니어링,3,Skill(기술/도구),원인 분석 및 조치
18,화학·바이오,180207,화장품제형연구(R&D),180207_L3,화장품제형연구(R&D) 중급 독립 실무 및 문제해결 엔지니어링,3,Skill(기술/도구),성과 분석 리포팅
18,화학·바이오,180207,화장품제형연구(R&D),180207_L3,화장품제형연구(R&D) 중급 독립 실무 및 문제해결 엔지니어링,3,Attitude(태도),분석적 사고력
18,화학·바이오,180207,화장품제형연구(R&D),180207_L3,화장품제형연구(R&D) 중급 독립 실무 및 문제해결 엔지니어링,3,Attitude(태도),타 부서와의 원활한 협업 소통
18,화학·바이오,180207,화장품제형연구(R&D),180207_L4,화장품제형연구(R&D) 고급 전문화 및 프로젝트/팀 리딩,4,Knowledge(지식),신기술 융합 아키텍처
18,화학·바이오,180207,화장품제형연구(R&D),180207_L4,화장품제형연구(R&D) 고급 전문화 및 프로젝트/팀 리딩,4,Knowledge(지식),프로젝트 관리론(PMBOK/Agile)
18,화학·바이오,180207,화장품제형연구(R&D),180207_L4,화장품제형연구(R&D) 고급 전문화 및 프로젝트/팀 리딩,4,Knowledge(지식),품질보증(QA) 거버넌스
18,화학·바이오,180207,화장품제형연구(R&D),180207_L4,화장품제형연구(R&D) 고급 전문화 및 프로젝트/팀 리딩,4,Skill(기술/도구),전체 시스템 아키텍처 설계
18,화학·바이오,180207,화장품제형연구(R&D),180207_L4,화장품제형연구(R&D) 고급 전문화 및 프로젝트/팀 리딩,4,Skill(기술/도구),애자일 스프린트 리딩
18,화학·바이오,180207,화장품제형연구(R&D),180207_L4,화장품제형연구(R&D) 고급 전문화 및 프로젝트/팀 리딩,4,Skill(기술/도구),신기술 PoC 검증
18,화학·바이오,180207,화장품제형연구(R&D),180207_L4,화장품제형연구(R&D) 고급 전문화 및 프로젝트/팀 리딩,4,Attitude(태도),혁신 지향 리더십
18,화학·바이오,180207,화장품제형연구(R&D),180207_L4,화장품제형연구(R&D) 고급 전문화 및 프로젝트/팀 리딩,4,Attitude(태도),동료 성장 멘토링 마인드
18,화학·바이오,180207,화장품제형연구(R&D),180207_L5,화장품제형연구(R&D) 전략 기획 및 전사 거버넌스 총괄,5,Knowledge(지식),경영 전략 및 자본 예산 배분
18,화학·바이오,180207,화장품제형연구(R&D),180207_L5,화장품제형연구(R&D) 전략 기획 및 전사 거버넌스 총괄,5,Knowledge(지식),국내외 규제 컴플라이언스
18,화학·바이오,180207,화장품제형연구(R&D),180207_L5,화장품제형연구(R&D) 전략 기획 및 전사 거버넌스 총괄,5,Knowledge(지식),엔터프라이즈 거버넌스
18,화학·바이오,180207,화장품제형연구(R&D),180207_L5,화장품제형연구(R&D) 전략 기획 및 전사 거버넌스 총괄,5,Skill(기술/도구),전사 로드맵 수립
18,화학·바이오,180207,화장품제형연구(R&D),180207_L5,화장품제형연구(R&D) 전략 기획 및 전사 거버넌스 총괄,5,Skill(기술/도구),투자 대비 성과(ROI) 모델링
18,화학·바이오,180207,화장품제형연구(R&D),180207_L5,화장품제형연구(R&D) 전략 기획 및 전사 거버넌스 총괄,5,Skill(기술/도구),최고 의사결정 전략 제언
18,화학·바이오,180207,화장품제형연구(R&D),180207_L5,화장품제형연구(R&D) 전략 기획 및 전사 거버넌스 총괄,5,Attitude(태도),거시적 통찰력
18,화학·바이오,180207,화장품제형연구(R&D),180207_L5,화장품제형연구(R&D) 전략 기획 및 전사 거버넌스 총괄,5,Attitude(태도),전략적 윤리 리더십
18,화학·바이오,180208,정밀화학유기합성,180208_L1,정밀화학유기합성 기초 입문 및 업무 환경 지원,1,Knowledge(지식),정밀화학유기합성 개론
18,화학·바이오,180208,정밀화학유기합성,180208_L1,정밀화학유기합성 기초 입문 및 업무 환경 지원,1,Knowledge(지식),표준 작업 지침서
18,화학·바이오,180208,정밀화학유기합성,180208_L1,정밀화학유기합성 기초 입문 및 업무 환경 지원,1,Knowledge(지식),기초 법령/규정
18,화학·바이오,180208,정밀화학유기합성,180208_L1,정밀화학유기합성 기초 입문 및 업무 환경 지원,1,Skill(기술/도구),기초 전산 툴 조작
18,화학·바이오,180208,정밀화학유기합성,180208_L1,정밀화학유기합성 기초 입문 및 업무 환경 지원,1,Skill(기술/도구),문서 서식 작성
18,화학·바이오,180208,정밀화학유기합성,180208_L1,정밀화학유기합성 기초 입문 및 업무 환경 지원,1,Skill(기술/도구),자료 검색 및 분류
18,화학·바이오,180208,정밀화학유기합성,180208_L1,정밀화학유기합성 기초 입문 및 업무 환경 지원,1,Attitude(태도),규정 준수 의식
18,화학·바이오,180208,정밀화학유기합성,180208_L1,정밀화학유기합성 기초 입문 및 업무 환경 지원,1,Attitude(태도),성실한 업무 지원 태도
18,화학·바이오,180208,정밀화학유기합성,180208_L2,정밀화학유기합성 초급 실무 및 정형 과업 수행,2,Knowledge(지식),정밀화학유기합성 실무 프로세스
18,화학·바이오,180208,정밀화학유기합성,180208_L2,정밀화학유기합성 초급 실무 및 정형 과업 수행,2,Knowledge(지식),단위 업무 품질 기준
18,화학·바이오,180208,정밀화학유기합성,180208_L2,정밀화학유기합성 초급 실무 및 정형 과업 수행,2,Knowledge(지식),데이터 검증 기법
18,화학·바이오,180208,정밀화학유기합성,180208_L2,정밀화학유기합성 초급 실무 및 정형 과업 수행,2,Skill(기술/도구),실무 도구/SW 조작
18,화학·바이오,180208,정밀화학유기합성,180208_L2,정밀화학유기합성 초급 실무 및 정형 과업 수행,2,Skill(기술/도구),데이터 정제 및 가공
18,화학·바이오,180208,정밀화학유기합성,180208_L2,정밀화학유기합성 초급 실무 및 정형 과업 수행,2,Skill(기술/도구),단위 결과물 산출
18,화학·바이오,180208,정밀화학유기합성,180208_L2,정밀화학유기합성 초급 실무 및 정형 과업 수행,2,Attitude(태도),정확성과 꼼꼼함
18,화학·바이오,180208,정밀화학유기합성,180208_L2,정밀화학유기합성 초급 실무 및 정형 과업 수행,2,Attitude(태도),기한 준수 책임감
18,화학·바이오,180208,정밀화학유기합성,180208_L3,정밀화학유기합성 중급 독립 실무 및 문제해결 엔지니어링,3,Knowledge(지식),심화 모델링/설계 이론
18,화학·바이오,180208,정밀화학유기합성,180208_L3,정밀화학유기합성 중급 독립 실무 및 문제해결 엔지니어링,3,Knowledge(지식),성능 지표(KPI) 분석법
18,화학·바이오,180208,정밀화학유기합성,180208_L3,정밀화학유기합성 중급 독립 실무 및 문제해결 엔지니어링,3,Knowledge(지식),이슈 해결 방법론
18,화학·바이오,180208,정밀화학유기합성,180208_L3,정밀화학유기합성 중급 독립 실무 및 문제해결 엔지니어링,3,Skill(기술/도구),고급 도구/코드/기기 활용
18,화학·바이오,180208,정밀화학유기합성,180208_L3,정밀화학유기합성 중급 독립 실무 및 문제해결 엔지니어링,3,Skill(기술/도구),원인 분석 및 조치
18,화학·바이오,180208,정밀화학유기합성,180208_L3,정밀화학유기합성 중급 독립 실무 및 문제해결 엔지니어링,3,Skill(기술/도구),성과 분석 리포팅
18,화학·바이오,180208,정밀화학유기합성,180208_L3,정밀화학유기합성 중급 독립 실무 및 문제해결 엔지니어링,3,Attitude(태도),분석적 사고력
18,화학·바이오,180208,정밀화학유기합성,180208_L3,정밀화학유기합성 중급 독립 실무 및 문제해결 엔지니어링,3,Attitude(태도),타 부서와의 원활한 협업 소통
18,화학·바이오,180208,정밀화학유기합성,180208_L4,정밀화학유기합성 고급 전문화 및 프로젝트/팀 리딩,4,Knowledge(지식),신기술 융합 아키텍처
18,화학·바이오,180208,정밀화학유기합성,180208_L4,정밀화학유기합성 고급 전문화 및 프로젝트/팀 리딩,4,Knowledge(지식),프로젝트 관리론(PMBOK/Agile)
18,화학·바이오,180208,정밀화학유기합성,180208_L4,정밀화학유기합성 고급 전문화 및 프로젝트/팀 리딩,4,Knowledge(지식),품질보증(QA) 거버넌스
18,화학·바이오,180208,정밀화학유기합성,180208_L4,정밀화학유기합성 고급 전문화 및 프로젝트/팀 리딩,4,Skill(기술/도구),전체 시스템 아키텍처 설계
18,화학·바이오,180208,정밀화학유기합성,180208_L4,정밀화학유기합성 고급 전문화 및 프로젝트/팀 리딩,4,Skill(기술/도구),애자일 스프린트 리딩
18,화학·바이오,180208,정밀화학유기합성,180208_L4,정밀화학유기합성 고급 전문화 및 프로젝트/팀 리딩,4,Skill(기술/도구),신기술 PoC 검증
18,화학·바이오,180208,정밀화학유기합성,180208_L4,정밀화학유기합성 고급 전문화 및 프로젝트/팀 리딩,4,Attitude(태도),혁신 지향 리더십
18,화학·바이오,180208,정밀화학유기합성,180208_L4,정밀화학유기합성 고급 전문화 및 프로젝트/팀 리딩,4,Attitude(태도),동료 성장 멘토링 마인드
18,화학·바이오,180208,정밀화학유기합성,180208_L5,정밀화학유기합성 전략 기획 및 전사 거버넌스 총괄,5,Knowledge(지식),경영 전략 및 자본 예산 배분
18,화학·바이오,180208,정밀화학유기합성,180208_L5,정밀화학유기합성 전략 기획 및 전사 거버넌스 총괄,5,Knowledge(지식),국내외 규제 컴플라이언스
18,화학·바이오,180208,정밀화학유기합성,180208_L5,정밀화학유기합성 전략 기획 및 전사 거버넌스 총괄,5,Knowledge(지식),엔터프라이즈 거버넌스
18,화학·바이오,180208,정밀화학유기합성,180208_L5,정밀화학유기합성 전략 기획 및 전사 거버넌스 총괄,5,Skill(기술/도구),전사 로드맵 수립
18,화학·바이오,180208,정밀화학유기합성,180208_L5,정밀화학유기합성 전략 기획 및 전사 거버넌스 총괄,5,Skill(기술/도구),투자 대비 성과(ROI) 모델링
18,화학·바이오,180208,정밀화학유기합성,180208_L5,정밀화학유기합성 전략 기획 및 전사 거버넌스 총괄,5,Skill(기술/도구),최고 의사결정 전략 제언
18,화학·바이오,180208,정밀화학유기합성,180208_L5,정밀화학유기합성 전략 기획 및 전사 거버넌스 총괄,5,Attitude(태도),거시적 통찰력
18,화학·바이오,180208,정밀화학유기합성,180208_L5,정밀화학유기합성 전략 기획 및 전사 거버넌스 총괄,5,Attitude(태도),전략적 윤리 리더십
18,화학·바이오,180209,고분자플라스틱중합,180209_L1,고분자플라스틱중합 기초 입문 및 업무 환경 지원,1,Knowledge(지식),고분자플라스틱중합 개론
18,화학·바이오,180209,고분자플라스틱중합,180209_L1,고분자플라스틱중합 기초 입문 및 업무 환경 지원,1,Knowledge(지식),표준 작업 지침서
18,화학·바이오,180209,고분자플라스틱중합,180209_L1,고분자플라스틱중합 기초 입문 및 업무 환경 지원,1,Knowledge(지식),기초 법령/규정
18,화학·바이오,180209,고분자플라스틱중합,180209_L1,고분자플라스틱중합 기초 입문 및 업무 환경 지원,1,Skill(기술/도구),기초 전산 툴 조작
18,화학·바이오,180209,고분자플라스틱중합,180209_L1,고분자플라스틱중합 기초 입문 및 업무 환경 지원,1,Skill(기술/도구),문서 서식 작성
18,화학·바이오,180209,고분자플라스틱중합,180209_L1,고분자플라스틱중합 기초 입문 및 업무 환경 지원,1,Skill(기술/도구),자료 검색 및 분류
18,화학·바이오,180209,고분자플라스틱중합,180209_L1,고분자플라스틱중합 기초 입문 및 업무 환경 지원,1,Attitude(태도),규정 준수 의식
18,화학·바이오,180209,고분자플라스틱중합,180209_L1,고분자플라스틱중합 기초 입문 및 업무 환경 지원,1,Attitude(태도),성실한 업무 지원 태도
18,화학·바이오,180209,고분자플라스틱중합,180209_L2,고분자플라스틱중합 초급 실무 및 정형 과업 수행,2,Knowledge(지식),고분자플라스틱중합 실무 프로세스
18,화학·바이오,180209,고분자플라스틱중합,180209_L2,고분자플라스틱중합 초급 실무 및 정형 과업 수행,2,Knowledge(지식),단위 업무 품질 기준
18,화학·바이오,180209,고분자플라스틱중합,180209_L2,고분자플라스틱중합 초급 실무 및 정형 과업 수행,2,Knowledge(지식),데이터 검증 기법
18,화학·바이오,180209,고분자플라스틱중합,180209_L2,고분자플라스틱중합 초급 실무 및 정형 과업 수행,2,Skill(기술/도구),실무 도구/SW 조작
18,화학·바이오,180209,고분자플라스틱중합,180209_L2,고분자플라스틱중합 초급 실무 및 정형 과업 수행,2,Skill(기술/도구),데이터 정제 및 가공
18,화학·바이오,180209,고분자플라스틱중합,180209_L2,고분자플라스틱중합 초급 실무 및 정형 과업 수행,2,Skill(기술/도구),단위 결과물 산출
18,화학·바이오,180209,고분자플라스틱중합,180209_L2,고분자플라스틱중합 초급 실무 및 정형 과업 수행,2,Attitude(태도),정확성과 꼼꼼함
18,화학·바이오,180209,고분자플라스틱중합,180209_L2,고분자플라스틱중합 초급 실무 및 정형 과업 수행,2,Attitude(태도),기한 준수 책임감
18,화학·바이오,180209,고분자플라스틱중합,180209_L3,고분자플라스틱중합 중급 독립 실무 및 문제해결 엔지니어링,3,Knowledge(지식),심화 모델링/설계 이론
18,화학·바이오,180209,고분자플라스틱중합,180209_L3,고분자플라스틱중합 중급 독립 실무 및 문제해결 엔지니어링,3,Knowledge(지식),성능 지표(KPI) 분석법
18,화학·바이오,180209,고분자플라스틱중합,180209_L3,고분자플라스틱중합 중급 독립 실무 및 문제해결 엔지니어링,3,Knowledge(지식),이슈 해결 방법론
18,화학·바이오,180209,고분자플라스틱중합,180209_L3,고분자플라스틱중합 중급 독립 실무 및 문제해결 엔지니어링,3,Skill(기술/도구),고급 도구/코드/기기 활용
18,화학·바이오,180209,고분자플라스틱중합,180209_L3,고분자플라스틱중합 중급 독립 실무 및 문제해결 엔지니어링,3,Skill(기술/도구),원인 분석 및 조치
18,화학·바이오,180209,고분자플라스틱중합,180209_L3,고분자플라스틱중합 중급 독립 실무 및 문제해결 엔지니어링,3,Skill(기술/도구),성과 분석 리포팅
18,화학·바이오,180209,고분자플라스틱중합,180209_L3,고분자플라스틱중합 중급 독립 실무 및 문제해결 엔지니어링,3,Attitude(태도),분석적 사고력
18,화학·바이오,180209,고분자플라스틱중합,180209_L3,고분자플라스틱중합 중급 독립 실무 및 문제해결 엔지니어링,3,Attitude(태도),타 부서와의 원활한 협업 소통
18,화학·바이오,180209,고분자플라스틱중합,180209_L4,고분자플라스틱중합 고급 전문화 및 프로젝트/팀 리딩,4,Knowledge(지식),신기술 융합 아키텍처
18,화학·바이오,180209,고분자플라스틱중합,180209_L4,고분자플라스틱중합 고급 전문화 및 프로젝트/팀 리딩,4,Knowledge(지식),프로젝트 관리론(PMBOK/Agile)
18,화학·바이오,180209,고분자플라스틱중합,180209_L4,고분자플라스틱중합 고급 전문화 및 프로젝트/팀 리딩,4,Knowledge(지식),품질보증(QA) 거버넌스
18,화학·바이오,180209,고분자플라스틱중합,180209_L4,고분자플라스틱중합 고급 전문화 및 프로젝트/팀 리딩,4,Skill(기술/도구),전체 시스템 아키텍처 설계
18,화학·바이오,180209,고분자플라스틱중합,180209_L4,고분자플라스틱중합 고급 전문화 및 프로젝트/팀 리딩,4,Skill(기술/도구),애자일 스프린트 리딩
18,화학·바이오,180209,고분자플라스틱중합,180209_L4,고분자플라스틱중합 고급 전문화 및 프로젝트/팀 리딩,4,Skill(기술/도구),신기술 PoC 검증
18,화학·바이오,180209,고분자플라스틱중합,180209_L4,고분자플라스틱중합 고급 전문화 및 프로젝트/팀 리딩,4,Attitude(태도),혁신 지향 리더십
18,화학·바이오,180209,고분자플라스틱중합,180209_L4,고분자플라스틱중합 고급 전문화 및 프로젝트/팀 리딩,4,Attitude(태도),동료 성장 멘토링 마인드
18,화학·바이오,180209,고분자플라스틱중합,180209_L5,고분자플라스틱중합 전략 기획 및 전사 거버넌스 총괄,5,Knowledge(지식),경영 전략 및 자본 예산 배분
18,화학·바이오,180209,고분자플라스틱중합,180209_L5,고분자플라스틱중합 전략 기획 및 전사 거버넌스 총괄,5,Knowledge(지식),국내외 규제 컴플라이언스
18,화학·바이오,180209,고분자플라스틱중합,180209_L5,고분자플라스틱중합 전략 기획 및 전사 거버넌스 총괄,5,Knowledge(지식),엔터프라이즈 거버넌스
18,화학·바이오,180209,고분자플라스틱중합,180209_L5,고분자플라스틱중합 전략 기획 및 전사 거버넌스 총괄,5,Skill(기술/도구),전사 로드맵 수립
18,화학·바이오,180209,고분자플라스틱중합,180209_L5,고분자플라스틱중합 전략 기획 및 전사 거버넌스 총괄,5,Skill(기술/도구),투자 대비 성과(ROI) 모델링
18,화학·바이오,180209,고분자플라스틱중합,180209_L5,고분자플라스틱중합 전략 기획 및 전사 거버넌스 총괄,5,Skill(기술/도구),최고 의사결정 전략 제언
18,화학·바이오,180209,고분자플라스틱중합,180209_L5,고분자플라스틱중합 전략 기획 및 전사 거버넌스 총괄,5,Attitude(태도),거시적 통찰력
18,화학·바이오,180209,고분자플라스틱중합,180209_L5,고분자플라스틱중합 전략 기획 및 전사 거버넌스 총괄,5,Attitude(태도),전략적 윤리 리더십
18,화학·바이오,180210,화학물질안전관리(REACH),180210_L1,화학물질안전관리(REACH) 기초 입문 및 업무 환경 지원,1,Knowledge(지식),화학물질안전관리(REACH) 개론
18,화학·바이오,180210,화학물질안전관리(REACH),180210_L1,화학물질안전관리(REACH) 기초 입문 및 업무 환경 지원,1,Knowledge(지식),표준 작업 지침서
18,화학·바이오,180210,화학물질안전관리(REACH),180210_L1,화학물질안전관리(REACH) 기초 입문 및 업무 환경 지원,1,Knowledge(지식),기초 법령/규정
18,화학·바이오,180210,화학물질안전관리(REACH),180210_L1,화학물질안전관리(REACH) 기초 입문 및 업무 환경 지원,1,Skill(기술/도구),기초 전산 툴 조작
18,화학·바이오,180210,화학물질안전관리(REACH),180210_L1,화학물질안전관리(REACH) 기초 입문 및 업무 환경 지원,1,Skill(기술/도구),문서 서식 작성
18,화학·바이오,180210,화학물질안전관리(REACH),180210_L1,화학물질안전관리(REACH) 기초 입문 및 업무 환경 지원,1,Skill(기술/도구),자료 검색 및 분류
18,화학·바이오,180210,화학물질안전관리(REACH),180210_L1,화학물질안전관리(REACH) 기초 입문 및 업무 환경 지원,1,Attitude(태도),규정 준수 의식
18,화학·바이오,180210,화학물질안전관리(REACH),180210_L1,화학물질안전관리(REACH) 기초 입문 및 업무 환경 지원,1,Attitude(태도),성실한 업무 지원 태도
18,화학·바이오,180210,화학물질안전관리(REACH),180210_L2,화학물질안전관리(REACH) 초급 실무 및 정형 과업 수행,2,Knowledge(지식),화학물질안전관리(REACH) 실무 프로세스
18,화학·바이오,180210,화학물질안전관리(REACH),180210_L2,화학물질안전관리(REACH) 초급 실무 및 정형 과업 수행,2,Knowledge(지식),단위 업무 품질 기준
18,화학·바이오,180210,화학물질안전관리(REACH),180210_L2,화학물질안전관리(REACH) 초급 실무 및 정형 과업 수행,2,Knowledge(지식),데이터 검증 기법
18,화학·바이오,180210,화학물질안전관리(REACH),180210_L2,화학물질안전관리(REACH) 초급 실무 및 정형 과업 수행,2,Skill(기술/도구),실무 도구/SW 조작
18,화학·바이오,180210,화학물질안전관리(REACH),180210_L2,화학물질안전관리(REACH) 초급 실무 및 정형 과업 수행,2,Skill(기술/도구),데이터 정제 및 가공
18,화학·바이오,180210,화학물질안전관리(REACH),180210_L2,화학물질안전관리(REACH) 초급 실무 및 정형 과업 수행,2,Skill(기술/도구),단위 결과물 산출
18,화학·바이오,180210,화학물질안전관리(REACH),180210_L2,화학물질안전관리(REACH) 초급 실무 및 정형 과업 수행,2,Attitude(태도),정확성과 꼼꼼함
18,화학·바이오,180210,화학물질안전관리(REACH),180210_L2,화학물질안전관리(REACH) 초급 실무 및 정형 과업 수행,2,Attitude(태도),기한 준수 책임감
18,화학·바이오,180210,화학물질안전관리(REACH),180210_L3,화학물질안전관리(REACH) 중급 독립 실무 및 문제해결 엔지니어링,3,Knowledge(지식),심화 모델링/설계 이론
18,화학·바이오,180210,화학물질안전관리(REACH),180210_L3,화학물질안전관리(REACH) 중급 독립 실무 및 문제해결 엔지니어링,3,Knowledge(지식),성능 지표(KPI) 분석법
18,화학·바이오,180210,화학물질안전관리(REACH),180210_L3,화학물질안전관리(REACH) 중급 독립 실무 및 문제해결 엔지니어링,3,Knowledge(지식),이슈 해결 방법론
18,화학·바이오,180210,화학물질안전관리(REACH),180210_L3,화학물질안전관리(REACH) 중급 독립 실무 및 문제해결 엔지니어링,3,Skill(기술/도구),고급 도구/코드/기기 활용
18,화학·바이오,180210,화학물질안전관리(REACH),180210_L3,화학물질안전관리(REACH) 중급 독립 실무 및 문제해결 엔지니어링,3,Skill(기술/도구),원인 분석 및 조치
18,화학·바이오,180210,화학물질안전관리(REACH),180210_L3,화학물질안전관리(REACH) 중급 독립 실무 및 문제해결 엔지니어링,3,Skill(기술/도구),성과 분석 리포팅
18,화학·바이오,180210,화학물질안전관리(REACH),180210_L3,화학물질안전관리(REACH) 중급 독립 실무 및 문제해결 엔지니어링,3,Attitude(태도),분석적 사고력
18,화학·바이오,180210,화학물질안전관리(REACH),180210_L3,화학물질안전관리(REACH) 중급 독립 실무 및 문제해결 엔지니어링,3,Attitude(태도),타 부서와의 원활한 협업 소통
18,화학·바이오,180210,화학물질안전관리(REACH),180210_L4,화학물질안전관리(REACH) 고급 전문화 및 프로젝트/팀 리딩,4,Knowledge(지식),신기술 융합 아키텍처
18,화학·바이오,180210,화학물질안전관리(REACH),180210_L4,화학물질안전관리(REACH) 고급 전문화 및 프로젝트/팀 리딩,4,Knowledge(지식),프로젝트 관리론(PMBOK/Agile)
18,화학·바이오,180210,화학물질안전관리(REACH),180210_L4,화학물질안전관리(REACH) 고급 전문화 및 프로젝트/팀 리딩,4,Knowledge(지식),품질보증(QA) 거버넌스
18,화학·바이오,180210,화학물질안전관리(REACH),180210_L4,화학물질안전관리(REACH) 고급 전문화 및 프로젝트/팀 리딩,4,Skill(기술/도구),전체 시스템 아키텍처 설계
18,화학·바이오,180210,화학물질안전관리(REACH),180210_L4,화학물질안전관리(REACH) 고급 전문화 및 프로젝트/팀 리딩,4,Skill(기술/도구),애자일 스프린트 리딩
18,화학·바이오,180210,화학물질안전관리(REACH),180210_L4,화학물질안전관리(REACH) 고급 전문화 및 프로젝트/팀 리딩,4,Skill(기술/도구),신기술 PoC 검증
18,화학·바이오,180210,화학물질안전관리(REACH),180210_L4,화학물질안전관리(REACH) 고급 전문화 및 프로젝트/팀 리딩,4,Attitude(태도),혁신 지향 리더십
18,화학·바이오,180210,화학물질안전관리(REACH),180210_L4,화학물질안전관리(REACH) 고급 전문화 및 프로젝트/팀 리딩,4,Attitude(태도),동료 성장 멘토링 마인드
18,화학·바이오,180210,화학물질안전관리(REACH),180210_L5,화학물질안전관리(REACH) 전략 기획 및 전사 거버넌스 총괄,5,Knowledge(지식),경영 전략 및 자본 예산 배분
18,화학·바이오,180210,화학물질안전관리(REACH),180210_L5,화학물질안전관리(REACH) 전략 기획 및 전사 거버넌스 총괄,5,Knowledge(지식),국내외 규제 컴플라이언스
18,화학·바이오,180210,화학물질안전관리(REACH),180210_L5,화학물질안전관리(REACH) 전략 기획 및 전사 거버넌스 총괄,5,Knowledge(지식),엔터프라이즈 거버넌스
18,화학·바이오,180210,화학물질안전관리(REACH),180210_L5,화학물질안전관리(REACH) 전략 기획 및 전사 거버넌스 총괄,5,Skill(기술/도구),전사 로드맵 수립
18,화학·바이오,180210,화학물질안전관리(REACH),180210_L5,화학물질안전관리(REACH) 전략 기획 및 전사 거버넌스 총괄,5,Skill(기술/도구),투자 대비 성과(ROI) 모델링
18,화학·바이오,180210,화학물질안전관리(REACH),180210_L5,화학물질안전관리(REACH) 전략 기획 및 전사 거버넌스 총괄,5,Skill(기술/도구),최고 의사결정 전략 제언
18,화학·바이오,180210,화학물질안전관리(REACH),180210_L5,화학물질안전관리(REACH) 전략 기획 및 전사 거버넌스 총괄,5,Attitude(태도),거시적 통찰력
18,화학·바이오,180210,화학물질안전관리(REACH),180210_L5,화학물질안전관리(REACH) 전략 기획 및 전사 거버넌스 총괄,5,Attitude(태도),전략적 윤리 리더십
19,섬유·의복,190101,3D디지털의상디자인(CLO),190101_L1,3D디지털의상디자인(CLO) 기초 입문 및 업무 환경 지원,1,Knowledge(지식),3D디지털의상디자인(CLO) 개론
19,섬유·의복,190101,3D디지털의상디자인(CLO),190101_L1,3D디지털의상디자인(CLO) 기초 입문 및 업무 환경 지원,1,Knowledge(지식),표준 작업 지침서
19,섬유·의복,190101,3D디지털의상디자인(CLO),190101_L1,3D디지털의상디자인(CLO) 기초 입문 및 업무 환경 지원,1,Knowledge(지식),기초 법령/규정
19,섬유·의복,190101,3D디지털의상디자인(CLO),190101_L1,3D디지털의상디자인(CLO) 기초 입문 및 업무 환경 지원,1,Skill(기술/도구),기초 전산 툴 조작
19,섬유·의복,190101,3D디지털의상디자인(CLO),190101_L1,3D디지털의상디자인(CLO) 기초 입문 및 업무 환경 지원,1,Skill(기술/도구),문서 서식 작성
19,섬유·의복,190101,3D디지털의상디자인(CLO),190101_L1,3D디지털의상디자인(CLO) 기초 입문 및 업무 환경 지원,1,Skill(기술/도구),자료 검색 및 분류
19,섬유·의복,190101,3D디지털의상디자인(CLO),190101_L1,3D디지털의상디자인(CLO) 기초 입문 및 업무 환경 지원,1,Attitude(태도),규정 준수 의식
19,섬유·의복,190101,3D디지털의상디자인(CLO),190101_L1,3D디지털의상디자인(CLO) 기초 입문 및 업무 환경 지원,1,Attitude(태도),성실한 업무 지원 태도
19,섬유·의복,190101,3D디지털의상디자인(CLO),190101_L2,3D디지털의상디자인(CLO) 초급 실무 및 정형 과업 수행,2,Knowledge(지식),3D디지털의상디자인(CLO) 실무 프로세스
19,섬유·의복,190101,3D디지털의상디자인(CLO),190101_L2,3D디지털의상디자인(CLO) 초급 실무 및 정형 과업 수행,2,Knowledge(지식),단위 업무 품질 기준
19,섬유·의복,190101,3D디지털의상디자인(CLO),190101_L2,3D디지털의상디자인(CLO) 초급 실무 및 정형 과업 수행,2,Knowledge(지식),데이터 검증 기법
19,섬유·의복,190101,3D디지털의상디자인(CLO),190101_L2,3D디지털의상디자인(CLO) 초급 실무 및 정형 과업 수행,2,Skill(기술/도구),실무 도구/SW 조작
19,섬유·의복,190101,3D디지털의상디자인(CLO),190101_L2,3D디지털의상디자인(CLO) 초급 실무 및 정형 과업 수행,2,Skill(기술/도구),데이터 정제 및 가공
19,섬유·의복,190101,3D디지털의상디자인(CLO),190101_L2,3D디지털의상디자인(CLO) 초급 실무 및 정형 과업 수행,2,Skill(기술/도구),단위 결과물 산출
19,섬유·의복,190101,3D디지털의상디자인(CLO),190101_L2,3D디지털의상디자인(CLO) 초급 실무 및 정형 과업 수행,2,Attitude(태도),정확성과 꼼꼼함
19,섬유·의복,190101,3D디지털의상디자인(CLO),190101_L2,3D디지털의상디자인(CLO) 초급 실무 및 정형 과업 수행,2,Attitude(태도),기한 준수 책임감
19,섬유·의복,190101,3D디지털의상디자인(CLO),190101_L3,3D디지털의상디자인(CLO) 중급 독립 실무 및 문제해결 엔지니어링,3,Knowledge(지식),심화 모델링/설계 이론
19,섬유·의복,190101,3D디지털의상디자인(CLO),190101_L3,3D디지털의상디자인(CLO) 중급 독립 실무 및 문제해결 엔지니어링,3,Knowledge(지식),성능 지표(KPI) 분석법
19,섬유·의복,190101,3D디지털의상디자인(CLO),190101_L3,3D디지털의상디자인(CLO) 중급 독립 실무 및 문제해결 엔지니어링,3,Knowledge(지식),이슈 해결 방법론
19,섬유·의복,190101,3D디지털의상디자인(CLO),190101_L3,3D디지털의상디자인(CLO) 중급 독립 실무 및 문제해결 엔지니어링,3,Skill(기술/도구),고급 도구/코드/기기 활용
19,섬유·의복,190101,3D디지털의상디자인(CLO),190101_L3,3D디지털의상디자인(CLO) 중급 독립 실무 및 문제해결 엔지니어링,3,Skill(기술/도구),원인 분석 및 조치
19,섬유·의복,190101,3D디지털의상디자인(CLO),190101_L3,3D디지털의상디자인(CLO) 중급 독립 실무 및 문제해결 엔지니어링,3,Skill(기술/도구),성과 분석 리포팅
19,섬유·의복,190101,3D디지털의상디자인(CLO),190101_L3,3D디지털의상디자인(CLO) 중급 독립 실무 및 문제해결 엔지니어링,3,Attitude(태도),분석적 사고력
19,섬유·의복,190101,3D디지털의상디자인(CLO),190101_L3,3D디지털의상디자인(CLO) 중급 독립 실무 및 문제해결 엔지니어링,3,Attitude(태도),타 부서와의 원활한 협업 소통
19,섬유·의복,190101,3D디지털의상디자인(CLO),190101_L4,3D디지털의상디자인(CLO) 고급 전문화 및 프로젝트/팀 리딩,4,Knowledge(지식),신기술 융합 아키텍처
19,섬유·의복,190101,3D디지털의상디자인(CLO),190101_L4,3D디지털의상디자인(CLO) 고급 전문화 및 프로젝트/팀 리딩,4,Knowledge(지식),프로젝트 관리론(PMBOK/Agile)
19,섬유·의복,190101,3D디지털의상디자인(CLO),190101_L4,3D디지털의상디자인(CLO) 고급 전문화 및 프로젝트/팀 리딩,4,Knowledge(지식),품질보증(QA) 거버넌스
19,섬유·의복,190101,3D디지털의상디자인(CLO),190101_L4,3D디지털의상디자인(CLO) 고급 전문화 및 프로젝트/팀 리딩,4,Skill(기술/도구),전체 시스템 아키텍처 설계
19,섬유·의복,190101,3D디지털의상디자인(CLO),190101_L4,3D디지털의상디자인(CLO) 고급 전문화 및 프로젝트/팀 리딩,4,Skill(기술/도구),애자일 스프린트 리딩
19,섬유·의복,190101,3D디지털의상디자인(CLO),190101_L4,3D디지털의상디자인(CLO) 고급 전문화 및 프로젝트/팀 리딩,4,Skill(기술/도구),신기술 PoC 검증
19,섬유·의복,190101,3D디지털의상디자인(CLO),190101_L4,3D디지털의상디자인(CLO) 고급 전문화 및 프로젝트/팀 리딩,4,Attitude(태도),혁신 지향 리더십
19,섬유·의복,190101,3D디지털의상디자인(CLO),190101_L4,3D디지털의상디자인(CLO) 고급 전문화 및 프로젝트/팀 리딩,4,Attitude(태도),동료 성장 멘토링 마인드
19,섬유·의복,190101,3D디지털의상디자인(CLO),190101_L5,3D디지털의상디자인(CLO) 전략 기획 및 전사 거버넌스 총괄,5,Knowledge(지식),경영 전략 및 자본 예산 배분
19,섬유·의복,190101,3D디지털의상디자인(CLO),190101_L5,3D디지털의상디자인(CLO) 전략 기획 및 전사 거버넌스 총괄,5,Knowledge(지식),국내외 규제 컴플라이언스
19,섬유·의복,190101,3D디지털의상디자인(CLO),190101_L5,3D디지털의상디자인(CLO) 전략 기획 및 전사 거버넌스 총괄,5,Knowledge(지식),엔터프라이즈 거버넌스
19,섬유·의복,190101,3D디지털의상디자인(CLO),190101_L5,3D디지털의상디자인(CLO) 전략 기획 및 전사 거버넌스 총괄,5,Skill(기술/도구),전사 로드맵 수립
19,섬유·의복,190101,3D디지털의상디자인(CLO),190101_L5,3D디지털의상디자인(CLO) 전략 기획 및 전사 거버넌스 총괄,5,Skill(기술/도구),투자 대비 성과(ROI) 모델링
19,섬유·의복,190101,3D디지털의상디자인(CLO),190101_L5,3D디지털의상디자인(CLO) 전략 기획 및 전사 거버넌스 총괄,5,Skill(기술/도구),최고 의사결정 전략 제언
19,섬유·의복,190101,3D디지털의상디자인(CLO),190101_L5,3D디지털의상디자인(CLO) 전략 기획 및 전사 거버넌스 총괄,5,Attitude(태도),거시적 통찰력
19,섬유·의복,190101,3D디지털의상디자인(CLO),190101_L5,3D디지털의상디자인(CLO) 전략 기획 및 전사 거버넌스 총괄,5,Attitude(태도),전략적 윤리 리더십
19,섬유·의복,190102,패션테크니컬디자인,190102_L1,패션테크니컬디자인 기초 입문 및 업무 환경 지원,1,Knowledge(지식),패션테크니컬디자인 개론
19,섬유·의복,190102,패션테크니컬디자인,190102_L1,패션테크니컬디자인 기초 입문 및 업무 환경 지원,1,Knowledge(지식),표준 작업 지침서
19,섬유·의복,190102,패션테크니컬디자인,190102_L1,패션테크니컬디자인 기초 입문 및 업무 환경 지원,1,Knowledge(지식),기초 법령/규정
19,섬유·의복,190102,패션테크니컬디자인,190102_L1,패션테크니컬디자인 기초 입문 및 업무 환경 지원,1,Skill(기술/도구),기초 전산 툴 조작
19,섬유·의복,190102,패션테크니컬디자인,190102_L1,패션테크니컬디자인 기초 입문 및 업무 환경 지원,1,Skill(기술/도구),문서 서식 작성
19,섬유·의복,190102,패션테크니컬디자인,190102_L1,패션테크니컬디자인 기초 입문 및 업무 환경 지원,1,Skill(기술/도구),자료 검색 및 분류
19,섬유·의복,190102,패션테크니컬디자인,190102_L1,패션테크니컬디자인 기초 입문 및 업무 환경 지원,1,Attitude(태도),규정 준수 의식
19,섬유·의복,190102,패션테크니컬디자인,190102_L1,패션테크니컬디자인 기초 입문 및 업무 환경 지원,1,Attitude(태도),성실한 업무 지원 태도
19,섬유·의복,190102,패션테크니컬디자인,190102_L2,패션테크니컬디자인 초급 실무 및 정형 과업 수행,2,Knowledge(지식),패션테크니컬디자인 실무 프로세스
19,섬유·의복,190102,패션테크니컬디자인,190102_L2,패션테크니컬디자인 초급 실무 및 정형 과업 수행,2,Knowledge(지식),단위 업무 품질 기준
19,섬유·의복,190102,패션테크니컬디자인,190102_L2,패션테크니컬디자인 초급 실무 및 정형 과업 수행,2,Knowledge(지식),데이터 검증 기법
19,섬유·의복,190102,패션테크니컬디자인,190102_L2,패션테크니컬디자인 초급 실무 및 정형 과업 수행,2,Skill(기술/도구),실무 도구/SW 조작
19,섬유·의복,190102,패션테크니컬디자인,190102_L2,패션테크니컬디자인 초급 실무 및 정형 과업 수행,2,Skill(기술/도구),데이터 정제 및 가공
19,섬유·의복,190102,패션테크니컬디자인,190102_L2,패션테크니컬디자인 초급 실무 및 정형 과업 수행,2,Skill(기술/도구),단위 결과물 산출
19,섬유·의복,190102,패션테크니컬디자인,190102_L2,패션테크니컬디자인 초급 실무 및 정형 과업 수행,2,Attitude(태도),정확성과 꼼꼼함
19,섬유·의복,190102,패션테크니컬디자인,190102_L2,패션테크니컬디자인 초급 실무 및 정형 과업 수행,2,Attitude(태도),기한 준수 책임감
19,섬유·의복,190102,패션테크니컬디자인,190102_L3,패션테크니컬디자인 중급 독립 실무 및 문제해결 엔지니어링,3,Knowledge(지식),심화 모델링/설계 이론
19,섬유·의복,190102,패션테크니컬디자인,190102_L3,패션테크니컬디자인 중급 독립 실무 및 문제해결 엔지니어링,3,Knowledge(지식),성능 지표(KPI) 분석법
19,섬유·의복,190102,패션테크니컬디자인,190102_L3,패션테크니컬디자인 중급 독립 실무 및 문제해결 엔지니어링,3,Knowledge(지식),이슈 해결 방법론
19,섬유·의복,190102,패션테크니컬디자인,190102_L3,패션테크니컬디자인 중급 독립 실무 및 문제해결 엔지니어링,3,Skill(기술/도구),고급 도구/코드/기기 활용
19,섬유·의복,190102,패션테크니컬디자인,190102_L3,패션테크니컬디자인 중급 독립 실무 및 문제해결 엔지니어링,3,Skill(기술/도구),원인 분석 및 조치
19,섬유·의복,190102,패션테크니컬디자인,190102_L3,패션테크니컬디자인 중급 독립 실무 및 문제해결 엔지니어링,3,Skill(기술/도구),성과 분석 리포팅
19,섬유·의복,190102,패션테크니컬디자인,190102_L3,패션테크니컬디자인 중급 독립 실무 및 문제해결 엔지니어링,3,Attitude(태도),분석적 사고력
19,섬유·의복,190102,패션테크니컬디자인,190102_L3,패션테크니컬디자인 중급 독립 실무 및 문제해결 엔지니어링,3,Attitude(태도),타 부서와의 원활한 협업 소통
19,섬유·의복,190102,패션테크니컬디자인,190102_L4,패션테크니컬디자인 고급 전문화 및 프로젝트/팀 리딩,4,Knowledge(지식),신기술 융합 아키텍처
19,섬유·의복,190102,패션테크니컬디자인,190102_L4,패션테크니컬디자인 고급 전문화 및 프로젝트/팀 리딩,4,Knowledge(지식),프로젝트 관리론(PMBOK/Agile)
19,섬유·의복,190102,패션테크니컬디자인,190102_L4,패션테크니컬디자인 고급 전문화 및 프로젝트/팀 리딩,4,Knowledge(지식),품질보증(QA) 거버넌스
19,섬유·의복,190102,패션테크니컬디자인,190102_L4,패션테크니컬디자인 고급 전문화 및 프로젝트/팀 리딩,4,Skill(기술/도구),전체 시스템 아키텍처 설계
19,섬유·의복,190102,패션테크니컬디자인,190102_L4,패션테크니컬디자인 고급 전문화 및 프로젝트/팀 리딩,4,Skill(기술/도구),애자일 스프린트 리딩
19,섬유·의복,190102,패션테크니컬디자인,190102_L4,패션테크니컬디자인 고급 전문화 및 프로젝트/팀 리딩,4,Skill(기술/도구),신기술 PoC 검증
19,섬유·의복,190102,패션테크니컬디자인,190102_L4,패션테크니컬디자인 고급 전문화 및 프로젝트/팀 리딩,4,Attitude(태도),혁신 지향 리더십
19,섬유·의복,190102,패션테크니컬디자인,190102_L4,패션테크니컬디자인 고급 전문화 및 프로젝트/팀 리딩,4,Attitude(태도),동료 성장 멘토링 마인드
19,섬유·의복,190102,패션테크니컬디자인,190102_L5,패션테크니컬디자인 전략 기획 및 전사 거버넌스 총괄,5,Knowledge(지식),경영 전략 및 자본 예산 배분
19,섬유·의복,190102,패션테크니컬디자인,190102_L5,패션테크니컬디자인 전략 기획 및 전사 거버넌스 총괄,5,Knowledge(지식),국내외 규제 컴플라이언스
19,섬유·의복,190102,패션테크니컬디자인,190102_L5,패션테크니컬디자인 전략 기획 및 전사 거버넌스 총괄,5,Knowledge(지식),엔터프라이즈 거버넌스
19,섬유·의복,190102,패션테크니컬디자인,190102_L5,패션테크니컬디자인 전략 기획 및 전사 거버넌스 총괄,5,Skill(기술/도구),전사 로드맵 수립
19,섬유·의복,190102,패션테크니컬디자인,190102_L5,패션테크니컬디자인 전략 기획 및 전사 거버넌스 총괄,5,Skill(기술/도구),투자 대비 성과(ROI) 모델링
19,섬유·의복,190102,패션테크니컬디자인,190102_L5,패션테크니컬디자인 전략 기획 및 전사 거버넌스 총괄,5,Skill(기술/도구),최고 의사결정 전략 제언
19,섬유·의복,190102,패션테크니컬디자인,190102_L5,패션테크니컬디자인 전략 기획 및 전사 거버넌스 총괄,5,Attitude(태도),거시적 통찰력
19,섬유·의복,190102,패션테크니컬디자인,190102_L5,패션테크니컬디자인 전략 기획 및 전사 거버넌스 총괄,5,Attitude(태도),전략적 윤리 리더십
19,섬유·의복,190103,의류패턴그레이딩,190103_L1,의류패턴그레이딩 기초 입문 및 업무 환경 지원,1,Knowledge(지식),의류패턴그레이딩 개론
19,섬유·의복,190103,의류패턴그레이딩,190103_L1,의류패턴그레이딩 기초 입문 및 업무 환경 지원,1,Knowledge(지식),표준 작업 지침서
19,섬유·의복,190103,의류패턴그레이딩,190103_L1,의류패턴그레이딩 기초 입문 및 업무 환경 지원,1,Knowledge(지식),기초 법령/규정
19,섬유·의복,190103,의류패턴그레이딩,190103_L1,의류패턴그레이딩 기초 입문 및 업무 환경 지원,1,Skill(기술/도구),기초 전산 툴 조작
19,섬유·의복,190103,의류패턴그레이딩,190103_L1,의류패턴그레이딩 기초 입문 및 업무 환경 지원,1,Skill(기술/도구),문서 서식 작성
19,섬유·의복,190103,의류패턴그레이딩,190103_L1,의류패턴그레이딩 기초 입문 및 업무 환경 지원,1,Skill(기술/도구),자료 검색 및 분류
19,섬유·의복,190103,의류패턴그레이딩,190103_L1,의류패턴그레이딩 기초 입문 및 업무 환경 지원,1,Attitude(태도),규정 준수 의식
19,섬유·의복,190103,의류패턴그레이딩,190103_L1,의류패턴그레이딩 기초 입문 및 업무 환경 지원,1,Attitude(태도),성실한 업무 지원 태도
19,섬유·의복,190103,의류패턴그레이딩,190103_L2,의류패턴그레이딩 초급 실무 및 정형 과업 수행,2,Knowledge(지식),의류패턴그레이딩 실무 프로세스
19,섬유·의복,190103,의류패턴그레이딩,190103_L2,의류패턴그레이딩 초급 실무 및 정형 과업 수행,2,Knowledge(지식),단위 업무 품질 기준
19,섬유·의복,190103,의류패턴그레이딩,190103_L2,의류패턴그레이딩 초급 실무 및 정형 과업 수행,2,Knowledge(지식),데이터 검증 기법
19,섬유·의복,190103,의류패턴그레이딩,190103_L2,의류패턴그레이딩 초급 실무 및 정형 과업 수행,2,Skill(기술/도구),실무 도구/SW 조작
19,섬유·의복,190103,의류패턴그레이딩,190103_L2,의류패턴그레이딩 초급 실무 및 정형 과업 수행,2,Skill(기술/도구),데이터 정제 및 가공
19,섬유·의복,190103,의류패턴그레이딩,190103_L2,의류패턴그레이딩 초급 실무 및 정형 과업 수행,2,Skill(기술/도구),단위 결과물 산출
19,섬유·의복,190103,의류패턴그레이딩,190103_L2,의류패턴그레이딩 초급 실무 및 정형 과업 수행,2,Attitude(태도),정확성과 꼼꼼함
19,섬유·의복,190103,의류패턴그레이딩,190103_L2,의류패턴그레이딩 초급 실무 및 정형 과업 수행,2,Attitude(태도),기한 준수 책임감
19,섬유·의복,190103,의류패턴그레이딩,190103_L3,의류패턴그레이딩 중급 독립 실무 및 문제해결 엔지니어링,3,Knowledge(지식),심화 모델링/설계 이론
19,섬유·의복,190103,의류패턴그레이딩,190103_L3,의류패턴그레이딩 중급 독립 실무 및 문제해결 엔지니어링,3,Knowledge(지식),성능 지표(KPI) 분석법
19,섬유·의복,190103,의류패턴그레이딩,190103_L3,의류패턴그레이딩 중급 독립 실무 및 문제해결 엔지니어링,3,Knowledge(지식),이슈 해결 방법론
19,섬유·의복,190103,의류패턴그레이딩,190103_L3,의류패턴그레이딩 중급 독립 실무 및 문제해결 엔지니어링,3,Skill(기술/도구),고급 도구/코드/기기 활용
19,섬유·의복,190103,의류패턴그레이딩,190103_L3,의류패턴그레이딩 중급 독립 실무 및 문제해결 엔지니어링,3,Skill(기술/도구),원인 분석 및 조치
19,섬유·의복,190103,의류패턴그레이딩,190103_L3,의류패턴그레이딩 중급 독립 실무 및 문제해결 엔지니어링,3,Skill(기술/도구),성과 분석 리포팅
19,섬유·의복,190103,의류패턴그레이딩,190103_L3,의류패턴그레이딩 중급 독립 실무 및 문제해결 엔지니어링,3,Attitude(태도),분석적 사고력
19,섬유·의복,190103,의류패턴그레이딩,190103_L3,의류패턴그레이딩 중급 독립 실무 및 문제해결 엔지니어링,3,Attitude(태도),타 부서와의 원활한 협업 소통
19,섬유·의복,190103,의류패턴그레이딩,190103_L4,의류패턴그레이딩 고급 전문화 및 프로젝트/팀 리딩,4,Knowledge(지식),신기술 융합 아키텍처
19,섬유·의복,190103,의류패턴그레이딩,190103_L4,의류패턴그레이딩 고급 전문화 및 프로젝트/팀 리딩,4,Knowledge(지식),프로젝트 관리론(PMBOK/Agile)
19,섬유·의복,190103,의류패턴그레이딩,190103_L4,의류패턴그레이딩 고급 전문화 및 프로젝트/팀 리딩,4,Knowledge(지식),품질보증(QA) 거버넌스
19,섬유·의복,190103,의류패턴그레이딩,190103_L4,의류패턴그레이딩 고급 전문화 및 프로젝트/팀 리딩,4,Skill(기술/도구),전체 시스템 아키텍처 설계
19,섬유·의복,190103,의류패턴그레이딩,190103_L4,의류패턴그레이딩 고급 전문화 및 프로젝트/팀 리딩,4,Skill(기술/도구),애자일 스프린트 리딩
19,섬유·의복,190103,의류패턴그레이딩,190103_L4,의류패턴그레이딩 고급 전문화 및 프로젝트/팀 리딩,4,Skill(기술/도구),신기술 PoC 검증
19,섬유·의복,190103,의류패턴그레이딩,190103_L4,의류패턴그레이딩 고급 전문화 및 프로젝트/팀 리딩,4,Attitude(태도),혁신 지향 리더십
19,섬유·의복,190103,의류패턴그레이딩,190103_L4,의류패턴그레이딩 고급 전문화 및 프로젝트/팀 리딩,4,Attitude(태도),동료 성장 멘토링 마인드
19,섬유·의복,190103,의류패턴그레이딩,190103_L5,의류패턴그레이딩 전략 기획 및 전사 거버넌스 총괄,5,Knowledge(지식),경영 전략 및 자본 예산 배분
19,섬유·의복,190103,의류패턴그레이딩,190103_L5,의류패턴그레이딩 전략 기획 및 전사 거버넌스 총괄,5,Knowledge(지식),국내외 규제 컴플라이언스
19,섬유·의복,190103,의류패턴그레이딩,190103_L5,의류패턴그레이딩 전략 기획 및 전사 거버넌스 총괄,5,Knowledge(지식),엔터프라이즈 거버넌스
19,섬유·의복,190103,의류패턴그레이딩,190103_L5,의류패턴그레이딩 전략 기획 및 전사 거버넌스 총괄,5,Skill(기술/도구),전사 로드맵 수립
19,섬유·의복,190103,의류패턴그레이딩,190103_L5,의류패턴그레이딩 전략 기획 및 전사 거버넌스 총괄,5,Skill(기술/도구),투자 대비 성과(ROI) 모델링
19,섬유·의복,190103,의류패턴그레이딩,190103_L5,의류패턴그레이딩 전략 기획 및 전사 거버넌스 총괄,5,Skill(기술/도구),최고 의사결정 전략 제언
19,섬유·의복,190103,의류패턴그레이딩,190103_L5,의류패턴그레이딩 전략 기획 및 전사 거버넌스 총괄,5,Attitude(태도),거시적 통찰력
19,섬유·의복,190103,의류패턴그레이딩,190103_L5,의류패턴그레이딩 전략 기획 및 전사 거버넌스 총괄,5,Attitude(태도),전략적 윤리 리더십
19,섬유·의복,190104,의류생산공정관리(Tech Pack),190104_L1,의류생산공정관리(Tech Pack) 기초 입문 및 업무 환경 지원,1,Knowledge(지식),의류생산공정관리(Tech Pack) 개론
19,섬유·의복,190104,의류생산공정관리(Tech Pack),190104_L1,의류생산공정관리(Tech Pack) 기초 입문 및 업무 환경 지원,1,Knowledge(지식),표준 작업 지침서
19,섬유·의복,190104,의류생산공정관리(Tech Pack),190104_L1,의류생산공정관리(Tech Pack) 기초 입문 및 업무 환경 지원,1,Knowledge(지식),기초 법령/규정
19,섬유·의복,190104,의류생산공정관리(Tech Pack),190104_L1,의류생산공정관리(Tech Pack) 기초 입문 및 업무 환경 지원,1,Skill(기술/도구),기초 전산 툴 조작
19,섬유·의복,190104,의류생산공정관리(Tech Pack),190104_L1,의류생산공정관리(Tech Pack) 기초 입문 및 업무 환경 지원,1,Skill(기술/도구),문서 서식 작성
19,섬유·의복,190104,의류생산공정관리(Tech Pack),190104_L1,의류생산공정관리(Tech Pack) 기초 입문 및 업무 환경 지원,1,Skill(기술/도구),자료 검색 및 분류
19,섬유·의복,190104,의류생산공정관리(Tech Pack),190104_L1,의류생산공정관리(Tech Pack) 기초 입문 및 업무 환경 지원,1,Attitude(태도),규정 준수 의식
19,섬유·의복,190104,의류생산공정관리(Tech Pack),190104_L1,의류생산공정관리(Tech Pack) 기초 입문 및 업무 환경 지원,1,Attitude(태도),성실한 업무 지원 태도
19,섬유·의복,190104,의류생산공정관리(Tech Pack),190104_L2,의류생산공정관리(Tech Pack) 초급 실무 및 정형 과업 수행,2,Knowledge(지식),의류생산공정관리(Tech Pack) 실무 프로세스
19,섬유·의복,190104,의류생산공정관리(Tech Pack),190104_L2,의류생산공정관리(Tech Pack) 초급 실무 및 정형 과업 수행,2,Knowledge(지식),단위 업무 품질 기준
19,섬유·의복,190104,의류생산공정관리(Tech Pack),190104_L2,의류생산공정관리(Tech Pack) 초급 실무 및 정형 과업 수행,2,Knowledge(지식),데이터 검증 기법
19,섬유·의복,190104,의류생산공정관리(Tech Pack),190104_L2,의류생산공정관리(Tech Pack) 초급 실무 및 정형 과업 수행,2,Skill(기술/도구),실무 도구/SW 조작
19,섬유·의복,190104,의류생산공정관리(Tech Pack),190104_L2,의류생산공정관리(Tech Pack) 초급 실무 및 정형 과업 수행,2,Skill(기술/도구),데이터 정제 및 가공
19,섬유·의복,190104,의류생산공정관리(Tech Pack),190104_L2,의류생산공정관리(Tech Pack) 초급 실무 및 정형 과업 수행,2,Skill(기술/도구),단위 결과물 산출
19,섬유·의복,190104,의류생산공정관리(Tech Pack),190104_L2,의류생산공정관리(Tech Pack) 초급 실무 및 정형 과업 수행,2,Attitude(태도),정확성과 꼼꼼함
19,섬유·의복,190104,의류생산공정관리(Tech Pack),190104_L2,의류생산공정관리(Tech Pack) 초급 실무 및 정형 과업 수행,2,Attitude(태도),기한 준수 책임감
19,섬유·의복,190104,의류생산공정관리(Tech Pack),190104_L3,의류생산공정관리(Tech Pack) 중급 독립 실무 및 문제해결 엔지니어링,3,Knowledge(지식),심화 모델링/설계 이론
19,섬유·의복,190104,의류생산공정관리(Tech Pack),190104_L3,의류생산공정관리(Tech Pack) 중급 독립 실무 및 문제해결 엔지니어링,3,Knowledge(지식),성능 지표(KPI) 분석법
19,섬유·의복,190104,의류생산공정관리(Tech Pack),190104_L3,의류생산공정관리(Tech Pack) 중급 독립 실무 및 문제해결 엔지니어링,3,Knowledge(지식),이슈 해결 방법론
19,섬유·의복,190104,의류생산공정관리(Tech Pack),190104_L3,의류생산공정관리(Tech Pack) 중급 독립 실무 및 문제해결 엔지니어링,3,Skill(기술/도구),고급 도구/코드/기기 활용
19,섬유·의복,190104,의류생산공정관리(Tech Pack),190104_L3,의류생산공정관리(Tech Pack) 중급 독립 실무 및 문제해결 엔지니어링,3,Skill(기술/도구),원인 분석 및 조치
19,섬유·의복,190104,의류생산공정관리(Tech Pack),190104_L3,의류생산공정관리(Tech Pack) 중급 독립 실무 및 문제해결 엔지니어링,3,Skill(기술/도구),성과 분석 리포팅
19,섬유·의복,190104,의류생산공정관리(Tech Pack),190104_L3,의류생산공정관리(Tech Pack) 중급 독립 실무 및 문제해결 엔지니어링,3,Attitude(태도),분석적 사고력
19,섬유·의복,190104,의류생산공정관리(Tech Pack),190104_L3,의류생산공정관리(Tech Pack) 중급 독립 실무 및 문제해결 엔지니어링,3,Attitude(태도),타 부서와의 원활한 협업 소통
19,섬유·의복,190104,의류생산공정관리(Tech Pack),190104_L4,의류생산공정관리(Tech Pack) 고급 전문화 및 프로젝트/팀 리딩,4,Knowledge(지식),신기술 융합 아키텍처
19,섬유·의복,190104,의류생산공정관리(Tech Pack),190104_L4,의류생산공정관리(Tech Pack) 고급 전문화 및 프로젝트/팀 리딩,4,Knowledge(지식),프로젝트 관리론(PMBOK/Agile)
19,섬유·의복,190104,의류생산공정관리(Tech Pack),190104_L4,의류생산공정관리(Tech Pack) 고급 전문화 및 프로젝트/팀 리딩,4,Knowledge(지식),품질보증(QA) 거버넌스
19,섬유·의복,190104,의류생산공정관리(Tech Pack),190104_L4,의류생산공정관리(Tech Pack) 고급 전문화 및 프로젝트/팀 리딩,4,Skill(기술/도구),전체 시스템 아키텍처 설계
19,섬유·의복,190104,의류생산공정관리(Tech Pack),190104_L4,의류생산공정관리(Tech Pack) 고급 전문화 및 프로젝트/팀 리딩,4,Skill(기술/도구),애자일 스프린트 리딩
19,섬유·의복,190104,의류생산공정관리(Tech Pack),190104_L4,의류생산공정관리(Tech Pack) 고급 전문화 및 프로젝트/팀 리딩,4,Skill(기술/도구),신기술 PoC 검증
19,섬유·의복,190104,의류생산공정관리(Tech Pack),190104_L4,의류생산공정관리(Tech Pack) 고급 전문화 및 프로젝트/팀 리딩,4,Attitude(태도),혁신 지향 리더십
19,섬유·의복,190104,의류생산공정관리(Tech Pack),190104_L4,의류생산공정관리(Tech Pack) 고급 전문화 및 프로젝트/팀 리딩,4,Attitude(태도),동료 성장 멘토링 마인드
19,섬유·의복,190104,의류생산공정관리(Tech Pack),190104_L5,의류생산공정관리(Tech Pack) 전략 기획 및 전사 거버넌스 총괄,5,Knowledge(지식),경영 전략 및 자본 예산 배분
19,섬유·의복,190104,의류생산공정관리(Tech Pack),190104_L5,의류생산공정관리(Tech Pack) 전략 기획 및 전사 거버넌스 총괄,5,Knowledge(지식),국내외 규제 컴플라이언스
19,섬유·의복,190104,의류생산공정관리(Tech Pack),190104_L5,의류생산공정관리(Tech Pack) 전략 기획 및 전사 거버넌스 총괄,5,Knowledge(지식),엔터프라이즈 거버넌스
19,섬유·의복,190104,의류생산공정관리(Tech Pack),190104_L5,의류생산공정관리(Tech Pack) 전략 기획 및 전사 거버넌스 총괄,5,Skill(기술/도구),전사 로드맵 수립
19,섬유·의복,190104,의류생산공정관리(Tech Pack),190104_L5,의류생산공정관리(Tech Pack) 전략 기획 및 전사 거버넌스 총괄,5,Skill(기술/도구),투자 대비 성과(ROI) 모델링
19,섬유·의복,190104,의류생산공정관리(Tech Pack),190104_L5,의류생산공정관리(Tech Pack) 전략 기획 및 전사 거버넌스 총괄,5,Skill(기술/도구),최고 의사결정 전략 제언
19,섬유·의복,190104,의류생산공정관리(Tech Pack),190104_L5,의류생산공정관리(Tech Pack) 전략 기획 및 전사 거버넌스 총괄,5,Attitude(태도),거시적 통찰력
19,섬유·의복,190104,의류생산공정관리(Tech Pack),190104_L5,의류생산공정관리(Tech Pack) 전략 기획 및 전사 거버넌스 총괄,5,Attitude(태도),전략적 윤리 리더십
19,섬유·의복,190105,패션MD,190105_L1,패션MD 기초 입문 및 업무 환경 지원,1,Knowledge(지식),패션MD 개론
19,섬유·의복,190105,패션MD,190105_L1,패션MD 기초 입문 및 업무 환경 지원,1,Knowledge(지식),표준 작업 지침서
19,섬유·의복,190105,패션MD,190105_L1,패션MD 기초 입문 및 업무 환경 지원,1,Knowledge(지식),기초 법령/규정
19,섬유·의복,190105,패션MD,190105_L1,패션MD 기초 입문 및 업무 환경 지원,1,Skill(기술/도구),기초 전산 툴 조작
19,섬유·의복,190105,패션MD,190105_L1,패션MD 기초 입문 및 업무 환경 지원,1,Skill(기술/도구),문서 서식 작성
19,섬유·의복,190105,패션MD,190105_L1,패션MD 기초 입문 및 업무 환경 지원,1,Skill(기술/도구),자료 검색 및 분류
19,섬유·의복,190105,패션MD,190105_L1,패션MD 기초 입문 및 업무 환경 지원,1,Attitude(태도),규정 준수 의식
19,섬유·의복,190105,패션MD,190105_L1,패션MD 기초 입문 및 업무 환경 지원,1,Attitude(태도),성실한 업무 지원 태도
19,섬유·의복,190105,패션MD,190105_L2,패션MD 초급 실무 및 정형 과업 수행,2,Knowledge(지식),패션MD 실무 프로세스
19,섬유·의복,190105,패션MD,190105_L2,패션MD 초급 실무 및 정형 과업 수행,2,Knowledge(지식),단위 업무 품질 기준
19,섬유·의복,190105,패션MD,190105_L2,패션MD 초급 실무 및 정형 과업 수행,2,Knowledge(지식),데이터 검증 기법
19,섬유·의복,190105,패션MD,190105_L2,패션MD 초급 실무 및 정형 과업 수행,2,Skill(기술/도구),실무 도구/SW 조작
19,섬유·의복,190105,패션MD,190105_L2,패션MD 초급 실무 및 정형 과업 수행,2,Skill(기술/도구),데이터 정제 및 가공
19,섬유·의복,190105,패션MD,190105_L2,패션MD 초급 실무 및 정형 과업 수행,2,Skill(기술/도구),단위 결과물 산출
19,섬유·의복,190105,패션MD,190105_L2,패션MD 초급 실무 및 정형 과업 수행,2,Attitude(태도),정확성과 꼼꼼함
19,섬유·의복,190105,패션MD,190105_L2,패션MD 초급 실무 및 정형 과업 수행,2,Attitude(태도),기한 준수 책임감
19,섬유·의복,190105,패션MD,190105_L3,패션MD 중급 독립 실무 및 문제해결 엔지니어링,3,Knowledge(지식),심화 모델링/설계 이론
19,섬유·의복,190105,패션MD,190105_L3,패션MD 중급 독립 실무 및 문제해결 엔지니어링,3,Knowledge(지식),성능 지표(KPI) 분석법
19,섬유·의복,190105,패션MD,190105_L3,패션MD 중급 독립 실무 및 문제해결 엔지니어링,3,Knowledge(지식),이슈 해결 방법론
19,섬유·의복,190105,패션MD,190105_L3,패션MD 중급 독립 실무 및 문제해결 엔지니어링,3,Skill(기술/도구),고급 도구/코드/기기 활용
19,섬유·의복,190105,패션MD,190105_L3,패션MD 중급 독립 실무 및 문제해결 엔지니어링,3,Skill(기술/도구),원인 분석 및 조치
19,섬유·의복,190105,패션MD,190105_L3,패션MD 중급 독립 실무 및 문제해결 엔지니어링,3,Skill(기술/도구),성과 분석 리포팅
19,섬유·의복,190105,패션MD,190105_L3,패션MD 중급 독립 실무 및 문제해결 엔지니어링,3,Attitude(태도),분석적 사고력
19,섬유·의복,190105,패션MD,190105_L3,패션MD 중급 독립 실무 및 문제해결 엔지니어링,3,Attitude(태도),타 부서와의 원활한 협업 소통
19,섬유·의복,190105,패션MD,190105_L4,패션MD 고급 전문화 및 프로젝트/팀 리딩,4,Knowledge(지식),신기술 융합 아키텍처
19,섬유·의복,190105,패션MD,190105_L4,패션MD 고급 전문화 및 프로젝트/팀 리딩,4,Knowledge(지식),프로젝트 관리론(PMBOK/Agile)
19,섬유·의복,190105,패션MD,190105_L4,패션MD 고급 전문화 및 프로젝트/팀 리딩,4,Knowledge(지식),품질보증(QA) 거버넌스
19,섬유·의복,190105,패션MD,190105_L4,패션MD 고급 전문화 및 프로젝트/팀 리딩,4,Skill(기술/도구),전체 시스템 아키텍처 설계
19,섬유·의복,190105,패션MD,190105_L4,패션MD 고급 전문화 및 프로젝트/팀 리딩,4,Skill(기술/도구),애자일 스프린트 리딩
19,섬유·의복,190105,패션MD,190105_L4,패션MD 고급 전문화 및 프로젝트/팀 리딩,4,Skill(기술/도구),신기술 PoC 검증
19,섬유·의복,190105,패션MD,190105_L4,패션MD 고급 전문화 및 프로젝트/팀 리딩,4,Attitude(태도),혁신 지향 리더십
19,섬유·의복,190105,패션MD,190105_L4,패션MD 고급 전문화 및 프로젝트/팀 리딩,4,Attitude(태도),동료 성장 멘토링 마인드
19,섬유·의복,190105,패션MD,190105_L5,패션MD 전략 기획 및 전사 거버넌스 총괄,5,Knowledge(지식),경영 전략 및 자본 예산 배분
19,섬유·의복,190105,패션MD,190105_L5,패션MD 전략 기획 및 전사 거버넌스 총괄,5,Knowledge(지식),국내외 규제 컴플라이언스
19,섬유·의복,190105,패션MD,190105_L5,패션MD 전략 기획 및 전사 거버넌스 총괄,5,Knowledge(지식),엔터프라이즈 거버넌스
19,섬유·의복,190105,패션MD,190105_L5,패션MD 전략 기획 및 전사 거버넌스 총괄,5,Skill(기술/도구),전사 로드맵 수립
19,섬유·의복,190105,패션MD,190105_L5,패션MD 전략 기획 및 전사 거버넌스 총괄,5,Skill(기술/도구),투자 대비 성과(ROI) 모델링
19,섬유·의복,190105,패션MD,190105_L5,패션MD 전략 기획 및 전사 거버넌스 총괄,5,Skill(기술/도구),최고 의사결정 전략 제언
19,섬유·의복,190105,패션MD,190105_L5,패션MD 전략 기획 및 전사 거버넌스 총괄,5,Attitude(태도),거시적 통찰력
19,섬유·의복,190105,패션MD,190105_L5,패션MD 전략 기획 및 전사 거버넌스 총괄,5,Attitude(태도),전략적 윤리 리더십
19,섬유·의복,190206,스마트기능성섬유개발,190206_L1,스마트기능성섬유개발 기초 입문 및 업무 환경 지원,1,Knowledge(지식),스마트기능성섬유개발 개론
19,섬유·의복,190206,스마트기능성섬유개발,190206_L1,스마트기능성섬유개발 기초 입문 및 업무 환경 지원,1,Knowledge(지식),표준 작업 지침서
19,섬유·의복,190206,스마트기능성섬유개발,190206_L1,스마트기능성섬유개발 기초 입문 및 업무 환경 지원,1,Knowledge(지식),기초 법령/규정
19,섬유·의복,190206,스마트기능성섬유개발,190206_L1,스마트기능성섬유개발 기초 입문 및 업무 환경 지원,1,Skill(기술/도구),기초 전산 툴 조작
19,섬유·의복,190206,스마트기능성섬유개발,190206_L1,스마트기능성섬유개발 기초 입문 및 업무 환경 지원,1,Skill(기술/도구),문서 서식 작성
19,섬유·의복,190206,스마트기능성섬유개발,190206_L1,스마트기능성섬유개발 기초 입문 및 업무 환경 지원,1,Skill(기술/도구),자료 검색 및 분류
19,섬유·의복,190206,스마트기능성섬유개발,190206_L1,스마트기능성섬유개발 기초 입문 및 업무 환경 지원,1,Attitude(태도),규정 준수 의식
19,섬유·의복,190206,스마트기능성섬유개발,190206_L1,스마트기능성섬유개발 기초 입문 및 업무 환경 지원,1,Attitude(태도),성실한 업무 지원 태도
19,섬유·의복,190206,스마트기능성섬유개발,190206_L2,스마트기능성섬유개발 초급 실무 및 정형 과업 수행,2,Knowledge(지식),스마트기능성섬유개발 실무 프로세스
19,섬유·의복,190206,스마트기능성섬유개발,190206_L2,스마트기능성섬유개발 초급 실무 및 정형 과업 수행,2,Knowledge(지식),단위 업무 품질 기준
19,섬유·의복,190206,스마트기능성섬유개발,190206_L2,스마트기능성섬유개발 초급 실무 및 정형 과업 수행,2,Knowledge(지식),데이터 검증 기법
19,섬유·의복,190206,스마트기능성섬유개발,190206_L2,스마트기능성섬유개발 초급 실무 및 정형 과업 수행,2,Skill(기술/도구),실무 도구/SW 조작
19,섬유·의복,190206,스마트기능성섬유개발,190206_L2,스마트기능성섬유개발 초급 실무 및 정형 과업 수행,2,Skill(기술/도구),데이터 정제 및 가공
19,섬유·의복,190206,스마트기능성섬유개발,190206_L2,스마트기능성섬유개발 초급 실무 및 정형 과업 수행,2,Skill(기술/도구),단위 결과물 산출
19,섬유·의복,190206,스마트기능성섬유개발,190206_L2,스마트기능성섬유개발 초급 실무 및 정형 과업 수행,2,Attitude(태도),정확성과 꼼꼼함
19,섬유·의복,190206,스마트기능성섬유개발,190206_L2,스마트기능성섬유개발 초급 실무 및 정형 과업 수행,2,Attitude(태도),기한 준수 책임감
19,섬유·의복,190206,스마트기능성섬유개발,190206_L3,스마트기능성섬유개발 중급 독립 실무 및 문제해결 엔지니어링,3,Knowledge(지식),심화 모델링/설계 이론
19,섬유·의복,190206,스마트기능성섬유개발,190206_L3,스마트기능성섬유개발 중급 독립 실무 및 문제해결 엔지니어링,3,Knowledge(지식),성능 지표(KPI) 분석법
19,섬유·의복,190206,스마트기능성섬유개발,190206_L3,스마트기능성섬유개발 중급 독립 실무 및 문제해결 엔지니어링,3,Knowledge(지식),이슈 해결 방법론
19,섬유·의복,190206,스마트기능성섬유개발,190206_L3,스마트기능성섬유개발 중급 독립 실무 및 문제해결 엔지니어링,3,Skill(기술/도구),고급 도구/코드/기기 활용
19,섬유·의복,190206,스마트기능성섬유개발,190206_L3,스마트기능성섬유개발 중급 독립 실무 및 문제해결 엔지니어링,3,Skill(기술/도구),원인 분석 및 조치
19,섬유·의복,190206,스마트기능성섬유개발,190206_L3,스마트기능성섬유개발 중급 독립 실무 및 문제해결 엔지니어링,3,Skill(기술/도구),성과 분석 리포팅
19,섬유·의복,190206,스마트기능성섬유개발,190206_L3,스마트기능성섬유개발 중급 독립 실무 및 문제해결 엔지니어링,3,Attitude(태도),분석적 사고력
19,섬유·의복,190206,스마트기능성섬유개발,190206_L3,스마트기능성섬유개발 중급 독립 실무 및 문제해결 엔지니어링,3,Attitude(태도),타 부서와의 원활한 협업 소통
19,섬유·의복,190206,스마트기능성섬유개발,190206_L4,스마트기능성섬유개발 고급 전문화 및 프로젝트/팀 리딩,4,Knowledge(지식),신기술 융합 아키텍처
19,섬유·의복,190206,스마트기능성섬유개발,190206_L4,스마트기능성섬유개발 고급 전문화 및 프로젝트/팀 리딩,4,Knowledge(지식),프로젝트 관리론(PMBOK/Agile)
19,섬유·의복,190206,스마트기능성섬유개발,190206_L4,스마트기능성섬유개발 고급 전문화 및 프로젝트/팀 리딩,4,Knowledge(지식),품질보증(QA) 거버넌스
19,섬유·의복,190206,스마트기능성섬유개발,190206_L4,스마트기능성섬유개발 고급 전문화 및 프로젝트/팀 리딩,4,Skill(기술/도구),전체 시스템 아키텍처 설계
19,섬유·의복,190206,스마트기능성섬유개발,190206_L4,스마트기능성섬유개발 고급 전문화 및 프로젝트/팀 리딩,4,Skill(기술/도구),애자일 스프린트 리딩
19,섬유·의복,190206,스마트기능성섬유개발,190206_L4,스마트기능성섬유개발 고급 전문화 및 프로젝트/팀 리딩,4,Skill(기술/도구),신기술 PoC 검증
19,섬유·의복,190206,스마트기능성섬유개발,190206_L4,스마트기능성섬유개발 고급 전문화 및 프로젝트/팀 리딩,4,Attitude(태도),혁신 지향 리더십
19,섬유·의복,190206,스마트기능성섬유개발,190206_L4,스마트기능성섬유개발 고급 전문화 및 프로젝트/팀 리딩,4,Attitude(태도),동료 성장 멘토링 마인드
19,섬유·의복,190206,스마트기능성섬유개발,190206_L5,스마트기능성섬유개발 전략 기획 및 전사 거버넌스 총괄,5,Knowledge(지식),경영 전략 및 자본 예산 배분
19,섬유·의복,190206,스마트기능성섬유개발,190206_L5,스마트기능성섬유개발 전략 기획 및 전사 거버넌스 총괄,5,Knowledge(지식),국내외 규제 컴플라이언스
19,섬유·의복,190206,스마트기능성섬유개발,190206_L5,스마트기능성섬유개발 전략 기획 및 전사 거버넌스 총괄,5,Knowledge(지식),엔터프라이즈 거버넌스
19,섬유·의복,190206,스마트기능성섬유개발,190206_L5,스마트기능성섬유개발 전략 기획 및 전사 거버넌스 총괄,5,Skill(기술/도구),전사 로드맵 수립
19,섬유·의복,190206,스마트기능성섬유개발,190206_L5,스마트기능성섬유개발 전략 기획 및 전사 거버넌스 총괄,5,Skill(기술/도구),투자 대비 성과(ROI) 모델링
19,섬유·의복,190206,스마트기능성섬유개발,190206_L5,스마트기능성섬유개발 전략 기획 및 전사 거버넌스 총괄,5,Skill(기술/도구),최고 의사결정 전략 제언
19,섬유·의복,190206,스마트기능성섬유개발,190206_L5,스마트기능성섬유개발 전략 기획 및 전사 거버넌스 총괄,5,Attitude(태도),거시적 통찰력
19,섬유·의복,190206,스마트기능성섬유개발,190206_L5,스마트기능성섬유개발 전략 기획 및 전사 거버넌스 총괄,5,Attitude(태도),전략적 윤리 리더십
19,섬유·의복,190207,친환경염색가공,190207_L1,친환경염색가공 기초 입문 및 업무 환경 지원,1,Knowledge(지식),친환경염색가공 개론
19,섬유·의복,190207,친환경염색가공,190207_L1,친환경염색가공 기초 입문 및 업무 환경 지원,1,Knowledge(지식),표준 작업 지침서
19,섬유·의복,190207,친환경염색가공,190207_L1,친환경염색가공 기초 입문 및 업무 환경 지원,1,Knowledge(지식),기초 법령/규정
19,섬유·의복,190207,친환경염색가공,190207_L1,친환경염색가공 기초 입문 및 업무 환경 지원,1,Skill(기술/도구),기초 전산 툴 조작
19,섬유·의복,190207,친환경염색가공,190207_L1,친환경염색가공 기초 입문 및 업무 환경 지원,1,Skill(기술/도구),문서 서식 작성
19,섬유·의복,190207,친환경염색가공,190207_L1,친환경염색가공 기초 입문 및 업무 환경 지원,1,Skill(기술/도구),자료 검색 및 분류
19,섬유·의복,190207,친환경염색가공,190207_L1,친환경염색가공 기초 입문 및 업무 환경 지원,1,Attitude(태도),규정 준수 의식
19,섬유·의복,190207,친환경염색가공,190207_L1,친환경염색가공 기초 입문 및 업무 환경 지원,1,Attitude(태도),성실한 업무 지원 태도
19,섬유·의복,190207,친환경염색가공,190207_L2,친환경염색가공 초급 실무 및 정형 과업 수행,2,Knowledge(지식),친환경염색가공 실무 프로세스
19,섬유·의복,190207,친환경염색가공,190207_L2,친환경염색가공 초급 실무 및 정형 과업 수행,2,Knowledge(지식),단위 업무 품질 기준
19,섬유·의복,190207,친환경염색가공,190207_L2,친환경염색가공 초급 실무 및 정형 과업 수행,2,Knowledge(지식),데이터 검증 기법
19,섬유·의복,190207,친환경염색가공,190207_L2,친환경염색가공 초급 실무 및 정형 과업 수행,2,Skill(기술/도구),실무 도구/SW 조작
19,섬유·의복,190207,친환경염색가공,190207_L2,친환경염색가공 초급 실무 및 정형 과업 수행,2,Skill(기술/도구),데이터 정제 및 가공
19,섬유·의복,190207,친환경염색가공,190207_L2,친환경염색가공 초급 실무 및 정형 과업 수행,2,Skill(기술/도구),단위 결과물 산출
19,섬유·의복,190207,친환경염색가공,190207_L2,친환경염색가공 초급 실무 및 정형 과업 수행,2,Attitude(태도),정확성과 꼼꼼함
19,섬유·의복,190207,친환경염색가공,190207_L2,친환경염색가공 초급 실무 및 정형 과업 수행,2,Attitude(태도),기한 준수 책임감
19,섬유·의복,190207,친환경염색가공,190207_L3,친환경염색가공 중급 독립 실무 및 문제해결 엔지니어링,3,Knowledge(지식),심화 모델링/설계 이론
19,섬유·의복,190207,친환경염색가공,190207_L3,친환경염색가공 중급 독립 실무 및 문제해결 엔지니어링,3,Knowledge(지식),성능 지표(KPI) 분석법
19,섬유·의복,190207,친환경염색가공,190207_L3,친환경염색가공 중급 독립 실무 및 문제해결 엔지니어링,3,Knowledge(지식),이슈 해결 방법론
19,섬유·의복,190207,친환경염색가공,190207_L3,친환경염색가공 중급 독립 실무 및 문제해결 엔지니어링,3,Skill(기술/도구),고급 도구/코드/기기 활용
19,섬유·의복,190207,친환경염색가공,190207_L3,친환경염색가공 중급 독립 실무 및 문제해결 엔지니어링,3,Skill(기술/도구),원인 분석 및 조치
19,섬유·의복,190207,친환경염색가공,190207_L3,친환경염색가공 중급 독립 실무 및 문제해결 엔지니어링,3,Skill(기술/도구),성과 분석 리포팅
19,섬유·의복,190207,친환경염색가공,190207_L3,친환경염색가공 중급 독립 실무 및 문제해결 엔지니어링,3,Attitude(태도),분석적 사고력
19,섬유·의복,190207,친환경염색가공,190207_L3,친환경염색가공 중급 독립 실무 및 문제해결 엔지니어링,3,Attitude(태도),타 부서와의 원활한 협업 소통
19,섬유·의복,190207,친환경염색가공,190207_L4,친환경염색가공 고급 전문화 및 프로젝트/팀 리딩,4,Knowledge(지식),신기술 융합 아키텍처
19,섬유·의복,190207,친환경염색가공,190207_L4,친환경염색가공 고급 전문화 및 프로젝트/팀 리딩,4,Knowledge(지식),프로젝트 관리론(PMBOK/Agile)
19,섬유·의복,190207,친환경염색가공,190207_L4,친환경염색가공 고급 전문화 및 프로젝트/팀 리딩,4,Knowledge(지식),품질보증(QA) 거버넌스
19,섬유·의복,190207,친환경염색가공,190207_L4,친환경염색가공 고급 전문화 및 프로젝트/팀 리딩,4,Skill(기술/도구),전체 시스템 아키텍처 설계
19,섬유·의복,190207,친환경염색가공,190207_L4,친환경염색가공 고급 전문화 및 프로젝트/팀 리딩,4,Skill(기술/도구),애자일 스프린트 리딩
19,섬유·의복,190207,친환경염색가공,190207_L4,친환경염색가공 고급 전문화 및 프로젝트/팀 리딩,4,Skill(기술/도구),신기술 PoC 검증
19,섬유·의복,190207,친환경염색가공,190207_L4,친환경염색가공 고급 전문화 및 프로젝트/팀 리딩,4,Attitude(태도),혁신 지향 리더십
19,섬유·의복,190207,친환경염색가공,190207_L4,친환경염색가공 고급 전문화 및 프로젝트/팀 리딩,4,Attitude(태도),동료 성장 멘토링 마인드
19,섬유·의복,190207,친환경염색가공,190207_L5,친환경염색가공 전략 기획 및 전사 거버넌스 총괄,5,Knowledge(지식),경영 전략 및 자본 예산 배분
19,섬유·의복,190207,친환경염색가공,190207_L5,친환경염색가공 전략 기획 및 전사 거버넌스 총괄,5,Knowledge(지식),국내외 규제 컴플라이언스
19,섬유·의복,190207,친환경염색가공,190207_L5,친환경염색가공 전략 기획 및 전사 거버넌스 총괄,5,Knowledge(지식),엔터프라이즈 거버넌스
19,섬유·의복,190207,친환경염색가공,190207_L5,친환경염색가공 전략 기획 및 전사 거버넌스 총괄,5,Skill(기술/도구),전사 로드맵 수립
19,섬유·의복,190207,친환경염색가공,190207_L5,친환경염색가공 전략 기획 및 전사 거버넌스 총괄,5,Skill(기술/도구),투자 대비 성과(ROI) 모델링
19,섬유·의복,190207,친환경염색가공,190207_L5,친환경염색가공 전략 기획 및 전사 거버넌스 총괄,5,Skill(기술/도구),최고 의사결정 전략 제언
19,섬유·의복,190207,친환경염색가공,190207_L5,친환경염색가공 전략 기획 및 전사 거버넌스 총괄,5,Attitude(태도),거시적 통찰력
19,섬유·의복,190207,친환경염색가공,190207_L5,친환경염색가공 전략 기획 및 전사 거버넌스 총괄,5,Attitude(태도),전략적 윤리 리더십
19,섬유·의복,190208,방적방사공정,190208_L1,방적방사공정 기초 입문 및 업무 환경 지원,1,Knowledge(지식),방적방사공정 개론
19,섬유·의복,190208,방적방사공정,190208_L1,방적방사공정 기초 입문 및 업무 환경 지원,1,Knowledge(지식),표준 작업 지침서
19,섬유·의복,190208,방적방사공정,190208_L1,방적방사공정 기초 입문 및 업무 환경 지원,1,Knowledge(지식),기초 법령/규정
19,섬유·의복,190208,방적방사공정,190208_L1,방적방사공정 기초 입문 및 업무 환경 지원,1,Skill(기술/도구),기초 전산 툴 조작
19,섬유·의복,190208,방적방사공정,190208_L1,방적방사공정 기초 입문 및 업무 환경 지원,1,Skill(기술/도구),문서 서식 작성
19,섬유·의복,190208,방적방사공정,190208_L1,방적방사공정 기초 입문 및 업무 환경 지원,1,Skill(기술/도구),자료 검색 및 분류
19,섬유·의복,190208,방적방사공정,190208_L1,방적방사공정 기초 입문 및 업무 환경 지원,1,Attitude(태도),규정 준수 의식
19,섬유·의복,190208,방적방사공정,190208_L1,방적방사공정 기초 입문 및 업무 환경 지원,1,Attitude(태도),성실한 업무 지원 태도
19,섬유·의복,190208,방적방사공정,190208_L2,방적방사공정 초급 실무 및 정형 과업 수행,2,Knowledge(지식),방적방사공정 실무 프로세스
19,섬유·의복,190208,방적방사공정,190208_L2,방적방사공정 초급 실무 및 정형 과업 수행,2,Knowledge(지식),단위 업무 품질 기준
19,섬유·의복,190208,방적방사공정,190208_L2,방적방사공정 초급 실무 및 정형 과업 수행,2,Knowledge(지식),데이터 검증 기법
19,섬유·의복,190208,방적방사공정,190208_L2,방적방사공정 초급 실무 및 정형 과업 수행,2,Skill(기술/도구),실무 도구/SW 조작
19,섬유·의복,190208,방적방사공정,190208_L2,방적방사공정 초급 실무 및 정형 과업 수행,2,Skill(기술/도구),데이터 정제 및 가공
19,섬유·의복,190208,방적방사공정,190208_L2,방적방사공정 초급 실무 및 정형 과업 수행,2,Skill(기술/도구),단위 결과물 산출
19,섬유·의복,190208,방적방사공정,190208_L2,방적방사공정 초급 실무 및 정형 과업 수행,2,Attitude(태도),정확성과 꼼꼼함
19,섬유·의복,190208,방적방사공정,190208_L2,방적방사공정 초급 실무 및 정형 과업 수행,2,Attitude(태도),기한 준수 책임감
19,섬유·의복,190208,방적방사공정,190208_L3,방적방사공정 중급 독립 실무 및 문제해결 엔지니어링,3,Knowledge(지식),심화 모델링/설계 이론
19,섬유·의복,190208,방적방사공정,190208_L3,방적방사공정 중급 독립 실무 및 문제해결 엔지니어링,3,Knowledge(지식),성능 지표(KPI) 분석법
19,섬유·의복,190208,방적방사공정,190208_L3,방적방사공정 중급 독립 실무 및 문제해결 엔지니어링,3,Knowledge(지식),이슈 해결 방법론
19,섬유·의복,190208,방적방사공정,190208_L3,방적방사공정 중급 독립 실무 및 문제해결 엔지니어링,3,Skill(기술/도구),고급 도구/코드/기기 활용
19,섬유·의복,190208,방적방사공정,190208_L3,방적방사공정 중급 독립 실무 및 문제해결 엔지니어링,3,Skill(기술/도구),원인 분석 및 조치
19,섬유·의복,190208,방적방사공정,190208_L3,방적방사공정 중급 독립 실무 및 문제해결 엔지니어링,3,Skill(기술/도구),성과 분석 리포팅
19,섬유·의복,190208,방적방사공정,190208_L3,방적방사공정 중급 독립 실무 및 문제해결 엔지니어링,3,Attitude(태도),분석적 사고력
19,섬유·의복,190208,방적방사공정,190208_L3,방적방사공정 중급 독립 실무 및 문제해결 엔지니어링,3,Attitude(태도),타 부서와의 원활한 협업 소통
19,섬유·의복,190208,방적방사공정,190208_L4,방적방사공정 고급 전문화 및 프로젝트/팀 리딩,4,Knowledge(지식),신기술 융합 아키텍처
19,섬유·의복,190208,방적방사공정,190208_L4,방적방사공정 고급 전문화 및 프로젝트/팀 리딩,4,Knowledge(지식),프로젝트 관리론(PMBOK/Agile)
19,섬유·의복,190208,방적방사공정,190208_L4,방적방사공정 고급 전문화 및 프로젝트/팀 리딩,4,Knowledge(지식),품질보증(QA) 거버넌스
19,섬유·의복,190208,방적방사공정,190208_L4,방적방사공정 고급 전문화 및 프로젝트/팀 리딩,4,Skill(기술/도구),전체 시스템 아키텍처 설계
19,섬유·의복,190208,방적방사공정,190208_L4,방적방사공정 고급 전문화 및 프로젝트/팀 리딩,4,Skill(기술/도구),애자일 스프린트 리딩
19,섬유·의복,190208,방적방사공정,190208_L4,방적방사공정 고급 전문화 및 프로젝트/팀 리딩,4,Skill(기술/도구),신기술 PoC 검증
19,섬유·의복,190208,방적방사공정,190208_L4,방적방사공정 고급 전문화 및 프로젝트/팀 리딩,4,Attitude(태도),혁신 지향 리더십
19,섬유·의복,190208,방적방사공정,190208_L4,방적방사공정 고급 전문화 및 프로젝트/팀 리딩,4,Attitude(태도),동료 성장 멘토링 마인드
19,섬유·의복,190208,방적방사공정,190208_L5,방적방사공정 전략 기획 및 전사 거버넌스 총괄,5,Knowledge(지식),경영 전략 및 자본 예산 배분
19,섬유·의복,190208,방적방사공정,190208_L5,방적방사공정 전략 기획 및 전사 거버넌스 총괄,5,Knowledge(지식),국내외 규제 컴플라이언스
19,섬유·의복,190208,방적방사공정,190208_L5,방적방사공정 전략 기획 및 전사 거버넌스 총괄,5,Knowledge(지식),엔터프라이즈 거버넌스
19,섬유·의복,190208,방적방사공정,190208_L5,방적방사공정 전략 기획 및 전사 거버넌스 총괄,5,Skill(기술/도구),전사 로드맵 수립
19,섬유·의복,190208,방적방사공정,190208_L5,방적방사공정 전략 기획 및 전사 거버넌스 총괄,5,Skill(기술/도구),투자 대비 성과(ROI) 모델링
19,섬유·의복,190208,방적방사공정,190208_L5,방적방사공정 전략 기획 및 전사 거버넌스 총괄,5,Skill(기술/도구),최고 의사결정 전략 제언
19,섬유·의복,190208,방적방사공정,190208_L5,방적방사공정 전략 기획 및 전사 거버넌스 총괄,5,Attitude(태도),거시적 통찰력
19,섬유·의복,190208,방적방사공정,190208_L5,방적방사공정 전략 기획 및 전사 거버넌스 총괄,5,Attitude(태도),전략적 윤리 리더십
19,섬유·의복,190209,부직포복합재료가공,190209_L1,부직포복합재료가공 기초 입문 및 업무 환경 지원,1,Knowledge(지식),부직포복합재료가공 개론
19,섬유·의복,190209,부직포복합재료가공,190209_L1,부직포복합재료가공 기초 입문 및 업무 환경 지원,1,Knowledge(지식),표준 작업 지침서
19,섬유·의복,190209,부직포복합재료가공,190209_L1,부직포복합재료가공 기초 입문 및 업무 환경 지원,1,Knowledge(지식),기초 법령/규정
19,섬유·의복,190209,부직포복합재료가공,190209_L1,부직포복합재료가공 기초 입문 및 업무 환경 지원,1,Skill(기술/도구),기초 전산 툴 조작
19,섬유·의복,190209,부직포복합재료가공,190209_L1,부직포복합재료가공 기초 입문 및 업무 환경 지원,1,Skill(기술/도구),문서 서식 작성
19,섬유·의복,190209,부직포복합재료가공,190209_L1,부직포복합재료가공 기초 입문 및 업무 환경 지원,1,Skill(기술/도구),자료 검색 및 분류
19,섬유·의복,190209,부직포복합재료가공,190209_L1,부직포복합재료가공 기초 입문 및 업무 환경 지원,1,Attitude(태도),규정 준수 의식
19,섬유·의복,190209,부직포복합재료가공,190209_L1,부직포복합재료가공 기초 입문 및 업무 환경 지원,1,Attitude(태도),성실한 업무 지원 태도
19,섬유·의복,190209,부직포복합재료가공,190209_L2,부직포복합재료가공 초급 실무 및 정형 과업 수행,2,Knowledge(지식),부직포복합재료가공 실무 프로세스
19,섬유·의복,190209,부직포복합재료가공,190209_L2,부직포복합재료가공 초급 실무 및 정형 과업 수행,2,Knowledge(지식),단위 업무 품질 기준
19,섬유·의복,190209,부직포복합재료가공,190209_L2,부직포복합재료가공 초급 실무 및 정형 과업 수행,2,Knowledge(지식),데이터 검증 기법
19,섬유·의복,190209,부직포복합재료가공,190209_L2,부직포복합재료가공 초급 실무 및 정형 과업 수행,2,Skill(기술/도구),실무 도구/SW 조작
19,섬유·의복,190209,부직포복합재료가공,190209_L2,부직포복합재료가공 초급 실무 및 정형 과업 수행,2,Skill(기술/도구),데이터 정제 및 가공
19,섬유·의복,190209,부직포복합재료가공,190209_L2,부직포복합재료가공 초급 실무 및 정형 과업 수행,2,Skill(기술/도구),단위 결과물 산출
19,섬유·의복,190209,부직포복합재료가공,190209_L2,부직포복합재료가공 초급 실무 및 정형 과업 수행,2,Attitude(태도),정확성과 꼼꼼함
19,섬유·의복,190209,부직포복합재료가공,190209_L2,부직포복합재료가공 초급 실무 및 정형 과업 수행,2,Attitude(태도),기한 준수 책임감
19,섬유·의복,190209,부직포복합재료가공,190209_L3,부직포복합재료가공 중급 독립 실무 및 문제해결 엔지니어링,3,Knowledge(지식),심화 모델링/설계 이론
19,섬유·의복,190209,부직포복합재료가공,190209_L3,부직포복합재료가공 중급 독립 실무 및 문제해결 엔지니어링,3,Knowledge(지식),성능 지표(KPI) 분석법
19,섬유·의복,190209,부직포복합재료가공,190209_L3,부직포복합재료가공 중급 독립 실무 및 문제해결 엔지니어링,3,Knowledge(지식),이슈 해결 방법론
19,섬유·의복,190209,부직포복합재료가공,190209_L3,부직포복합재료가공 중급 독립 실무 및 문제해결 엔지니어링,3,Skill(기술/도구),고급 도구/코드/기기 활용
19,섬유·의복,190209,부직포복합재료가공,190209_L3,부직포복합재료가공 중급 독립 실무 및 문제해결 엔지니어링,3,Skill(기술/도구),원인 분석 및 조치
19,섬유·의복,190209,부직포복합재료가공,190209_L3,부직포복합재료가공 중급 독립 실무 및 문제해결 엔지니어링,3,Skill(기술/도구),성과 분석 리포팅
19,섬유·의복,190209,부직포복합재료가공,190209_L3,부직포복합재료가공 중급 독립 실무 및 문제해결 엔지니어링,3,Attitude(태도),분석적 사고력
19,섬유·의복,190209,부직포복합재료가공,190209_L3,부직포복합재료가공 중급 독립 실무 및 문제해결 엔지니어링,3,Attitude(태도),타 부서와의 원활한 협업 소통
19,섬유·의복,190209,부직포복합재료가공,190209_L4,부직포복합재료가공 고급 전문화 및 프로젝트/팀 리딩,4,Knowledge(지식),신기술 융합 아키텍처
19,섬유·의복,190209,부직포복합재료가공,190209_L4,부직포복합재료가공 고급 전문화 및 프로젝트/팀 리딩,4,Knowledge(지식),프로젝트 관리론(PMBOK/Agile)
19,섬유·의복,190209,부직포복합재료가공,190209_L4,부직포복합재료가공 고급 전문화 및 프로젝트/팀 리딩,4,Knowledge(지식),품질보증(QA) 거버넌스
19,섬유·의복,190209,부직포복합재료가공,190209_L4,부직포복합재료가공 고급 전문화 및 프로젝트/팀 리딩,4,Skill(기술/도구),전체 시스템 아키텍처 설계
19,섬유·의복,190209,부직포복합재료가공,190209_L4,부직포복합재료가공 고급 전문화 및 프로젝트/팀 리딩,4,Skill(기술/도구),애자일 스프린트 리딩
19,섬유·의복,190209,부직포복합재료가공,190209_L4,부직포복합재료가공 고급 전문화 및 프로젝트/팀 리딩,4,Skill(기술/도구),신기술 PoC 검증
19,섬유·의복,190209,부직포복합재료가공,190209_L4,부직포복합재료가공 고급 전문화 및 프로젝트/팀 리딩,4,Attitude(태도),혁신 지향 리더십
19,섬유·의복,190209,부직포복합재료가공,190209_L4,부직포복합재료가공 고급 전문화 및 프로젝트/팀 리딩,4,Attitude(태도),동료 성장 멘토링 마인드
19,섬유·의복,190209,부직포복합재료가공,190209_L5,부직포복합재료가공 전략 기획 및 전사 거버넌스 총괄,5,Knowledge(지식),경영 전략 및 자본 예산 배분
19,섬유·의복,190209,부직포복합재료가공,190209_L5,부직포복합재료가공 전략 기획 및 전사 거버넌스 총괄,5,Knowledge(지식),국내외 규제 컴플라이언스
19,섬유·의복,190209,부직포복합재료가공,190209_L5,부직포복합재료가공 전략 기획 및 전사 거버넌스 총괄,5,Knowledge(지식),엔터프라이즈 거버넌스
19,섬유·의복,190209,부직포복합재료가공,190209_L5,부직포복합재료가공 전략 기획 및 전사 거버넌스 총괄,5,Skill(기술/도구),전사 로드맵 수립
19,섬유·의복,190209,부직포복합재료가공,190209_L5,부직포복합재료가공 전략 기획 및 전사 거버넌스 총괄,5,Skill(기술/도구),투자 대비 성과(ROI) 모델링
19,섬유·의복,190209,부직포복합재료가공,190209_L5,부직포복합재료가공 전략 기획 및 전사 거버넌스 총괄,5,Skill(기술/도구),최고 의사결정 전략 제언
19,섬유·의복,190209,부직포복합재료가공,190209_L5,부직포복합재료가공 전략 기획 및 전사 거버넌스 총괄,5,Attitude(태도),거시적 통찰력
19,섬유·의복,190209,부직포복합재료가공,190209_L5,부직포복합재료가공 전략 기획 및 전사 거버넌스 총괄,5,Attitude(태도),전략적 윤리 리더십
20,전기·전자,200101,임베디드HW/PCB설계,200101_L1,임베디드HW/PCB설계 기초 입문 및 업무 환경 지원,1,Knowledge(지식),임베디드HW/PCB설계 개론
20,전기·전자,200101,임베디드HW/PCB설계,200101_L1,임베디드HW/PCB설계 기초 입문 및 업무 환경 지원,1,Knowledge(지식),표준 작업 지침서
20,전기·전자,200101,임베디드HW/PCB설계,200101_L1,임베디드HW/PCB설계 기초 입문 및 업무 환경 지원,1,Knowledge(지식),기초 법령/규정
20,전기·전자,200101,임베디드HW/PCB설계,200101_L1,임베디드HW/PCB설계 기초 입문 및 업무 환경 지원,1,Skill(기술/도구),기초 전산 툴 조작
20,전기·전자,200101,임베디드HW/PCB설계,200101_L1,임베디드HW/PCB설계 기초 입문 및 업무 환경 지원,1,Skill(기술/도구),문서 서식 작성
20,전기·전자,200101,임베디드HW/PCB설계,200101_L1,임베디드HW/PCB설계 기초 입문 및 업무 환경 지원,1,Skill(기술/도구),자료 검색 및 분류
20,전기·전자,200101,임베디드HW/PCB설계,200101_L1,임베디드HW/PCB설계 기초 입문 및 업무 환경 지원,1,Attitude(태도),규정 준수 의식
20,전기·전자,200101,임베디드HW/PCB설계,200101_L1,임베디드HW/PCB설계 기초 입문 및 업무 환경 지원,1,Attitude(태도),성실한 업무 지원 태도
20,전기·전자,200101,임베디드HW/PCB설계,200101_L2,임베디드HW/PCB설계 초급 실무 및 정형 과업 수행,2,Knowledge(지식),임베디드HW/PCB설계 실무 프로세스
20,전기·전자,200101,임베디드HW/PCB설계,200101_L2,임베디드HW/PCB설계 초급 실무 및 정형 과업 수행,2,Knowledge(지식),단위 업무 품질 기준
20,전기·전자,200101,임베디드HW/PCB설계,200101_L2,임베디드HW/PCB설계 초급 실무 및 정형 과업 수행,2,Knowledge(지식),데이터 검증 기법
20,전기·전자,200101,임베디드HW/PCB설계,200101_L2,임베디드HW/PCB설계 초급 실무 및 정형 과업 수행,2,Skill(기술/도구),실무 도구/SW 조작
20,전기·전자,200101,임베디드HW/PCB설계,200101_L2,임베디드HW/PCB설계 초급 실무 및 정형 과업 수행,2,Skill(기술/도구),데이터 정제 및 가공
20,전기·전자,200101,임베디드HW/PCB설계,200101_L2,임베디드HW/PCB설계 초급 실무 및 정형 과업 수행,2,Skill(기술/도구),단위 결과물 산출
20,전기·전자,200101,임베디드HW/PCB설계,200101_L2,임베디드HW/PCB설계 초급 실무 및 정형 과업 수행,2,Attitude(태도),정확성과 꼼꼼함
20,전기·전자,200101,임베디드HW/PCB설계,200101_L2,임베디드HW/PCB설계 초급 실무 및 정형 과업 수행,2,Attitude(태도),기한 준수 책임감
20,전기·전자,200101,임베디드HW/PCB설계,200101_L3,임베디드HW/PCB설계 중급 독립 실무 및 문제해결 엔지니어링,3,Knowledge(지식),심화 모델링/설계 이론
20,전기·전자,200101,임베디드HW/PCB설계,200101_L3,임베디드HW/PCB설계 중급 독립 실무 및 문제해결 엔지니어링,3,Knowledge(지식),성능 지표(KPI) 분석법
20,전기·전자,200101,임베디드HW/PCB설계,200101_L3,임베디드HW/PCB설계 중급 독립 실무 및 문제해결 엔지니어링,3,Knowledge(지식),이슈 해결 방법론
20,전기·전자,200101,임베디드HW/PCB설계,200101_L3,임베디드HW/PCB설계 중급 독립 실무 및 문제해결 엔지니어링,3,Skill(기술/도구),고급 도구/코드/기기 활용
20,전기·전자,200101,임베디드HW/PCB설계,200101_L3,임베디드HW/PCB설계 중급 독립 실무 및 문제해결 엔지니어링,3,Skill(기술/도구),원인 분석 및 조치
20,전기·전자,200101,임베디드HW/PCB설계,200101_L3,임베디드HW/PCB설계 중급 독립 실무 및 문제해결 엔지니어링,3,Skill(기술/도구),성과 분석 리포팅
20,전기·전자,200101,임베디드HW/PCB설계,200101_L3,임베디드HW/PCB설계 중급 독립 실무 및 문제해결 엔지니어링,3,Attitude(태도),분석적 사고력
20,전기·전자,200101,임베디드HW/PCB설계,200101_L3,임베디드HW/PCB설계 중급 독립 실무 및 문제해결 엔지니어링,3,Attitude(태도),타 부서와의 원활한 협업 소통
20,전기·전자,200101,임베디드HW/PCB설계,200101_L4,임베디드HW/PCB설계 고급 전문화 및 프로젝트/팀 리딩,4,Knowledge(지식),신기술 융합 아키텍처
20,전기·전자,200101,임베디드HW/PCB설계,200101_L4,임베디드HW/PCB설계 고급 전문화 및 프로젝트/팀 리딩,4,Knowledge(지식),프로젝트 관리론(PMBOK/Agile)
20,전기·전자,200101,임베디드HW/PCB설계,200101_L4,임베디드HW/PCB설계 고급 전문화 및 프로젝트/팀 리딩,4,Knowledge(지식),품질보증(QA) 거버넌스
20,전기·전자,200101,임베디드HW/PCB설계,200101_L4,임베디드HW/PCB설계 고급 전문화 및 프로젝트/팀 리딩,4,Skill(기술/도구),전체 시스템 아키텍처 설계
20,전기·전자,200101,임베디드HW/PCB설계,200101_L4,임베디드HW/PCB설계 고급 전문화 및 프로젝트/팀 리딩,4,Skill(기술/도구),애자일 스프린트 리딩
20,전기·전자,200101,임베디드HW/PCB설계,200101_L4,임베디드HW/PCB설계 고급 전문화 및 프로젝트/팀 리딩,4,Skill(기술/도구),신기술 PoC 검증
20,전기·전자,200101,임베디드HW/PCB설계,200101_L4,임베디드HW/PCB설계 고급 전문화 및 프로젝트/팀 리딩,4,Attitude(태도),혁신 지향 리더십
20,전기·전자,200101,임베디드HW/PCB설계,200101_L4,임베디드HW/PCB설계 고급 전문화 및 프로젝트/팀 리딩,4,Attitude(태도),동료 성장 멘토링 마인드
20,전기·전자,200101,임베디드HW/PCB설계,200101_L5,임베디드HW/PCB설계 전략 기획 및 전사 거버넌스 총괄,5,Knowledge(지식),경영 전략 및 자본 예산 배분
20,전기·전자,200101,임베디드HW/PCB설계,200101_L5,임베디드HW/PCB설계 전략 기획 및 전사 거버넌스 총괄,5,Knowledge(지식),국내외 규제 컴플라이언스
20,전기·전자,200101,임베디드HW/PCB설계,200101_L5,임베디드HW/PCB설계 전략 기획 및 전사 거버넌스 총괄,5,Knowledge(지식),엔터프라이즈 거버넌스
20,전기·전자,200101,임베디드HW/PCB설계,200101_L5,임베디드HW/PCB설계 전략 기획 및 전사 거버넌스 총괄,5,Skill(기술/도구),전사 로드맵 수립
20,전기·전자,200101,임베디드HW/PCB설계,200101_L5,임베디드HW/PCB설계 전략 기획 및 전사 거버넌스 총괄,5,Skill(기술/도구),투자 대비 성과(ROI) 모델링
20,전기·전자,200101,임베디드HW/PCB설계,200101_L5,임베디드HW/PCB설계 전략 기획 및 전사 거버넌스 총괄,5,Skill(기술/도구),최고 의사결정 전략 제언
20,전기·전자,200101,임베디드HW/PCB설계,200101_L5,임베디드HW/PCB설계 전략 기획 및 전사 거버넌스 총괄,5,Attitude(태도),거시적 통찰력
20,전기·전자,200101,임베디드HW/PCB설계,200101_L5,임베디드HW/PCB설계 전략 기획 및 전사 거버넌스 총괄,5,Attitude(태도),전략적 윤리 리더십
20,전기·전자,200102,MCU펌웨어개발(FreeRTOS),200102_L1,MCU펌웨어개발(FreeRTOS) 기초 입문 및 업무 환경 지원,1,Knowledge(지식),MCU펌웨어개발(FreeRTOS) 개론
20,전기·전자,200102,MCU펌웨어개발(FreeRTOS),200102_L1,MCU펌웨어개발(FreeRTOS) 기초 입문 및 업무 환경 지원,1,Knowledge(지식),표준 작업 지침서
20,전기·전자,200102,MCU펌웨어개발(FreeRTOS),200102_L1,MCU펌웨어개발(FreeRTOS) 기초 입문 및 업무 환경 지원,1,Knowledge(지식),기초 법령/규정
20,전기·전자,200102,MCU펌웨어개발(FreeRTOS),200102_L1,MCU펌웨어개발(FreeRTOS) 기초 입문 및 업무 환경 지원,1,Skill(기술/도구),기초 전산 툴 조작
20,전기·전자,200102,MCU펌웨어개발(FreeRTOS),200102_L1,MCU펌웨어개발(FreeRTOS) 기초 입문 및 업무 환경 지원,1,Skill(기술/도구),문서 서식 작성
20,전기·전자,200102,MCU펌웨어개발(FreeRTOS),200102_L1,MCU펌웨어개발(FreeRTOS) 기초 입문 및 업무 환경 지원,1,Skill(기술/도구),자료 검색 및 분류
20,전기·전자,200102,MCU펌웨어개발(FreeRTOS),200102_L1,MCU펌웨어개발(FreeRTOS) 기초 입문 및 업무 환경 지원,1,Attitude(태도),규정 준수 의식
20,전기·전자,200102,MCU펌웨어개발(FreeRTOS),200102_L1,MCU펌웨어개발(FreeRTOS) 기초 입문 및 업무 환경 지원,1,Attitude(태도),성실한 업무 지원 태도
20,전기·전자,200102,MCU펌웨어개발(FreeRTOS),200102_L2,MCU펌웨어개발(FreeRTOS) 초급 실무 및 정형 과업 수행,2,Knowledge(지식),MCU펌웨어개발(FreeRTOS) 실무 프로세스
20,전기·전자,200102,MCU펌웨어개발(FreeRTOS),200102_L2,MCU펌웨어개발(FreeRTOS) 초급 실무 및 정형 과업 수행,2,Knowledge(지식),단위 업무 품질 기준
20,전기·전자,200102,MCU펌웨어개발(FreeRTOS),200102_L2,MCU펌웨어개발(FreeRTOS) 초급 실무 및 정형 과업 수행,2,Knowledge(지식),데이터 검증 기법
20,전기·전자,200102,MCU펌웨어개발(FreeRTOS),200102_L2,MCU펌웨어개발(FreeRTOS) 초급 실무 및 정형 과업 수행,2,Skill(기술/도구),실무 도구/SW 조작
20,전기·전자,200102,MCU펌웨어개발(FreeRTOS),200102_L2,MCU펌웨어개발(FreeRTOS) 초급 실무 및 정형 과업 수행,2,Skill(기술/도구),데이터 정제 및 가공
20,전기·전자,200102,MCU펌웨어개발(FreeRTOS),200102_L2,MCU펌웨어개발(FreeRTOS) 초급 실무 및 정형 과업 수행,2,Skill(기술/도구),단위 결과물 산출
20,전기·전자,200102,MCU펌웨어개발(FreeRTOS),200102_L2,MCU펌웨어개발(FreeRTOS) 초급 실무 및 정형 과업 수행,2,Attitude(태도),정확성과 꼼꼼함
20,전기·전자,200102,MCU펌웨어개발(FreeRTOS),200102_L2,MCU펌웨어개발(FreeRTOS) 초급 실무 및 정형 과업 수행,2,Attitude(태도),기한 준수 책임감
20,전기·전자,200102,MCU펌웨어개발(FreeRTOS),200102_L3,MCU펌웨어개발(FreeRTOS) 중급 독립 실무 및 문제해결 엔지니어링,3,Knowledge(지식),심화 모델링/설계 이론
20,전기·전자,200102,MCU펌웨어개발(FreeRTOS),200102_L3,MCU펌웨어개발(FreeRTOS) 중급 독립 실무 및 문제해결 엔지니어링,3,Knowledge(지식),성능 지표(KPI) 분석법
20,전기·전자,200102,MCU펌웨어개발(FreeRTOS),200102_L3,MCU펌웨어개발(FreeRTOS) 중급 독립 실무 및 문제해결 엔지니어링,3,Knowledge(지식),이슈 해결 방법론
20,전기·전자,200102,MCU펌웨어개발(FreeRTOS),200102_L3,MCU펌웨어개발(FreeRTOS) 중급 독립 실무 및 문제해결 엔지니어링,3,Skill(기술/도구),고급 도구/코드/기기 활용
20,전기·전자,200102,MCU펌웨어개발(FreeRTOS),200102_L3,MCU펌웨어개발(FreeRTOS) 중급 독립 실무 및 문제해결 엔지니어링,3,Skill(기술/도구),원인 분석 및 조치
20,전기·전자,200102,MCU펌웨어개발(FreeRTOS),200102_L3,MCU펌웨어개발(FreeRTOS) 중급 독립 실무 및 문제해결 엔지니어링,3,Skill(기술/도구),성과 분석 리포팅
20,전기·전자,200102,MCU펌웨어개발(FreeRTOS),200102_L3,MCU펌웨어개발(FreeRTOS) 중급 독립 실무 및 문제해결 엔지니어링,3,Attitude(태도),분석적 사고력
20,전기·전자,200102,MCU펌웨어개발(FreeRTOS),200102_L3,MCU펌웨어개발(FreeRTOS) 중급 독립 실무 및 문제해결 엔지니어링,3,Attitude(태도),타 부서와의 원활한 협업 소통
20,전기·전자,200102,MCU펌웨어개발(FreeRTOS),200102_L4,MCU펌웨어개발(FreeRTOS) 고급 전문화 및 프로젝트/팀 리딩,4,Knowledge(지식),신기술 융합 아키텍처
20,전기·전자,200102,MCU펌웨어개발(FreeRTOS),200102_L4,MCU펌웨어개발(FreeRTOS) 고급 전문화 및 프로젝트/팀 리딩,4,Knowledge(지식),프로젝트 관리론(PMBOK/Agile)
20,전기·전자,200102,MCU펌웨어개발(FreeRTOS),200102_L4,MCU펌웨어개발(FreeRTOS) 고급 전문화 및 프로젝트/팀 리딩,4,Knowledge(지식),품질보증(QA) 거버넌스
20,전기·전자,200102,MCU펌웨어개발(FreeRTOS),200102_L4,MCU펌웨어개발(FreeRTOS) 고급 전문화 및 프로젝트/팀 리딩,4,Skill(기술/도구),전체 시스템 아키텍처 설계
20,전기·전자,200102,MCU펌웨어개발(FreeRTOS),200102_L4,MCU펌웨어개발(FreeRTOS) 고급 전문화 및 프로젝트/팀 리딩,4,Skill(기술/도구),애자일 스프린트 리딩
20,전기·전자,200102,MCU펌웨어개발(FreeRTOS),200102_L4,MCU펌웨어개발(FreeRTOS) 고급 전문화 및 프로젝트/팀 리딩,4,Skill(기술/도구),신기술 PoC 검증
20,전기·전자,200102,MCU펌웨어개발(FreeRTOS),200102_L4,MCU펌웨어개발(FreeRTOS) 고급 전문화 및 프로젝트/팀 리딩,4,Attitude(태도),혁신 지향 리더십
20,전기·전자,200102,MCU펌웨어개발(FreeRTOS),200102_L4,MCU펌웨어개발(FreeRTOS) 고급 전문화 및 프로젝트/팀 리딩,4,Attitude(태도),동료 성장 멘토링 마인드
20,전기·전자,200102,MCU펌웨어개발(FreeRTOS),200102_L5,MCU펌웨어개발(FreeRTOS) 전략 기획 및 전사 거버넌스 총괄,5,Knowledge(지식),경영 전략 및 자본 예산 배분
20,전기·전자,200102,MCU펌웨어개발(FreeRTOS),200102_L5,MCU펌웨어개발(FreeRTOS) 전략 기획 및 전사 거버넌스 총괄,5,Knowledge(지식),국내외 규제 컴플라이언스
20,전기·전자,200102,MCU펌웨어개발(FreeRTOS),200102_L5,MCU펌웨어개발(FreeRTOS) 전략 기획 및 전사 거버넌스 총괄,5,Knowledge(지식),엔터프라이즈 거버넌스
20,전기·전자,200102,MCU펌웨어개발(FreeRTOS),200102_L5,MCU펌웨어개발(FreeRTOS) 전략 기획 및 전사 거버넌스 총괄,5,Skill(기술/도구),전사 로드맵 수립
20,전기·전자,200102,MCU펌웨어개발(FreeRTOS),200102_L5,MCU펌웨어개발(FreeRTOS) 전략 기획 및 전사 거버넌스 총괄,5,Skill(기술/도구),투자 대비 성과(ROI) 모델링
20,전기·전자,200102,MCU펌웨어개발(FreeRTOS),200102_L5,MCU펌웨어개발(FreeRTOS) 전략 기획 및 전사 거버넌스 총괄,5,Skill(기술/도구),최고 의사결정 전략 제언
20,전기·전자,200102,MCU펌웨어개발(FreeRTOS),200102_L5,MCU펌웨어개발(FreeRTOS) 전략 기획 및 전사 거버넌스 총괄,5,Attitude(태도),거시적 통찰력
20,전기·전자,200102,MCU펌웨어개발(FreeRTOS),200102_L5,MCU펌웨어개발(FreeRTOS) 전략 기획 및 전사 거버넌스 총괄,5,Attitude(태도),전략적 윤리 리더십
20,전기·전자,200103,반도체레이아웃설계,200103_L1,반도체레이아웃설계 기초 입문 및 업무 환경 지원,1,Knowledge(지식),반도체레이아웃설계 개론
20,전기·전자,200103,반도체레이아웃설계,200103_L1,반도체레이아웃설계 기초 입문 및 업무 환경 지원,1,Knowledge(지식),표준 작업 지침서
20,전기·전자,200103,반도체레이아웃설계,200103_L1,반도체레이아웃설계 기초 입문 및 업무 환경 지원,1,Knowledge(지식),기초 법령/규정
20,전기·전자,200103,반도체레이아웃설계,200103_L1,반도체레이아웃설계 기초 입문 및 업무 환경 지원,1,Skill(기술/도구),기초 전산 툴 조작
20,전기·전자,200103,반도체레이아웃설계,200103_L1,반도체레이아웃설계 기초 입문 및 업무 환경 지원,1,Skill(기술/도구),문서 서식 작성
20,전기·전자,200103,반도체레이아웃설계,200103_L1,반도체레이아웃설계 기초 입문 및 업무 환경 지원,1,Skill(기술/도구),자료 검색 및 분류
20,전기·전자,200103,반도체레이아웃설계,200103_L1,반도체레이아웃설계 기초 입문 및 업무 환경 지원,1,Attitude(태도),규정 준수 의식
20,전기·전자,200103,반도체레이아웃설계,200103_L1,반도체레이아웃설계 기초 입문 및 업무 환경 지원,1,Attitude(태도),성실한 업무 지원 태도
20,전기·전자,200103,반도체레이아웃설계,200103_L2,반도체레이아웃설계 초급 실무 및 정형 과업 수행,2,Knowledge(지식),반도체레이아웃설계 실무 프로세스
20,전기·전자,200103,반도체레이아웃설계,200103_L2,반도체레이아웃설계 초급 실무 및 정형 과업 수행,2,Knowledge(지식),단위 업무 품질 기준
20,전기·전자,200103,반도체레이아웃설계,200103_L2,반도체레이아웃설계 초급 실무 및 정형 과업 수행,2,Knowledge(지식),데이터 검증 기법
20,전기·전자,200103,반도체레이아웃설계,200103_L2,반도체레이아웃설계 초급 실무 및 정형 과업 수행,2,Skill(기술/도구),실무 도구/SW 조작
20,전기·전자,200103,반도체레이아웃설계,200103_L2,반도체레이아웃설계 초급 실무 및 정형 과업 수행,2,Skill(기술/도구),데이터 정제 및 가공
20,전기·전자,200103,반도체레이아웃설계,200103_L2,반도체레이아웃설계 초급 실무 및 정형 과업 수행,2,Skill(기술/도구),단위 결과물 산출
20,전기·전자,200103,반도체레이아웃설계,200103_L2,반도체레이아웃설계 초급 실무 및 정형 과업 수행,2,Attitude(태도),정확성과 꼼꼼함
20,전기·전자,200103,반도체레이아웃설계,200103_L2,반도체레이아웃설계 초급 실무 및 정형 과업 수행,2,Attitude(태도),기한 준수 책임감
20,전기·전자,200103,반도체레이아웃설계,200103_L3,반도체레이아웃설계 중급 독립 실무 및 문제해결 엔지니어링,3,Knowledge(지식),심화 모델링/설계 이론
20,전기·전자,200103,반도체레이아웃설계,200103_L3,반도체레이아웃설계 중급 독립 실무 및 문제해결 엔지니어링,3,Knowledge(지식),성능 지표(KPI) 분석법
20,전기·전자,200103,반도체레이아웃설계,200103_L3,반도체레이아웃설계 중급 독립 실무 및 문제해결 엔지니어링,3,Knowledge(지식),이슈 해결 방법론
20,전기·전자,200103,반도체레이아웃설계,200103_L3,반도체레이아웃설계 중급 독립 실무 및 문제해결 엔지니어링,3,Skill(기술/도구),고급 도구/코드/기기 활용
20,전기·전자,200103,반도체레이아웃설계,200103_L3,반도체레이아웃설계 중급 독립 실무 및 문제해결 엔지니어링,3,Skill(기술/도구),원인 분석 및 조치
20,전기·전자,200103,반도체레이아웃설계,200103_L3,반도체레이아웃설계 중급 독립 실무 및 문제해결 엔지니어링,3,Skill(기술/도구),성과 분석 리포팅
20,전기·전자,200103,반도체레이아웃설계,200103_L3,반도체레이아웃설계 중급 독립 실무 및 문제해결 엔지니어링,3,Attitude(태도),분석적 사고력
20,전기·전자,200103,반도체레이아웃설계,200103_L3,반도체레이아웃설계 중급 독립 실무 및 문제해결 엔지니어링,3,Attitude(태도),타 부서와의 원활한 협업 소통
20,전기·전자,200103,반도체레이아웃설계,200103_L4,반도체레이아웃설계 고급 전문화 및 프로젝트/팀 리딩,4,Knowledge(지식),신기술 융합 아키텍처
20,전기·전자,200103,반도체레이아웃설계,200103_L4,반도체레이아웃설계 고급 전문화 및 프로젝트/팀 리딩,4,Knowledge(지식),프로젝트 관리론(PMBOK/Agile)
20,전기·전자,200103,반도체레이아웃설계,200103_L4,반도체레이아웃설계 고급 전문화 및 프로젝트/팀 리딩,4,Knowledge(지식),품질보증(QA) 거버넌스
20,전기·전자,200103,반도체레이아웃설계,200103_L4,반도체레이아웃설계 고급 전문화 및 프로젝트/팀 리딩,4,Skill(기술/도구),전체 시스템 아키텍처 설계
20,전기·전자,200103,반도체레이아웃설계,200103_L4,반도체레이아웃설계 고급 전문화 및 프로젝트/팀 리딩,4,Skill(기술/도구),애자일 스프린트 리딩
20,전기·전자,200103,반도체레이아웃설계,200103_L4,반도체레이아웃설계 고급 전문화 및 프로젝트/팀 리딩,4,Skill(기술/도구),신기술 PoC 검증
20,전기·전자,200103,반도체레이아웃설계,200103_L4,반도체레이아웃설계 고급 전문화 및 프로젝트/팀 리딩,4,Attitude(태도),혁신 지향 리더십
20,전기·전자,200103,반도체레이아웃설계,200103_L4,반도체레이아웃설계 고급 전문화 및 프로젝트/팀 리딩,4,Attitude(태도),동료 성장 멘토링 마인드
20,전기·전자,200103,반도체레이아웃설계,200103_L5,반도체레이아웃설계 전략 기획 및 전사 거버넌스 총괄,5,Knowledge(지식),경영 전략 및 자본 예산 배분
20,전기·전자,200103,반도체레이아웃설계,200103_L5,반도체레이아웃설계 전략 기획 및 전사 거버넌스 총괄,5,Knowledge(지식),국내외 규제 컴플라이언스
20,전기·전자,200103,반도체레이아웃설계,200103_L5,반도체레이아웃설계 전략 기획 및 전사 거버넌스 총괄,5,Knowledge(지식),엔터프라이즈 거버넌스
20,전기·전자,200103,반도체레이아웃설계,200103_L5,반도체레이아웃설계 전략 기획 및 전사 거버넌스 총괄,5,Skill(기술/도구),전사 로드맵 수립
20,전기·전자,200103,반도체레이아웃설계,200103_L5,반도체레이아웃설계 전략 기획 및 전사 거버넌스 총괄,5,Skill(기술/도구),투자 대비 성과(ROI) 모델링
20,전기·전자,200103,반도체레이아웃설계,200103_L5,반도체레이아웃설계 전략 기획 및 전사 거버넌스 총괄,5,Skill(기술/도구),최고 의사결정 전략 제언
20,전기·전자,200103,반도체레이아웃설계,200103_L5,반도체레이아웃설계 전략 기획 및 전사 거버넌스 총괄,5,Attitude(태도),거시적 통찰력
20,전기·전자,200103,반도체레이아웃설계,200103_L5,반도체레이아웃설계 전략 기획 및 전사 거버넌스 총괄,5,Attitude(태도),전략적 윤리 리더십
20,전기·전자,200104,반도체공정엔지니어(Photo/Etch),200104_L1,반도체공정엔지니어(Photo/Etch) 기초 입문 및 업무 환경 지원,1,Knowledge(지식),반도체공정엔지니어(Photo/Etch) 개론
20,전기·전자,200104,반도체공정엔지니어(Photo/Etch),200104_L1,반도체공정엔지니어(Photo/Etch) 기초 입문 및 업무 환경 지원,1,Knowledge(지식),표준 작업 지침서
20,전기·전자,200104,반도체공정엔지니어(Photo/Etch),200104_L1,반도체공정엔지니어(Photo/Etch) 기초 입문 및 업무 환경 지원,1,Knowledge(지식),기초 법령/규정
20,전기·전자,200104,반도체공정엔지니어(Photo/Etch),200104_L1,반도체공정엔지니어(Photo/Etch) 기초 입문 및 업무 환경 지원,1,Skill(기술/도구),기초 전산 툴 조작
20,전기·전자,200104,반도체공정엔지니어(Photo/Etch),200104_L1,반도체공정엔지니어(Photo/Etch) 기초 입문 및 업무 환경 지원,1,Skill(기술/도구),문서 서식 작성
20,전기·전자,200104,반도체공정엔지니어(Photo/Etch),200104_L1,반도체공정엔지니어(Photo/Etch) 기초 입문 및 업무 환경 지원,1,Skill(기술/도구),자료 검색 및 분류
20,전기·전자,200104,반도체공정엔지니어(Photo/Etch),200104_L1,반도체공정엔지니어(Photo/Etch) 기초 입문 및 업무 환경 지원,1,Attitude(태도),규정 준수 의식
20,전기·전자,200104,반도체공정엔지니어(Photo/Etch),200104_L1,반도체공정엔지니어(Photo/Etch) 기초 입문 및 업무 환경 지원,1,Attitude(태도),성실한 업무 지원 태도
20,전기·전자,200104,반도체공정엔지니어(Photo/Etch),200104_L2,반도체공정엔지니어(Photo/Etch) 초급 실무 및 정형 과업 수행,2,Knowledge(지식),반도체공정엔지니어(Photo/Etch) 실무 프로세스
20,전기·전자,200104,반도체공정엔지니어(Photo/Etch),200104_L2,반도체공정엔지니어(Photo/Etch) 초급 실무 및 정형 과업 수행,2,Knowledge(지식),단위 업무 품질 기준
20,전기·전자,200104,반도체공정엔지니어(Photo/Etch),200104_L2,반도체공정엔지니어(Photo/Etch) 초급 실무 및 정형 과업 수행,2,Knowledge(지식),데이터 검증 기법
20,전기·전자,200104,반도체공정엔지니어(Photo/Etch),200104_L2,반도체공정엔지니어(Photo/Etch) 초급 실무 및 정형 과업 수행,2,Skill(기술/도구),실무 도구/SW 조작
20,전기·전자,200104,반도체공정엔지니어(Photo/Etch),200104_L2,반도체공정엔지니어(Photo/Etch) 초급 실무 및 정형 과업 수행,2,Skill(기술/도구),데이터 정제 및 가공
20,전기·전자,200104,반도체공정엔지니어(Photo/Etch),200104_L2,반도체공정엔지니어(Photo/Etch) 초급 실무 및 정형 과업 수행,2,Skill(기술/도구),단위 결과물 산출
20,전기·전자,200104,반도체공정엔지니어(Photo/Etch),200104_L2,반도체공정엔지니어(Photo/Etch) 초급 실무 및 정형 과업 수행,2,Attitude(태도),정확성과 꼼꼼함
20,전기·전자,200104,반도체공정엔지니어(Photo/Etch),200104_L2,반도체공정엔지니어(Photo/Etch) 초급 실무 및 정형 과업 수행,2,Attitude(태도),기한 준수 책임감
20,전기·전자,200104,반도체공정엔지니어(Photo/Etch),200104_L3,반도체공정엔지니어(Photo/Etch) 중급 독립 실무 및 문제해결 엔지니어링,3,Knowledge(지식),심화 모델링/설계 이론
20,전기·전자,200104,반도체공정엔지니어(Photo/Etch),200104_L3,반도체공정엔지니어(Photo/Etch) 중급 독립 실무 및 문제해결 엔지니어링,3,Knowledge(지식),성능 지표(KPI) 분석법
20,전기·전자,200104,반도체공정엔지니어(Photo/Etch),200104_L3,반도체공정엔지니어(Photo/Etch) 중급 독립 실무 및 문제해결 엔지니어링,3,Knowledge(지식),이슈 해결 방법론
20,전기·전자,200104,반도체공정엔지니어(Photo/Etch),200104_L3,반도체공정엔지니어(Photo/Etch) 중급 독립 실무 및 문제해결 엔지니어링,3,Skill(기술/도구),고급 도구/코드/기기 활용
20,전기·전자,200104,반도체공정엔지니어(Photo/Etch),200104_L3,반도체공정엔지니어(Photo/Etch) 중급 독립 실무 및 문제해결 엔지니어링,3,Skill(기술/도구),원인 분석 및 조치
20,전기·전자,200104,반도체공정엔지니어(Photo/Etch),200104_L3,반도체공정엔지니어(Photo/Etch) 중급 독립 실무 및 문제해결 엔지니어링,3,Skill(기술/도구),성과 분석 리포팅
20,전기·전자,200104,반도체공정엔지니어(Photo/Etch),200104_L3,반도체공정엔지니어(Photo/Etch) 중급 독립 실무 및 문제해결 엔지니어링,3,Attitude(태도),분석적 사고력
20,전기·전자,200104,반도체공정엔지니어(Photo/Etch),200104_L3,반도체공정엔지니어(Photo/Etch) 중급 독립 실무 및 문제해결 엔지니어링,3,Attitude(태도),타 부서와의 원활한 협업 소통
20,전기·전자,200104,반도체공정엔지니어(Photo/Etch),200104_L4,반도체공정엔지니어(Photo/Etch) 고급 전문화 및 프로젝트/팀 리딩,4,Knowledge(지식),신기술 융합 아키텍처
20,전기·전자,200104,반도체공정엔지니어(Photo/Etch),200104_L4,반도체공정엔지니어(Photo/Etch) 고급 전문화 및 프로젝트/팀 리딩,4,Knowledge(지식),프로젝트 관리론(PMBOK/Agile)
20,전기·전자,200104,반도체공정엔지니어(Photo/Etch),200104_L4,반도체공정엔지니어(Photo/Etch) 고급 전문화 및 프로젝트/팀 리딩,4,Knowledge(지식),품질보증(QA) 거버넌스
20,전기·전자,200104,반도체공정엔지니어(Photo/Etch),200104_L4,반도체공정엔지니어(Photo/Etch) 고급 전문화 및 프로젝트/팀 리딩,4,Skill(기술/도구),전체 시스템 아키텍처 설계
20,전기·전자,200104,반도체공정엔지니어(Photo/Etch),200104_L4,반도체공정엔지니어(Photo/Etch) 고급 전문화 및 프로젝트/팀 리딩,4,Skill(기술/도구),애자일 스프린트 리딩
20,전기·전자,200104,반도체공정엔지니어(Photo/Etch),200104_L4,반도체공정엔지니어(Photo/Etch) 고급 전문화 및 프로젝트/팀 리딩,4,Skill(기술/도구),신기술 PoC 검증
20,전기·전자,200104,반도체공정엔지니어(Photo/Etch),200104_L4,반도체공정엔지니어(Photo/Etch) 고급 전문화 및 프로젝트/팀 리딩,4,Attitude(태도),혁신 지향 리더십
20,전기·전자,200104,반도체공정엔지니어(Photo/Etch),200104_L4,반도체공정엔지니어(Photo/Etch) 고급 전문화 및 프로젝트/팀 리딩,4,Attitude(태도),동료 성장 멘토링 마인드
20,전기·전자,200104,반도체공정엔지니어(Photo/Etch),200104_L5,반도체공정엔지니어(Photo/Etch) 전략 기획 및 전사 거버넌스 총괄,5,Knowledge(지식),경영 전략 및 자본 예산 배분
20,전기·전자,200104,반도체공정엔지니어(Photo/Etch),200104_L5,반도체공정엔지니어(Photo/Etch) 전략 기획 및 전사 거버넌스 총괄,5,Knowledge(지식),국내외 규제 컴플라이언스
20,전기·전자,200104,반도체공정엔지니어(Photo/Etch),200104_L5,반도체공정엔지니어(Photo/Etch) 전략 기획 및 전사 거버넌스 총괄,5,Knowledge(지식),엔터프라이즈 거버넌스
20,전기·전자,200104,반도체공정엔지니어(Photo/Etch),200104_L5,반도체공정엔지니어(Photo/Etch) 전략 기획 및 전사 거버넌스 총괄,5,Skill(기술/도구),전사 로드맵 수립
20,전기·전자,200104,반도체공정엔지니어(Photo/Etch),200104_L5,반도체공정엔지니어(Photo/Etch) 전략 기획 및 전사 거버넌스 총괄,5,Skill(기술/도구),투자 대비 성과(ROI) 모델링
20,전기·전자,200104,반도체공정엔지니어(Photo/Etch),200104_L5,반도체공정엔지니어(Photo/Etch) 전략 기획 및 전사 거버넌스 총괄,5,Skill(기술/도구),최고 의사결정 전략 제언
20,전기·전자,200104,반도체공정엔지니어(Photo/Etch),200104_L5,반도체공정엔지니어(Photo/Etch) 전략 기획 및 전사 거버넌스 총괄,5,Attitude(태도),거시적 통찰력
20,전기·전자,200104,반도체공정엔지니어(Photo/Etch),200104_L5,반도체공정엔지니어(Photo/Etch) 전략 기획 및 전사 거버넌스 총괄,5,Attitude(태도),전략적 윤리 리더십
20,전기·전자,200105,디스플레이패널공정,200105_L1,디스플레이패널공정 기초 입문 및 업무 환경 지원,1,Knowledge(지식),디스플레이패널공정 개론
20,전기·전자,200105,디스플레이패널공정,200105_L1,디스플레이패널공정 기초 입문 및 업무 환경 지원,1,Knowledge(지식),표준 작업 지침서
20,전기·전자,200105,디스플레이패널공정,200105_L1,디스플레이패널공정 기초 입문 및 업무 환경 지원,1,Knowledge(지식),기초 법령/규정
20,전기·전자,200105,디스플레이패널공정,200105_L1,디스플레이패널공정 기초 입문 및 업무 환경 지원,1,Skill(기술/도구),기초 전산 툴 조작
20,전기·전자,200105,디스플레이패널공정,200105_L1,디스플레이패널공정 기초 입문 및 업무 환경 지원,1,Skill(기술/도구),문서 서식 작성
20,전기·전자,200105,디스플레이패널공정,200105_L1,디스플레이패널공정 기초 입문 및 업무 환경 지원,1,Skill(기술/도구),자료 검색 및 분류
20,전기·전자,200105,디스플레이패널공정,200105_L1,디스플레이패널공정 기초 입문 및 업무 환경 지원,1,Attitude(태도),규정 준수 의식
20,전기·전자,200105,디스플레이패널공정,200105_L1,디스플레이패널공정 기초 입문 및 업무 환경 지원,1,Attitude(태도),성실한 업무 지원 태도
20,전기·전자,200105,디스플레이패널공정,200105_L2,디스플레이패널공정 초급 실무 및 정형 과업 수행,2,Knowledge(지식),디스플레이패널공정 실무 프로세스
20,전기·전자,200105,디스플레이패널공정,200105_L2,디스플레이패널공정 초급 실무 및 정형 과업 수행,2,Knowledge(지식),단위 업무 품질 기준
20,전기·전자,200105,디스플레이패널공정,200105_L2,디스플레이패널공정 초급 실무 및 정형 과업 수행,2,Knowledge(지식),데이터 검증 기법
20,전기·전자,200105,디스플레이패널공정,200105_L2,디스플레이패널공정 초급 실무 및 정형 과업 수행,2,Skill(기술/도구),실무 도구/SW 조작
20,전기·전자,200105,디스플레이패널공정,200105_L2,디스플레이패널공정 초급 실무 및 정형 과업 수행,2,Skill(기술/도구),데이터 정제 및 가공
20,전기·전자,200105,디스플레이패널공정,200105_L2,디스플레이패널공정 초급 실무 및 정형 과업 수행,2,Skill(기술/도구),단위 결과물 산출
20,전기·전자,200105,디스플레이패널공정,200105_L2,디스플레이패널공정 초급 실무 및 정형 과업 수행,2,Attitude(태도),정확성과 꼼꼼함
20,전기·전자,200105,디스플레이패널공정,200105_L2,디스플레이패널공정 초급 실무 및 정형 과업 수행,2,Attitude(태도),기한 준수 책임감
20,전기·전자,200105,디스플레이패널공정,200105_L3,디스플레이패널공정 중급 독립 실무 및 문제해결 엔지니어링,3,Knowledge(지식),심화 모델링/설계 이론
20,전기·전자,200105,디스플레이패널공정,200105_L3,디스플레이패널공정 중급 독립 실무 및 문제해결 엔지니어링,3,Knowledge(지식),성능 지표(KPI) 분석법
20,전기·전자,200105,디스플레이패널공정,200105_L3,디스플레이패널공정 중급 독립 실무 및 문제해결 엔지니어링,3,Knowledge(지식),이슈 해결 방법론
20,전기·전자,200105,디스플레이패널공정,200105_L3,디스플레이패널공정 중급 독립 실무 및 문제해결 엔지니어링,3,Skill(기술/도구),고급 도구/코드/기기 활용
20,전기·전자,200105,디스플레이패널공정,200105_L3,디스플레이패널공정 중급 독립 실무 및 문제해결 엔지니어링,3,Skill(기술/도구),원인 분석 및 조치
20,전기·전자,200105,디스플레이패널공정,200105_L3,디스플레이패널공정 중급 독립 실무 및 문제해결 엔지니어링,3,Skill(기술/도구),성과 분석 리포팅
20,전기·전자,200105,디스플레이패널공정,200105_L3,디스플레이패널공정 중급 독립 실무 및 문제해결 엔지니어링,3,Attitude(태도),분석적 사고력
20,전기·전자,200105,디스플레이패널공정,200105_L3,디스플레이패널공정 중급 독립 실무 및 문제해결 엔지니어링,3,Attitude(태도),타 부서와의 원활한 협업 소통
20,전기·전자,200105,디스플레이패널공정,200105_L4,디스플레이패널공정 고급 전문화 및 프로젝트/팀 리딩,4,Knowledge(지식),신기술 융합 아키텍처
20,전기·전자,200105,디스플레이패널공정,200105_L4,디스플레이패널공정 고급 전문화 및 프로젝트/팀 리딩,4,Knowledge(지식),프로젝트 관리론(PMBOK/Agile)
20,전기·전자,200105,디스플레이패널공정,200105_L4,디스플레이패널공정 고급 전문화 및 프로젝트/팀 리딩,4,Knowledge(지식),품질보증(QA) 거버넌스
20,전기·전자,200105,디스플레이패널공정,200105_L4,디스플레이패널공정 고급 전문화 및 프로젝트/팀 리딩,4,Skill(기술/도구),전체 시스템 아키텍처 설계
20,전기·전자,200105,디스플레이패널공정,200105_L4,디스플레이패널공정 고급 전문화 및 프로젝트/팀 리딩,4,Skill(기술/도구),애자일 스프린트 리딩
20,전기·전자,200105,디스플레이패널공정,200105_L4,디스플레이패널공정 고급 전문화 및 프로젝트/팀 리딩,4,Skill(기술/도구),신기술 PoC 검증
20,전기·전자,200105,디스플레이패널공정,200105_L4,디스플레이패널공정 고급 전문화 및 프로젝트/팀 리딩,4,Attitude(태도),혁신 지향 리더십
20,전기·전자,200105,디스플레이패널공정,200105_L4,디스플레이패널공정 고급 전문화 및 프로젝트/팀 리딩,4,Attitude(태도),동료 성장 멘토링 마인드
20,전기·전자,200105,디스플레이패널공정,200105_L5,디스플레이패널공정 전략 기획 및 전사 거버넌스 총괄,5,Knowledge(지식),경영 전략 및 자본 예산 배분
20,전기·전자,200105,디스플레이패널공정,200105_L5,디스플레이패널공정 전략 기획 및 전사 거버넌스 총괄,5,Knowledge(지식),국내외 규제 컴플라이언스
20,전기·전자,200105,디스플레이패널공정,200105_L5,디스플레이패널공정 전략 기획 및 전사 거버넌스 총괄,5,Knowledge(지식),엔터프라이즈 거버넌스
20,전기·전자,200105,디스플레이패널공정,200105_L5,디스플레이패널공정 전략 기획 및 전사 거버넌스 총괄,5,Skill(기술/도구),전사 로드맵 수립
20,전기·전자,200105,디스플레이패널공정,200105_L5,디스플레이패널공정 전략 기획 및 전사 거버넌스 총괄,5,Skill(기술/도구),투자 대비 성과(ROI) 모델링
20,전기·전자,200105,디스플레이패널공정,200105_L5,디스플레이패널공정 전략 기획 및 전사 거버넌스 총괄,5,Skill(기술/도구),최고 의사결정 전략 제언
20,전기·전자,200105,디스플레이패널공정,200105_L5,디스플레이패널공정 전략 기획 및 전사 거버넌스 총괄,5,Attitude(태도),거시적 통찰력
20,전기·전자,200105,디스플레이패널공정,200105_L5,디스플레이패널공정 전략 기획 및 전사 거버넌스 총괄,5,Attitude(태도),전략적 윤리 리더십
20,전기·전자,200106,IoT무선통신모듈,200106_L1,IoT무선통신모듈 기초 입문 및 업무 환경 지원,1,Knowledge(지식),IoT무선통신모듈 개론
20,전기·전자,200106,IoT무선통신모듈,200106_L1,IoT무선통신모듈 기초 입문 및 업무 환경 지원,1,Knowledge(지식),표준 작업 지침서
20,전기·전자,200106,IoT무선통신모듈,200106_L1,IoT무선통신모듈 기초 입문 및 업무 환경 지원,1,Knowledge(지식),기초 법령/규정
20,전기·전자,200106,IoT무선통신모듈,200106_L1,IoT무선통신모듈 기초 입문 및 업무 환경 지원,1,Skill(기술/도구),기초 전산 툴 조작
20,전기·전자,200106,IoT무선통신모듈,200106_L1,IoT무선통신모듈 기초 입문 및 업무 환경 지원,1,Skill(기술/도구),문서 서식 작성
20,전기·전자,200106,IoT무선통신모듈,200106_L1,IoT무선통신모듈 기초 입문 및 업무 환경 지원,1,Skill(기술/도구),자료 검색 및 분류
20,전기·전자,200106,IoT무선통신모듈,200106_L1,IoT무선통신모듈 기초 입문 및 업무 환경 지원,1,Attitude(태도),규정 준수 의식
20,전기·전자,200106,IoT무선통신모듈,200106_L1,IoT무선통신모듈 기초 입문 및 업무 환경 지원,1,Attitude(태도),성실한 업무 지원 태도
20,전기·전자,200106,IoT무선통신모듈,200106_L2,IoT무선통신모듈 초급 실무 및 정형 과업 수행,2,Knowledge(지식),IoT무선통신모듈 실무 프로세스
20,전기·전자,200106,IoT무선통신모듈,200106_L2,IoT무선통신모듈 초급 실무 및 정형 과업 수행,2,Knowledge(지식),단위 업무 품질 기준
20,전기·전자,200106,IoT무선통신모듈,200106_L2,IoT무선통신모듈 초급 실무 및 정형 과업 수행,2,Knowledge(지식),데이터 검증 기법
20,전기·전자,200106,IoT무선통신모듈,200106_L2,IoT무선통신모듈 초급 실무 및 정형 과업 수행,2,Skill(기술/도구),실무 도구/SW 조작
20,전기·전자,200106,IoT무선통신모듈,200106_L2,IoT무선통신모듈 초급 실무 및 정형 과업 수행,2,Skill(기술/도구),데이터 정제 및 가공
20,전기·전자,200106,IoT무선통신모듈,200106_L2,IoT무선통신모듈 초급 실무 및 정형 과업 수행,2,Skill(기술/도구),단위 결과물 산출
20,전기·전자,200106,IoT무선통신모듈,200106_L2,IoT무선통신모듈 초급 실무 및 정형 과업 수행,2,Attitude(태도),정확성과 꼼꼼함
20,전기·전자,200106,IoT무선통신모듈,200106_L2,IoT무선통신모듈 초급 실무 및 정형 과업 수행,2,Attitude(태도),기한 준수 책임감
20,전기·전자,200106,IoT무선통신모듈,200106_L3,IoT무선통신모듈 중급 독립 실무 및 문제해결 엔지니어링,3,Knowledge(지식),심화 모델링/설계 이론
20,전기·전자,200106,IoT무선통신모듈,200106_L3,IoT무선통신모듈 중급 독립 실무 및 문제해결 엔지니어링,3,Knowledge(지식),성능 지표(KPI) 분석법
20,전기·전자,200106,IoT무선통신모듈,200106_L3,IoT무선통신모듈 중급 독립 실무 및 문제해결 엔지니어링,3,Knowledge(지식),이슈 해결 방법론
20,전기·전자,200106,IoT무선통신모듈,200106_L3,IoT무선통신모듈 중급 독립 실무 및 문제해결 엔지니어링,3,Skill(기술/도구),고급 도구/코드/기기 활용
20,전기·전자,200106,IoT무선통신모듈,200106_L3,IoT무선통신모듈 중급 독립 실무 및 문제해결 엔지니어링,3,Skill(기술/도구),원인 분석 및 조치
20,전기·전자,200106,IoT무선통신모듈,200106_L3,IoT무선통신모듈 중급 독립 실무 및 문제해결 엔지니어링,3,Skill(기술/도구),성과 분석 리포팅
20,전기·전자,200106,IoT무선통신모듈,200106_L3,IoT무선통신모듈 중급 독립 실무 및 문제해결 엔지니어링,3,Attitude(태도),분석적 사고력
20,전기·전자,200106,IoT무선통신모듈,200106_L3,IoT무선통신모듈 중급 독립 실무 및 문제해결 엔지니어링,3,Attitude(태도),타 부서와의 원활한 협업 소통
20,전기·전자,200106,IoT무선통신모듈,200106_L4,IoT무선통신모듈 고급 전문화 및 프로젝트/팀 리딩,4,Knowledge(지식),신기술 융합 아키텍처
20,전기·전자,200106,IoT무선통신모듈,200106_L4,IoT무선통신모듈 고급 전문화 및 프로젝트/팀 리딩,4,Knowledge(지식),프로젝트 관리론(PMBOK/Agile)
20,전기·전자,200106,IoT무선통신모듈,200106_L4,IoT무선통신모듈 고급 전문화 및 프로젝트/팀 리딩,4,Knowledge(지식),품질보증(QA) 거버넌스
20,전기·전자,200106,IoT무선통신모듈,200106_L4,IoT무선통신모듈 고급 전문화 및 프로젝트/팀 리딩,4,Skill(기술/도구),전체 시스템 아키텍처 설계
20,전기·전자,200106,IoT무선통신모듈,200106_L4,IoT무선통신모듈 고급 전문화 및 프로젝트/팀 리딩,4,Skill(기술/도구),애자일 스프린트 리딩
20,전기·전자,200106,IoT무선통신모듈,200106_L4,IoT무선통신모듈 고급 전문화 및 프로젝트/팀 리딩,4,Skill(기술/도구),신기술 PoC 검증
20,전기·전자,200106,IoT무선통신모듈,200106_L4,IoT무선통신모듈 고급 전문화 및 프로젝트/팀 리딩,4,Attitude(태도),혁신 지향 리더십
20,전기·전자,200106,IoT무선통신모듈,200106_L4,IoT무선통신모듈 고급 전문화 및 프로젝트/팀 리딩,4,Attitude(태도),동료 성장 멘토링 마인드
20,전기·전자,200106,IoT무선통신모듈,200106_L5,IoT무선통신모듈 전략 기획 및 전사 거버넌스 총괄,5,Knowledge(지식),경영 전략 및 자본 예산 배분
20,전기·전자,200106,IoT무선통신모듈,200106_L5,IoT무선통신모듈 전략 기획 및 전사 거버넌스 총괄,5,Knowledge(지식),국내외 규제 컴플라이언스
20,전기·전자,200106,IoT무선통신모듈,200106_L5,IoT무선통신모듈 전략 기획 및 전사 거버넌스 총괄,5,Knowledge(지식),엔터프라이즈 거버넌스
20,전기·전자,200106,IoT무선통신모듈,200106_L5,IoT무선통신모듈 전략 기획 및 전사 거버넌스 총괄,5,Skill(기술/도구),전사 로드맵 수립
20,전기·전자,200106,IoT무선통신모듈,200106_L5,IoT무선통신모듈 전략 기획 및 전사 거버넌스 총괄,5,Skill(기술/도구),투자 대비 성과(ROI) 모델링
20,전기·전자,200106,IoT무선통신모듈,200106_L5,IoT무선통신모듈 전략 기획 및 전사 거버넌스 총괄,5,Skill(기술/도구),최고 의사결정 전략 제언
20,전기·전자,200106,IoT무선통신모듈,200106_L5,IoT무선통신모듈 전략 기획 및 전사 거버넌스 총괄,5,Attitude(태도),거시적 통찰력
20,전기·전자,200106,IoT무선통신모듈,200106_L5,IoT무선통신모듈 전략 기획 및 전사 거버넌스 총괄,5,Attitude(태도),전략적 윤리 리더십
20,전기·전자,200207,송배전전력설비설계,200207_L1,송배전전력설비설계 기초 입문 및 업무 환경 지원,1,Knowledge(지식),송배전전력설비설계 개론
20,전기·전자,200207,송배전전력설비설계,200207_L1,송배전전력설비설계 기초 입문 및 업무 환경 지원,1,Knowledge(지식),표준 작업 지침서
20,전기·전자,200207,송배전전력설비설계,200207_L1,송배전전력설비설계 기초 입문 및 업무 환경 지원,1,Knowledge(지식),기초 법령/규정
20,전기·전자,200207,송배전전력설비설계,200207_L1,송배전전력설비설계 기초 입문 및 업무 환경 지원,1,Skill(기술/도구),기초 전산 툴 조작
20,전기·전자,200207,송배전전력설비설계,200207_L1,송배전전력설비설계 기초 입문 및 업무 환경 지원,1,Skill(기술/도구),문서 서식 작성
20,전기·전자,200207,송배전전력설비설계,200207_L1,송배전전력설비설계 기초 입문 및 업무 환경 지원,1,Skill(기술/도구),자료 검색 및 분류
20,전기·전자,200207,송배전전력설비설계,200207_L1,송배전전력설비설계 기초 입문 및 업무 환경 지원,1,Attitude(태도),규정 준수 의식
20,전기·전자,200207,송배전전력설비설계,200207_L1,송배전전력설비설계 기초 입문 및 업무 환경 지원,1,Attitude(태도),성실한 업무 지원 태도
20,전기·전자,200207,송배전전력설비설계,200207_L2,송배전전력설비설계 초급 실무 및 정형 과업 수행,2,Knowledge(지식),송배전전력설비설계 실무 프로세스
20,전기·전자,200207,송배전전력설비설계,200207_L2,송배전전력설비설계 초급 실무 및 정형 과업 수행,2,Knowledge(지식),단위 업무 품질 기준
20,전기·전자,200207,송배전전력설비설계,200207_L2,송배전전력설비설계 초급 실무 및 정형 과업 수행,2,Knowledge(지식),데이터 검증 기법
20,전기·전자,200207,송배전전력설비설계,200207_L2,송배전전력설비설계 초급 실무 및 정형 과업 수행,2,Skill(기술/도구),실무 도구/SW 조작
20,전기·전자,200207,송배전전력설비설계,200207_L2,송배전전력설비설계 초급 실무 및 정형 과업 수행,2,Skill(기술/도구),데이터 정제 및 가공
20,전기·전자,200207,송배전전력설비설계,200207_L2,송배전전력설비설계 초급 실무 및 정형 과업 수행,2,Skill(기술/도구),단위 결과물 산출
20,전기·전자,200207,송배전전력설비설계,200207_L2,송배전전력설비설계 초급 실무 및 정형 과업 수행,2,Attitude(태도),정확성과 꼼꼼함
20,전기·전자,200207,송배전전력설비설계,200207_L2,송배전전력설비설계 초급 실무 및 정형 과업 수행,2,Attitude(태도),기한 준수 책임감
20,전기·전자,200207,송배전전력설비설계,200207_L3,송배전전력설비설계 중급 독립 실무 및 문제해결 엔지니어링,3,Knowledge(지식),심화 모델링/설계 이론
20,전기·전자,200207,송배전전력설비설계,200207_L3,송배전전력설비설계 중급 독립 실무 및 문제해결 엔지니어링,3,Knowledge(지식),성능 지표(KPI) 분석법
20,전기·전자,200207,송배전전력설비설계,200207_L3,송배전전력설비설계 중급 독립 실무 및 문제해결 엔지니어링,3,Knowledge(지식),이슈 해결 방법론
20,전기·전자,200207,송배전전력설비설계,200207_L3,송배전전력설비설계 중급 독립 실무 및 문제해결 엔지니어링,3,Skill(기술/도구),고급 도구/코드/기기 활용
20,전기·전자,200207,송배전전력설비설계,200207_L3,송배전전력설비설계 중급 독립 실무 및 문제해결 엔지니어링,3,Skill(기술/도구),원인 분석 및 조치
20,전기·전자,200207,송배전전력설비설계,200207_L3,송배전전력설비설계 중급 독립 실무 및 문제해결 엔지니어링,3,Skill(기술/도구),성과 분석 리포팅
20,전기·전자,200207,송배전전력설비설계,200207_L3,송배전전력설비설계 중급 독립 실무 및 문제해결 엔지니어링,3,Attitude(태도),분석적 사고력
20,전기·전자,200207,송배전전력설비설계,200207_L3,송배전전력설비설계 중급 독립 실무 및 문제해결 엔지니어링,3,Attitude(태도),타 부서와의 원활한 협업 소통
20,전기·전자,200207,송배전전력설비설계,200207_L4,송배전전력설비설계 고급 전문화 및 프로젝트/팀 리딩,4,Knowledge(지식),신기술 융합 아키텍처
20,전기·전자,200207,송배전전력설비설계,200207_L4,송배전전력설비설계 고급 전문화 및 프로젝트/팀 리딩,4,Knowledge(지식),프로젝트 관리론(PMBOK/Agile)
20,전기·전자,200207,송배전전력설비설계,200207_L4,송배전전력설비설계 고급 전문화 및 프로젝트/팀 리딩,4,Knowledge(지식),품질보증(QA) 거버넌스
20,전기·전자,200207,송배전전력설비설계,200207_L4,송배전전력설비설계 고급 전문화 및 프로젝트/팀 리딩,4,Skill(기술/도구),전체 시스템 아키텍처 설계
20,전기·전자,200207,송배전전력설비설계,200207_L4,송배전전력설비설계 고급 전문화 및 프로젝트/팀 리딩,4,Skill(기술/도구),애자일 스프린트 리딩
20,전기·전자,200207,송배전전력설비설계,200207_L4,송배전전력설비설계 고급 전문화 및 프로젝트/팀 리딩,4,Skill(기술/도구),신기술 PoC 검증
20,전기·전자,200207,송배전전력설비설계,200207_L4,송배전전력설비설계 고급 전문화 및 프로젝트/팀 리딩,4,Attitude(태도),혁신 지향 리더십
20,전기·전자,200207,송배전전력설비설계,200207_L4,송배전전력설비설계 고급 전문화 및 프로젝트/팀 리딩,4,Attitude(태도),동료 성장 멘토링 마인드
20,전기·전자,200207,송배전전력설비설계,200207_L5,송배전전력설비설계 전략 기획 및 전사 거버넌스 총괄,5,Knowledge(지식),경영 전략 및 자본 예산 배분
20,전기·전자,200207,송배전전력설비설계,200207_L5,송배전전력설비설계 전략 기획 및 전사 거버넌스 총괄,5,Knowledge(지식),국내외 규제 컴플라이언스
20,전기·전자,200207,송배전전력설비설계,200207_L5,송배전전력설비설계 전략 기획 및 전사 거버넌스 총괄,5,Knowledge(지식),엔터프라이즈 거버넌스
20,전기·전자,200207,송배전전력설비설계,200207_L5,송배전전력설비설계 전략 기획 및 전사 거버넌스 총괄,5,Skill(기술/도구),전사 로드맵 수립
20,전기·전자,200207,송배전전력설비설계,200207_L5,송배전전력설비설계 전략 기획 및 전사 거버넌스 총괄,5,Skill(기술/도구),투자 대비 성과(ROI) 모델링
20,전기·전자,200207,송배전전력설비설계,200207_L5,송배전전력설비설계 전략 기획 및 전사 거버넌스 총괄,5,Skill(기술/도구),최고 의사결정 전략 제언
20,전기·전자,200207,송배전전력설비설계,200207_L5,송배전전력설비설계 전략 기획 및 전사 거버넌스 총괄,5,Attitude(태도),거시적 통찰력
20,전기·전자,200207,송배전전력설비설계,200207_L5,송배전전력설비설계 전략 기획 및 전사 거버넌스 총괄,5,Attitude(태도),전략적 윤리 리더십
20,전기·전자,200208,전력변환인버터제어,200208_L1,전력변환인버터제어 기초 입문 및 업무 환경 지원,1,Knowledge(지식),전력변환인버터제어 개론
20,전기·전자,200208,전력변환인버터제어,200208_L1,전력변환인버터제어 기초 입문 및 업무 환경 지원,1,Knowledge(지식),표준 작업 지침서
20,전기·전자,200208,전력변환인버터제어,200208_L1,전력변환인버터제어 기초 입문 및 업무 환경 지원,1,Knowledge(지식),기초 법령/규정
20,전기·전자,200208,전력변환인버터제어,200208_L1,전력변환인버터제어 기초 입문 및 업무 환경 지원,1,Skill(기술/도구),기초 전산 툴 조작
20,전기·전자,200208,전력변환인버터제어,200208_L1,전력변환인버터제어 기초 입문 및 업무 환경 지원,1,Skill(기술/도구),문서 서식 작성
20,전기·전자,200208,전력변환인버터제어,200208_L1,전력변환인버터제어 기초 입문 및 업무 환경 지원,1,Skill(기술/도구),자료 검색 및 분류
20,전기·전자,200208,전력변환인버터제어,200208_L1,전력변환인버터제어 기초 입문 및 업무 환경 지원,1,Attitude(태도),규정 준수 의식
20,전기·전자,200208,전력변환인버터제어,200208_L1,전력변환인버터제어 기초 입문 및 업무 환경 지원,1,Attitude(태도),성실한 업무 지원 태도
20,전기·전자,200208,전력변환인버터제어,200208_L2,전력변환인버터제어 초급 실무 및 정형 과업 수행,2,Knowledge(지식),전력변환인버터제어 실무 프로세스
20,전기·전자,200208,전력변환인버터제어,200208_L2,전력변환인버터제어 초급 실무 및 정형 과업 수행,2,Knowledge(지식),단위 업무 품질 기준
20,전기·전자,200208,전력변환인버터제어,200208_L2,전력변환인버터제어 초급 실무 및 정형 과업 수행,2,Knowledge(지식),데이터 검증 기법
20,전기·전자,200208,전력변환인버터제어,200208_L2,전력변환인버터제어 초급 실무 및 정형 과업 수행,2,Skill(기술/도구),실무 도구/SW 조작
20,전기·전자,200208,전력변환인버터제어,200208_L2,전력변환인버터제어 초급 실무 및 정형 과업 수행,2,Skill(기술/도구),데이터 정제 및 가공
20,전기·전자,200208,전력변환인버터제어,200208_L2,전력변환인버터제어 초급 실무 및 정형 과업 수행,2,Skill(기술/도구),단위 결과물 산출
20,전기·전자,200208,전력변환인버터제어,200208_L2,전력변환인버터제어 초급 실무 및 정형 과업 수행,2,Attitude(태도),정확성과 꼼꼼함
20,전기·전자,200208,전력변환인버터제어,200208_L2,전력변환인버터제어 초급 실무 및 정형 과업 수행,2,Attitude(태도),기한 준수 책임감
20,전기·전자,200208,전력변환인버터제어,200208_L3,전력변환인버터제어 중급 독립 실무 및 문제해결 엔지니어링,3,Knowledge(지식),심화 모델링/설계 이론
20,전기·전자,200208,전력변환인버터제어,200208_L3,전력변환인버터제어 중급 독립 실무 및 문제해결 엔지니어링,3,Knowledge(지식),성능 지표(KPI) 분석법
20,전기·전자,200208,전력변환인버터제어,200208_L3,전력변환인버터제어 중급 독립 실무 및 문제해결 엔지니어링,3,Knowledge(지식),이슈 해결 방법론
20,전기·전자,200208,전력변환인버터제어,200208_L3,전력변환인버터제어 중급 독립 실무 및 문제해결 엔지니어링,3,Skill(기술/도구),고급 도구/코드/기기 활용
20,전기·전자,200208,전력변환인버터제어,200208_L3,전력변환인버터제어 중급 독립 실무 및 문제해결 엔지니어링,3,Skill(기술/도구),원인 분석 및 조치
20,전기·전자,200208,전력변환인버터제어,200208_L3,전력변환인버터제어 중급 독립 실무 및 문제해결 엔지니어링,3,Skill(기술/도구),성과 분석 리포팅
20,전기·전자,200208,전력변환인버터제어,200208_L3,전력변환인버터제어 중급 독립 실무 및 문제해결 엔지니어링,3,Attitude(태도),분석적 사고력
20,전기·전자,200208,전력변환인버터제어,200208_L3,전력변환인버터제어 중급 독립 실무 및 문제해결 엔지니어링,3,Attitude(태도),타 부서와의 원활한 협업 소통
20,전기·전자,200208,전력변환인버터제어,200208_L4,전력변환인버터제어 고급 전문화 및 프로젝트/팀 리딩,4,Knowledge(지식),신기술 융합 아키텍처
20,전기·전자,200208,전력변환인버터제어,200208_L4,전력변환인버터제어 고급 전문화 및 프로젝트/팀 리딩,4,Knowledge(지식),프로젝트 관리론(PMBOK/Agile)
20,전기·전자,200208,전력변환인버터제어,200208_L4,전력변환인버터제어 고급 전문화 및 프로젝트/팀 리딩,4,Knowledge(지식),품질보증(QA) 거버넌스
20,전기·전자,200208,전력변환인버터제어,200208_L4,전력변환인버터제어 고급 전문화 및 프로젝트/팀 리딩,4,Skill(기술/도구),전체 시스템 아키텍처 설계
20,전기·전자,200208,전력변환인버터제어,200208_L4,전력변환인버터제어 고급 전문화 및 프로젝트/팀 리딩,4,Skill(기술/도구),애자일 스프린트 리딩
20,전기·전자,200208,전력변환인버터제어,200208_L4,전력변환인버터제어 고급 전문화 및 프로젝트/팀 리딩,4,Skill(기술/도구),신기술 PoC 검증
20,전기·전자,200208,전력변환인버터제어,200208_L4,전력변환인버터제어 고급 전문화 및 프로젝트/팀 리딩,4,Attitude(태도),혁신 지향 리더십
20,전기·전자,200208,전력변환인버터제어,200208_L4,전력변환인버터제어 고급 전문화 및 프로젝트/팀 리딩,4,Attitude(태도),동료 성장 멘토링 마인드
20,전기·전자,200208,전력변환인버터제어,200208_L5,전력변환인버터제어 전략 기획 및 전사 거버넌스 총괄,5,Knowledge(지식),경영 전략 및 자본 예산 배분
20,전기·전자,200208,전력변환인버터제어,200208_L5,전력변환인버터제어 전략 기획 및 전사 거버넌스 총괄,5,Knowledge(지식),국내외 규제 컴플라이언스
20,전기·전자,200208,전력변환인버터제어,200208_L5,전력변환인버터제어 전략 기획 및 전사 거버넌스 총괄,5,Knowledge(지식),엔터프라이즈 거버넌스
20,전기·전자,200208,전력변환인버터제어,200208_L5,전력변환인버터제어 전략 기획 및 전사 거버넌스 총괄,5,Skill(기술/도구),전사 로드맵 수립
20,전기·전자,200208,전력변환인버터제어,200208_L5,전력변환인버터제어 전략 기획 및 전사 거버넌스 총괄,5,Skill(기술/도구),투자 대비 성과(ROI) 모델링
20,전기·전자,200208,전력변환인버터제어,200208_L5,전력변환인버터제어 전략 기획 및 전사 거버넌스 총괄,5,Skill(기술/도구),최고 의사결정 전략 제언
20,전기·전자,200208,전력변환인버터제어,200208_L5,전력변환인버터제어 전략 기획 및 전사 거버넌스 총괄,5,Attitude(태도),거시적 통찰력
20,전기·전자,200208,전력변환인버터제어,200208_L5,전력변환인버터제어 전략 기획 및 전사 거버넌스 총괄,5,Attitude(태도),전략적 윤리 리더십
20,전기·전자,200209,전기공사시공관리,200209_L1,전기공사시공관리 기초 입문 및 업무 환경 지원,1,Knowledge(지식),전기공사시공관리 개론
20,전기·전자,200209,전기공사시공관리,200209_L1,전기공사시공관리 기초 입문 및 업무 환경 지원,1,Knowledge(지식),표준 작업 지침서
20,전기·전자,200209,전기공사시공관리,200209_L1,전기공사시공관리 기초 입문 및 업무 환경 지원,1,Knowledge(지식),기초 법령/규정
20,전기·전자,200209,전기공사시공관리,200209_L1,전기공사시공관리 기초 입문 및 업무 환경 지원,1,Skill(기술/도구),기초 전산 툴 조작
20,전기·전자,200209,전기공사시공관리,200209_L1,전기공사시공관리 기초 입문 및 업무 환경 지원,1,Skill(기술/도구),문서 서식 작성
20,전기·전자,200209,전기공사시공관리,200209_L1,전기공사시공관리 기초 입문 및 업무 환경 지원,1,Skill(기술/도구),자료 검색 및 분류
20,전기·전자,200209,전기공사시공관리,200209_L1,전기공사시공관리 기초 입문 및 업무 환경 지원,1,Attitude(태도),규정 준수 의식
20,전기·전자,200209,전기공사시공관리,200209_L1,전기공사시공관리 기초 입문 및 업무 환경 지원,1,Attitude(태도),성실한 업무 지원 태도
20,전기·전자,200209,전기공사시공관리,200209_L2,전기공사시공관리 초급 실무 및 정형 과업 수행,2,Knowledge(지식),전기공사시공관리 실무 프로세스
20,전기·전자,200209,전기공사시공관리,200209_L2,전기공사시공관리 초급 실무 및 정형 과업 수행,2,Knowledge(지식),단위 업무 품질 기준
20,전기·전자,200209,전기공사시공관리,200209_L2,전기공사시공관리 초급 실무 및 정형 과업 수행,2,Knowledge(지식),데이터 검증 기법
20,전기·전자,200209,전기공사시공관리,200209_L2,전기공사시공관리 초급 실무 및 정형 과업 수행,2,Skill(기술/도구),실무 도구/SW 조작
20,전기·전자,200209,전기공사시공관리,200209_L2,전기공사시공관리 초급 실무 및 정형 과업 수행,2,Skill(기술/도구),데이터 정제 및 가공
20,전기·전자,200209,전기공사시공관리,200209_L2,전기공사시공관리 초급 실무 및 정형 과업 수행,2,Skill(기술/도구),단위 결과물 산출
20,전기·전자,200209,전기공사시공관리,200209_L2,전기공사시공관리 초급 실무 및 정형 과업 수행,2,Attitude(태도),정확성과 꼼꼼함
20,전기·전자,200209,전기공사시공관리,200209_L2,전기공사시공관리 초급 실무 및 정형 과업 수행,2,Attitude(태도),기한 준수 책임감
20,전기·전자,200209,전기공사시공관리,200209_L3,전기공사시공관리 중급 독립 실무 및 문제해결 엔지니어링,3,Knowledge(지식),심화 모델링/설계 이론
20,전기·전자,200209,전기공사시공관리,200209_L3,전기공사시공관리 중급 독립 실무 및 문제해결 엔지니어링,3,Knowledge(지식),성능 지표(KPI) 분석법
20,전기·전자,200209,전기공사시공관리,200209_L3,전기공사시공관리 중급 독립 실무 및 문제해결 엔지니어링,3,Knowledge(지식),이슈 해결 방법론
20,전기·전자,200209,전기공사시공관리,200209_L3,전기공사시공관리 중급 독립 실무 및 문제해결 엔지니어링,3,Skill(기술/도구),고급 도구/코드/기기 활용
20,전기·전자,200209,전기공사시공관리,200209_L3,전기공사시공관리 중급 독립 실무 및 문제해결 엔지니어링,3,Skill(기술/도구),원인 분석 및 조치
20,전기·전자,200209,전기공사시공관리,200209_L3,전기공사시공관리 중급 독립 실무 및 문제해결 엔지니어링,3,Skill(기술/도구),성과 분석 리포팅
20,전기·전자,200209,전기공사시공관리,200209_L3,전기공사시공관리 중급 독립 실무 및 문제해결 엔지니어링,3,Attitude(태도),분석적 사고력
20,전기·전자,200209,전기공사시공관리,200209_L3,전기공사시공관리 중급 독립 실무 및 문제해결 엔지니어링,3,Attitude(태도),타 부서와의 원활한 협업 소통
20,전기·전자,200209,전기공사시공관리,200209_L4,전기공사시공관리 고급 전문화 및 프로젝트/팀 리딩,4,Knowledge(지식),신기술 융합 아키텍처
20,전기·전자,200209,전기공사시공관리,200209_L4,전기공사시공관리 고급 전문화 및 프로젝트/팀 리딩,4,Knowledge(지식),프로젝트 관리론(PMBOK/Agile)
20,전기·전자,200209,전기공사시공관리,200209_L4,전기공사시공관리 고급 전문화 및 프로젝트/팀 리딩,4,Knowledge(지식),품질보증(QA) 거버넌스
20,전기·전자,200209,전기공사시공관리,200209_L4,전기공사시공관리 고급 전문화 및 프로젝트/팀 리딩,4,Skill(기술/도구),전체 시스템 아키텍처 설계
20,전기·전자,200209,전기공사시공관리,200209_L4,전기공사시공관리 고급 전문화 및 프로젝트/팀 리딩,4,Skill(기술/도구),애자일 스프린트 리딩
20,전기·전자,200209,전기공사시공관리,200209_L4,전기공사시공관리 고급 전문화 및 프로젝트/팀 리딩,4,Skill(기술/도구),신기술 PoC 검증
20,전기·전자,200209,전기공사시공관리,200209_L4,전기공사시공관리 고급 전문화 및 프로젝트/팀 리딩,4,Attitude(태도),혁신 지향 리더십
20,전기·전자,200209,전기공사시공관리,200209_L4,전기공사시공관리 고급 전문화 및 프로젝트/팀 리딩,4,Attitude(태도),동료 성장 멘토링 마인드
20,전기·전자,200209,전기공사시공관리,200209_L5,전기공사시공관리 전략 기획 및 전사 거버넌스 총괄,5,Knowledge(지식),경영 전략 및 자본 예산 배분
20,전기·전자,200209,전기공사시공관리,200209_L5,전기공사시공관리 전략 기획 및 전사 거버넌스 총괄,5,Knowledge(지식),국내외 규제 컴플라이언스
20,전기·전자,200209,전기공사시공관리,200209_L5,전기공사시공관리 전략 기획 및 전사 거버넌스 총괄,5,Knowledge(지식),엔터프라이즈 거버넌스
20,전기·전자,200209,전기공사시공관리,200209_L5,전기공사시공관리 전략 기획 및 전사 거버넌스 총괄,5,Skill(기술/도구),전사 로드맵 수립
20,전기·전자,200209,전기공사시공관리,200209_L5,전기공사시공관리 전략 기획 및 전사 거버넌스 총괄,5,Skill(기술/도구),투자 대비 성과(ROI) 모델링
20,전기·전자,200209,전기공사시공관리,200209_L5,전기공사시공관리 전략 기획 및 전사 거버넌스 총괄,5,Skill(기술/도구),최고 의사결정 전략 제언
20,전기·전자,200209,전기공사시공관리,200209_L5,전기공사시공관리 전략 기획 및 전사 거버넌스 총괄,5,Attitude(태도),거시적 통찰력
20,전기·전자,200209,전기공사시공관리,200209_L5,전기공사시공관리 전략 기획 및 전사 거버넌스 총괄,5,Attitude(태도),전략적 윤리 리더십
20,전기·전자,200210,전기안전진단,200210_L1,전기안전진단 기초 입문 및 업무 환경 지원,1,Knowledge(지식),전기안전진단 개론
20,전기·전자,200210,전기안전진단,200210_L1,전기안전진단 기초 입문 및 업무 환경 지원,1,Knowledge(지식),표준 작업 지침서
20,전기·전자,200210,전기안전진단,200210_L1,전기안전진단 기초 입문 및 업무 환경 지원,1,Knowledge(지식),기초 법령/규정
20,전기·전자,200210,전기안전진단,200210_L1,전기안전진단 기초 입문 및 업무 환경 지원,1,Skill(기술/도구),기초 전산 툴 조작
20,전기·전자,200210,전기안전진단,200210_L1,전기안전진단 기초 입문 및 업무 환경 지원,1,Skill(기술/도구),문서 서식 작성
20,전기·전자,200210,전기안전진단,200210_L1,전기안전진단 기초 입문 및 업무 환경 지원,1,Skill(기술/도구),자료 검색 및 분류
20,전기·전자,200210,전기안전진단,200210_L1,전기안전진단 기초 입문 및 업무 환경 지원,1,Attitude(태도),규정 준수 의식
20,전기·전자,200210,전기안전진단,200210_L1,전기안전진단 기초 입문 및 업무 환경 지원,1,Attitude(태도),성실한 업무 지원 태도
20,전기·전자,200210,전기안전진단,200210_L2,전기안전진단 초급 실무 및 정형 과업 수행,2,Knowledge(지식),전기안전진단 실무 프로세스
20,전기·전자,200210,전기안전진단,200210_L2,전기안전진단 초급 실무 및 정형 과업 수행,2,Knowledge(지식),단위 업무 품질 기준
20,전기·전자,200210,전기안전진단,200210_L2,전기안전진단 초급 실무 및 정형 과업 수행,2,Knowledge(지식),데이터 검증 기법
20,전기·전자,200210,전기안전진단,200210_L2,전기안전진단 초급 실무 및 정형 과업 수행,2,Skill(기술/도구),실무 도구/SW 조작
20,전기·전자,200210,전기안전진단,200210_L2,전기안전진단 초급 실무 및 정형 과업 수행,2,Skill(기술/도구),데이터 정제 및 가공
20,전기·전자,200210,전기안전진단,200210_L2,전기안전진단 초급 실무 및 정형 과업 수행,2,Skill(기술/도구),단위 결과물 산출
20,전기·전자,200210,전기안전진단,200210_L2,전기안전진단 초급 실무 및 정형 과업 수행,2,Attitude(태도),정확성과 꼼꼼함
20,전기·전자,200210,전기안전진단,200210_L2,전기안전진단 초급 실무 및 정형 과업 수행,2,Attitude(태도),기한 준수 책임감
20,전기·전자,200210,전기안전진단,200210_L3,전기안전진단 중급 독립 실무 및 문제해결 엔지니어링,3,Knowledge(지식),심화 모델링/설계 이론
20,전기·전자,200210,전기안전진단,200210_L3,전기안전진단 중급 독립 실무 및 문제해결 엔지니어링,3,Knowledge(지식),성능 지표(KPI) 분석법
20,전기·전자,200210,전기안전진단,200210_L3,전기안전진단 중급 독립 실무 및 문제해결 엔지니어링,3,Knowledge(지식),이슈 해결 방법론
20,전기·전자,200210,전기안전진단,200210_L3,전기안전진단 중급 독립 실무 및 문제해결 엔지니어링,3,Skill(기술/도구),고급 도구/코드/기기 활용
20,전기·전자,200210,전기안전진단,200210_L3,전기안전진단 중급 독립 실무 및 문제해결 엔지니어링,3,Skill(기술/도구),원인 분석 및 조치
20,전기·전자,200210,전기안전진단,200210_L3,전기안전진단 중급 독립 실무 및 문제해결 엔지니어링,3,Skill(기술/도구),성과 분석 리포팅
20,전기·전자,200210,전기안전진단,200210_L3,전기안전진단 중급 독립 실무 및 문제해결 엔지니어링,3,Attitude(태도),분석적 사고력
20,전기·전자,200210,전기안전진단,200210_L3,전기안전진단 중급 독립 실무 및 문제해결 엔지니어링,3,Attitude(태도),타 부서와의 원활한 협업 소통
20,전기·전자,200210,전기안전진단,200210_L4,전기안전진단 고급 전문화 및 프로젝트/팀 리딩,4,Knowledge(지식),신기술 융합 아키텍처
20,전기·전자,200210,전기안전진단,200210_L4,전기안전진단 고급 전문화 및 프로젝트/팀 리딩,4,Knowledge(지식),프로젝트 관리론(PMBOK/Agile)
20,전기·전자,200210,전기안전진단,200210_L4,전기안전진단 고급 전문화 및 프로젝트/팀 리딩,4,Knowledge(지식),품질보증(QA) 거버넌스
20,전기·전자,200210,전기안전진단,200210_L4,전기안전진단 고급 전문화 및 프로젝트/팀 리딩,4,Skill(기술/도구),전체 시스템 아키텍처 설계
20,전기·전자,200210,전기안전진단,200210_L4,전기안전진단 고급 전문화 및 프로젝트/팀 리딩,4,Skill(기술/도구),애자일 스프린트 리딩
20,전기·전자,200210,전기안전진단,200210_L4,전기안전진단 고급 전문화 및 프로젝트/팀 리딩,4,Skill(기술/도구),신기술 PoC 검증
20,전기·전자,200210,전기안전진단,200210_L4,전기안전진단 고급 전문화 및 프로젝트/팀 리딩,4,Attitude(태도),혁신 지향 리더십
20,전기·전자,200210,전기안전진단,200210_L4,전기안전진단 고급 전문화 및 프로젝트/팀 리딩,4,Attitude(태도),동료 성장 멘토링 마인드
20,전기·전자,200210,전기안전진단,200210_L5,전기안전진단 전략 기획 및 전사 거버넌스 총괄,5,Knowledge(지식),경영 전략 및 자본 예산 배분
20,전기·전자,200210,전기안전진단,200210_L5,전기안전진단 전략 기획 및 전사 거버넌스 총괄,5,Knowledge(지식),국내외 규제 컴플라이언스
20,전기·전자,200210,전기안전진단,200210_L5,전기안전진단 전략 기획 및 전사 거버넌스 총괄,5,Knowledge(지식),엔터프라이즈 거버넌스
20,전기·전자,200210,전기안전진단,200210_L5,전기안전진단 전략 기획 및 전사 거버넌스 총괄,5,Skill(기술/도구),전사 로드맵 수립
20,전기·전자,200210,전기안전진단,200210_L5,전기안전진단 전략 기획 및 전사 거버넌스 총괄,5,Skill(기술/도구),투자 대비 성과(ROI) 모델링
20,전기·전자,200210,전기안전진단,200210_L5,전기안전진단 전략 기획 및 전사 거버넌스 총괄,5,Skill(기술/도구),최고 의사결정 전략 제언
20,전기·전자,200210,전기안전진단,200210_L5,전기안전진단 전략 기획 및 전사 거버넌스 총괄,5,Attitude(태도),거시적 통찰력
20,전기·전자,200210,전기안전진단,200210_L5,전기안전진단 전략 기획 및 전사 거버넌스 총괄,5,Attitude(태도),전략적 윤리 리더십
20,전기·전자,200211,신재생에너지인버터,200211_L1,신재생에너지인버터 기초 입문 및 업무 환경 지원,1,Knowledge(지식),신재생에너지인버터 개론
20,전기·전자,200211,신재생에너지인버터,200211_L1,신재생에너지인버터 기초 입문 및 업무 환경 지원,1,Knowledge(지식),표준 작업 지침서
20,전기·전자,200211,신재생에너지인버터,200211_L1,신재생에너지인버터 기초 입문 및 업무 환경 지원,1,Knowledge(지식),기초 법령/규정
20,전기·전자,200211,신재생에너지인버터,200211_L1,신재생에너지인버터 기초 입문 및 업무 환경 지원,1,Skill(기술/도구),기초 전산 툴 조작
20,전기·전자,200211,신재생에너지인버터,200211_L1,신재생에너지인버터 기초 입문 및 업무 환경 지원,1,Skill(기술/도구),문서 서식 작성
20,전기·전자,200211,신재생에너지인버터,200211_L1,신재생에너지인버터 기초 입문 및 업무 환경 지원,1,Skill(기술/도구),자료 검색 및 분류
20,전기·전자,200211,신재생에너지인버터,200211_L1,신재생에너지인버터 기초 입문 및 업무 환경 지원,1,Attitude(태도),규정 준수 의식
20,전기·전자,200211,신재생에너지인버터,200211_L1,신재생에너지인버터 기초 입문 및 업무 환경 지원,1,Attitude(태도),성실한 업무 지원 태도
20,전기·전자,200211,신재생에너지인버터,200211_L2,신재생에너지인버터 초급 실무 및 정형 과업 수행,2,Knowledge(지식),신재생에너지인버터 실무 프로세스
20,전기·전자,200211,신재생에너지인버터,200211_L2,신재생에너지인버터 초급 실무 및 정형 과업 수행,2,Knowledge(지식),단위 업무 품질 기준
20,전기·전자,200211,신재생에너지인버터,200211_L2,신재생에너지인버터 초급 실무 및 정형 과업 수행,2,Knowledge(지식),데이터 검증 기법
20,전기·전자,200211,신재생에너지인버터,200211_L2,신재생에너지인버터 초급 실무 및 정형 과업 수행,2,Skill(기술/도구),실무 도구/SW 조작
20,전기·전자,200211,신재생에너지인버터,200211_L2,신재생에너지인버터 초급 실무 및 정형 과업 수행,2,Skill(기술/도구),데이터 정제 및 가공
20,전기·전자,200211,신재생에너지인버터,200211_L2,신재생에너지인버터 초급 실무 및 정형 과업 수행,2,Skill(기술/도구),단위 결과물 산출
20,전기·전자,200211,신재생에너지인버터,200211_L2,신재생에너지인버터 초급 실무 및 정형 과업 수행,2,Attitude(태도),정확성과 꼼꼼함
20,전기·전자,200211,신재생에너지인버터,200211_L2,신재생에너지인버터 초급 실무 및 정형 과업 수행,2,Attitude(태도),기한 준수 책임감
20,전기·전자,200211,신재생에너지인버터,200211_L3,신재생에너지인버터 중급 독립 실무 및 문제해결 엔지니어링,3,Knowledge(지식),심화 모델링/설계 이론
20,전기·전자,200211,신재생에너지인버터,200211_L3,신재생에너지인버터 중급 독립 실무 및 문제해결 엔지니어링,3,Knowledge(지식),성능 지표(KPI) 분석법
20,전기·전자,200211,신재생에너지인버터,200211_L3,신재생에너지인버터 중급 독립 실무 및 문제해결 엔지니어링,3,Knowledge(지식),이슈 해결 방법론
20,전기·전자,200211,신재생에너지인버터,200211_L3,신재생에너지인버터 중급 독립 실무 및 문제해결 엔지니어링,3,Skill(기술/도구),고급 도구/코드/기기 활용
20,전기·전자,200211,신재생에너지인버터,200211_L3,신재생에너지인버터 중급 독립 실무 및 문제해결 엔지니어링,3,Skill(기술/도구),원인 분석 및 조치
20,전기·전자,200211,신재생에너지인버터,200211_L3,신재생에너지인버터 중급 독립 실무 및 문제해결 엔지니어링,3,Skill(기술/도구),성과 분석 리포팅
20,전기·전자,200211,신재생에너지인버터,200211_L3,신재생에너지인버터 중급 독립 실무 및 문제해결 엔지니어링,3,Attitude(태도),분석적 사고력
20,전기·전자,200211,신재생에너지인버터,200211_L3,신재생에너지인버터 중급 독립 실무 및 문제해결 엔지니어링,3,Attitude(태도),타 부서와의 원활한 협업 소통
20,전기·전자,200211,신재생에너지인버터,200211_L4,신재생에너지인버터 고급 전문화 및 프로젝트/팀 리딩,4,Knowledge(지식),신기술 융합 아키텍처
20,전기·전자,200211,신재생에너지인버터,200211_L4,신재생에너지인버터 고급 전문화 및 프로젝트/팀 리딩,4,Knowledge(지식),프로젝트 관리론(PMBOK/Agile)
20,전기·전자,200211,신재생에너지인버터,200211_L4,신재생에너지인버터 고급 전문화 및 프로젝트/팀 리딩,4,Knowledge(지식),품질보증(QA) 거버넌스
20,전기·전자,200211,신재생에너지인버터,200211_L4,신재생에너지인버터 고급 전문화 및 프로젝트/팀 리딩,4,Skill(기술/도구),전체 시스템 아키텍처 설계
20,전기·전자,200211,신재생에너지인버터,200211_L4,신재생에너지인버터 고급 전문화 및 프로젝트/팀 리딩,4,Skill(기술/도구),애자일 스프린트 리딩
20,전기·전자,200211,신재생에너지인버터,200211_L4,신재생에너지인버터 고급 전문화 및 프로젝트/팀 리딩,4,Skill(기술/도구),신기술 PoC 검증
20,전기·전자,200211,신재생에너지인버터,200211_L4,신재생에너지인버터 고급 전문화 및 프로젝트/팀 리딩,4,Attitude(태도),혁신 지향 리더십
20,전기·전자,200211,신재생에너지인버터,200211_L4,신재생에너지인버터 고급 전문화 및 프로젝트/팀 리딩,4,Attitude(태도),동료 성장 멘토링 마인드
20,전기·전자,200211,신재생에너지인버터,200211_L5,신재생에너지인버터 전략 기획 및 전사 거버넌스 총괄,5,Knowledge(지식),경영 전략 및 자본 예산 배분
20,전기·전자,200211,신재생에너지인버터,200211_L5,신재생에너지인버터 전략 기획 및 전사 거버넌스 총괄,5,Knowledge(지식),국내외 규제 컴플라이언스
20,전기·전자,200211,신재생에너지인버터,200211_L5,신재생에너지인버터 전략 기획 및 전사 거버넌스 총괄,5,Knowledge(지식),엔터프라이즈 거버넌스
20,전기·전자,200211,신재생에너지인버터,200211_L5,신재생에너지인버터 전략 기획 및 전사 거버넌스 총괄,5,Skill(기술/도구),전사 로드맵 수립
20,전기·전자,200211,신재생에너지인버터,200211_L5,신재생에너지인버터 전략 기획 및 전사 거버넌스 총괄,5,Skill(기술/도구),투자 대비 성과(ROI) 모델링
20,전기·전자,200211,신재생에너지인버터,200211_L5,신재생에너지인버터 전략 기획 및 전사 거버넌스 총괄,5,Skill(기술/도구),최고 의사결정 전략 제언
20,전기·전자,200211,신재생에너지인버터,200211_L5,신재생에너지인버터 전략 기획 및 전사 거버넌스 총괄,5,Attitude(태도),거시적 통찰력
20,전기·전자,200211,신재생에너지인버터,200211_L5,신재생에너지인버터 전략 기획 및 전사 거버넌스 총괄,5,Attitude(태도),전략적 윤리 리더십
20,전기·전자,200212,전기모터구동제어,200212_L1,전기모터구동제어 기초 입문 및 업무 환경 지원,1,Knowledge(지식),전기모터구동제어 개론
20,전기·전자,200212,전기모터구동제어,200212_L1,전기모터구동제어 기초 입문 및 업무 환경 지원,1,Knowledge(지식),표준 작업 지침서
20,전기·전자,200212,전기모터구동제어,200212_L1,전기모터구동제어 기초 입문 및 업무 환경 지원,1,Knowledge(지식),기초 법령/규정
20,전기·전자,200212,전기모터구동제어,200212_L1,전기모터구동제어 기초 입문 및 업무 환경 지원,1,Skill(기술/도구),기초 전산 툴 조작
20,전기·전자,200212,전기모터구동제어,200212_L1,전기모터구동제어 기초 입문 및 업무 환경 지원,1,Skill(기술/도구),문서 서식 작성
20,전기·전자,200212,전기모터구동제어,200212_L1,전기모터구동제어 기초 입문 및 업무 환경 지원,1,Skill(기술/도구),자료 검색 및 분류
20,전기·전자,200212,전기모터구동제어,200212_L1,전기모터구동제어 기초 입문 및 업무 환경 지원,1,Attitude(태도),규정 준수 의식
20,전기·전자,200212,전기모터구동제어,200212_L1,전기모터구동제어 기초 입문 및 업무 환경 지원,1,Attitude(태도),성실한 업무 지원 태도
20,전기·전자,200212,전기모터구동제어,200212_L2,전기모터구동제어 초급 실무 및 정형 과업 수행,2,Knowledge(지식),전기모터구동제어 실무 프로세스
20,전기·전자,200212,전기모터구동제어,200212_L2,전기모터구동제어 초급 실무 및 정형 과업 수행,2,Knowledge(지식),단위 업무 품질 기준
20,전기·전자,200212,전기모터구동제어,200212_L2,전기모터구동제어 초급 실무 및 정형 과업 수행,2,Knowledge(지식),데이터 검증 기법
20,전기·전자,200212,전기모터구동제어,200212_L2,전기모터구동제어 초급 실무 및 정형 과업 수행,2,Skill(기술/도구),실무 도구/SW 조작
20,전기·전자,200212,전기모터구동제어,200212_L2,전기모터구동제어 초급 실무 및 정형 과업 수행,2,Skill(기술/도구),데이터 정제 및 가공
20,전기·전자,200212,전기모터구동제어,200212_L2,전기모터구동제어 초급 실무 및 정형 과업 수행,2,Skill(기술/도구),단위 결과물 산출
20,전기·전자,200212,전기모터구동제어,200212_L2,전기모터구동제어 초급 실무 및 정형 과업 수행,2,Attitude(태도),정확성과 꼼꼼함
20,전기·전자,200212,전기모터구동제어,200212_L2,전기모터구동제어 초급 실무 및 정형 과업 수행,2,Attitude(태도),기한 준수 책임감
20,전기·전자,200212,전기모터구동제어,200212_L3,전기모터구동제어 중급 독립 실무 및 문제해결 엔지니어링,3,Knowledge(지식),심화 모델링/설계 이론
20,전기·전자,200212,전기모터구동제어,200212_L3,전기모터구동제어 중급 독립 실무 및 문제해결 엔지니어링,3,Knowledge(지식),성능 지표(KPI) 분석법
20,전기·전자,200212,전기모터구동제어,200212_L3,전기모터구동제어 중급 독립 실무 및 문제해결 엔지니어링,3,Knowledge(지식),이슈 해결 방법론
20,전기·전자,200212,전기모터구동제어,200212_L3,전기모터구동제어 중급 독립 실무 및 문제해결 엔지니어링,3,Skill(기술/도구),고급 도구/코드/기기 활용
20,전기·전자,200212,전기모터구동제어,200212_L3,전기모터구동제어 중급 독립 실무 및 문제해결 엔지니어링,3,Skill(기술/도구),원인 분석 및 조치
20,전기·전자,200212,전기모터구동제어,200212_L3,전기모터구동제어 중급 독립 실무 및 문제해결 엔지니어링,3,Skill(기술/도구),성과 분석 리포팅
20,전기·전자,200212,전기모터구동제어,200212_L3,전기모터구동제어 중급 독립 실무 및 문제해결 엔지니어링,3,Attitude(태도),분석적 사고력
20,전기·전자,200212,전기모터구동제어,200212_L3,전기모터구동제어 중급 독립 실무 및 문제해결 엔지니어링,3,Attitude(태도),타 부서와의 원활한 협업 소통
20,전기·전자,200212,전기모터구동제어,200212_L4,전기모터구동제어 고급 전문화 및 프로젝트/팀 리딩,4,Knowledge(지식),신기술 융합 아키텍처
20,전기·전자,200212,전기모터구동제어,200212_L4,전기모터구동제어 고급 전문화 및 프로젝트/팀 리딩,4,Knowledge(지식),프로젝트 관리론(PMBOK/Agile)
20,전기·전자,200212,전기모터구동제어,200212_L4,전기모터구동제어 고급 전문화 및 프로젝트/팀 리딩,4,Knowledge(지식),품질보증(QA) 거버넌스
20,전기·전자,200212,전기모터구동제어,200212_L4,전기모터구동제어 고급 전문화 및 프로젝트/팀 리딩,4,Skill(기술/도구),전체 시스템 아키텍처 설계
20,전기·전자,200212,전기모터구동제어,200212_L4,전기모터구동제어 고급 전문화 및 프로젝트/팀 리딩,4,Skill(기술/도구),애자일 스프린트 리딩
20,전기·전자,200212,전기모터구동제어,200212_L4,전기모터구동제어 고급 전문화 및 프로젝트/팀 리딩,4,Skill(기술/도구),신기술 PoC 검증
20,전기·전자,200212,전기모터구동제어,200212_L4,전기모터구동제어 고급 전문화 및 프로젝트/팀 리딩,4,Attitude(태도),혁신 지향 리더십
20,전기·전자,200212,전기모터구동제어,200212_L4,전기모터구동제어 고급 전문화 및 프로젝트/팀 리딩,4,Attitude(태도),동료 성장 멘토링 마인드
20,전기·전자,200212,전기모터구동제어,200212_L5,전기모터구동제어 전략 기획 및 전사 거버넌스 총괄,5,Knowledge(지식),경영 전략 및 자본 예산 배분
20,전기·전자,200212,전기모터구동제어,200212_L5,전기모터구동제어 전략 기획 및 전사 거버넌스 총괄,5,Knowledge(지식),국내외 규제 컴플라이언스
20,전기·전자,200212,전기모터구동제어,200212_L5,전기모터구동제어 전략 기획 및 전사 거버넌스 총괄,5,Knowledge(지식),엔터프라이즈 거버넌스
20,전기·전자,200212,전기모터구동제어,200212_L5,전기모터구동제어 전략 기획 및 전사 거버넌스 총괄,5,Skill(기술/도구),전사 로드맵 수립
20,전기·전자,200212,전기모터구동제어,200212_L5,전기모터구동제어 전략 기획 및 전사 거버넌스 총괄,5,Skill(기술/도구),투자 대비 성과(ROI) 모델링
20,전기·전자,200212,전기모터구동제어,200212_L5,전기모터구동제어 전략 기획 및 전사 거버넌스 총괄,5,Skill(기술/도구),최고 의사결정 전략 제언
20,전기·전자,200212,전기모터구동제어,200212_L5,전기모터구동제어 전략 기획 및 전사 거버넌스 총괄,5,Attitude(태도),거시적 통찰력
20,전기·전자,200212,전기모터구동제어,200212_L5,전기모터구동제어 전략 기획 및 전사 거버넌스 총괄,5,Attitude(태도),전략적 윤리 리더십
21,정보통신,210101,빅데이터분석가(Data Scientist),210101_L1,빅데이터분석가(Data Scientist) 기초 입문 및 업무 환경 지원,1,Knowledge(지식),빅데이터분석가(Data Scientist) 개론
21,정보통신,210101,빅데이터분석가(Data Scientist),210101_L1,빅데이터분석가(Data Scientist) 기초 입문 및 업무 환경 지원,1,Knowledge(지식),표준 작업 지침서
21,정보통신,210101,빅데이터분석가(Data Scientist),210101_L1,빅데이터분석가(Data Scientist) 기초 입문 및 업무 환경 지원,1,Knowledge(지식),기초 법령/규정
21,정보통신,210101,빅데이터분석가(Data Scientist),210101_L1,빅데이터분석가(Data Scientist) 기초 입문 및 업무 환경 지원,1,Skill(기술/도구),기초 전산 툴 조작
21,정보통신,210101,빅데이터분석가(Data Scientist),210101_L1,빅데이터분석가(Data Scientist) 기초 입문 및 업무 환경 지원,1,Skill(기술/도구),문서 서식 작성
21,정보통신,210101,빅데이터분석가(Data Scientist),210101_L1,빅데이터분석가(Data Scientist) 기초 입문 및 업무 환경 지원,1,Skill(기술/도구),자료 검색 및 분류
21,정보통신,210101,빅데이터분석가(Data Scientist),210101_L1,빅데이터분석가(Data Scientist) 기초 입문 및 업무 환경 지원,1,Attitude(태도),규정 준수 의식
21,정보통신,210101,빅데이터분석가(Data Scientist),210101_L1,빅데이터분석가(Data Scientist) 기초 입문 및 업무 환경 지원,1,Attitude(태도),성실한 업무 지원 태도
21,정보통신,210101,빅데이터분석가(Data Scientist),210101_L2,빅데이터분석가(Data Scientist) 초급 실무 및 정형 과업 수행,2,Knowledge(지식),빅데이터분석가(Data Scientist) 실무 프로세스
21,정보통신,210101,빅데이터분석가(Data Scientist),210101_L2,빅데이터분석가(Data Scientist) 초급 실무 및 정형 과업 수행,2,Knowledge(지식),단위 업무 품질 기준
21,정보통신,210101,빅데이터분석가(Data Scientist),210101_L2,빅데이터분석가(Data Scientist) 초급 실무 및 정형 과업 수행,2,Knowledge(지식),데이터 검증 기법
21,정보통신,210101,빅데이터분석가(Data Scientist),210101_L2,빅데이터분석가(Data Scientist) 초급 실무 및 정형 과업 수행,2,Skill(기술/도구),실무 도구/SW 조작
21,정보통신,210101,빅데이터분석가(Data Scientist),210101_L2,빅데이터분석가(Data Scientist) 초급 실무 및 정형 과업 수행,2,Skill(기술/도구),데이터 정제 및 가공
21,정보통신,210101,빅데이터분석가(Data Scientist),210101_L2,빅데이터분석가(Data Scientist) 초급 실무 및 정형 과업 수행,2,Skill(기술/도구),단위 결과물 산출
21,정보통신,210101,빅데이터분석가(Data Scientist),210101_L2,빅데이터분석가(Data Scientist) 초급 실무 및 정형 과업 수행,2,Attitude(태도),정확성과 꼼꼼함
21,정보통신,210101,빅데이터분석가(Data Scientist),210101_L2,빅데이터분석가(Data Scientist) 초급 실무 및 정형 과업 수행,2,Attitude(태도),기한 준수 책임감
21,정보통신,210101,빅데이터분석가(Data Scientist),210101_L3,빅데이터분석가(Data Scientist) 중급 독립 실무 및 문제해결 엔지니어링,3,Knowledge(지식),심화 모델링/설계 이론
21,정보통신,210101,빅데이터분석가(Data Scientist),210101_L3,빅데이터분석가(Data Scientist) 중급 독립 실무 및 문제해결 엔지니어링,3,Knowledge(지식),성능 지표(KPI) 분석법
21,정보통신,210101,빅데이터분석가(Data Scientist),210101_L3,빅데이터분석가(Data Scientist) 중급 독립 실무 및 문제해결 엔지니어링,3,Knowledge(지식),이슈 해결 방법론
21,정보통신,210101,빅데이터분석가(Data Scientist),210101_L3,빅데이터분석가(Data Scientist) 중급 독립 실무 및 문제해결 엔지니어링,3,Skill(기술/도구),고급 도구/코드/기기 활용
21,정보통신,210101,빅데이터분석가(Data Scientist),210101_L3,빅데이터분석가(Data Scientist) 중급 독립 실무 및 문제해결 엔지니어링,3,Skill(기술/도구),원인 분석 및 조치
21,정보통신,210101,빅데이터분석가(Data Scientist),210101_L3,빅데이터분석가(Data Scientist) 중급 독립 실무 및 문제해결 엔지니어링,3,Skill(기술/도구),성과 분석 리포팅
21,정보통신,210101,빅데이터분석가(Data Scientist),210101_L3,빅데이터분석가(Data Scientist) 중급 독립 실무 및 문제해결 엔지니어링,3,Attitude(태도),분석적 사고력
21,정보통신,210101,빅데이터분석가(Data Scientist),210101_L3,빅데이터분석가(Data Scientist) 중급 독립 실무 및 문제해결 엔지니어링,3,Attitude(태도),타 부서와의 원활한 협업 소통
21,정보통신,210101,빅데이터분석가(Data Scientist),210101_L4,빅데이터분석가(Data Scientist) 고급 전문화 및 프로젝트/팀 리딩,4,Knowledge(지식),신기술 융합 아키텍처
21,정보통신,210101,빅데이터분석가(Data Scientist),210101_L4,빅데이터분석가(Data Scientist) 고급 전문화 및 프로젝트/팀 리딩,4,Knowledge(지식),프로젝트 관리론(PMBOK/Agile)
21,정보통신,210101,빅데이터분석가(Data Scientist),210101_L4,빅데이터분석가(Data Scientist) 고급 전문화 및 프로젝트/팀 리딩,4,Knowledge(지식),품질보증(QA) 거버넌스
21,정보통신,210101,빅데이터분석가(Data Scientist),210101_L4,빅데이터분석가(Data Scientist) 고급 전문화 및 프로젝트/팀 리딩,4,Skill(기술/도구),전체 시스템 아키텍처 설계
21,정보통신,210101,빅데이터분석가(Data Scientist),210101_L4,빅데이터분석가(Data Scientist) 고급 전문화 및 프로젝트/팀 리딩,4,Skill(기술/도구),애자일 스프린트 리딩
21,정보통신,210101,빅데이터분석가(Data Scientist),210101_L4,빅데이터분석가(Data Scientist) 고급 전문화 및 프로젝트/팀 리딩,4,Skill(기술/도구),신기술 PoC 검증
21,정보통신,210101,빅데이터분석가(Data Scientist),210101_L4,빅데이터분석가(Data Scientist) 고급 전문화 및 프로젝트/팀 리딩,4,Attitude(태도),혁신 지향 리더십
21,정보통신,210101,빅데이터분석가(Data Scientist),210101_L4,빅데이터분석가(Data Scientist) 고급 전문화 및 프로젝트/팀 리딩,4,Attitude(태도),동료 성장 멘토링 마인드
21,정보통신,210101,빅데이터분석가(Data Scientist),210101_L5,빅데이터분석가(Data Scientist) 전략 기획 및 전사 거버넌스 총괄,5,Knowledge(지식),경영 전략 및 자본 예산 배분
21,정보통신,210101,빅데이터분석가(Data Scientist),210101_L5,빅데이터분석가(Data Scientist) 전략 기획 및 전사 거버넌스 총괄,5,Knowledge(지식),국내외 규제 컴플라이언스
21,정보통신,210101,빅데이터분석가(Data Scientist),210101_L5,빅데이터분석가(Data Scientist) 전략 기획 및 전사 거버넌스 총괄,5,Knowledge(지식),엔터프라이즈 거버넌스
21,정보통신,210101,빅데이터분석가(Data Scientist),210101_L5,빅데이터분석가(Data Scientist) 전략 기획 및 전사 거버넌스 총괄,5,Skill(기술/도구),전사 로드맵 수립
21,정보통신,210101,빅데이터분석가(Data Scientist),210101_L5,빅데이터분석가(Data Scientist) 전략 기획 및 전사 거버넌스 총괄,5,Skill(기술/도구),투자 대비 성과(ROI) 모델링
21,정보통신,210101,빅데이터분석가(Data Scientist),210101_L5,빅데이터분석가(Data Scientist) 전략 기획 및 전사 거버넌스 총괄,5,Skill(기술/도구),최고 의사결정 전략 제언
21,정보통신,210101,빅데이터분석가(Data Scientist),210101_L5,빅데이터분석가(Data Scientist) 전략 기획 및 전사 거버넌스 총괄,5,Attitude(태도),거시적 통찰력
21,정보통신,210101,빅데이터분석가(Data Scientist),210101_L5,빅데이터분석가(Data Scientist) 전략 기획 및 전사 거버넌스 총괄,5,Attitude(태도),전략적 윤리 리더십
21,정보통신,210102,인공지능/LLM엔지니어,210102_L1,인공지능/LLM엔지니어 기초 입문 및 업무 환경 지원,1,Knowledge(지식),인공지능/LLM엔지니어 개론
21,정보통신,210102,인공지능/LLM엔지니어,210102_L1,인공지능/LLM엔지니어 기초 입문 및 업무 환경 지원,1,Knowledge(지식),표준 작업 지침서
21,정보통신,210102,인공지능/LLM엔지니어,210102_L1,인공지능/LLM엔지니어 기초 입문 및 업무 환경 지원,1,Knowledge(지식),기초 법령/규정
21,정보통신,210102,인공지능/LLM엔지니어,210102_L1,인공지능/LLM엔지니어 기초 입문 및 업무 환경 지원,1,Skill(기술/도구),기초 전산 툴 조작
21,정보통신,210102,인공지능/LLM엔지니어,210102_L1,인공지능/LLM엔지니어 기초 입문 및 업무 환경 지원,1,Skill(기술/도구),문서 서식 작성
21,정보통신,210102,인공지능/LLM엔지니어,210102_L1,인공지능/LLM엔지니어 기초 입문 및 업무 환경 지원,1,Skill(기술/도구),자료 검색 및 분류
21,정보통신,210102,인공지능/LLM엔지니어,210102_L1,인공지능/LLM엔지니어 기초 입문 및 업무 환경 지원,1,Attitude(태도),규정 준수 의식
21,정보통신,210102,인공지능/LLM엔지니어,210102_L1,인공지능/LLM엔지니어 기초 입문 및 업무 환경 지원,1,Attitude(태도),성실한 업무 지원 태도
21,정보통신,210102,인공지능/LLM엔지니어,210102_L2,인공지능/LLM엔지니어 초급 실무 및 정형 과업 수행,2,Knowledge(지식),인공지능/LLM엔지니어 실무 프로세스
21,정보통신,210102,인공지능/LLM엔지니어,210102_L2,인공지능/LLM엔지니어 초급 실무 및 정형 과업 수행,2,Knowledge(지식),단위 업무 품질 기준
21,정보통신,210102,인공지능/LLM엔지니어,210102_L2,인공지능/LLM엔지니어 초급 실무 및 정형 과업 수행,2,Knowledge(지식),데이터 검증 기법
21,정보통신,210102,인공지능/LLM엔지니어,210102_L2,인공지능/LLM엔지니어 초급 실무 및 정형 과업 수행,2,Skill(기술/도구),실무 도구/SW 조작
21,정보통신,210102,인공지능/LLM엔지니어,210102_L2,인공지능/LLM엔지니어 초급 실무 및 정형 과업 수행,2,Skill(기술/도구),데이터 정제 및 가공
21,정보통신,210102,인공지능/LLM엔지니어,210102_L2,인공지능/LLM엔지니어 초급 실무 및 정형 과업 수행,2,Skill(기술/도구),단위 결과물 산출
21,정보통신,210102,인공지능/LLM엔지니어,210102_L2,인공지능/LLM엔지니어 초급 실무 및 정형 과업 수행,2,Attitude(태도),정확성과 꼼꼼함
21,정보통신,210102,인공지능/LLM엔지니어,210102_L2,인공지능/LLM엔지니어 초급 실무 및 정형 과업 수행,2,Attitude(태도),기한 준수 책임감
21,정보통신,210102,인공지능/LLM엔지니어,210102_L3,인공지능/LLM엔지니어 중급 독립 실무 및 문제해결 엔지니어링,3,Knowledge(지식),심화 모델링/설계 이론
21,정보통신,210102,인공지능/LLM엔지니어,210102_L3,인공지능/LLM엔지니어 중급 독립 실무 및 문제해결 엔지니어링,3,Knowledge(지식),성능 지표(KPI) 분석법
21,정보통신,210102,인공지능/LLM엔지니어,210102_L3,인공지능/LLM엔지니어 중급 독립 실무 및 문제해결 엔지니어링,3,Knowledge(지식),이슈 해결 방법론
21,정보통신,210102,인공지능/LLM엔지니어,210102_L3,인공지능/LLM엔지니어 중급 독립 실무 및 문제해결 엔지니어링,3,Skill(기술/도구),고급 도구/코드/기기 활용
21,정보통신,210102,인공지능/LLM엔지니어,210102_L3,인공지능/LLM엔지니어 중급 독립 실무 및 문제해결 엔지니어링,3,Skill(기술/도구),원인 분석 및 조치
21,정보통신,210102,인공지능/LLM엔지니어,210102_L3,인공지능/LLM엔지니어 중급 독립 실무 및 문제해결 엔지니어링,3,Skill(기술/도구),성과 분석 리포팅
21,정보통신,210102,인공지능/LLM엔지니어,210102_L3,인공지능/LLM엔지니어 중급 독립 실무 및 문제해결 엔지니어링,3,Attitude(태도),분석적 사고력
21,정보통신,210102,인공지능/LLM엔지니어,210102_L3,인공지능/LLM엔지니어 중급 독립 실무 및 문제해결 엔지니어링,3,Attitude(태도),타 부서와의 원활한 협업 소통
21,정보통신,210102,인공지능/LLM엔지니어,210102_L4,인공지능/LLM엔지니어 고급 전문화 및 프로젝트/팀 리딩,4,Knowledge(지식),신기술 융합 아키텍처
21,정보통신,210102,인공지능/LLM엔지니어,210102_L4,인공지능/LLM엔지니어 고급 전문화 및 프로젝트/팀 리딩,4,Knowledge(지식),프로젝트 관리론(PMBOK/Agile)
21,정보통신,210102,인공지능/LLM엔지니어,210102_L4,인공지능/LLM엔지니어 고급 전문화 및 프로젝트/팀 리딩,4,Knowledge(지식),품질보증(QA) 거버넌스
21,정보통신,210102,인공지능/LLM엔지니어,210102_L4,인공지능/LLM엔지니어 고급 전문화 및 프로젝트/팀 리딩,4,Skill(기술/도구),전체 시스템 아키텍처 설계
21,정보통신,210102,인공지능/LLM엔지니어,210102_L4,인공지능/LLM엔지니어 고급 전문화 및 프로젝트/팀 리딩,4,Skill(기술/도구),애자일 스프린트 리딩
21,정보통신,210102,인공지능/LLM엔지니어,210102_L4,인공지능/LLM엔지니어 고급 전문화 및 프로젝트/팀 리딩,4,Skill(기술/도구),신기술 PoC 검증
21,정보통신,210102,인공지능/LLM엔지니어,210102_L4,인공지능/LLM엔지니어 고급 전문화 및 프로젝트/팀 리딩,4,Attitude(태도),혁신 지향 리더십
21,정보통신,210102,인공지능/LLM엔지니어,210102_L4,인공지능/LLM엔지니어 고급 전문화 및 프로젝트/팀 리딩,4,Attitude(태도),동료 성장 멘토링 마인드
21,정보통신,210102,인공지능/LLM엔지니어,210102_L5,인공지능/LLM엔지니어 전략 기획 및 전사 거버넌스 총괄,5,Knowledge(지식),경영 전략 및 자본 예산 배분
21,정보통신,210102,인공지능/LLM엔지니어,210102_L5,인공지능/LLM엔지니어 전략 기획 및 전사 거버넌스 총괄,5,Knowledge(지식),국내외 규제 컴플라이언스
21,정보통신,210102,인공지능/LLM엔지니어,210102_L5,인공지능/LLM엔지니어 전략 기획 및 전사 거버넌스 총괄,5,Knowledge(지식),엔터프라이즈 거버넌스
21,정보통신,210102,인공지능/LLM엔지니어,210102_L5,인공지능/LLM엔지니어 전략 기획 및 전사 거버넌스 총괄,5,Skill(기술/도구),전사 로드맵 수립
21,정보통신,210102,인공지능/LLM엔지니어,210102_L5,인공지능/LLM엔지니어 전략 기획 및 전사 거버넌스 총괄,5,Skill(기술/도구),투자 대비 성과(ROI) 모델링
21,정보통신,210102,인공지능/LLM엔지니어,210102_L5,인공지능/LLM엔지니어 전략 기획 및 전사 거버넌스 총괄,5,Skill(기술/도구),최고 의사결정 전략 제언
21,정보통신,210102,인공지능/LLM엔지니어,210102_L5,인공지능/LLM엔지니어 전략 기획 및 전사 거버넌스 총괄,5,Attitude(태도),거시적 통찰력
21,정보통신,210102,인공지능/LLM엔지니어,210102_L5,인공지능/LLM엔지니어 전략 기획 및 전사 거버넌스 총괄,5,Attitude(태도),전략적 윤리 리더십
21,정보통신,210103,풀스택웹개발자,210103_L1,풀스택웹개발자 기초 입문 및 업무 환경 지원,1,Knowledge(지식),풀스택웹개발자 개론
21,정보통신,210103,풀스택웹개발자,210103_L1,풀스택웹개발자 기초 입문 및 업무 환경 지원,1,Knowledge(지식),표준 작업 지침서
21,정보통신,210103,풀스택웹개발자,210103_L1,풀스택웹개발자 기초 입문 및 업무 환경 지원,1,Knowledge(지식),기초 법령/규정
21,정보통신,210103,풀스택웹개발자,210103_L1,풀스택웹개발자 기초 입문 및 업무 환경 지원,1,Skill(기술/도구),기초 전산 툴 조작
21,정보통신,210103,풀스택웹개발자,210103_L1,풀스택웹개발자 기초 입문 및 업무 환경 지원,1,Skill(기술/도구),문서 서식 작성
21,정보통신,210103,풀스택웹개발자,210103_L1,풀스택웹개발자 기초 입문 및 업무 환경 지원,1,Skill(기술/도구),자료 검색 및 분류
21,정보통신,210103,풀스택웹개발자,210103_L1,풀스택웹개발자 기초 입문 및 업무 환경 지원,1,Attitude(태도),규정 준수 의식
21,정보통신,210103,풀스택웹개발자,210103_L1,풀스택웹개발자 기초 입문 및 업무 환경 지원,1,Attitude(태도),성실한 업무 지원 태도
21,정보통신,210103,풀스택웹개발자,210103_L2,풀스택웹개발자 초급 실무 및 정형 과업 수행,2,Knowledge(지식),풀스택웹개발자 실무 프로세스
21,정보통신,210103,풀스택웹개발자,210103_L2,풀스택웹개발자 초급 실무 및 정형 과업 수행,2,Knowledge(지식),단위 업무 품질 기준
21,정보통신,210103,풀스택웹개발자,210103_L2,풀스택웹개발자 초급 실무 및 정형 과업 수행,2,Knowledge(지식),데이터 검증 기법
21,정보통신,210103,풀스택웹개발자,210103_L2,풀스택웹개발자 초급 실무 및 정형 과업 수행,2,Skill(기술/도구),실무 도구/SW 조작
21,정보통신,210103,풀스택웹개발자,210103_L2,풀스택웹개발자 초급 실무 및 정형 과업 수행,2,Skill(기술/도구),데이터 정제 및 가공
21,정보통신,210103,풀스택웹개발자,210103_L2,풀스택웹개발자 초급 실무 및 정형 과업 수행,2,Skill(기술/도구),단위 결과물 산출
21,정보통신,210103,풀스택웹개발자,210103_L2,풀스택웹개발자 초급 실무 및 정형 과업 수행,2,Attitude(태도),정확성과 꼼꼼함
21,정보통신,210103,풀스택웹개발자,210103_L2,풀스택웹개발자 초급 실무 및 정형 과업 수행,2,Attitude(태도),기한 준수 책임감
21,정보통신,210103,풀스택웹개발자,210103_L3,풀스택웹개발자 중급 독립 실무 및 문제해결 엔지니어링,3,Knowledge(지식),심화 모델링/설계 이론
21,정보통신,210103,풀스택웹개발자,210103_L3,풀스택웹개발자 중급 독립 실무 및 문제해결 엔지니어링,3,Knowledge(지식),성능 지표(KPI) 분석법
21,정보통신,210103,풀스택웹개발자,210103_L3,풀스택웹개발자 중급 독립 실무 및 문제해결 엔지니어링,3,Knowledge(지식),이슈 해결 방법론
21,정보통신,210103,풀스택웹개발자,210103_L3,풀스택웹개발자 중급 독립 실무 및 문제해결 엔지니어링,3,Skill(기술/도구),고급 도구/코드/기기 활용
21,정보통신,210103,풀스택웹개발자,210103_L3,풀스택웹개발자 중급 독립 실무 및 문제해결 엔지니어링,3,Skill(기술/도구),원인 분석 및 조치
21,정보통신,210103,풀스택웹개발자,210103_L3,풀스택웹개발자 중급 독립 실무 및 문제해결 엔지니어링,3,Skill(기술/도구),성과 분석 리포팅
21,정보통신,210103,풀스택웹개발자,210103_L3,풀스택웹개발자 중급 독립 실무 및 문제해결 엔지니어링,3,Attitude(태도),분석적 사고력
21,정보통신,210103,풀스택웹개발자,210103_L3,풀스택웹개발자 중급 독립 실무 및 문제해결 엔지니어링,3,Attitude(태도),타 부서와의 원활한 협업 소통
21,정보통신,210103,풀스택웹개발자,210103_L4,풀스택웹개발자 고급 전문화 및 프로젝트/팀 리딩,4,Knowledge(지식),신기술 융합 아키텍처
21,정보통신,210103,풀스택웹개발자,210103_L4,풀스택웹개발자 고급 전문화 및 프로젝트/팀 리딩,4,Knowledge(지식),프로젝트 관리론(PMBOK/Agile)
21,정보통신,210103,풀스택웹개발자,210103_L4,풀스택웹개발자 고급 전문화 및 프로젝트/팀 리딩,4,Knowledge(지식),품질보증(QA) 거버넌스
21,정보통신,210103,풀스택웹개발자,210103_L4,풀스택웹개발자 고급 전문화 및 프로젝트/팀 리딩,4,Skill(기술/도구),전체 시스템 아키텍처 설계
21,정보통신,210103,풀스택웹개발자,210103_L4,풀스택웹개발자 고급 전문화 및 프로젝트/팀 리딩,4,Skill(기술/도구),애자일 스프린트 리딩
21,정보통신,210103,풀스택웹개발자,210103_L4,풀스택웹개발자 고급 전문화 및 프로젝트/팀 리딩,4,Skill(기술/도구),신기술 PoC 검증
21,정보통신,210103,풀스택웹개발자,210103_L4,풀스택웹개발자 고급 전문화 및 프로젝트/팀 리딩,4,Attitude(태도),혁신 지향 리더십
21,정보통신,210103,풀스택웹개발자,210103_L4,풀스택웹개발자 고급 전문화 및 프로젝트/팀 리딩,4,Attitude(태도),동료 성장 멘토링 마인드
21,정보통신,210103,풀스택웹개발자,210103_L5,풀스택웹개발자 전략 기획 및 전사 거버넌스 총괄,5,Knowledge(지식),경영 전략 및 자본 예산 배분
21,정보통신,210103,풀스택웹개발자,210103_L5,풀스택웹개발자 전략 기획 및 전사 거버넌스 총괄,5,Knowledge(지식),국내외 규제 컴플라이언스
21,정보통신,210103,풀스택웹개발자,210103_L5,풀스택웹개발자 전략 기획 및 전사 거버넌스 총괄,5,Knowledge(지식),엔터프라이즈 거버넌스
21,정보통신,210103,풀스택웹개발자,210103_L5,풀스택웹개발자 전략 기획 및 전사 거버넌스 총괄,5,Skill(기술/도구),전사 로드맵 수립
21,정보통신,210103,풀스택웹개발자,210103_L5,풀스택웹개발자 전략 기획 및 전사 거버넌스 총괄,5,Skill(기술/도구),투자 대비 성과(ROI) 모델링
21,정보통신,210103,풀스택웹개발자,210103_L5,풀스택웹개발자 전략 기획 및 전사 거버넌스 총괄,5,Skill(기술/도구),최고 의사결정 전략 제언
21,정보통신,210103,풀스택웹개발자,210103_L5,풀스택웹개발자 전략 기획 및 전사 거버넌스 총괄,5,Attitude(태도),거시적 통찰력
21,정보통신,210103,풀스택웹개발자,210103_L5,풀스택웹개발자 전략 기획 및 전사 거버넌스 총괄,5,Attitude(태도),전략적 윤리 리더십
21,정보통신,210104,백엔드API엔지니어,210104_L1,백엔드API엔지니어 기초 입문 및 업무 환경 지원,1,Knowledge(지식),백엔드API엔지니어 개론
21,정보통신,210104,백엔드API엔지니어,210104_L1,백엔드API엔지니어 기초 입문 및 업무 환경 지원,1,Knowledge(지식),표준 작업 지침서
21,정보통신,210104,백엔드API엔지니어,210104_L1,백엔드API엔지니어 기초 입문 및 업무 환경 지원,1,Knowledge(지식),기초 법령/규정
21,정보통신,210104,백엔드API엔지니어,210104_L1,백엔드API엔지니어 기초 입문 및 업무 환경 지원,1,Skill(기술/도구),기초 전산 툴 조작
21,정보통신,210104,백엔드API엔지니어,210104_L1,백엔드API엔지니어 기초 입문 및 업무 환경 지원,1,Skill(기술/도구),문서 서식 작성
21,정보통신,210104,백엔드API엔지니어,210104_L1,백엔드API엔지니어 기초 입문 및 업무 환경 지원,1,Skill(기술/도구),자료 검색 및 분류
21,정보통신,210104,백엔드API엔지니어,210104_L1,백엔드API엔지니어 기초 입문 및 업무 환경 지원,1,Attitude(태도),규정 준수 의식
21,정보통신,210104,백엔드API엔지니어,210104_L1,백엔드API엔지니어 기초 입문 및 업무 환경 지원,1,Attitude(태도),성실한 업무 지원 태도
21,정보통신,210104,백엔드API엔지니어,210104_L2,백엔드API엔지니어 초급 실무 및 정형 과업 수행,2,Knowledge(지식),백엔드API엔지니어 실무 프로세스
21,정보통신,210104,백엔드API엔지니어,210104_L2,백엔드API엔지니어 초급 실무 및 정형 과업 수행,2,Knowledge(지식),단위 업무 품질 기준
21,정보통신,210104,백엔드API엔지니어,210104_L2,백엔드API엔지니어 초급 실무 및 정형 과업 수행,2,Knowledge(지식),데이터 검증 기법
21,정보통신,210104,백엔드API엔지니어,210104_L2,백엔드API엔지니어 초급 실무 및 정형 과업 수행,2,Skill(기술/도구),실무 도구/SW 조작
21,정보통신,210104,백엔드API엔지니어,210104_L2,백엔드API엔지니어 초급 실무 및 정형 과업 수행,2,Skill(기술/도구),데이터 정제 및 가공
21,정보통신,210104,백엔드API엔지니어,210104_L2,백엔드API엔지니어 초급 실무 및 정형 과업 수행,2,Skill(기술/도구),단위 결과물 산출
21,정보통신,210104,백엔드API엔지니어,210104_L2,백엔드API엔지니어 초급 실무 및 정형 과업 수행,2,Attitude(태도),정확성과 꼼꼼함
21,정보통신,210104,백엔드API엔지니어,210104_L2,백엔드API엔지니어 초급 실무 및 정형 과업 수행,2,Attitude(태도),기한 준수 책임감
21,정보통신,210104,백엔드API엔지니어,210104_L3,백엔드API엔지니어 중급 독립 실무 및 문제해결 엔지니어링,3,Knowledge(지식),심화 모델링/설계 이론
21,정보통신,210104,백엔드API엔지니어,210104_L3,백엔드API엔지니어 중급 독립 실무 및 문제해결 엔지니어링,3,Knowledge(지식),성능 지표(KPI) 분석법
21,정보통신,210104,백엔드API엔지니어,210104_L3,백엔드API엔지니어 중급 독립 실무 및 문제해결 엔지니어링,3,Knowledge(지식),이슈 해결 방법론
21,정보통신,210104,백엔드API엔지니어,210104_L3,백엔드API엔지니어 중급 독립 실무 및 문제해결 엔지니어링,3,Skill(기술/도구),고급 도구/코드/기기 활용
21,정보통신,210104,백엔드API엔지니어,210104_L3,백엔드API엔지니어 중급 독립 실무 및 문제해결 엔지니어링,3,Skill(기술/도구),원인 분석 및 조치
21,정보통신,210104,백엔드API엔지니어,210104_L3,백엔드API엔지니어 중급 독립 실무 및 문제해결 엔지니어링,3,Skill(기술/도구),성과 분석 리포팅
21,정보통신,210104,백엔드API엔지니어,210104_L3,백엔드API엔지니어 중급 독립 실무 및 문제해결 엔지니어링,3,Attitude(태도),분석적 사고력
21,정보통신,210104,백엔드API엔지니어,210104_L3,백엔드API엔지니어 중급 독립 실무 및 문제해결 엔지니어링,3,Attitude(태도),타 부서와의 원활한 협업 소통
21,정보통신,210104,백엔드API엔지니어,210104_L4,백엔드API엔지니어 고급 전문화 및 프로젝트/팀 리딩,4,Knowledge(지식),신기술 융합 아키텍처
21,정보통신,210104,백엔드API엔지니어,210104_L4,백엔드API엔지니어 고급 전문화 및 프로젝트/팀 리딩,4,Knowledge(지식),프로젝트 관리론(PMBOK/Agile)
21,정보통신,210104,백엔드API엔지니어,210104_L4,백엔드API엔지니어 고급 전문화 및 프로젝트/팀 리딩,4,Knowledge(지식),품질보증(QA) 거버넌스
21,정보통신,210104,백엔드API엔지니어,210104_L4,백엔드API엔지니어 고급 전문화 및 프로젝트/팀 리딩,4,Skill(기술/도구),전체 시스템 아키텍처 설계
21,정보통신,210104,백엔드API엔지니어,210104_L4,백엔드API엔지니어 고급 전문화 및 프로젝트/팀 리딩,4,Skill(기술/도구),애자일 스프린트 리딩
21,정보통신,210104,백엔드API엔지니어,210104_L4,백엔드API엔지니어 고급 전문화 및 프로젝트/팀 리딩,4,Skill(기술/도구),신기술 PoC 검증
21,정보통신,210104,백엔드API엔지니어,210104_L4,백엔드API엔지니어 고급 전문화 및 프로젝트/팀 리딩,4,Attitude(태도),혁신 지향 리더십
21,정보통신,210104,백엔드API엔지니어,210104_L4,백엔드API엔지니어 고급 전문화 및 프로젝트/팀 리딩,4,Attitude(태도),동료 성장 멘토링 마인드
21,정보통신,210104,백엔드API엔지니어,210104_L5,백엔드API엔지니어 전략 기획 및 전사 거버넌스 총괄,5,Knowledge(지식),경영 전략 및 자본 예산 배분
21,정보통신,210104,백엔드API엔지니어,210104_L5,백엔드API엔지니어 전략 기획 및 전사 거버넌스 총괄,5,Knowledge(지식),국내외 규제 컴플라이언스
21,정보통신,210104,백엔드API엔지니어,210104_L5,백엔드API엔지니어 전략 기획 및 전사 거버넌스 총괄,5,Knowledge(지식),엔터프라이즈 거버넌스
21,정보통신,210104,백엔드API엔지니어,210104_L5,백엔드API엔지니어 전략 기획 및 전사 거버넌스 총괄,5,Skill(기술/도구),전사 로드맵 수립
21,정보통신,210104,백엔드API엔지니어,210104_L5,백엔드API엔지니어 전략 기획 및 전사 거버넌스 총괄,5,Skill(기술/도구),투자 대비 성과(ROI) 모델링
21,정보통신,210104,백엔드API엔지니어,210104_L5,백엔드API엔지니어 전략 기획 및 전사 거버넌스 총괄,5,Skill(기술/도구),최고 의사결정 전략 제언
21,정보통신,210104,백엔드API엔지니어,210104_L5,백엔드API엔지니어 전략 기획 및 전사 거버넌스 총괄,5,Attitude(태도),거시적 통찰력
21,정보통신,210104,백엔드API엔지니어,210104_L5,백엔드API엔지니어 전략 기획 및 전사 거버넌스 총괄,5,Attitude(태도),전략적 윤리 리더십
21,정보통신,210105,프론트엔드엔지니어,210105_L1,프론트엔드엔지니어 기초 입문 및 업무 환경 지원,1,Knowledge(지식),프론트엔드엔지니어 개론
21,정보통신,210105,프론트엔드엔지니어,210105_L1,프론트엔드엔지니어 기초 입문 및 업무 환경 지원,1,Knowledge(지식),표준 작업 지침서
21,정보통신,210105,프론트엔드엔지니어,210105_L1,프론트엔드엔지니어 기초 입문 및 업무 환경 지원,1,Knowledge(지식),기초 법령/규정
21,정보통신,210105,프론트엔드엔지니어,210105_L1,프론트엔드엔지니어 기초 입문 및 업무 환경 지원,1,Skill(기술/도구),기초 전산 툴 조작
21,정보통신,210105,프론트엔드엔지니어,210105_L1,프론트엔드엔지니어 기초 입문 및 업무 환경 지원,1,Skill(기술/도구),문서 서식 작성
21,정보통신,210105,프론트엔드엔지니어,210105_L1,프론트엔드엔지니어 기초 입문 및 업무 환경 지원,1,Skill(기술/도구),자료 검색 및 분류
21,정보통신,210105,프론트엔드엔지니어,210105_L1,프론트엔드엔지니어 기초 입문 및 업무 환경 지원,1,Attitude(태도),규정 준수 의식
21,정보통신,210105,프론트엔드엔지니어,210105_L1,프론트엔드엔지니어 기초 입문 및 업무 환경 지원,1,Attitude(태도),성실한 업무 지원 태도
21,정보통신,210105,프론트엔드엔지니어,210105_L2,프론트엔드엔지니어 초급 실무 및 정형 과업 수행,2,Knowledge(지식),프론트엔드엔지니어 실무 프로세스
21,정보통신,210105,프론트엔드엔지니어,210105_L2,프론트엔드엔지니어 초급 실무 및 정형 과업 수행,2,Knowledge(지식),단위 업무 품질 기준
21,정보통신,210105,프론트엔드엔지니어,210105_L2,프론트엔드엔지니어 초급 실무 및 정형 과업 수행,2,Knowledge(지식),데이터 검증 기법
21,정보통신,210105,프론트엔드엔지니어,210105_L2,프론트엔드엔지니어 초급 실무 및 정형 과업 수행,2,Skill(기술/도구),실무 도구/SW 조작
21,정보통신,210105,프론트엔드엔지니어,210105_L2,프론트엔드엔지니어 초급 실무 및 정형 과업 수행,2,Skill(기술/도구),데이터 정제 및 가공
21,정보통신,210105,프론트엔드엔지니어,210105_L2,프론트엔드엔지니어 초급 실무 및 정형 과업 수행,2,Skill(기술/도구),단위 결과물 산출
21,정보통신,210105,프론트엔드엔지니어,210105_L2,프론트엔드엔지니어 초급 실무 및 정형 과업 수행,2,Attitude(태도),정확성과 꼼꼼함
21,정보통신,210105,프론트엔드엔지니어,210105_L2,프론트엔드엔지니어 초급 실무 및 정형 과업 수행,2,Attitude(태도),기한 준수 책임감
21,정보통신,210105,프론트엔드엔지니어,210105_L3,프론트엔드엔지니어 중급 독립 실무 및 문제해결 엔지니어링,3,Knowledge(지식),심화 모델링/설계 이론
21,정보통신,210105,프론트엔드엔지니어,210105_L3,프론트엔드엔지니어 중급 독립 실무 및 문제해결 엔지니어링,3,Knowledge(지식),성능 지표(KPI) 분석법
21,정보통신,210105,프론트엔드엔지니어,210105_L3,프론트엔드엔지니어 중급 독립 실무 및 문제해결 엔지니어링,3,Knowledge(지식),이슈 해결 방법론
21,정보통신,210105,프론트엔드엔지니어,210105_L3,프론트엔드엔지니어 중급 독립 실무 및 문제해결 엔지니어링,3,Skill(기술/도구),고급 도구/코드/기기 활용
21,정보통신,210105,프론트엔드엔지니어,210105_L3,프론트엔드엔지니어 중급 독립 실무 및 문제해결 엔지니어링,3,Skill(기술/도구),원인 분석 및 조치
21,정보통신,210105,프론트엔드엔지니어,210105_L3,프론트엔드엔지니어 중급 독립 실무 및 문제해결 엔지니어링,3,Skill(기술/도구),성과 분석 리포팅
21,정보통신,210105,프론트엔드엔지니어,210105_L3,프론트엔드엔지니어 중급 독립 실무 및 문제해결 엔지니어링,3,Attitude(태도),분석적 사고력
21,정보통신,210105,프론트엔드엔지니어,210105_L3,프론트엔드엔지니어 중급 독립 실무 및 문제해결 엔지니어링,3,Attitude(태도),타 부서와의 원활한 협업 소통
21,정보통신,210105,프론트엔드엔지니어,210105_L4,프론트엔드엔지니어 고급 전문화 및 프로젝트/팀 리딩,4,Knowledge(지식),신기술 융합 아키텍처
21,정보통신,210105,프론트엔드엔지니어,210105_L4,프론트엔드엔지니어 고급 전문화 및 프로젝트/팀 리딩,4,Knowledge(지식),프로젝트 관리론(PMBOK/Agile)
21,정보통신,210105,프론트엔드엔지니어,210105_L4,프론트엔드엔지니어 고급 전문화 및 프로젝트/팀 리딩,4,Knowledge(지식),품질보증(QA) 거버넌스
21,정보통신,210105,프론트엔드엔지니어,210105_L4,프론트엔드엔지니어 고급 전문화 및 프로젝트/팀 리딩,4,Skill(기술/도구),전체 시스템 아키텍처 설계
21,정보통신,210105,프론트엔드엔지니어,210105_L4,프론트엔드엔지니어 고급 전문화 및 프로젝트/팀 리딩,4,Skill(기술/도구),애자일 스프린트 리딩
21,정보통신,210105,프론트엔드엔지니어,210105_L4,프론트엔드엔지니어 고급 전문화 및 프로젝트/팀 리딩,4,Skill(기술/도구),신기술 PoC 검증
21,정보통신,210105,프론트엔드엔지니어,210105_L4,프론트엔드엔지니어 고급 전문화 및 프로젝트/팀 리딩,4,Attitude(태도),혁신 지향 리더십
21,정보통신,210105,프론트엔드엔지니어,210105_L4,프론트엔드엔지니어 고급 전문화 및 프로젝트/팀 리딩,4,Attitude(태도),동료 성장 멘토링 마인드
21,정보통신,210105,프론트엔드엔지니어,210105_L5,프론트엔드엔지니어 전략 기획 및 전사 거버넌스 총괄,5,Knowledge(지식),경영 전략 및 자본 예산 배분
21,정보통신,210105,프론트엔드엔지니어,210105_L5,프론트엔드엔지니어 전략 기획 및 전사 거버넌스 총괄,5,Knowledge(지식),국내외 규제 컴플라이언스
21,정보통신,210105,프론트엔드엔지니어,210105_L5,프론트엔드엔지니어 전략 기획 및 전사 거버넌스 총괄,5,Knowledge(지식),엔터프라이즈 거버넌스
21,정보통신,210105,프론트엔드엔지니어,210105_L5,프론트엔드엔지니어 전략 기획 및 전사 거버넌스 총괄,5,Skill(기술/도구),전사 로드맵 수립
21,정보통신,210105,프론트엔드엔지니어,210105_L5,프론트엔드엔지니어 전략 기획 및 전사 거버넌스 총괄,5,Skill(기술/도구),투자 대비 성과(ROI) 모델링
21,정보통신,210105,프론트엔드엔지니어,210105_L5,프론트엔드엔지니어 전략 기획 및 전사 거버넌스 총괄,5,Skill(기술/도구),최고 의사결정 전략 제언
21,정보통신,210105,프론트엔드엔지니어,210105_L5,프론트엔드엔지니어 전략 기획 및 전사 거버넌스 총괄,5,Attitude(태도),거시적 통찰력
21,정보통신,210105,프론트엔드엔지니어,210105_L5,프론트엔드엔지니어 전략 기획 및 전사 거버넌스 총괄,5,Attitude(태도),전략적 윤리 리더십
21,정보통신,210106,모바일앱(iOS/Android)개발자,210106_L1,모바일앱(iOS/Android)개발자 기초 입문 및 업무 환경 지원,1,Knowledge(지식),모바일앱(iOS/Android)개발자 개론
21,정보통신,210106,모바일앱(iOS/Android)개발자,210106_L1,모바일앱(iOS/Android)개발자 기초 입문 및 업무 환경 지원,1,Knowledge(지식),표준 작업 지침서
21,정보통신,210106,모바일앱(iOS/Android)개발자,210106_L1,모바일앱(iOS/Android)개발자 기초 입문 및 업무 환경 지원,1,Knowledge(지식),기초 법령/규정
21,정보통신,210106,모바일앱(iOS/Android)개발자,210106_L1,모바일앱(iOS/Android)개발자 기초 입문 및 업무 환경 지원,1,Skill(기술/도구),기초 전산 툴 조작
21,정보통신,210106,모바일앱(iOS/Android)개발자,210106_L1,모바일앱(iOS/Android)개발자 기초 입문 및 업무 환경 지원,1,Skill(기술/도구),문서 서식 작성
21,정보통신,210106,모바일앱(iOS/Android)개발자,210106_L1,모바일앱(iOS/Android)개발자 기초 입문 및 업무 환경 지원,1,Skill(기술/도구),자료 검색 및 분류
21,정보통신,210106,모바일앱(iOS/Android)개발자,210106_L1,모바일앱(iOS/Android)개발자 기초 입문 및 업무 환경 지원,1,Attitude(태도),규정 준수 의식
21,정보통신,210106,모바일앱(iOS/Android)개발자,210106_L1,모바일앱(iOS/Android)개발자 기초 입문 및 업무 환경 지원,1,Attitude(태도),성실한 업무 지원 태도
21,정보통신,210106,모바일앱(iOS/Android)개발자,210106_L2,모바일앱(iOS/Android)개발자 초급 실무 및 정형 과업 수행,2,Knowledge(지식),모바일앱(iOS/Android)개발자 실무 프로세스
21,정보통신,210106,모바일앱(iOS/Android)개발자,210106_L2,모바일앱(iOS/Android)개발자 초급 실무 및 정형 과업 수행,2,Knowledge(지식),단위 업무 품질 기준
21,정보통신,210106,모바일앱(iOS/Android)개발자,210106_L2,모바일앱(iOS/Android)개발자 초급 실무 및 정형 과업 수행,2,Knowledge(지식),데이터 검증 기법
21,정보통신,210106,모바일앱(iOS/Android)개발자,210106_L2,모바일앱(iOS/Android)개발자 초급 실무 및 정형 과업 수행,2,Skill(기술/도구),실무 도구/SW 조작
21,정보통신,210106,모바일앱(iOS/Android)개발자,210106_L2,모바일앱(iOS/Android)개발자 초급 실무 및 정형 과업 수행,2,Skill(기술/도구),데이터 정제 및 가공
21,정보통신,210106,모바일앱(iOS/Android)개발자,210106_L2,모바일앱(iOS/Android)개발자 초급 실무 및 정형 과업 수행,2,Skill(기술/도구),단위 결과물 산출
21,정보통신,210106,모바일앱(iOS/Android)개발자,210106_L2,모바일앱(iOS/Android)개발자 초급 실무 및 정형 과업 수행,2,Attitude(태도),정확성과 꼼꼼함
21,정보통신,210106,모바일앱(iOS/Android)개발자,210106_L2,모바일앱(iOS/Android)개발자 초급 실무 및 정형 과업 수행,2,Attitude(태도),기한 준수 책임감
21,정보통신,210106,모바일앱(iOS/Android)개발자,210106_L3,모바일앱(iOS/Android)개발자 중급 독립 실무 및 문제해결 엔지니어링,3,Knowledge(지식),심화 모델링/설계 이론
21,정보통신,210106,모바일앱(iOS/Android)개발자,210106_L3,모바일앱(iOS/Android)개발자 중급 독립 실무 및 문제해결 엔지니어링,3,Knowledge(지식),성능 지표(KPI) 분석법
21,정보통신,210106,모바일앱(iOS/Android)개발자,210106_L3,모바일앱(iOS/Android)개발자 중급 독립 실무 및 문제해결 엔지니어링,3,Knowledge(지식),이슈 해결 방법론
21,정보통신,210106,모바일앱(iOS/Android)개발자,210106_L3,모바일앱(iOS/Android)개발자 중급 독립 실무 및 문제해결 엔지니어링,3,Skill(기술/도구),고급 도구/코드/기기 활용
21,정보통신,210106,모바일앱(iOS/Android)개발자,210106_L3,모바일앱(iOS/Android)개발자 중급 독립 실무 및 문제해결 엔지니어링,3,Skill(기술/도구),원인 분석 및 조치
21,정보통신,210106,모바일앱(iOS/Android)개발자,210106_L3,모바일앱(iOS/Android)개발자 중급 독립 실무 및 문제해결 엔지니어링,3,Skill(기술/도구),성과 분석 리포팅
21,정보통신,210106,모바일앱(iOS/Android)개발자,210106_L3,모바일앱(iOS/Android)개발자 중급 독립 실무 및 문제해결 엔지니어링,3,Attitude(태도),분석적 사고력
21,정보통신,210106,모바일앱(iOS/Android)개발자,210106_L3,모바일앱(iOS/Android)개발자 중급 독립 실무 및 문제해결 엔지니어링,3,Attitude(태도),타 부서와의 원활한 협업 소통
21,정보통신,210106,모바일앱(iOS/Android)개발자,210106_L4,모바일앱(iOS/Android)개발자 고급 전문화 및 프로젝트/팀 리딩,4,Knowledge(지식),신기술 융합 아키텍처
21,정보통신,210106,모바일앱(iOS/Android)개발자,210106_L4,모바일앱(iOS/Android)개발자 고급 전문화 및 프로젝트/팀 리딩,4,Knowledge(지식),프로젝트 관리론(PMBOK/Agile)
21,정보통신,210106,모바일앱(iOS/Android)개발자,210106_L4,모바일앱(iOS/Android)개발자 고급 전문화 및 프로젝트/팀 리딩,4,Knowledge(지식),품질보증(QA) 거버넌스
21,정보통신,210106,모바일앱(iOS/Android)개발자,210106_L4,모바일앱(iOS/Android)개발자 고급 전문화 및 프로젝트/팀 리딩,4,Skill(기술/도구),전체 시스템 아키텍처 설계
21,정보통신,210106,모바일앱(iOS/Android)개발자,210106_L4,모바일앱(iOS/Android)개발자 고급 전문화 및 프로젝트/팀 리딩,4,Skill(기술/도구),애자일 스프린트 리딩
21,정보통신,210106,모바일앱(iOS/Android)개발자,210106_L4,모바일앱(iOS/Android)개발자 고급 전문화 및 프로젝트/팀 리딩,4,Skill(기술/도구),신기술 PoC 검증
21,정보통신,210106,모바일앱(iOS/Android)개발자,210106_L4,모바일앱(iOS/Android)개발자 고급 전문화 및 프로젝트/팀 리딩,4,Attitude(태도),혁신 지향 리더십
21,정보통신,210106,모바일앱(iOS/Android)개발자,210106_L4,모바일앱(iOS/Android)개발자 고급 전문화 및 프로젝트/팀 리딩,4,Attitude(태도),동료 성장 멘토링 마인드
21,정보통신,210106,모바일앱(iOS/Android)개발자,210106_L5,모바일앱(iOS/Android)개발자 전략 기획 및 전사 거버넌스 총괄,5,Knowledge(지식),경영 전략 및 자본 예산 배분
21,정보통신,210106,모바일앱(iOS/Android)개발자,210106_L5,모바일앱(iOS/Android)개발자 전략 기획 및 전사 거버넌스 총괄,5,Knowledge(지식),국내외 규제 컴플라이언스
21,정보통신,210106,모바일앱(iOS/Android)개발자,210106_L5,모바일앱(iOS/Android)개발자 전략 기획 및 전사 거버넌스 총괄,5,Knowledge(지식),엔터프라이즈 거버넌스
21,정보통신,210106,모바일앱(iOS/Android)개발자,210106_L5,모바일앱(iOS/Android)개발자 전략 기획 및 전사 거버넌스 총괄,5,Skill(기술/도구),전사 로드맵 수립
21,정보통신,210106,모바일앱(iOS/Android)개발자,210106_L5,모바일앱(iOS/Android)개발자 전략 기획 및 전사 거버넌스 총괄,5,Skill(기술/도구),투자 대비 성과(ROI) 모델링
21,정보통신,210106,모바일앱(iOS/Android)개발자,210106_L5,모바일앱(iOS/Android)개발자 전략 기획 및 전사 거버넌스 총괄,5,Skill(기술/도구),최고 의사결정 전략 제언
21,정보통신,210106,모바일앱(iOS/Android)개발자,210106_L5,모바일앱(iOS/Android)개발자 전략 기획 및 전사 거버넌스 총괄,5,Attitude(태도),거시적 통찰력
21,정보통신,210106,모바일앱(iOS/Android)개발자,210106_L5,모바일앱(iOS/Android)개발자 전략 기획 및 전사 거버넌스 총괄,5,Attitude(태도),전략적 윤리 리더십
21,정보통신,210107,소프트웨어아키텍트,210107_L1,소프트웨어아키텍트 기초 입문 및 업무 환경 지원,1,Knowledge(지식),소프트웨어아키텍트 개론
21,정보통신,210107,소프트웨어아키텍트,210107_L1,소프트웨어아키텍트 기초 입문 및 업무 환경 지원,1,Knowledge(지식),표준 작업 지침서
21,정보통신,210107,소프트웨어아키텍트,210107_L1,소프트웨어아키텍트 기초 입문 및 업무 환경 지원,1,Knowledge(지식),기초 법령/규정
21,정보통신,210107,소프트웨어아키텍트,210107_L1,소프트웨어아키텍트 기초 입문 및 업무 환경 지원,1,Skill(기술/도구),기초 전산 툴 조작
21,정보통신,210107,소프트웨어아키텍트,210107_L1,소프트웨어아키텍트 기초 입문 및 업무 환경 지원,1,Skill(기술/도구),문서 서식 작성
21,정보통신,210107,소프트웨어아키텍트,210107_L1,소프트웨어아키텍트 기초 입문 및 업무 환경 지원,1,Skill(기술/도구),자료 검색 및 분류
21,정보통신,210107,소프트웨어아키텍트,210107_L1,소프트웨어아키텍트 기초 입문 및 업무 환경 지원,1,Attitude(태도),규정 준수 의식
21,정보통신,210107,소프트웨어아키텍트,210107_L1,소프트웨어아키텍트 기초 입문 및 업무 환경 지원,1,Attitude(태도),성실한 업무 지원 태도
21,정보통신,210107,소프트웨어아키텍트,210107_L2,소프트웨어아키텍트 초급 실무 및 정형 과업 수행,2,Knowledge(지식),소프트웨어아키텍트 실무 프로세스
21,정보통신,210107,소프트웨어아키텍트,210107_L2,소프트웨어아키텍트 초급 실무 및 정형 과업 수행,2,Knowledge(지식),단위 업무 품질 기준
21,정보통신,210107,소프트웨어아키텍트,210107_L2,소프트웨어아키텍트 초급 실무 및 정형 과업 수행,2,Knowledge(지식),데이터 검증 기법
21,정보통신,210107,소프트웨어아키텍트,210107_L2,소프트웨어아키텍트 초급 실무 및 정형 과업 수행,2,Skill(기술/도구),실무 도구/SW 조작
21,정보통신,210107,소프트웨어아키텍트,210107_L2,소프트웨어아키텍트 초급 실무 및 정형 과업 수행,2,Skill(기술/도구),데이터 정제 및 가공
21,정보통신,210107,소프트웨어아키텍트,210107_L2,소프트웨어아키텍트 초급 실무 및 정형 과업 수행,2,Skill(기술/도구),단위 결과물 산출
21,정보통신,210107,소프트웨어아키텍트,210107_L2,소프트웨어아키텍트 초급 실무 및 정형 과업 수행,2,Attitude(태도),정확성과 꼼꼼함
21,정보통신,210107,소프트웨어아키텍트,210107_L2,소프트웨어아키텍트 초급 실무 및 정형 과업 수행,2,Attitude(태도),기한 준수 책임감
21,정보통신,210107,소프트웨어아키텍트,210107_L3,소프트웨어아키텍트 중급 독립 실무 및 문제해결 엔지니어링,3,Knowledge(지식),심화 모델링/설계 이론
21,정보통신,210107,소프트웨어아키텍트,210107_L3,소프트웨어아키텍트 중급 독립 실무 및 문제해결 엔지니어링,3,Knowledge(지식),성능 지표(KPI) 분석법
21,정보통신,210107,소프트웨어아키텍트,210107_L3,소프트웨어아키텍트 중급 독립 실무 및 문제해결 엔지니어링,3,Knowledge(지식),이슈 해결 방법론
21,정보통신,210107,소프트웨어아키텍트,210107_L3,소프트웨어아키텍트 중급 독립 실무 및 문제해결 엔지니어링,3,Skill(기술/도구),고급 도구/코드/기기 활용
21,정보통신,210107,소프트웨어아키텍트,210107_L3,소프트웨어아키텍트 중급 독립 실무 및 문제해결 엔지니어링,3,Skill(기술/도구),원인 분석 및 조치
21,정보통신,210107,소프트웨어아키텍트,210107_L3,소프트웨어아키텍트 중급 독립 실무 및 문제해결 엔지니어링,3,Skill(기술/도구),성과 분석 리포팅
21,정보통신,210107,소프트웨어아키텍트,210107_L3,소프트웨어아키텍트 중급 독립 실무 및 문제해결 엔지니어링,3,Attitude(태도),분석적 사고력
21,정보통신,210107,소프트웨어아키텍트,210107_L3,소프트웨어아키텍트 중급 독립 실무 및 문제해결 엔지니어링,3,Attitude(태도),타 부서와의 원활한 협업 소통
21,정보통신,210107,소프트웨어아키텍트,210107_L4,소프트웨어아키텍트 고급 전문화 및 프로젝트/팀 리딩,4,Knowledge(지식),신기술 융합 아키텍처
21,정보통신,210107,소프트웨어아키텍트,210107_L4,소프트웨어아키텍트 고급 전문화 및 프로젝트/팀 리딩,4,Knowledge(지식),프로젝트 관리론(PMBOK/Agile)
21,정보통신,210107,소프트웨어아키텍트,210107_L4,소프트웨어아키텍트 고급 전문화 및 프로젝트/팀 리딩,4,Knowledge(지식),품질보증(QA) 거버넌스
21,정보통신,210107,소프트웨어아키텍트,210107_L4,소프트웨어아키텍트 고급 전문화 및 프로젝트/팀 리딩,4,Skill(기술/도구),전체 시스템 아키텍처 설계
21,정보통신,210107,소프트웨어아키텍트,210107_L4,소프트웨어아키텍트 고급 전문화 및 프로젝트/팀 리딩,4,Skill(기술/도구),애자일 스프린트 리딩
21,정보통신,210107,소프트웨어아키텍트,210107_L4,소프트웨어아키텍트 고급 전문화 및 프로젝트/팀 리딩,4,Skill(기술/도구),신기술 PoC 검증
21,정보통신,210107,소프트웨어아키텍트,210107_L4,소프트웨어아키텍트 고급 전문화 및 프로젝트/팀 리딩,4,Attitude(태도),혁신 지향 리더십
21,정보통신,210107,소프트웨어아키텍트,210107_L4,소프트웨어아키텍트 고급 전문화 및 프로젝트/팀 리딩,4,Attitude(태도),동료 성장 멘토링 마인드
21,정보통신,210107,소프트웨어아키텍트,210107_L5,소프트웨어아키텍트 전략 기획 및 전사 거버넌스 총괄,5,Knowledge(지식),경영 전략 및 자본 예산 배분
21,정보통신,210107,소프트웨어아키텍트,210107_L5,소프트웨어아키텍트 전략 기획 및 전사 거버넌스 총괄,5,Knowledge(지식),국내외 규제 컴플라이언스
21,정보통신,210107,소프트웨어아키텍트,210107_L5,소프트웨어아키텍트 전략 기획 및 전사 거버넌스 총괄,5,Knowledge(지식),엔터프라이즈 거버넌스
21,정보통신,210107,소프트웨어아키텍트,210107_L5,소프트웨어아키텍트 전략 기획 및 전사 거버넌스 총괄,5,Skill(기술/도구),전사 로드맵 수립
21,정보통신,210107,소프트웨어아키텍트,210107_L5,소프트웨어아키텍트 전략 기획 및 전사 거버넌스 총괄,5,Skill(기술/도구),투자 대비 성과(ROI) 모델링
21,정보통신,210107,소프트웨어아키텍트,210107_L5,소프트웨어아키텍트 전략 기획 및 전사 거버넌스 총괄,5,Skill(기술/도구),최고 의사결정 전략 제언
21,정보통신,210107,소프트웨어아키텍트,210107_L5,소프트웨어아키텍트 전략 기획 및 전사 거버넌스 총괄,5,Attitude(태도),거시적 통찰력
21,정보통신,210107,소프트웨어아키텍트,210107_L5,소프트웨어아키텍트 전략 기획 및 전사 거버넌스 총괄,5,Attitude(태도),전략적 윤리 리더십
21,정보통신,210108,임베디드SW엔지니어,210108_L1,임베디드SW엔지니어 기초 입문 및 업무 환경 지원,1,Knowledge(지식),임베디드SW엔지니어 개론
21,정보통신,210108,임베디드SW엔지니어,210108_L1,임베디드SW엔지니어 기초 입문 및 업무 환경 지원,1,Knowledge(지식),표준 작업 지침서
21,정보통신,210108,임베디드SW엔지니어,210108_L1,임베디드SW엔지니어 기초 입문 및 업무 환경 지원,1,Knowledge(지식),기초 법령/규정
21,정보통신,210108,임베디드SW엔지니어,210108_L1,임베디드SW엔지니어 기초 입문 및 업무 환경 지원,1,Skill(기술/도구),기초 전산 툴 조작
21,정보통신,210108,임베디드SW엔지니어,210108_L1,임베디드SW엔지니어 기초 입문 및 업무 환경 지원,1,Skill(기술/도구),문서 서식 작성
21,정보통신,210108,임베디드SW엔지니어,210108_L1,임베디드SW엔지니어 기초 입문 및 업무 환경 지원,1,Skill(기술/도구),자료 검색 및 분류
21,정보통신,210108,임베디드SW엔지니어,210108_L1,임베디드SW엔지니어 기초 입문 및 업무 환경 지원,1,Attitude(태도),규정 준수 의식
21,정보통신,210108,임베디드SW엔지니어,210108_L1,임베디드SW엔지니어 기초 입문 및 업무 환경 지원,1,Attitude(태도),성실한 업무 지원 태도
21,정보통신,210108,임베디드SW엔지니어,210108_L2,임베디드SW엔지니어 초급 실무 및 정형 과업 수행,2,Knowledge(지식),임베디드SW엔지니어 실무 프로세스
21,정보통신,210108,임베디드SW엔지니어,210108_L2,임베디드SW엔지니어 초급 실무 및 정형 과업 수행,2,Knowledge(지식),단위 업무 품질 기준
21,정보통신,210108,임베디드SW엔지니어,210108_L2,임베디드SW엔지니어 초급 실무 및 정형 과업 수행,2,Knowledge(지식),데이터 검증 기법
21,정보통신,210108,임베디드SW엔지니어,210108_L2,임베디드SW엔지니어 초급 실무 및 정형 과업 수행,2,Skill(기술/도구),실무 도구/SW 조작
21,정보통신,210108,임베디드SW엔지니어,210108_L2,임베디드SW엔지니어 초급 실무 및 정형 과업 수행,2,Skill(기술/도구),데이터 정제 및 가공
21,정보통신,210108,임베디드SW엔지니어,210108_L2,임베디드SW엔지니어 초급 실무 및 정형 과업 수행,2,Skill(기술/도구),단위 결과물 산출
21,정보통신,210108,임베디드SW엔지니어,210108_L2,임베디드SW엔지니어 초급 실무 및 정형 과업 수행,2,Attitude(태도),정확성과 꼼꼼함
21,정보통신,210108,임베디드SW엔지니어,210108_L2,임베디드SW엔지니어 초급 실무 및 정형 과업 수행,2,Attitude(태도),기한 준수 책임감
21,정보통신,210108,임베디드SW엔지니어,210108_L3,임베디드SW엔지니어 중급 독립 실무 및 문제해결 엔지니어링,3,Knowledge(지식),심화 모델링/설계 이론
21,정보통신,210108,임베디드SW엔지니어,210108_L3,임베디드SW엔지니어 중급 독립 실무 및 문제해결 엔지니어링,3,Knowledge(지식),성능 지표(KPI) 분석법
21,정보통신,210108,임베디드SW엔지니어,210108_L3,임베디드SW엔지니어 중급 독립 실무 및 문제해결 엔지니어링,3,Knowledge(지식),이슈 해결 방법론
21,정보통신,210108,임베디드SW엔지니어,210108_L3,임베디드SW엔지니어 중급 독립 실무 및 문제해결 엔지니어링,3,Skill(기술/도구),고급 도구/코드/기기 활용
21,정보통신,210108,임베디드SW엔지니어,210108_L3,임베디드SW엔지니어 중급 독립 실무 및 문제해결 엔지니어링,3,Skill(기술/도구),원인 분석 및 조치
21,정보통신,210108,임베디드SW엔지니어,210108_L3,임베디드SW엔지니어 중급 독립 실무 및 문제해결 엔지니어링,3,Skill(기술/도구),성과 분석 리포팅
21,정보통신,210108,임베디드SW엔지니어,210108_L3,임베디드SW엔지니어 중급 독립 실무 및 문제해결 엔지니어링,3,Attitude(태도),분석적 사고력
21,정보통신,210108,임베디드SW엔지니어,210108_L3,임베디드SW엔지니어 중급 독립 실무 및 문제해결 엔지니어링,3,Attitude(태도),타 부서와의 원활한 협업 소통
21,정보통신,210108,임베디드SW엔지니어,210108_L4,임베디드SW엔지니어 고급 전문화 및 프로젝트/팀 리딩,4,Knowledge(지식),신기술 융합 아키텍처
21,정보통신,210108,임베디드SW엔지니어,210108_L4,임베디드SW엔지니어 고급 전문화 및 프로젝트/팀 리딩,4,Knowledge(지식),프로젝트 관리론(PMBOK/Agile)
21,정보통신,210108,임베디드SW엔지니어,210108_L4,임베디드SW엔지니어 고급 전문화 및 프로젝트/팀 리딩,4,Knowledge(지식),품질보증(QA) 거버넌스
21,정보통신,210108,임베디드SW엔지니어,210108_L4,임베디드SW엔지니어 고급 전문화 및 프로젝트/팀 리딩,4,Skill(기술/도구),전체 시스템 아키텍처 설계
21,정보통신,210108,임베디드SW엔지니어,210108_L4,임베디드SW엔지니어 고급 전문화 및 프로젝트/팀 리딩,4,Skill(기술/도구),애자일 스프린트 리딩
21,정보통신,210108,임베디드SW엔지니어,210108_L4,임베디드SW엔지니어 고급 전문화 및 프로젝트/팀 리딩,4,Skill(기술/도구),신기술 PoC 검증
21,정보통신,210108,임베디드SW엔지니어,210108_L4,임베디드SW엔지니어 고급 전문화 및 프로젝트/팀 리딩,4,Attitude(태도),혁신 지향 리더십
21,정보통신,210108,임베디드SW엔지니어,210108_L4,임베디드SW엔지니어 고급 전문화 및 프로젝트/팀 리딩,4,Attitude(태도),동료 성장 멘토링 마인드
21,정보통신,210108,임베디드SW엔지니어,210108_L5,임베디드SW엔지니어 전략 기획 및 전사 거버넌스 총괄,5,Knowledge(지식),경영 전략 및 자본 예산 배분
21,정보통신,210108,임베디드SW엔지니어,210108_L5,임베디드SW엔지니어 전략 기획 및 전사 거버넌스 총괄,5,Knowledge(지식),국내외 규제 컴플라이언스
21,정보통신,210108,임베디드SW엔지니어,210108_L5,임베디드SW엔지니어 전략 기획 및 전사 거버넌스 총괄,5,Knowledge(지식),엔터프라이즈 거버넌스
21,정보통신,210108,임베디드SW엔지니어,210108_L5,임베디드SW엔지니어 전략 기획 및 전사 거버넌스 총괄,5,Skill(기술/도구),전사 로드맵 수립
21,정보통신,210108,임베디드SW엔지니어,210108_L5,임베디드SW엔지니어 전략 기획 및 전사 거버넌스 총괄,5,Skill(기술/도구),투자 대비 성과(ROI) 모델링
21,정보통신,210108,임베디드SW엔지니어,210108_L5,임베디드SW엔지니어 전략 기획 및 전사 거버넌스 총괄,5,Skill(기술/도구),최고 의사결정 전략 제언
21,정보통신,210108,임베디드SW엔지니어,210108_L5,임베디드SW엔지니어 전략 기획 및 전사 거버넌스 총괄,5,Attitude(태도),거시적 통찰력
21,정보통신,210108,임베디드SW엔지니어,210108_L5,임베디드SW엔지니어 전략 기획 및 전사 거버넌스 총괄,5,Attitude(태도),전략적 윤리 리더십
21,정보통신,210109,게임서버엔지니어,210109_L1,게임서버엔지니어 기초 입문 및 업무 환경 지원,1,Knowledge(지식),게임서버엔지니어 개론
21,정보통신,210109,게임서버엔지니어,210109_L1,게임서버엔지니어 기초 입문 및 업무 환경 지원,1,Knowledge(지식),표준 작업 지침서
21,정보통신,210109,게임서버엔지니어,210109_L1,게임서버엔지니어 기초 입문 및 업무 환경 지원,1,Knowledge(지식),기초 법령/규정
21,정보통신,210109,게임서버엔지니어,210109_L1,게임서버엔지니어 기초 입문 및 업무 환경 지원,1,Skill(기술/도구),기초 전산 툴 조작
21,정보통신,210109,게임서버엔지니어,210109_L1,게임서버엔지니어 기초 입문 및 업무 환경 지원,1,Skill(기술/도구),문서 서식 작성
21,정보통신,210109,게임서버엔지니어,210109_L1,게임서버엔지니어 기초 입문 및 업무 환경 지원,1,Skill(기술/도구),자료 검색 및 분류
21,정보통신,210109,게임서버엔지니어,210109_L1,게임서버엔지니어 기초 입문 및 업무 환경 지원,1,Attitude(태도),규정 준수 의식
21,정보통신,210109,게임서버엔지니어,210109_L1,게임서버엔지니어 기초 입문 및 업무 환경 지원,1,Attitude(태도),성실한 업무 지원 태도
21,정보통신,210109,게임서버엔지니어,210109_L2,게임서버엔지니어 초급 실무 및 정형 과업 수행,2,Knowledge(지식),게임서버엔지니어 실무 프로세스
21,정보통신,210109,게임서버엔지니어,210109_L2,게임서버엔지니어 초급 실무 및 정형 과업 수행,2,Knowledge(지식),단위 업무 품질 기준
21,정보통신,210109,게임서버엔지니어,210109_L2,게임서버엔지니어 초급 실무 및 정형 과업 수행,2,Knowledge(지식),데이터 검증 기법
21,정보통신,210109,게임서버엔지니어,210109_L2,게임서버엔지니어 초급 실무 및 정형 과업 수행,2,Skill(기술/도구),실무 도구/SW 조작
21,정보통신,210109,게임서버엔지니어,210109_L2,게임서버엔지니어 초급 실무 및 정형 과업 수행,2,Skill(기술/도구),데이터 정제 및 가공
21,정보통신,210109,게임서버엔지니어,210109_L2,게임서버엔지니어 초급 실무 및 정형 과업 수행,2,Skill(기술/도구),단위 결과물 산출
21,정보통신,210109,게임서버엔지니어,210109_L2,게임서버엔지니어 초급 실무 및 정형 과업 수행,2,Attitude(태도),정확성과 꼼꼼함
21,정보통신,210109,게임서버엔지니어,210109_L2,게임서버엔지니어 초급 실무 및 정형 과업 수행,2,Attitude(태도),기한 준수 책임감
21,정보통신,210109,게임서버엔지니어,210109_L3,게임서버엔지니어 중급 독립 실무 및 문제해결 엔지니어링,3,Knowledge(지식),심화 모델링/설계 이론
21,정보통신,210109,게임서버엔지니어,210109_L3,게임서버엔지니어 중급 독립 실무 및 문제해결 엔지니어링,3,Knowledge(지식),성능 지표(KPI) 분석법
21,정보통신,210109,게임서버엔지니어,210109_L3,게임서버엔지니어 중급 독립 실무 및 문제해결 엔지니어링,3,Knowledge(지식),이슈 해결 방법론
21,정보통신,210109,게임서버엔지니어,210109_L3,게임서버엔지니어 중급 독립 실무 및 문제해결 엔지니어링,3,Skill(기술/도구),고급 도구/코드/기기 활용
21,정보통신,210109,게임서버엔지니어,210109_L3,게임서버엔지니어 중급 독립 실무 및 문제해결 엔지니어링,3,Skill(기술/도구),원인 분석 및 조치
21,정보통신,210109,게임서버엔지니어,210109_L3,게임서버엔지니어 중급 독립 실무 및 문제해결 엔지니어링,3,Skill(기술/도구),성과 분석 리포팅
21,정보통신,210109,게임서버엔지니어,210109_L3,게임서버엔지니어 중급 독립 실무 및 문제해결 엔지니어링,3,Attitude(태도),분석적 사고력
21,정보통신,210109,게임서버엔지니어,210109_L3,게임서버엔지니어 중급 독립 실무 및 문제해결 엔지니어링,3,Attitude(태도),타 부서와의 원활한 협업 소통
21,정보통신,210109,게임서버엔지니어,210109_L4,게임서버엔지니어 고급 전문화 및 프로젝트/팀 리딩,4,Knowledge(지식),신기술 융합 아키텍처
21,정보통신,210109,게임서버엔지니어,210109_L4,게임서버엔지니어 고급 전문화 및 프로젝트/팀 리딩,4,Knowledge(지식),프로젝트 관리론(PMBOK/Agile)
21,정보통신,210109,게임서버엔지니어,210109_L4,게임서버엔지니어 고급 전문화 및 프로젝트/팀 리딩,4,Knowledge(지식),품질보증(QA) 거버넌스
21,정보통신,210109,게임서버엔지니어,210109_L4,게임서버엔지니어 고급 전문화 및 프로젝트/팀 리딩,4,Skill(기술/도구),전체 시스템 아키텍처 설계
21,정보통신,210109,게임서버엔지니어,210109_L4,게임서버엔지니어 고급 전문화 및 프로젝트/팀 리딩,4,Skill(기술/도구),애자일 스프린트 리딩
21,정보통신,210109,게임서버엔지니어,210109_L4,게임서버엔지니어 고급 전문화 및 프로젝트/팀 리딩,4,Skill(기술/도구),신기술 PoC 검증
21,정보통신,210109,게임서버엔지니어,210109_L4,게임서버엔지니어 고급 전문화 및 프로젝트/팀 리딩,4,Attitude(태도),혁신 지향 리더십
21,정보통신,210109,게임서버엔지니어,210109_L4,게임서버엔지니어 고급 전문화 및 프로젝트/팀 리딩,4,Attitude(태도),동료 성장 멘토링 마인드
21,정보통신,210109,게임서버엔지니어,210109_L5,게임서버엔지니어 전략 기획 및 전사 거버넌스 총괄,5,Knowledge(지식),경영 전략 및 자본 예산 배분
21,정보통신,210109,게임서버엔지니어,210109_L5,게임서버엔지니어 전략 기획 및 전사 거버넌스 총괄,5,Knowledge(지식),국내외 규제 컴플라이언스
21,정보통신,210109,게임서버엔지니어,210109_L5,게임서버엔지니어 전략 기획 및 전사 거버넌스 총괄,5,Knowledge(지식),엔터프라이즈 거버넌스
21,정보통신,210109,게임서버엔지니어,210109_L5,게임서버엔지니어 전략 기획 및 전사 거버넌스 총괄,5,Skill(기술/도구),전사 로드맵 수립
21,정보통신,210109,게임서버엔지니어,210109_L5,게임서버엔지니어 전략 기획 및 전사 거버넌스 총괄,5,Skill(기술/도구),투자 대비 성과(ROI) 모델링
21,정보통신,210109,게임서버엔지니어,210109_L5,게임서버엔지니어 전략 기획 및 전사 거버넌스 총괄,5,Skill(기술/도구),최고 의사결정 전략 제언
21,정보통신,210109,게임서버엔지니어,210109_L5,게임서버엔지니어 전략 기획 및 전사 거버넌스 총괄,5,Attitude(태도),거시적 통찰력
21,정보통신,210109,게임서버엔지니어,210109_L5,게임서버엔지니어 전략 기획 및 전사 거버넌스 총괄,5,Attitude(태도),전략적 윤리 리더십
21,정보통신,210110,블록체인스마트컨트랙트,210110_L1,블록체인스마트컨트랙트 기초 입문 및 업무 환경 지원,1,Knowledge(지식),블록체인스마트컨트랙트 개론
21,정보통신,210110,블록체인스마트컨트랙트,210110_L1,블록체인스마트컨트랙트 기초 입문 및 업무 환경 지원,1,Knowledge(지식),표준 작업 지침서
21,정보통신,210110,블록체인스마트컨트랙트,210110_L1,블록체인스마트컨트랙트 기초 입문 및 업무 환경 지원,1,Knowledge(지식),기초 법령/규정
21,정보통신,210110,블록체인스마트컨트랙트,210110_L1,블록체인스마트컨트랙트 기초 입문 및 업무 환경 지원,1,Skill(기술/도구),기초 전산 툴 조작
21,정보통신,210110,블록체인스마트컨트랙트,210110_L1,블록체인스마트컨트랙트 기초 입문 및 업무 환경 지원,1,Skill(기술/도구),문서 서식 작성
21,정보통신,210110,블록체인스마트컨트랙트,210110_L1,블록체인스마트컨트랙트 기초 입문 및 업무 환경 지원,1,Skill(기술/도구),자료 검색 및 분류
21,정보통신,210110,블록체인스마트컨트랙트,210110_L1,블록체인스마트컨트랙트 기초 입문 및 업무 환경 지원,1,Attitude(태도),규정 준수 의식
21,정보통신,210110,블록체인스마트컨트랙트,210110_L1,블록체인스마트컨트랙트 기초 입문 및 업무 환경 지원,1,Attitude(태도),성실한 업무 지원 태도
21,정보통신,210110,블록체인스마트컨트랙트,210110_L2,블록체인스마트컨트랙트 초급 실무 및 정형 과업 수행,2,Knowledge(지식),블록체인스마트컨트랙트 실무 프로세스
21,정보통신,210110,블록체인스마트컨트랙트,210110_L2,블록체인스마트컨트랙트 초급 실무 및 정형 과업 수행,2,Knowledge(지식),단위 업무 품질 기준
21,정보통신,210110,블록체인스마트컨트랙트,210110_L2,블록체인스마트컨트랙트 초급 실무 및 정형 과업 수행,2,Knowledge(지식),데이터 검증 기법
21,정보통신,210110,블록체인스마트컨트랙트,210110_L2,블록체인스마트컨트랙트 초급 실무 및 정형 과업 수행,2,Skill(기술/도구),실무 도구/SW 조작
21,정보통신,210110,블록체인스마트컨트랙트,210110_L2,블록체인스마트컨트랙트 초급 실무 및 정형 과업 수행,2,Skill(기술/도구),데이터 정제 및 가공
21,정보통신,210110,블록체인스마트컨트랙트,210110_L2,블록체인스마트컨트랙트 초급 실무 및 정형 과업 수행,2,Skill(기술/도구),단위 결과물 산출
21,정보통신,210110,블록체인스마트컨트랙트,210110_L2,블록체인스마트컨트랙트 초급 실무 및 정형 과업 수행,2,Attitude(태도),정확성과 꼼꼼함
21,정보통신,210110,블록체인스마트컨트랙트,210110_L2,블록체인스마트컨트랙트 초급 실무 및 정형 과업 수행,2,Attitude(태도),기한 준수 책임감
21,정보통신,210110,블록체인스마트컨트랙트,210110_L3,블록체인스마트컨트랙트 중급 독립 실무 및 문제해결 엔지니어링,3,Knowledge(지식),심화 모델링/설계 이론
21,정보통신,210110,블록체인스마트컨트랙트,210110_L3,블록체인스마트컨트랙트 중급 독립 실무 및 문제해결 엔지니어링,3,Knowledge(지식),성능 지표(KPI) 분석법
21,정보통신,210110,블록체인스마트컨트랙트,210110_L3,블록체인스마트컨트랙트 중급 독립 실무 및 문제해결 엔지니어링,3,Knowledge(지식),이슈 해결 방법론
21,정보통신,210110,블록체인스마트컨트랙트,210110_L3,블록체인스마트컨트랙트 중급 독립 실무 및 문제해결 엔지니어링,3,Skill(기술/도구),고급 도구/코드/기기 활용
21,정보통신,210110,블록체인스마트컨트랙트,210110_L3,블록체인스마트컨트랙트 중급 독립 실무 및 문제해결 엔지니어링,3,Skill(기술/도구),원인 분석 및 조치
21,정보통신,210110,블록체인스마트컨트랙트,210110_L3,블록체인스마트컨트랙트 중급 독립 실무 및 문제해결 엔지니어링,3,Skill(기술/도구),성과 분석 리포팅
21,정보통신,210110,블록체인스마트컨트랙트,210110_L3,블록체인스마트컨트랙트 중급 독립 실무 및 문제해결 엔지니어링,3,Attitude(태도),분석적 사고력
21,정보통신,210110,블록체인스마트컨트랙트,210110_L3,블록체인스마트컨트랙트 중급 독립 실무 및 문제해결 엔지니어링,3,Attitude(태도),타 부서와의 원활한 협업 소통
21,정보통신,210110,블록체인스마트컨트랙트,210110_L4,블록체인스마트컨트랙트 고급 전문화 및 프로젝트/팀 리딩,4,Knowledge(지식),신기술 융합 아키텍처
21,정보통신,210110,블록체인스마트컨트랙트,210110_L4,블록체인스마트컨트랙트 고급 전문화 및 프로젝트/팀 리딩,4,Knowledge(지식),프로젝트 관리론(PMBOK/Agile)
21,정보통신,210110,블록체인스마트컨트랙트,210110_L4,블록체인스마트컨트랙트 고급 전문화 및 프로젝트/팀 리딩,4,Knowledge(지식),품질보증(QA) 거버넌스
21,정보통신,210110,블록체인스마트컨트랙트,210110_L4,블록체인스마트컨트랙트 고급 전문화 및 프로젝트/팀 리딩,4,Skill(기술/도구),전체 시스템 아키텍처 설계
21,정보통신,210110,블록체인스마트컨트랙트,210110_L4,블록체인스마트컨트랙트 고급 전문화 및 프로젝트/팀 리딩,4,Skill(기술/도구),애자일 스프린트 리딩
21,정보통신,210110,블록체인스마트컨트랙트,210110_L4,블록체인스마트컨트랙트 고급 전문화 및 프로젝트/팀 리딩,4,Skill(기술/도구),신기술 PoC 검증
21,정보통신,210110,블록체인스마트컨트랙트,210110_L4,블록체인스마트컨트랙트 고급 전문화 및 프로젝트/팀 리딩,4,Attitude(태도),혁신 지향 리더십
21,정보통신,210110,블록체인스마트컨트랙트,210110_L4,블록체인스마트컨트랙트 고급 전문화 및 프로젝트/팀 리딩,4,Attitude(태도),동료 성장 멘토링 마인드
21,정보통신,210110,블록체인스마트컨트랙트,210110_L5,블록체인스마트컨트랙트 전략 기획 및 전사 거버넌스 총괄,5,Knowledge(지식),경영 전략 및 자본 예산 배분
21,정보통신,210110,블록체인스마트컨트랙트,210110_L5,블록체인스마트컨트랙트 전략 기획 및 전사 거버넌스 총괄,5,Knowledge(지식),국내외 규제 컴플라이언스
21,정보통신,210110,블록체인스마트컨트랙트,210110_L5,블록체인스마트컨트랙트 전략 기획 및 전사 거버넌스 총괄,5,Knowledge(지식),엔터프라이즈 거버넌스
21,정보통신,210110,블록체인스마트컨트랙트,210110_L5,블록체인스마트컨트랙트 전략 기획 및 전사 거버넌스 총괄,5,Skill(기술/도구),전사 로드맵 수립
21,정보통신,210110,블록체인스마트컨트랙트,210110_L5,블록체인스마트컨트랙트 전략 기획 및 전사 거버넌스 총괄,5,Skill(기술/도구),투자 대비 성과(ROI) 모델링
21,정보통신,210110,블록체인스마트컨트랙트,210110_L5,블록체인스마트컨트랙트 전략 기획 및 전사 거버넌스 총괄,5,Skill(기술/도구),최고 의사결정 전략 제언
21,정보통신,210110,블록체인스마트컨트랙트,210110_L5,블록체인스마트컨트랙트 전략 기획 및 전사 거버넌스 총괄,5,Attitude(태도),거시적 통찰력
21,정보통신,210110,블록체인스마트컨트랙트,210110_L5,블록체인스마트컨트랙트 전략 기획 및 전사 거버넌스 총괄,5,Attitude(태도),전략적 윤리 리더십
21,정보통신,210211,클라우드DevOps엔지니어,210211_L1,클라우드DevOps엔지니어 기초 입문 및 업무 환경 지원,1,Knowledge(지식),클라우드DevOps엔지니어 개론
21,정보통신,210211,클라우드DevOps엔지니어,210211_L1,클라우드DevOps엔지니어 기초 입문 및 업무 환경 지원,1,Knowledge(지식),표준 작업 지침서
21,정보통신,210211,클라우드DevOps엔지니어,210211_L1,클라우드DevOps엔지니어 기초 입문 및 업무 환경 지원,1,Knowledge(지식),기초 법령/규정
21,정보통신,210211,클라우드DevOps엔지니어,210211_L1,클라우드DevOps엔지니어 기초 입문 및 업무 환경 지원,1,Skill(기술/도구),기초 전산 툴 조작
21,정보통신,210211,클라우드DevOps엔지니어,210211_L1,클라우드DevOps엔지니어 기초 입문 및 업무 환경 지원,1,Skill(기술/도구),문서 서식 작성
21,정보통신,210211,클라우드DevOps엔지니어,210211_L1,클라우드DevOps엔지니어 기초 입문 및 업무 환경 지원,1,Skill(기술/도구),자료 검색 및 분류
21,정보통신,210211,클라우드DevOps엔지니어,210211_L1,클라우드DevOps엔지니어 기초 입문 및 업무 환경 지원,1,Attitude(태도),규정 준수 의식
21,정보통신,210211,클라우드DevOps엔지니어,210211_L1,클라우드DevOps엔지니어 기초 입문 및 업무 환경 지원,1,Attitude(태도),성실한 업무 지원 태도
21,정보통신,210211,클라우드DevOps엔지니어,210211_L2,클라우드DevOps엔지니어 초급 실무 및 정형 과업 수행,2,Knowledge(지식),클라우드DevOps엔지니어 실무 프로세스
21,정보통신,210211,클라우드DevOps엔지니어,210211_L2,클라우드DevOps엔지니어 초급 실무 및 정형 과업 수행,2,Knowledge(지식),단위 업무 품질 기준
21,정보통신,210211,클라우드DevOps엔지니어,210211_L2,클라우드DevOps엔지니어 초급 실무 및 정형 과업 수행,2,Knowledge(지식),데이터 검증 기법
21,정보통신,210211,클라우드DevOps엔지니어,210211_L2,클라우드DevOps엔지니어 초급 실무 및 정형 과업 수행,2,Skill(기술/도구),실무 도구/SW 조작
21,정보통신,210211,클라우드DevOps엔지니어,210211_L2,클라우드DevOps엔지니어 초급 실무 및 정형 과업 수행,2,Skill(기술/도구),데이터 정제 및 가공
21,정보통신,210211,클라우드DevOps엔지니어,210211_L2,클라우드DevOps엔지니어 초급 실무 및 정형 과업 수행,2,Skill(기술/도구),단위 결과물 산출
21,정보통신,210211,클라우드DevOps엔지니어,210211_L2,클라우드DevOps엔지니어 초급 실무 및 정형 과업 수행,2,Attitude(태도),정확성과 꼼꼼함
21,정보통신,210211,클라우드DevOps엔지니어,210211_L2,클라우드DevOps엔지니어 초급 실무 및 정형 과업 수행,2,Attitude(태도),기한 준수 책임감
21,정보통신,210211,클라우드DevOps엔지니어,210211_L3,클라우드DevOps엔지니어 중급 독립 실무 및 문제해결 엔지니어링,3,Knowledge(지식),심화 모델링/설계 이론
21,정보통신,210211,클라우드DevOps엔지니어,210211_L3,클라우드DevOps엔지니어 중급 독립 실무 및 문제해결 엔지니어링,3,Knowledge(지식),성능 지표(KPI) 분석법
21,정보통신,210211,클라우드DevOps엔지니어,210211_L3,클라우드DevOps엔지니어 중급 독립 실무 및 문제해결 엔지니어링,3,Knowledge(지식),이슈 해결 방법론
21,정보통신,210211,클라우드DevOps엔지니어,210211_L3,클라우드DevOps엔지니어 중급 독립 실무 및 문제해결 엔지니어링,3,Skill(기술/도구),고급 도구/코드/기기 활용
21,정보통신,210211,클라우드DevOps엔지니어,210211_L3,클라우드DevOps엔지니어 중급 독립 실무 및 문제해결 엔지니어링,3,Skill(기술/도구),원인 분석 및 조치
21,정보통신,210211,클라우드DevOps엔지니어,210211_L3,클라우드DevOps엔지니어 중급 독립 실무 및 문제해결 엔지니어링,3,Skill(기술/도구),성과 분석 리포팅
21,정보통신,210211,클라우드DevOps엔지니어,210211_L3,클라우드DevOps엔지니어 중급 독립 실무 및 문제해결 엔지니어링,3,Attitude(태도),분석적 사고력
21,정보통신,210211,클라우드DevOps엔지니어,210211_L3,클라우드DevOps엔지니어 중급 독립 실무 및 문제해결 엔지니어링,3,Attitude(태도),타 부서와의 원활한 협업 소통
21,정보통신,210211,클라우드DevOps엔지니어,210211_L4,클라우드DevOps엔지니어 고급 전문화 및 프로젝트/팀 리딩,4,Knowledge(지식),신기술 융합 아키텍처
21,정보통신,210211,클라우드DevOps엔지니어,210211_L4,클라우드DevOps엔지니어 고급 전문화 및 프로젝트/팀 리딩,4,Knowledge(지식),프로젝트 관리론(PMBOK/Agile)
21,정보통신,210211,클라우드DevOps엔지니어,210211_L4,클라우드DevOps엔지니어 고급 전문화 및 프로젝트/팀 리딩,4,Knowledge(지식),품질보증(QA) 거버넌스
21,정보통신,210211,클라우드DevOps엔지니어,210211_L4,클라우드DevOps엔지니어 고급 전문화 및 프로젝트/팀 리딩,4,Skill(기술/도구),전체 시스템 아키텍처 설계
21,정보통신,210211,클라우드DevOps엔지니어,210211_L4,클라우드DevOps엔지니어 고급 전문화 및 프로젝트/팀 리딩,4,Skill(기술/도구),애자일 스프린트 리딩
21,정보통신,210211,클라우드DevOps엔지니어,210211_L4,클라우드DevOps엔지니어 고급 전문화 및 프로젝트/팀 리딩,4,Skill(기술/도구),신기술 PoC 검증
21,정보통신,210211,클라우드DevOps엔지니어,210211_L4,클라우드DevOps엔지니어 고급 전문화 및 프로젝트/팀 리딩,4,Attitude(태도),혁신 지향 리더십
21,정보통신,210211,클라우드DevOps엔지니어,210211_L4,클라우드DevOps엔지니어 고급 전문화 및 프로젝트/팀 리딩,4,Attitude(태도),동료 성장 멘토링 마인드
21,정보통신,210211,클라우드DevOps엔지니어,210211_L5,클라우드DevOps엔지니어 전략 기획 및 전사 거버넌스 총괄,5,Knowledge(지식),경영 전략 및 자본 예산 배분
21,정보통신,210211,클라우드DevOps엔지니어,210211_L5,클라우드DevOps엔지니어 전략 기획 및 전사 거버넌스 총괄,5,Knowledge(지식),국내외 규제 컴플라이언스
21,정보통신,210211,클라우드DevOps엔지니어,210211_L5,클라우드DevOps엔지니어 전략 기획 및 전사 거버넌스 총괄,5,Knowledge(지식),엔터프라이즈 거버넌스
21,정보통신,210211,클라우드DevOps엔지니어,210211_L5,클라우드DevOps엔지니어 전략 기획 및 전사 거버넌스 총괄,5,Skill(기술/도구),전사 로드맵 수립
21,정보통신,210211,클라우드DevOps엔지니어,210211_L5,클라우드DevOps엔지니어 전략 기획 및 전사 거버넌스 총괄,5,Skill(기술/도구),투자 대비 성과(ROI) 모델링
21,정보통신,210211,클라우드DevOps엔지니어,210211_L5,클라우드DevOps엔지니어 전략 기획 및 전사 거버넌스 총괄,5,Skill(기술/도구),최고 의사결정 전략 제언
21,정보통신,210211,클라우드DevOps엔지니어,210211_L5,클라우드DevOps엔지니어 전략 기획 및 전사 거버넌스 총괄,5,Attitude(태도),거시적 통찰력
21,정보통신,210211,클라우드DevOps엔지니어,210211_L5,클라우드DevOps엔지니어 전략 기획 및 전사 거버넌스 총괄,5,Attitude(태도),전략적 윤리 리더십
21,정보통신,210212,정보보안모의해킹전문가,210212_L1,정보보안모의해킹전문가 기초 입문 및 업무 환경 지원,1,Knowledge(지식),정보보안모의해킹전문가 개론
21,정보통신,210212,정보보안모의해킹전문가,210212_L1,정보보안모의해킹전문가 기초 입문 및 업무 환경 지원,1,Knowledge(지식),표준 작업 지침서
21,정보통신,210212,정보보안모의해킹전문가,210212_L1,정보보안모의해킹전문가 기초 입문 및 업무 환경 지원,1,Knowledge(지식),기초 법령/규정
21,정보통신,210212,정보보안모의해킹전문가,210212_L1,정보보안모의해킹전문가 기초 입문 및 업무 환경 지원,1,Skill(기술/도구),기초 전산 툴 조작
21,정보통신,210212,정보보안모의해킹전문가,210212_L1,정보보안모의해킹전문가 기초 입문 및 업무 환경 지원,1,Skill(기술/도구),문서 서식 작성
21,정보통신,210212,정보보안모의해킹전문가,210212_L1,정보보안모의해킹전문가 기초 입문 및 업무 환경 지원,1,Skill(기술/도구),자료 검색 및 분류
21,정보통신,210212,정보보안모의해킹전문가,210212_L1,정보보안모의해킹전문가 기초 입문 및 업무 환경 지원,1,Attitude(태도),규정 준수 의식
21,정보통신,210212,정보보안모의해킹전문가,210212_L1,정보보안모의해킹전문가 기초 입문 및 업무 환경 지원,1,Attitude(태도),성실한 업무 지원 태도
21,정보통신,210212,정보보안모의해킹전문가,210212_L2,정보보안모의해킹전문가 초급 실무 및 정형 과업 수행,2,Knowledge(지식),정보보안모의해킹전문가 실무 프로세스
21,정보통신,210212,정보보안모의해킹전문가,210212_L2,정보보안모의해킹전문가 초급 실무 및 정형 과업 수행,2,Knowledge(지식),단위 업무 품질 기준
21,정보통신,210212,정보보안모의해킹전문가,210212_L2,정보보안모의해킹전문가 초급 실무 및 정형 과업 수행,2,Knowledge(지식),데이터 검증 기법
21,정보통신,210212,정보보안모의해킹전문가,210212_L2,정보보안모의해킹전문가 초급 실무 및 정형 과업 수행,2,Skill(기술/도구),실무 도구/SW 조작
21,정보통신,210212,정보보안모의해킹전문가,210212_L2,정보보안모의해킹전문가 초급 실무 및 정형 과업 수행,2,Skill(기술/도구),데이터 정제 및 가공
21,정보통신,210212,정보보안모의해킹전문가,210212_L2,정보보안모의해킹전문가 초급 실무 및 정형 과업 수행,2,Skill(기술/도구),단위 결과물 산출
21,정보통신,210212,정보보안모의해킹전문가,210212_L2,정보보안모의해킹전문가 초급 실무 및 정형 과업 수행,2,Attitude(태도),정확성과 꼼꼼함
21,정보통신,210212,정보보안모의해킹전문가,210212_L2,정보보안모의해킹전문가 초급 실무 및 정형 과업 수행,2,Attitude(태도),기한 준수 책임감
21,정보통신,210212,정보보안모의해킹전문가,210212_L3,정보보안모의해킹전문가 중급 독립 실무 및 문제해결 엔지니어링,3,Knowledge(지식),심화 모델링/설계 이론
21,정보통신,210212,정보보안모의해킹전문가,210212_L3,정보보안모의해킹전문가 중급 독립 실무 및 문제해결 엔지니어링,3,Knowledge(지식),성능 지표(KPI) 분석법
21,정보통신,210212,정보보안모의해킹전문가,210212_L3,정보보안모의해킹전문가 중급 독립 실무 및 문제해결 엔지니어링,3,Knowledge(지식),이슈 해결 방법론
21,정보통신,210212,정보보안모의해킹전문가,210212_L3,정보보안모의해킹전문가 중급 독립 실무 및 문제해결 엔지니어링,3,Skill(기술/도구),고급 도구/코드/기기 활용
21,정보통신,210212,정보보안모의해킹전문가,210212_L3,정보보안모의해킹전문가 중급 독립 실무 및 문제해결 엔지니어링,3,Skill(기술/도구),원인 분석 및 조치
21,정보통신,210212,정보보안모의해킹전문가,210212_L3,정보보안모의해킹전문가 중급 독립 실무 및 문제해결 엔지니어링,3,Skill(기술/도구),성과 분석 리포팅
21,정보통신,210212,정보보안모의해킹전문가,210212_L3,정보보안모의해킹전문가 중급 독립 실무 및 문제해결 엔지니어링,3,Attitude(태도),분석적 사고력
21,정보통신,210212,정보보안모의해킹전문가,210212_L3,정보보안모의해킹전문가 중급 독립 실무 및 문제해결 엔지니어링,3,Attitude(태도),타 부서와의 원활한 협업 소통
21,정보통신,210212,정보보안모의해킹전문가,210212_L4,정보보안모의해킹전문가 고급 전문화 및 프로젝트/팀 리딩,4,Knowledge(지식),신기술 융합 아키텍처
21,정보통신,210212,정보보안모의해킹전문가,210212_L4,정보보안모의해킹전문가 고급 전문화 및 프로젝트/팀 리딩,4,Knowledge(지식),프로젝트 관리론(PMBOK/Agile)
21,정보통신,210212,정보보안모의해킹전문가,210212_L4,정보보안모의해킹전문가 고급 전문화 및 프로젝트/팀 리딩,4,Knowledge(지식),품질보증(QA) 거버넌스
21,정보통신,210212,정보보안모의해킹전문가,210212_L4,정보보안모의해킹전문가 고급 전문화 및 프로젝트/팀 리딩,4,Skill(기술/도구),전체 시스템 아키텍처 설계
21,정보통신,210212,정보보안모의해킹전문가,210212_L4,정보보안모의해킹전문가 고급 전문화 및 프로젝트/팀 리딩,4,Skill(기술/도구),애자일 스프린트 리딩
21,정보통신,210212,정보보안모의해킹전문가,210212_L4,정보보안모의해킹전문가 고급 전문화 및 프로젝트/팀 리딩,4,Skill(기술/도구),신기술 PoC 검증
21,정보통신,210212,정보보안모의해킹전문가,210212_L4,정보보안모의해킹전문가 고급 전문화 및 프로젝트/팀 리딩,4,Attitude(태도),혁신 지향 리더십
21,정보통신,210212,정보보안모의해킹전문가,210212_L4,정보보안모의해킹전문가 고급 전문화 및 프로젝트/팀 리딩,4,Attitude(태도),동료 성장 멘토링 마인드
21,정보통신,210212,정보보안모의해킹전문가,210212_L5,정보보안모의해킹전문가 전략 기획 및 전사 거버넌스 총괄,5,Knowledge(지식),경영 전략 및 자본 예산 배분
21,정보통신,210212,정보보안모의해킹전문가,210212_L5,정보보안모의해킹전문가 전략 기획 및 전사 거버넌스 총괄,5,Knowledge(지식),국내외 규제 컴플라이언스
21,정보통신,210212,정보보안모의해킹전문가,210212_L5,정보보안모의해킹전문가 전략 기획 및 전사 거버넌스 총괄,5,Knowledge(지식),엔터프라이즈 거버넌스
21,정보통신,210212,정보보안모의해킹전문가,210212_L5,정보보안모의해킹전문가 전략 기획 및 전사 거버넌스 총괄,5,Skill(기술/도구),전사 로드맵 수립
21,정보통신,210212,정보보안모의해킹전문가,210212_L5,정보보안모의해킹전문가 전략 기획 및 전사 거버넌스 총괄,5,Skill(기술/도구),투자 대비 성과(ROI) 모델링
21,정보통신,210212,정보보안모의해킹전문가,210212_L5,정보보안모의해킹전문가 전략 기획 및 전사 거버넌스 총괄,5,Skill(기술/도구),최고 의사결정 전략 제언
21,정보통신,210212,정보보안모의해킹전문가,210212_L5,정보보안모의해킹전문가 전략 기획 및 전사 거버넌스 총괄,5,Attitude(태도),거시적 통찰력
21,정보통신,210212,정보보안모의해킹전문가,210212_L5,정보보안모의해킹전문가 전략 기획 및 전사 거버넌스 총괄,5,Attitude(태도),전략적 윤리 리더십
21,정보통신,210213,보안관제(SOC)분석가,210213_L1,보안관제(SOC)분석가 기초 입문 및 업무 환경 지원,1,Knowledge(지식),보안관제(SOC)분석가 개론
21,정보통신,210213,보안관제(SOC)분석가,210213_L1,보안관제(SOC)분석가 기초 입문 및 업무 환경 지원,1,Knowledge(지식),표준 작업 지침서
21,정보통신,210213,보안관제(SOC)분석가,210213_L1,보안관제(SOC)분석가 기초 입문 및 업무 환경 지원,1,Knowledge(지식),기초 법령/규정
21,정보통신,210213,보안관제(SOC)분석가,210213_L1,보안관제(SOC)분석가 기초 입문 및 업무 환경 지원,1,Skill(기술/도구),기초 전산 툴 조작
21,정보통신,210213,보안관제(SOC)분석가,210213_L1,보안관제(SOC)분석가 기초 입문 및 업무 환경 지원,1,Skill(기술/도구),문서 서식 작성
21,정보통신,210213,보안관제(SOC)분석가,210213_L1,보안관제(SOC)분석가 기초 입문 및 업무 환경 지원,1,Skill(기술/도구),자료 검색 및 분류
21,정보통신,210213,보안관제(SOC)분석가,210213_L1,보안관제(SOC)분석가 기초 입문 및 업무 환경 지원,1,Attitude(태도),규정 준수 의식
21,정보통신,210213,보안관제(SOC)분석가,210213_L1,보안관제(SOC)분석가 기초 입문 및 업무 환경 지원,1,Attitude(태도),성실한 업무 지원 태도
21,정보통신,210213,보안관제(SOC)분석가,210213_L2,보안관제(SOC)분석가 초급 실무 및 정형 과업 수행,2,Knowledge(지식),보안관제(SOC)분석가 실무 프로세스
21,정보통신,210213,보안관제(SOC)분석가,210213_L2,보안관제(SOC)분석가 초급 실무 및 정형 과업 수행,2,Knowledge(지식),단위 업무 품질 기준
21,정보통신,210213,보안관제(SOC)분석가,210213_L2,보안관제(SOC)분석가 초급 실무 및 정형 과업 수행,2,Knowledge(지식),데이터 검증 기법
21,정보통신,210213,보안관제(SOC)분석가,210213_L2,보안관제(SOC)분석가 초급 실무 및 정형 과업 수행,2,Skill(기술/도구),실무 도구/SW 조작
21,정보통신,210213,보안관제(SOC)분석가,210213_L2,보안관제(SOC)분석가 초급 실무 및 정형 과업 수행,2,Skill(기술/도구),데이터 정제 및 가공
21,정보통신,210213,보안관제(SOC)분석가,210213_L2,보안관제(SOC)분석가 초급 실무 및 정형 과업 수행,2,Skill(기술/도구),단위 결과물 산출
21,정보통신,210213,보안관제(SOC)분석가,210213_L2,보안관제(SOC)분석가 초급 실무 및 정형 과업 수행,2,Attitude(태도),정확성과 꼼꼼함
21,정보통신,210213,보안관제(SOC)분석가,210213_L2,보안관제(SOC)분석가 초급 실무 및 정형 과업 수행,2,Attitude(태도),기한 준수 책임감
21,정보통신,210213,보안관제(SOC)분석가,210213_L3,보안관제(SOC)분석가 중급 독립 실무 및 문제해결 엔지니어링,3,Knowledge(지식),심화 모델링/설계 이론
21,정보통신,210213,보안관제(SOC)분석가,210213_L3,보안관제(SOC)분석가 중급 독립 실무 및 문제해결 엔지니어링,3,Knowledge(지식),성능 지표(KPI) 분석법
21,정보통신,210213,보안관제(SOC)분석가,210213_L3,보안관제(SOC)분석가 중급 독립 실무 및 문제해결 엔지니어링,3,Knowledge(지식),이슈 해결 방법론
21,정보통신,210213,보안관제(SOC)분석가,210213_L3,보안관제(SOC)분석가 중급 독립 실무 및 문제해결 엔지니어링,3,Skill(기술/도구),고급 도구/코드/기기 활용
21,정보통신,210213,보안관제(SOC)분석가,210213_L3,보안관제(SOC)분석가 중급 독립 실무 및 문제해결 엔지니어링,3,Skill(기술/도구),원인 분석 및 조치
21,정보통신,210213,보안관제(SOC)분석가,210213_L3,보안관제(SOC)분석가 중급 독립 실무 및 문제해결 엔지니어링,3,Skill(기술/도구),성과 분석 리포팅
21,정보통신,210213,보안관제(SOC)분석가,210213_L3,보안관제(SOC)분석가 중급 독립 실무 및 문제해결 엔지니어링,3,Attitude(태도),분석적 사고력
21,정보통신,210213,보안관제(SOC)분석가,210213_L3,보안관제(SOC)분석가 중급 독립 실무 및 문제해결 엔지니어링,3,Attitude(태도),타 부서와의 원활한 협업 소통
21,정보통신,210213,보안관제(SOC)분석가,210213_L4,보안관제(SOC)분석가 고급 전문화 및 프로젝트/팀 리딩,4,Knowledge(지식),신기술 융합 아키텍처
21,정보통신,210213,보안관제(SOC)분석가,210213_L4,보안관제(SOC)분석가 고급 전문화 및 프로젝트/팀 리딩,4,Knowledge(지식),프로젝트 관리론(PMBOK/Agile)
21,정보통신,210213,보안관제(SOC)분석가,210213_L4,보안관제(SOC)분석가 고급 전문화 및 프로젝트/팀 리딩,4,Knowledge(지식),품질보증(QA) 거버넌스
21,정보통신,210213,보안관제(SOC)분석가,210213_L4,보안관제(SOC)분석가 고급 전문화 및 프로젝트/팀 리딩,4,Skill(기술/도구),전체 시스템 아키텍처 설계
21,정보통신,210213,보안관제(SOC)분석가,210213_L4,보안관제(SOC)분석가 고급 전문화 및 프로젝트/팀 리딩,4,Skill(기술/도구),애자일 스프린트 리딩
21,정보통신,210213,보안관제(SOC)분석가,210213_L4,보안관제(SOC)분석가 고급 전문화 및 프로젝트/팀 리딩,4,Skill(기술/도구),신기술 PoC 검증
21,정보통신,210213,보안관제(SOC)분석가,210213_L4,보안관제(SOC)분석가 고급 전문화 및 프로젝트/팀 리딩,4,Attitude(태도),혁신 지향 리더십
21,정보통신,210213,보안관제(SOC)분석가,210213_L4,보안관제(SOC)분석가 고급 전문화 및 프로젝트/팀 리딩,4,Attitude(태도),동료 성장 멘토링 마인드
21,정보통신,210213,보안관제(SOC)분석가,210213_L5,보안관제(SOC)분석가 전략 기획 및 전사 거버넌스 총괄,5,Knowledge(지식),경영 전략 및 자본 예산 배분
21,정보통신,210213,보안관제(SOC)분석가,210213_L5,보안관제(SOC)분석가 전략 기획 및 전사 거버넌스 총괄,5,Knowledge(지식),국내외 규제 컴플라이언스
21,정보통신,210213,보안관제(SOC)분석가,210213_L5,보안관제(SOC)분석가 전략 기획 및 전사 거버넌스 총괄,5,Knowledge(지식),엔터프라이즈 거버넌스
21,정보통신,210213,보안관제(SOC)분석가,210213_L5,보안관제(SOC)분석가 전략 기획 및 전사 거버넌스 총괄,5,Skill(기술/도구),전사 로드맵 수립
21,정보통신,210213,보안관제(SOC)분석가,210213_L5,보안관제(SOC)분석가 전략 기획 및 전사 거버넌스 총괄,5,Skill(기술/도구),투자 대비 성과(ROI) 모델링
21,정보통신,210213,보안관제(SOC)분석가,210213_L5,보안관제(SOC)분석가 전략 기획 및 전사 거버넌스 총괄,5,Skill(기술/도구),최고 의사결정 전략 제언
21,정보통신,210213,보안관제(SOC)분석가,210213_L5,보안관제(SOC)분석가 전략 기획 및 전사 거버넌스 총괄,5,Attitude(태도),거시적 통찰력
21,정보통신,210213,보안관제(SOC)분석가,210213_L5,보안관제(SOC)분석가 전략 기획 및 전사 거버넌스 총괄,5,Attitude(태도),전략적 윤리 리더십
21,정보통신,210214,디지털포렌식전문가,210214_L1,디지털포렌식전문가 기초 입문 및 업무 환경 지원,1,Knowledge(지식),디지털포렌식전문가 개론
21,정보통신,210214,디지털포렌식전문가,210214_L1,디지털포렌식전문가 기초 입문 및 업무 환경 지원,1,Knowledge(지식),표준 작업 지침서
21,정보통신,210214,디지털포렌식전문가,210214_L1,디지털포렌식전문가 기초 입문 및 업무 환경 지원,1,Knowledge(지식),기초 법령/규정
21,정보통신,210214,디지털포렌식전문가,210214_L1,디지털포렌식전문가 기초 입문 및 업무 환경 지원,1,Skill(기술/도구),기초 전산 툴 조작
21,정보통신,210214,디지털포렌식전문가,210214_L1,디지털포렌식전문가 기초 입문 및 업무 환경 지원,1,Skill(기술/도구),문서 서식 작성
21,정보통신,210214,디지털포렌식전문가,210214_L1,디지털포렌식전문가 기초 입문 및 업무 환경 지원,1,Skill(기술/도구),자료 검색 및 분류
21,정보통신,210214,디지털포렌식전문가,210214_L1,디지털포렌식전문가 기초 입문 및 업무 환경 지원,1,Attitude(태도),규정 준수 의식
21,정보통신,210214,디지털포렌식전문가,210214_L1,디지털포렌식전문가 기초 입문 및 업무 환경 지원,1,Attitude(태도),성실한 업무 지원 태도
21,정보통신,210214,디지털포렌식전문가,210214_L2,디지털포렌식전문가 초급 실무 및 정형 과업 수행,2,Knowledge(지식),디지털포렌식전문가 실무 프로세스
21,정보통신,210214,디지털포렌식전문가,210214_L2,디지털포렌식전문가 초급 실무 및 정형 과업 수행,2,Knowledge(지식),단위 업무 품질 기준
21,정보통신,210214,디지털포렌식전문가,210214_L2,디지털포렌식전문가 초급 실무 및 정형 과업 수행,2,Knowledge(지식),데이터 검증 기법
21,정보통신,210214,디지털포렌식전문가,210214_L2,디지털포렌식전문가 초급 실무 및 정형 과업 수행,2,Skill(기술/도구),실무 도구/SW 조작
21,정보통신,210214,디지털포렌식전문가,210214_L2,디지털포렌식전문가 초급 실무 및 정형 과업 수행,2,Skill(기술/도구),데이터 정제 및 가공
21,정보통신,210214,디지털포렌식전문가,210214_L2,디지털포렌식전문가 초급 실무 및 정형 과업 수행,2,Skill(기술/도구),단위 결과물 산출
21,정보통신,210214,디지털포렌식전문가,210214_L2,디지털포렌식전문가 초급 실무 및 정형 과업 수행,2,Attitude(태도),정확성과 꼼꼼함
21,정보통신,210214,디지털포렌식전문가,210214_L2,디지털포렌식전문가 초급 실무 및 정형 과업 수행,2,Attitude(태도),기한 준수 책임감
21,정보통신,210214,디지털포렌식전문가,210214_L3,디지털포렌식전문가 중급 독립 실무 및 문제해결 엔지니어링,3,Knowledge(지식),심화 모델링/설계 이론
21,정보통신,210214,디지털포렌식전문가,210214_L3,디지털포렌식전문가 중급 독립 실무 및 문제해결 엔지니어링,3,Knowledge(지식),성능 지표(KPI) 분석법
21,정보통신,210214,디지털포렌식전문가,210214_L3,디지털포렌식전문가 중급 독립 실무 및 문제해결 엔지니어링,3,Knowledge(지식),이슈 해결 방법론
21,정보통신,210214,디지털포렌식전문가,210214_L3,디지털포렌식전문가 중급 독립 실무 및 문제해결 엔지니어링,3,Skill(기술/도구),고급 도구/코드/기기 활용
21,정보통신,210214,디지털포렌식전문가,210214_L3,디지털포렌식전문가 중급 독립 실무 및 문제해결 엔지니어링,3,Skill(기술/도구),원인 분석 및 조치
21,정보통신,210214,디지털포렌식전문가,210214_L3,디지털포렌식전문가 중급 독립 실무 및 문제해결 엔지니어링,3,Skill(기술/도구),성과 분석 리포팅
21,정보통신,210214,디지털포렌식전문가,210214_L3,디지털포렌식전문가 중급 독립 실무 및 문제해결 엔지니어링,3,Attitude(태도),분석적 사고력
21,정보통신,210214,디지털포렌식전문가,210214_L3,디지털포렌식전문가 중급 독립 실무 및 문제해결 엔지니어링,3,Attitude(태도),타 부서와의 원활한 협업 소통
21,정보통신,210214,디지털포렌식전문가,210214_L4,디지털포렌식전문가 고급 전문화 및 프로젝트/팀 리딩,4,Knowledge(지식),신기술 융합 아키텍처
21,정보통신,210214,디지털포렌식전문가,210214_L4,디지털포렌식전문가 고급 전문화 및 프로젝트/팀 리딩,4,Knowledge(지식),프로젝트 관리론(PMBOK/Agile)
21,정보통신,210214,디지털포렌식전문가,210214_L4,디지털포렌식전문가 고급 전문화 및 프로젝트/팀 리딩,4,Knowledge(지식),품질보증(QA) 거버넌스
21,정보통신,210214,디지털포렌식전문가,210214_L4,디지털포렌식전문가 고급 전문화 및 프로젝트/팀 리딩,4,Skill(기술/도구),전체 시스템 아키텍처 설계
21,정보통신,210214,디지털포렌식전문가,210214_L4,디지털포렌식전문가 고급 전문화 및 프로젝트/팀 리딩,4,Skill(기술/도구),애자일 스프린트 리딩
21,정보통신,210214,디지털포렌식전문가,210214_L4,디지털포렌식전문가 고급 전문화 및 프로젝트/팀 리딩,4,Skill(기술/도구),신기술 PoC 검증
21,정보통신,210214,디지털포렌식전문가,210214_L4,디지털포렌식전문가 고급 전문화 및 프로젝트/팀 리딩,4,Attitude(태도),혁신 지향 리더십
21,정보통신,210214,디지털포렌식전문가,210214_L4,디지털포렌식전문가 고급 전문화 및 프로젝트/팀 리딩,4,Attitude(태도),동료 성장 멘토링 마인드
21,정보통신,210214,디지털포렌식전문가,210214_L5,디지털포렌식전문가 전략 기획 및 전사 거버넌스 총괄,5,Knowledge(지식),경영 전략 및 자본 예산 배분
21,정보통신,210214,디지털포렌식전문가,210214_L5,디지털포렌식전문가 전략 기획 및 전사 거버넌스 총괄,5,Knowledge(지식),국내외 규제 컴플라이언스
21,정보통신,210214,디지털포렌식전문가,210214_L5,디지털포렌식전문가 전략 기획 및 전사 거버넌스 총괄,5,Knowledge(지식),엔터프라이즈 거버넌스
21,정보통신,210214,디지털포렌식전문가,210214_L5,디지털포렌식전문가 전략 기획 및 전사 거버넌스 총괄,5,Skill(기술/도구),전사 로드맵 수립
21,정보통신,210214,디지털포렌식전문가,210214_L5,디지털포렌식전문가 전략 기획 및 전사 거버넌스 총괄,5,Skill(기술/도구),투자 대비 성과(ROI) 모델링
21,정보통신,210214,디지털포렌식전문가,210214_L5,디지털포렌식전문가 전략 기획 및 전사 거버넌스 총괄,5,Skill(기술/도구),최고 의사결정 전략 제언
21,정보통신,210214,디지털포렌식전문가,210214_L5,디지털포렌식전문가 전략 기획 및 전사 거버넌스 총괄,5,Attitude(태도),거시적 통찰력
21,정보통신,210214,디지털포렌식전문가,210214_L5,디지털포렌식전문가 전략 기획 및 전사 거버넌스 총괄,5,Attitude(태도),전략적 윤리 리더십
21,정보통신,210215,네트워크엔지니어(CCNA),210215_L1,네트워크엔지니어(CCNA) 기초 입문 및 업무 환경 지원,1,Knowledge(지식),네트워크엔지니어(CCNA) 개론
21,정보통신,210215,네트워크엔지니어(CCNA),210215_L1,네트워크엔지니어(CCNA) 기초 입문 및 업무 환경 지원,1,Knowledge(지식),표준 작업 지침서
21,정보통신,210215,네트워크엔지니어(CCNA),210215_L1,네트워크엔지니어(CCNA) 기초 입문 및 업무 환경 지원,1,Knowledge(지식),기초 법령/규정
21,정보통신,210215,네트워크엔지니어(CCNA),210215_L1,네트워크엔지니어(CCNA) 기초 입문 및 업무 환경 지원,1,Skill(기술/도구),기초 전산 툴 조작
21,정보통신,210215,네트워크엔지니어(CCNA),210215_L1,네트워크엔지니어(CCNA) 기초 입문 및 업무 환경 지원,1,Skill(기술/도구),문서 서식 작성
21,정보통신,210215,네트워크엔지니어(CCNA),210215_L1,네트워크엔지니어(CCNA) 기초 입문 및 업무 환경 지원,1,Skill(기술/도구),자료 검색 및 분류
21,정보통신,210215,네트워크엔지니어(CCNA),210215_L1,네트워크엔지니어(CCNA) 기초 입문 및 업무 환경 지원,1,Attitude(태도),규정 준수 의식
21,정보통신,210215,네트워크엔지니어(CCNA),210215_L1,네트워크엔지니어(CCNA) 기초 입문 및 업무 환경 지원,1,Attitude(태도),성실한 업무 지원 태도
21,정보통신,210215,네트워크엔지니어(CCNA),210215_L2,네트워크엔지니어(CCNA) 초급 실무 및 정형 과업 수행,2,Knowledge(지식),네트워크엔지니어(CCNA) 실무 프로세스
21,정보통신,210215,네트워크엔지니어(CCNA),210215_L2,네트워크엔지니어(CCNA) 초급 실무 및 정형 과업 수행,2,Knowledge(지식),단위 업무 품질 기준
21,정보통신,210215,네트워크엔지니어(CCNA),210215_L2,네트워크엔지니어(CCNA) 초급 실무 및 정형 과업 수행,2,Knowledge(지식),데이터 검증 기법
21,정보통신,210215,네트워크엔지니어(CCNA),210215_L2,네트워크엔지니어(CCNA) 초급 실무 및 정형 과업 수행,2,Skill(기술/도구),실무 도구/SW 조작
21,정보통신,210215,네트워크엔지니어(CCNA),210215_L2,네트워크엔지니어(CCNA) 초급 실무 및 정형 과업 수행,2,Skill(기술/도구),데이터 정제 및 가공
21,정보통신,210215,네트워크엔지니어(CCNA),210215_L2,네트워크엔지니어(CCNA) 초급 실무 및 정형 과업 수행,2,Skill(기술/도구),단위 결과물 산출
21,정보통신,210215,네트워크엔지니어(CCNA),210215_L2,네트워크엔지니어(CCNA) 초급 실무 및 정형 과업 수행,2,Attitude(태도),정확성과 꼼꼼함
21,정보통신,210215,네트워크엔지니어(CCNA),210215_L2,네트워크엔지니어(CCNA) 초급 실무 및 정형 과업 수행,2,Attitude(태도),기한 준수 책임감
21,정보통신,210215,네트워크엔지니어(CCNA),210215_L3,네트워크엔지니어(CCNA) 중급 독립 실무 및 문제해결 엔지니어링,3,Knowledge(지식),심화 모델링/설계 이론
21,정보통신,210215,네트워크엔지니어(CCNA),210215_L3,네트워크엔지니어(CCNA) 중급 독립 실무 및 문제해결 엔지니어링,3,Knowledge(지식),성능 지표(KPI) 분석법
21,정보통신,210215,네트워크엔지니어(CCNA),210215_L3,네트워크엔지니어(CCNA) 중급 독립 실무 및 문제해결 엔지니어링,3,Knowledge(지식),이슈 해결 방법론
21,정보통신,210215,네트워크엔지니어(CCNA),210215_L3,네트워크엔지니어(CCNA) 중급 독립 실무 및 문제해결 엔지니어링,3,Skill(기술/도구),고급 도구/코드/기기 활용
21,정보통신,210215,네트워크엔지니어(CCNA),210215_L3,네트워크엔지니어(CCNA) 중급 독립 실무 및 문제해결 엔지니어링,3,Skill(기술/도구),원인 분석 및 조치
21,정보통신,210215,네트워크엔지니어(CCNA),210215_L3,네트워크엔지니어(CCNA) 중급 독립 실무 및 문제해결 엔지니어링,3,Skill(기술/도구),성과 분석 리포팅
21,정보통신,210215,네트워크엔지니어(CCNA),210215_L3,네트워크엔지니어(CCNA) 중급 독립 실무 및 문제해결 엔지니어링,3,Attitude(태도),분석적 사고력
21,정보통신,210215,네트워크엔지니어(CCNA),210215_L3,네트워크엔지니어(CCNA) 중급 독립 실무 및 문제해결 엔지니어링,3,Attitude(태도),타 부서와의 원활한 협업 소통
21,정보통신,210215,네트워크엔지니어(CCNA),210215_L4,네트워크엔지니어(CCNA) 고급 전문화 및 프로젝트/팀 리딩,4,Knowledge(지식),신기술 융합 아키텍처
21,정보통신,210215,네트워크엔지니어(CCNA),210215_L4,네트워크엔지니어(CCNA) 고급 전문화 및 프로젝트/팀 리딩,4,Knowledge(지식),프로젝트 관리론(PMBOK/Agile)
21,정보통신,210215,네트워크엔지니어(CCNA),210215_L4,네트워크엔지니어(CCNA) 고급 전문화 및 프로젝트/팀 리딩,4,Knowledge(지식),품질보증(QA) 거버넌스
21,정보통신,210215,네트워크엔지니어(CCNA),210215_L4,네트워크엔지니어(CCNA) 고급 전문화 및 프로젝트/팀 리딩,4,Skill(기술/도구),전체 시스템 아키텍처 설계
21,정보통신,210215,네트워크엔지니어(CCNA),210215_L4,네트워크엔지니어(CCNA) 고급 전문화 및 프로젝트/팀 리딩,4,Skill(기술/도구),애자일 스프린트 리딩
21,정보통신,210215,네트워크엔지니어(CCNA),210215_L4,네트워크엔지니어(CCNA) 고급 전문화 및 프로젝트/팀 리딩,4,Skill(기술/도구),신기술 PoC 검증
21,정보통신,210215,네트워크엔지니어(CCNA),210215_L4,네트워크엔지니어(CCNA) 고급 전문화 및 프로젝트/팀 리딩,4,Attitude(태도),혁신 지향 리더십
21,정보통신,210215,네트워크엔지니어(CCNA),210215_L4,네트워크엔지니어(CCNA) 고급 전문화 및 프로젝트/팀 리딩,4,Attitude(태도),동료 성장 멘토링 마인드
21,정보통신,210215,네트워크엔지니어(CCNA),210215_L5,네트워크엔지니어(CCNA) 전략 기획 및 전사 거버넌스 총괄,5,Knowledge(지식),경영 전략 및 자본 예산 배분
21,정보통신,210215,네트워크엔지니어(CCNA),210215_L5,네트워크엔지니어(CCNA) 전략 기획 및 전사 거버넌스 총괄,5,Knowledge(지식),국내외 규제 컴플라이언스
21,정보통신,210215,네트워크엔지니어(CCNA),210215_L5,네트워크엔지니어(CCNA) 전략 기획 및 전사 거버넌스 총괄,5,Knowledge(지식),엔터프라이즈 거버넌스
21,정보통신,210215,네트워크엔지니어(CCNA),210215_L5,네트워크엔지니어(CCNA) 전략 기획 및 전사 거버넌스 총괄,5,Skill(기술/도구),전사 로드맵 수립
21,정보통신,210215,네트워크엔지니어(CCNA),210215_L5,네트워크엔지니어(CCNA) 전략 기획 및 전사 거버넌스 총괄,5,Skill(기술/도구),투자 대비 성과(ROI) 모델링
21,정보통신,210215,네트워크엔지니어(CCNA),210215_L5,네트워크엔지니어(CCNA) 전략 기획 및 전사 거버넌스 총괄,5,Skill(기술/도구),최고 의사결정 전략 제언
21,정보통신,210215,네트워크엔지니어(CCNA),210215_L5,네트워크엔지니어(CCNA) 전략 기획 및 전사 거버넌스 총괄,5,Attitude(태도),거시적 통찰력
21,정보통신,210215,네트워크엔지니어(CCNA),210215_L5,네트워크엔지니어(CCNA) 전략 기획 및 전사 거버넌스 총괄,5,Attitude(태도),전략적 윤리 리더십
21,정보통신,210216,데이터베이스관리자(DBA),210216_L1,데이터베이스관리자(DBA) 기초 입문 및 업무 환경 지원,1,Knowledge(지식),데이터베이스관리자(DBA) 개론
21,정보통신,210216,데이터베이스관리자(DBA),210216_L1,데이터베이스관리자(DBA) 기초 입문 및 업무 환경 지원,1,Knowledge(지식),표준 작업 지침서
21,정보통신,210216,데이터베이스관리자(DBA),210216_L1,데이터베이스관리자(DBA) 기초 입문 및 업무 환경 지원,1,Knowledge(지식),기초 법령/규정
21,정보통신,210216,데이터베이스관리자(DBA),210216_L1,데이터베이스관리자(DBA) 기초 입문 및 업무 환경 지원,1,Skill(기술/도구),기초 전산 툴 조작
21,정보통신,210216,데이터베이스관리자(DBA),210216_L1,데이터베이스관리자(DBA) 기초 입문 및 업무 환경 지원,1,Skill(기술/도구),문서 서식 작성
21,정보통신,210216,데이터베이스관리자(DBA),210216_L1,데이터베이스관리자(DBA) 기초 입문 및 업무 환경 지원,1,Skill(기술/도구),자료 검색 및 분류
21,정보통신,210216,데이터베이스관리자(DBA),210216_L1,데이터베이스관리자(DBA) 기초 입문 및 업무 환경 지원,1,Attitude(태도),규정 준수 의식
21,정보통신,210216,데이터베이스관리자(DBA),210216_L1,데이터베이스관리자(DBA) 기초 입문 및 업무 환경 지원,1,Attitude(태도),성실한 업무 지원 태도
21,정보통신,210216,데이터베이스관리자(DBA),210216_L2,데이터베이스관리자(DBA) 초급 실무 및 정형 과업 수행,2,Knowledge(지식),데이터베이스관리자(DBA) 실무 프로세스
21,정보통신,210216,데이터베이스관리자(DBA),210216_L2,데이터베이스관리자(DBA) 초급 실무 및 정형 과업 수행,2,Knowledge(지식),단위 업무 품질 기준
21,정보통신,210216,데이터베이스관리자(DBA),210216_L2,데이터베이스관리자(DBA) 초급 실무 및 정형 과업 수행,2,Knowledge(지식),데이터 검증 기법
21,정보통신,210216,데이터베이스관리자(DBA),210216_L2,데이터베이스관리자(DBA) 초급 실무 및 정형 과업 수행,2,Skill(기술/도구),실무 도구/SW 조작
21,정보통신,210216,데이터베이스관리자(DBA),210216_L2,데이터베이스관리자(DBA) 초급 실무 및 정형 과업 수행,2,Skill(기술/도구),데이터 정제 및 가공
21,정보통신,210216,데이터베이스관리자(DBA),210216_L2,데이터베이스관리자(DBA) 초급 실무 및 정형 과업 수행,2,Skill(기술/도구),단위 결과물 산출
21,정보통신,210216,데이터베이스관리자(DBA),210216_L2,데이터베이스관리자(DBA) 초급 실무 및 정형 과업 수행,2,Attitude(태도),정확성과 꼼꼼함
21,정보통신,210216,데이터베이스관리자(DBA),210216_L2,데이터베이스관리자(DBA) 초급 실무 및 정형 과업 수행,2,Attitude(태도),기한 준수 책임감
21,정보통신,210216,데이터베이스관리자(DBA),210216_L3,데이터베이스관리자(DBA) 중급 독립 실무 및 문제해결 엔지니어링,3,Knowledge(지식),심화 모델링/설계 이론
21,정보통신,210216,데이터베이스관리자(DBA),210216_L3,데이터베이스관리자(DBA) 중급 독립 실무 및 문제해결 엔지니어링,3,Knowledge(지식),성능 지표(KPI) 분석법
21,정보통신,210216,데이터베이스관리자(DBA),210216_L3,데이터베이스관리자(DBA) 중급 독립 실무 및 문제해결 엔지니어링,3,Knowledge(지식),이슈 해결 방법론
21,정보통신,210216,데이터베이스관리자(DBA),210216_L3,데이터베이스관리자(DBA) 중급 독립 실무 및 문제해결 엔지니어링,3,Skill(기술/도구),고급 도구/코드/기기 활용
21,정보통신,210216,데이터베이스관리자(DBA),210216_L3,데이터베이스관리자(DBA) 중급 독립 실무 및 문제해결 엔지니어링,3,Skill(기술/도구),원인 분석 및 조치
21,정보통신,210216,데이터베이스관리자(DBA),210216_L3,데이터베이스관리자(DBA) 중급 독립 실무 및 문제해결 엔지니어링,3,Skill(기술/도구),성과 분석 리포팅
21,정보통신,210216,데이터베이스관리자(DBA),210216_L3,데이터베이스관리자(DBA) 중급 독립 실무 및 문제해결 엔지니어링,3,Attitude(태도),분석적 사고력
21,정보통신,210216,데이터베이스관리자(DBA),210216_L3,데이터베이스관리자(DBA) 중급 독립 실무 및 문제해결 엔지니어링,3,Attitude(태도),타 부서와의 원활한 협업 소통
21,정보통신,210216,데이터베이스관리자(DBA),210216_L4,데이터베이스관리자(DBA) 고급 전문화 및 프로젝트/팀 리딩,4,Knowledge(지식),신기술 융합 아키텍처
21,정보통신,210216,데이터베이스관리자(DBA),210216_L4,데이터베이스관리자(DBA) 고급 전문화 및 프로젝트/팀 리딩,4,Knowledge(지식),프로젝트 관리론(PMBOK/Agile)
21,정보통신,210216,데이터베이스관리자(DBA),210216_L4,데이터베이스관리자(DBA) 고급 전문화 및 프로젝트/팀 리딩,4,Knowledge(지식),품질보증(QA) 거버넌스
21,정보통신,210216,데이터베이스관리자(DBA),210216_L4,데이터베이스관리자(DBA) 고급 전문화 및 프로젝트/팀 리딩,4,Skill(기술/도구),전체 시스템 아키텍처 설계
21,정보통신,210216,데이터베이스관리자(DBA),210216_L4,데이터베이스관리자(DBA) 고급 전문화 및 프로젝트/팀 리딩,4,Skill(기술/도구),애자일 스프린트 리딩
21,정보통신,210216,데이터베이스관리자(DBA),210216_L4,데이터베이스관리자(DBA) 고급 전문화 및 프로젝트/팀 리딩,4,Skill(기술/도구),신기술 PoC 검증
21,정보통신,210216,데이터베이스관리자(DBA),210216_L4,데이터베이스관리자(DBA) 고급 전문화 및 프로젝트/팀 리딩,4,Attitude(태도),혁신 지향 리더십
21,정보통신,210216,데이터베이스관리자(DBA),210216_L4,데이터베이스관리자(DBA) 고급 전문화 및 프로젝트/팀 리딩,4,Attitude(태도),동료 성장 멘토링 마인드
21,정보통신,210216,데이터베이스관리자(DBA),210216_L5,데이터베이스관리자(DBA) 전략 기획 및 전사 거버넌스 총괄,5,Knowledge(지식),경영 전략 및 자본 예산 배분
21,정보통신,210216,데이터베이스관리자(DBA),210216_L5,데이터베이스관리자(DBA) 전략 기획 및 전사 거버넌스 총괄,5,Knowledge(지식),국내외 규제 컴플라이언스
21,정보통신,210216,데이터베이스관리자(DBA),210216_L5,데이터베이스관리자(DBA) 전략 기획 및 전사 거버넌스 총괄,5,Knowledge(지식),엔터프라이즈 거버넌스
21,정보통신,210216,데이터베이스관리자(DBA),210216_L5,데이터베이스관리자(DBA) 전략 기획 및 전사 거버넌스 총괄,5,Skill(기술/도구),전사 로드맵 수립
21,정보통신,210216,데이터베이스관리자(DBA),210216_L5,데이터베이스관리자(DBA) 전략 기획 및 전사 거버넌스 총괄,5,Skill(기술/도구),투자 대비 성과(ROI) 모델링
21,정보통신,210216,데이터베이스관리자(DBA),210216_L5,데이터베이스관리자(DBA) 전략 기획 및 전사 거버넌스 총괄,5,Skill(기술/도구),최고 의사결정 전략 제언
21,정보통신,210216,데이터베이스관리자(DBA),210216_L5,데이터베이스관리자(DBA) 전략 기획 및 전사 거버넌스 총괄,5,Attitude(태도),거시적 통찰력
21,정보통신,210216,데이터베이스관리자(DBA),210216_L5,데이터베이스관리자(DBA) 전략 기획 및 전사 거버넌스 총괄,5,Attitude(태도),전략적 윤리 리더십
21,정보통신,210217,시스템엔지니어(Linux/K8s),210217_L1,시스템엔지니어(Linux/K8s) 기초 입문 및 업무 환경 지원,1,Knowledge(지식),시스템엔지니어(Linux/K8s) 개론
21,정보통신,210217,시스템엔지니어(Linux/K8s),210217_L1,시스템엔지니어(Linux/K8s) 기초 입문 및 업무 환경 지원,1,Knowledge(지식),표준 작업 지침서
21,정보통신,210217,시스템엔지니어(Linux/K8s),210217_L1,시스템엔지니어(Linux/K8s) 기초 입문 및 업무 환경 지원,1,Knowledge(지식),기초 법령/규정
21,정보통신,210217,시스템엔지니어(Linux/K8s),210217_L1,시스템엔지니어(Linux/K8s) 기초 입문 및 업무 환경 지원,1,Skill(기술/도구),기초 전산 툴 조작
21,정보통신,210217,시스템엔지니어(Linux/K8s),210217_L1,시스템엔지니어(Linux/K8s) 기초 입문 및 업무 환경 지원,1,Skill(기술/도구),문서 서식 작성
21,정보통신,210217,시스템엔지니어(Linux/K8s),210217_L1,시스템엔지니어(Linux/K8s) 기초 입문 및 업무 환경 지원,1,Skill(기술/도구),자료 검색 및 분류
21,정보통신,210217,시스템엔지니어(Linux/K8s),210217_L1,시스템엔지니어(Linux/K8s) 기초 입문 및 업무 환경 지원,1,Attitude(태도),규정 준수 의식
21,정보통신,210217,시스템엔지니어(Linux/K8s),210217_L1,시스템엔지니어(Linux/K8s) 기초 입문 및 업무 환경 지원,1,Attitude(태도),성실한 업무 지원 태도
21,정보통신,210217,시스템엔지니어(Linux/K8s),210217_L2,시스템엔지니어(Linux/K8s) 초급 실무 및 정형 과업 수행,2,Knowledge(지식),시스템엔지니어(Linux/K8s) 실무 프로세스
21,정보통신,210217,시스템엔지니어(Linux/K8s),210217_L2,시스템엔지니어(Linux/K8s) 초급 실무 및 정형 과업 수행,2,Knowledge(지식),단위 업무 품질 기준
21,정보통신,210217,시스템엔지니어(Linux/K8s),210217_L2,시스템엔지니어(Linux/K8s) 초급 실무 및 정형 과업 수행,2,Knowledge(지식),데이터 검증 기법
21,정보통신,210217,시스템엔지니어(Linux/K8s),210217_L2,시스템엔지니어(Linux/K8s) 초급 실무 및 정형 과업 수행,2,Skill(기술/도구),실무 도구/SW 조작
21,정보통신,210217,시스템엔지니어(Linux/K8s),210217_L2,시스템엔지니어(Linux/K8s) 초급 실무 및 정형 과업 수행,2,Skill(기술/도구),데이터 정제 및 가공
21,정보통신,210217,시스템엔지니어(Linux/K8s),210217_L2,시스템엔지니어(Linux/K8s) 초급 실무 및 정형 과업 수행,2,Skill(기술/도구),단위 결과물 산출
21,정보통신,210217,시스템엔지니어(Linux/K8s),210217_L2,시스템엔지니어(Linux/K8s) 초급 실무 및 정형 과업 수행,2,Attitude(태도),정확성과 꼼꼼함
21,정보통신,210217,시스템엔지니어(Linux/K8s),210217_L2,시스템엔지니어(Linux/K8s) 초급 실무 및 정형 과업 수행,2,Attitude(태도),기한 준수 책임감
21,정보통신,210217,시스템엔지니어(Linux/K8s),210217_L3,시스템엔지니어(Linux/K8s) 중급 독립 실무 및 문제해결 엔지니어링,3,Knowledge(지식),심화 모델링/설계 이론
21,정보통신,210217,시스템엔지니어(Linux/K8s),210217_L3,시스템엔지니어(Linux/K8s) 중급 독립 실무 및 문제해결 엔지니어링,3,Knowledge(지식),성능 지표(KPI) 분석법
21,정보통신,210217,시스템엔지니어(Linux/K8s),210217_L3,시스템엔지니어(Linux/K8s) 중급 독립 실무 및 문제해결 엔지니어링,3,Knowledge(지식),이슈 해결 방법론
21,정보통신,210217,시스템엔지니어(Linux/K8s),210217_L3,시스템엔지니어(Linux/K8s) 중급 독립 실무 및 문제해결 엔지니어링,3,Skill(기술/도구),고급 도구/코드/기기 활용
21,정보통신,210217,시스템엔지니어(Linux/K8s),210217_L3,시스템엔지니어(Linux/K8s) 중급 독립 실무 및 문제해결 엔지니어링,3,Skill(기술/도구),원인 분석 및 조치
21,정보통신,210217,시스템엔지니어(Linux/K8s),210217_L3,시스템엔지니어(Linux/K8s) 중급 독립 실무 및 문제해결 엔지니어링,3,Skill(기술/도구),성과 분석 리포팅
21,정보통신,210217,시스템엔지니어(Linux/K8s),210217_L3,시스템엔지니어(Linux/K8s) 중급 독립 실무 및 문제해결 엔지니어링,3,Attitude(태도),분석적 사고력
21,정보통신,210217,시스템엔지니어(Linux/K8s),210217_L3,시스템엔지니어(Linux/K8s) 중급 독립 실무 및 문제해결 엔지니어링,3,Attitude(태도),타 부서와의 원활한 협업 소통
21,정보통신,210217,시스템엔지니어(Linux/K8s),210217_L4,시스템엔지니어(Linux/K8s) 고급 전문화 및 프로젝트/팀 리딩,4,Knowledge(지식),신기술 융합 아키텍처
21,정보통신,210217,시스템엔지니어(Linux/K8s),210217_L4,시스템엔지니어(Linux/K8s) 고급 전문화 및 프로젝트/팀 리딩,4,Knowledge(지식),프로젝트 관리론(PMBOK/Agile)
21,정보통신,210217,시스템엔지니어(Linux/K8s),210217_L4,시스템엔지니어(Linux/K8s) 고급 전문화 및 프로젝트/팀 리딩,4,Knowledge(지식),품질보증(QA) 거버넌스
21,정보통신,210217,시스템엔지니어(Linux/K8s),210217_L4,시스템엔지니어(Linux/K8s) 고급 전문화 및 프로젝트/팀 리딩,4,Skill(기술/도구),전체 시스템 아키텍처 설계
21,정보통신,210217,시스템엔지니어(Linux/K8s),210217_L4,시스템엔지니어(Linux/K8s) 고급 전문화 및 프로젝트/팀 리딩,4,Skill(기술/도구),애자일 스프린트 리딩
21,정보통신,210217,시스템엔지니어(Linux/K8s),210217_L4,시스템엔지니어(Linux/K8s) 고급 전문화 및 프로젝트/팀 리딩,4,Skill(기술/도구),신기술 PoC 검증
21,정보통신,210217,시스템엔지니어(Linux/K8s),210217_L4,시스템엔지니어(Linux/K8s) 고급 전문화 및 프로젝트/팀 리딩,4,Attitude(태도),혁신 지향 리더십
21,정보통신,210217,시스템엔지니어(Linux/K8s),210217_L4,시스템엔지니어(Linux/K8s) 고급 전문화 및 프로젝트/팀 리딩,4,Attitude(태도),동료 성장 멘토링 마인드
21,정보통신,210217,시스템엔지니어(Linux/K8s),210217_L5,시스템엔지니어(Linux/K8s) 전략 기획 및 전사 거버넌스 총괄,5,Knowledge(지식),경영 전략 및 자본 예산 배분
21,정보통신,210217,시스템엔지니어(Linux/K8s),210217_L5,시스템엔지니어(Linux/K8s) 전략 기획 및 전사 거버넌스 총괄,5,Knowledge(지식),국내외 규제 컴플라이언스
21,정보통신,210217,시스템엔지니어(Linux/K8s),210217_L5,시스템엔지니어(Linux/K8s) 전략 기획 및 전사 거버넌스 총괄,5,Knowledge(지식),엔터프라이즈 거버넌스
21,정보통신,210217,시스템엔지니어(Linux/K8s),210217_L5,시스템엔지니어(Linux/K8s) 전략 기획 및 전사 거버넌스 총괄,5,Skill(기술/도구),전사 로드맵 수립
21,정보통신,210217,시스템엔지니어(Linux/K8s),210217_L5,시스템엔지니어(Linux/K8s) 전략 기획 및 전사 거버넌스 총괄,5,Skill(기술/도구),투자 대비 성과(ROI) 모델링
21,정보통신,210217,시스템엔지니어(Linux/K8s),210217_L5,시스템엔지니어(Linux/K8s) 전략 기획 및 전사 거버넌스 총괄,5,Skill(기술/도구),최고 의사결정 전략 제언
21,정보통신,210217,시스템엔지니어(Linux/K8s),210217_L5,시스템엔지니어(Linux/K8s) 전략 기획 및 전사 거버넌스 총괄,5,Attitude(태도),거시적 통찰력
21,정보통신,210217,시스템엔지니어(Linux/K8s),210217_L5,시스템엔지니어(Linux/K8s) 전략 기획 및 전사 거버넌스 총괄,5,Attitude(태도),전략적 윤리 리더십
21,정보통신,210218,ISMS-P인증심사관,210218_L1,ISMS-P인증심사관 기초 입문 및 업무 환경 지원,1,Knowledge(지식),ISMS-P인증심사관 개론
21,정보통신,210218,ISMS-P인증심사관,210218_L1,ISMS-P인증심사관 기초 입문 및 업무 환경 지원,1,Knowledge(지식),표준 작업 지침서
21,정보통신,210218,ISMS-P인증심사관,210218_L1,ISMS-P인증심사관 기초 입문 및 업무 환경 지원,1,Knowledge(지식),기초 법령/규정
21,정보통신,210218,ISMS-P인증심사관,210218_L1,ISMS-P인증심사관 기초 입문 및 업무 환경 지원,1,Skill(기술/도구),기초 전산 툴 조작
21,정보통신,210218,ISMS-P인증심사관,210218_L1,ISMS-P인증심사관 기초 입문 및 업무 환경 지원,1,Skill(기술/도구),문서 서식 작성
21,정보통신,210218,ISMS-P인증심사관,210218_L1,ISMS-P인증심사관 기초 입문 및 업무 환경 지원,1,Skill(기술/도구),자료 검색 및 분류
21,정보통신,210218,ISMS-P인증심사관,210218_L1,ISMS-P인증심사관 기초 입문 및 업무 환경 지원,1,Attitude(태도),규정 준수 의식
21,정보통신,210218,ISMS-P인증심사관,210218_L1,ISMS-P인증심사관 기초 입문 및 업무 환경 지원,1,Attitude(태도),성실한 업무 지원 태도
21,정보통신,210218,ISMS-P인증심사관,210218_L2,ISMS-P인증심사관 초급 실무 및 정형 과업 수행,2,Knowledge(지식),ISMS-P인증심사관 실무 프로세스
21,정보통신,210218,ISMS-P인증심사관,210218_L2,ISMS-P인증심사관 초급 실무 및 정형 과업 수행,2,Knowledge(지식),단위 업무 품질 기준
21,정보통신,210218,ISMS-P인증심사관,210218_L2,ISMS-P인증심사관 초급 실무 및 정형 과업 수행,2,Knowledge(지식),데이터 검증 기법
21,정보통신,210218,ISMS-P인증심사관,210218_L2,ISMS-P인증심사관 초급 실무 및 정형 과업 수행,2,Skill(기술/도구),실무 도구/SW 조작
21,정보통신,210218,ISMS-P인증심사관,210218_L2,ISMS-P인증심사관 초급 실무 및 정형 과업 수행,2,Skill(기술/도구),데이터 정제 및 가공
21,정보통신,210218,ISMS-P인증심사관,210218_L2,ISMS-P인증심사관 초급 실무 및 정형 과업 수행,2,Skill(기술/도구),단위 결과물 산출
21,정보통신,210218,ISMS-P인증심사관,210218_L2,ISMS-P인증심사관 초급 실무 및 정형 과업 수행,2,Attitude(태도),정확성과 꼼꼼함
21,정보통신,210218,ISMS-P인증심사관,210218_L2,ISMS-P인증심사관 초급 실무 및 정형 과업 수행,2,Attitude(태도),기한 준수 책임감
21,정보통신,210218,ISMS-P인증심사관,210218_L3,ISMS-P인증심사관 중급 독립 실무 및 문제해결 엔지니어링,3,Knowledge(지식),심화 모델링/설계 이론
21,정보통신,210218,ISMS-P인증심사관,210218_L3,ISMS-P인증심사관 중급 독립 실무 및 문제해결 엔지니어링,3,Knowledge(지식),성능 지표(KPI) 분석법
21,정보통신,210218,ISMS-P인증심사관,210218_L3,ISMS-P인증심사관 중급 독립 실무 및 문제해결 엔지니어링,3,Knowledge(지식),이슈 해결 방법론
21,정보통신,210218,ISMS-P인증심사관,210218_L3,ISMS-P인증심사관 중급 독립 실무 및 문제해결 엔지니어링,3,Skill(기술/도구),고급 도구/코드/기기 활용
21,정보통신,210218,ISMS-P인증심사관,210218_L3,ISMS-P인증심사관 중급 독립 실무 및 문제해결 엔지니어링,3,Skill(기술/도구),원인 분석 및 조치
21,정보통신,210218,ISMS-P인증심사관,210218_L3,ISMS-P인증심사관 중급 독립 실무 및 문제해결 엔지니어링,3,Skill(기술/도구),성과 분석 리포팅
21,정보통신,210218,ISMS-P인증심사관,210218_L3,ISMS-P인증심사관 중급 독립 실무 및 문제해결 엔지니어링,3,Attitude(태도),분석적 사고력
21,정보통신,210218,ISMS-P인증심사관,210218_L3,ISMS-P인증심사관 중급 독립 실무 및 문제해결 엔지니어링,3,Attitude(태도),타 부서와의 원활한 협업 소통
21,정보통신,210218,ISMS-P인증심사관,210218_L4,ISMS-P인증심사관 고급 전문화 및 프로젝트/팀 리딩,4,Knowledge(지식),신기술 융합 아키텍처
21,정보통신,210218,ISMS-P인증심사관,210218_L4,ISMS-P인증심사관 고급 전문화 및 프로젝트/팀 리딩,4,Knowledge(지식),프로젝트 관리론(PMBOK/Agile)
21,정보통신,210218,ISMS-P인증심사관,210218_L4,ISMS-P인증심사관 고급 전문화 및 프로젝트/팀 리딩,4,Knowledge(지식),품질보증(QA) 거버넌스
21,정보통신,210218,ISMS-P인증심사관,210218_L4,ISMS-P인증심사관 고급 전문화 및 프로젝트/팀 리딩,4,Skill(기술/도구),전체 시스템 아키텍처 설계
21,정보통신,210218,ISMS-P인증심사관,210218_L4,ISMS-P인증심사관 고급 전문화 및 프로젝트/팀 리딩,4,Skill(기술/도구),애자일 스프린트 리딩
21,정보통신,210218,ISMS-P인증심사관,210218_L4,ISMS-P인증심사관 고급 전문화 및 프로젝트/팀 리딩,4,Skill(기술/도구),신기술 PoC 검증
21,정보통신,210218,ISMS-P인증심사관,210218_L4,ISMS-P인증심사관 고급 전문화 및 프로젝트/팀 리딩,4,Attitude(태도),혁신 지향 리더십
21,정보통신,210218,ISMS-P인증심사관,210218_L4,ISMS-P인증심사관 고급 전문화 및 프로젝트/팀 리딩,4,Attitude(태도),동료 성장 멘토링 마인드
21,정보통신,210218,ISMS-P인증심사관,210218_L5,ISMS-P인증심사관 전략 기획 및 전사 거버넌스 총괄,5,Knowledge(지식),경영 전략 및 자본 예산 배분
21,정보통신,210218,ISMS-P인증심사관,210218_L5,ISMS-P인증심사관 전략 기획 및 전사 거버넌스 총괄,5,Knowledge(지식),국내외 규제 컴플라이언스
21,정보통신,210218,ISMS-P인증심사관,210218_L5,ISMS-P인증심사관 전략 기획 및 전사 거버넌스 총괄,5,Knowledge(지식),엔터프라이즈 거버넌스
21,정보통신,210218,ISMS-P인증심사관,210218_L5,ISMS-P인증심사관 전략 기획 및 전사 거버넌스 총괄,5,Skill(기술/도구),전사 로드맵 수립
21,정보통신,210218,ISMS-P인증심사관,210218_L5,ISMS-P인증심사관 전략 기획 및 전사 거버넌스 총괄,5,Skill(기술/도구),투자 대비 성과(ROI) 모델링
21,정보통신,210218,ISMS-P인증심사관,210218_L5,ISMS-P인증심사관 전략 기획 및 전사 거버넌스 총괄,5,Skill(기술/도구),최고 의사결정 전략 제언
21,정보통신,210218,ISMS-P인증심사관,210218_L5,ISMS-P인증심사관 전략 기획 및 전사 거버넌스 총괄,5,Attitude(태도),거시적 통찰력
21,정보통신,210218,ISMS-P인증심사관,210218_L5,ISMS-P인증심사관 전략 기획 및 전사 거버넌스 총괄,5,Attitude(태도),전략적 윤리 리더십
22,식품가공,220101,식품가공연구원(R&D),220101_L1,식품가공연구원(R&D) 기초 입문 및 업무 환경 지원,1,Knowledge(지식),식품가공연구원(R&D) 개론
22,식품가공,220101,식품가공연구원(R&D),220101_L1,식품가공연구원(R&D) 기초 입문 및 업무 환경 지원,1,Knowledge(지식),표준 작업 지침서
22,식품가공,220101,식품가공연구원(R&D),220101_L1,식품가공연구원(R&D) 기초 입문 및 업무 환경 지원,1,Knowledge(지식),기초 법령/규정
22,식품가공,220101,식품가공연구원(R&D),220101_L1,식품가공연구원(R&D) 기초 입문 및 업무 환경 지원,1,Skill(기술/도구),기초 전산 툴 조작
22,식품가공,220101,식품가공연구원(R&D),220101_L1,식품가공연구원(R&D) 기초 입문 및 업무 환경 지원,1,Skill(기술/도구),문서 서식 작성
22,식품가공,220101,식품가공연구원(R&D),220101_L1,식품가공연구원(R&D) 기초 입문 및 업무 환경 지원,1,Skill(기술/도구),자료 검색 및 분류
22,식품가공,220101,식품가공연구원(R&D),220101_L1,식품가공연구원(R&D) 기초 입문 및 업무 환경 지원,1,Attitude(태도),규정 준수 의식
22,식품가공,220101,식품가공연구원(R&D),220101_L1,식품가공연구원(R&D) 기초 입문 및 업무 환경 지원,1,Attitude(태도),성실한 업무 지원 태도
22,식품가공,220101,식품가공연구원(R&D),220101_L2,식품가공연구원(R&D) 초급 실무 및 정형 과업 수행,2,Knowledge(지식),식품가공연구원(R&D) 실무 프로세스
22,식품가공,220101,식품가공연구원(R&D),220101_L2,식품가공연구원(R&D) 초급 실무 및 정형 과업 수행,2,Knowledge(지식),단위 업무 품질 기준
22,식품가공,220101,식품가공연구원(R&D),220101_L2,식품가공연구원(R&D) 초급 실무 및 정형 과업 수행,2,Knowledge(지식),데이터 검증 기법
22,식품가공,220101,식품가공연구원(R&D),220101_L2,식품가공연구원(R&D) 초급 실무 및 정형 과업 수행,2,Skill(기술/도구),실무 도구/SW 조작
22,식품가공,220101,식품가공연구원(R&D),220101_L2,식품가공연구원(R&D) 초급 실무 및 정형 과업 수행,2,Skill(기술/도구),데이터 정제 및 가공
22,식품가공,220101,식품가공연구원(R&D),220101_L2,식품가공연구원(R&D) 초급 실무 및 정형 과업 수행,2,Skill(기술/도구),단위 결과물 산출
22,식품가공,220101,식품가공연구원(R&D),220101_L2,식품가공연구원(R&D) 초급 실무 및 정형 과업 수행,2,Attitude(태도),정확성과 꼼꼼함
22,식품가공,220101,식품가공연구원(R&D),220101_L2,식품가공연구원(R&D) 초급 실무 및 정형 과업 수행,2,Attitude(태도),기한 준수 책임감
22,식품가공,220101,식품가공연구원(R&D),220101_L3,식품가공연구원(R&D) 중급 독립 실무 및 문제해결 엔지니어링,3,Knowledge(지식),심화 모델링/설계 이론
22,식품가공,220101,식품가공연구원(R&D),220101_L3,식품가공연구원(R&D) 중급 독립 실무 및 문제해결 엔지니어링,3,Knowledge(지식),성능 지표(KPI) 분석법
22,식품가공,220101,식품가공연구원(R&D),220101_L3,식품가공연구원(R&D) 중급 독립 실무 및 문제해결 엔지니어링,3,Knowledge(지식),이슈 해결 방법론
22,식품가공,220101,식품가공연구원(R&D),220101_L3,식품가공연구원(R&D) 중급 독립 실무 및 문제해결 엔지니어링,3,Skill(기술/도구),고급 도구/코드/기기 활용
22,식품가공,220101,식품가공연구원(R&D),220101_L3,식품가공연구원(R&D) 중급 독립 실무 및 문제해결 엔지니어링,3,Skill(기술/도구),원인 분석 및 조치
22,식품가공,220101,식품가공연구원(R&D),220101_L3,식품가공연구원(R&D) 중급 독립 실무 및 문제해결 엔지니어링,3,Skill(기술/도구),성과 분석 리포팅
22,식품가공,220101,식품가공연구원(R&D),220101_L3,식품가공연구원(R&D) 중급 독립 실무 및 문제해결 엔지니어링,3,Attitude(태도),분석적 사고력
22,식품가공,220101,식품가공연구원(R&D),220101_L3,식품가공연구원(R&D) 중급 독립 실무 및 문제해결 엔지니어링,3,Attitude(태도),타 부서와의 원활한 협업 소통
22,식품가공,220101,식품가공연구원(R&D),220101_L4,식품가공연구원(R&D) 고급 전문화 및 프로젝트/팀 리딩,4,Knowledge(지식),신기술 융합 아키텍처
22,식품가공,220101,식품가공연구원(R&D),220101_L4,식품가공연구원(R&D) 고급 전문화 및 프로젝트/팀 리딩,4,Knowledge(지식),프로젝트 관리론(PMBOK/Agile)
22,식품가공,220101,식품가공연구원(R&D),220101_L4,식품가공연구원(R&D) 고급 전문화 및 프로젝트/팀 리딩,4,Knowledge(지식),품질보증(QA) 거버넌스
22,식품가공,220101,식품가공연구원(R&D),220101_L4,식품가공연구원(R&D) 고급 전문화 및 프로젝트/팀 리딩,4,Skill(기술/도구),전체 시스템 아키텍처 설계
22,식품가공,220101,식품가공연구원(R&D),220101_L4,식품가공연구원(R&D) 고급 전문화 및 프로젝트/팀 리딩,4,Skill(기술/도구),애자일 스프린트 리딩
22,식품가공,220101,식품가공연구원(R&D),220101_L4,식품가공연구원(R&D) 고급 전문화 및 프로젝트/팀 리딩,4,Skill(기술/도구),신기술 PoC 검증
22,식품가공,220101,식품가공연구원(R&D),220101_L4,식품가공연구원(R&D) 고급 전문화 및 프로젝트/팀 리딩,4,Attitude(태도),혁신 지향 리더십
22,식품가공,220101,식품가공연구원(R&D),220101_L4,식품가공연구원(R&D) 고급 전문화 및 프로젝트/팀 리딩,4,Attitude(태도),동료 성장 멘토링 마인드
22,식품가공,220101,식품가공연구원(R&D),220101_L5,식품가공연구원(R&D) 전략 기획 및 전사 거버넌스 총괄,5,Knowledge(지식),경영 전략 및 자본 예산 배분
22,식품가공,220101,식품가공연구원(R&D),220101_L5,식품가공연구원(R&D) 전략 기획 및 전사 거버넌스 총괄,5,Knowledge(지식),국내외 규제 컴플라이언스
22,식품가공,220101,식품가공연구원(R&D),220101_L5,식품가공연구원(R&D) 전략 기획 및 전사 거버넌스 총괄,5,Knowledge(지식),엔터프라이즈 거버넌스
22,식품가공,220101,식품가공연구원(R&D),220101_L5,식품가공연구원(R&D) 전략 기획 및 전사 거버넌스 총괄,5,Skill(기술/도구),전사 로드맵 수립
22,식품가공,220101,식품가공연구원(R&D),220101_L5,식품가공연구원(R&D) 전략 기획 및 전사 거버넌스 총괄,5,Skill(기술/도구),투자 대비 성과(ROI) 모델링
22,식품가공,220101,식품가공연구원(R&D),220101_L5,식품가공연구원(R&D) 전략 기획 및 전사 거버넌스 총괄,5,Skill(기술/도구),최고 의사결정 전략 제언
22,식품가공,220101,식품가공연구원(R&D),220101_L5,식품가공연구원(R&D) 전략 기획 및 전사 거버넌스 총괄,5,Attitude(태도),거시적 통찰력
22,식품가공,220101,식품가공연구원(R&D),220101_L5,식품가공연구원(R&D) 전략 기획 및 전사 거버넌스 총괄,5,Attitude(태도),전략적 윤리 리더십
22,식품가공,220102,HACCP품질관리관,220102_L1,HACCP품질관리관 기초 입문 및 업무 환경 지원,1,Knowledge(지식),HACCP품질관리관 개론
22,식품가공,220102,HACCP품질관리관,220102_L1,HACCP품질관리관 기초 입문 및 업무 환경 지원,1,Knowledge(지식),표준 작업 지침서
22,식품가공,220102,HACCP품질관리관,220102_L1,HACCP품질관리관 기초 입문 및 업무 환경 지원,1,Knowledge(지식),기초 법령/규정
22,식품가공,220102,HACCP품질관리관,220102_L1,HACCP품질관리관 기초 입문 및 업무 환경 지원,1,Skill(기술/도구),기초 전산 툴 조작
22,식품가공,220102,HACCP품질관리관,220102_L1,HACCP품질관리관 기초 입문 및 업무 환경 지원,1,Skill(기술/도구),문서 서식 작성
22,식품가공,220102,HACCP품질관리관,220102_L1,HACCP품질관리관 기초 입문 및 업무 환경 지원,1,Skill(기술/도구),자료 검색 및 분류
22,식품가공,220102,HACCP품질관리관,220102_L1,HACCP품질관리관 기초 입문 및 업무 환경 지원,1,Attitude(태도),규정 준수 의식
22,식품가공,220102,HACCP품질관리관,220102_L1,HACCP품질관리관 기초 입문 및 업무 환경 지원,1,Attitude(태도),성실한 업무 지원 태도
22,식품가공,220102,HACCP품질관리관,220102_L2,HACCP품질관리관 초급 실무 및 정형 과업 수행,2,Knowledge(지식),HACCP품질관리관 실무 프로세스
22,식품가공,220102,HACCP품질관리관,220102_L2,HACCP품질관리관 초급 실무 및 정형 과업 수행,2,Knowledge(지식),단위 업무 품질 기준
22,식품가공,220102,HACCP품질관리관,220102_L2,HACCP품질관리관 초급 실무 및 정형 과업 수행,2,Knowledge(지식),데이터 검증 기법
22,식품가공,220102,HACCP품질관리관,220102_L2,HACCP품질관리관 초급 실무 및 정형 과업 수행,2,Skill(기술/도구),실무 도구/SW 조작
22,식품가공,220102,HACCP품질관리관,220102_L2,HACCP품질관리관 초급 실무 및 정형 과업 수행,2,Skill(기술/도구),데이터 정제 및 가공
22,식품가공,220102,HACCP품질관리관,220102_L2,HACCP품질관리관 초급 실무 및 정형 과업 수행,2,Skill(기술/도구),단위 결과물 산출
22,식품가공,220102,HACCP품질관리관,220102_L2,HACCP품질관리관 초급 실무 및 정형 과업 수행,2,Attitude(태도),정확성과 꼼꼼함
22,식품가공,220102,HACCP품질관리관,220102_L2,HACCP품질관리관 초급 실무 및 정형 과업 수행,2,Attitude(태도),기한 준수 책임감
22,식품가공,220102,HACCP품질관리관,220102_L3,HACCP품질관리관 중급 독립 실무 및 문제해결 엔지니어링,3,Knowledge(지식),심화 모델링/설계 이론
22,식품가공,220102,HACCP품질관리관,220102_L3,HACCP품질관리관 중급 독립 실무 및 문제해결 엔지니어링,3,Knowledge(지식),성능 지표(KPI) 분석법
22,식품가공,220102,HACCP품질관리관,220102_L3,HACCP품질관리관 중급 독립 실무 및 문제해결 엔지니어링,3,Knowledge(지식),이슈 해결 방법론
22,식품가공,220102,HACCP품질관리관,220102_L3,HACCP품질관리관 중급 독립 실무 및 문제해결 엔지니어링,3,Skill(기술/도구),고급 도구/코드/기기 활용
22,식품가공,220102,HACCP품질관리관,220102_L3,HACCP품질관리관 중급 독립 실무 및 문제해결 엔지니어링,3,Skill(기술/도구),원인 분석 및 조치
22,식품가공,220102,HACCP품질관리관,220102_L3,HACCP품질관리관 중급 독립 실무 및 문제해결 엔지니어링,3,Skill(기술/도구),성과 분석 리포팅
22,식품가공,220102,HACCP품질관리관,220102_L3,HACCP품질관리관 중급 독립 실무 및 문제해결 엔지니어링,3,Attitude(태도),분석적 사고력
22,식품가공,220102,HACCP품질관리관,220102_L3,HACCP품질관리관 중급 독립 실무 및 문제해결 엔지니어링,3,Attitude(태도),타 부서와의 원활한 협업 소통
22,식품가공,220102,HACCP품질관리관,220102_L4,HACCP품질관리관 고급 전문화 및 프로젝트/팀 리딩,4,Knowledge(지식),신기술 융합 아키텍처
22,식품가공,220102,HACCP품질관리관,220102_L4,HACCP품질관리관 고급 전문화 및 프로젝트/팀 리딩,4,Knowledge(지식),프로젝트 관리론(PMBOK/Agile)
22,식품가공,220102,HACCP품질관리관,220102_L4,HACCP품질관리관 고급 전문화 및 프로젝트/팀 리딩,4,Knowledge(지식),품질보증(QA) 거버넌스
22,식품가공,220102,HACCP품질관리관,220102_L4,HACCP품질관리관 고급 전문화 및 프로젝트/팀 리딩,4,Skill(기술/도구),전체 시스템 아키텍처 설계
22,식품가공,220102,HACCP품질관리관,220102_L4,HACCP품질관리관 고급 전문화 및 프로젝트/팀 리딩,4,Skill(기술/도구),애자일 스프린트 리딩
22,식품가공,220102,HACCP품질관리관,220102_L4,HACCP품질관리관 고급 전문화 및 프로젝트/팀 리딩,4,Skill(기술/도구),신기술 PoC 검증
22,식품가공,220102,HACCP품질관리관,220102_L4,HACCP품질관리관 고급 전문화 및 프로젝트/팀 리딩,4,Attitude(태도),혁신 지향 리더십
22,식품가공,220102,HACCP품질관리관,220102_L4,HACCP품질관리관 고급 전문화 및 프로젝트/팀 리딩,4,Attitude(태도),동료 성장 멘토링 마인드
22,식품가공,220102,HACCP품질관리관,220102_L5,HACCP품질관리관 전략 기획 및 전사 거버넌스 총괄,5,Knowledge(지식),경영 전략 및 자본 예산 배분
22,식품가공,220102,HACCP품질관리관,220102_L5,HACCP품질관리관 전략 기획 및 전사 거버넌스 총괄,5,Knowledge(지식),국내외 규제 컴플라이언스
22,식품가공,220102,HACCP품질관리관,220102_L5,HACCP품질관리관 전략 기획 및 전사 거버넌스 총괄,5,Knowledge(지식),엔터프라이즈 거버넌스
22,식품가공,220102,HACCP품질관리관,220102_L5,HACCP품질관리관 전략 기획 및 전사 거버넌스 총괄,5,Skill(기술/도구),전사 로드맵 수립
22,식품가공,220102,HACCP품질관리관,220102_L5,HACCP품질관리관 전략 기획 및 전사 거버넌스 총괄,5,Skill(기술/도구),투자 대비 성과(ROI) 모델링
22,식품가공,220102,HACCP품질관리관,220102_L5,HACCP품질관리관 전략 기획 및 전사 거버넌스 총괄,5,Skill(기술/도구),최고 의사결정 전략 제언
22,식품가공,220102,HACCP품질관리관,220102_L5,HACCP품질관리관 전략 기획 및 전사 거버넌스 총괄,5,Attitude(태도),거시적 통찰력
22,식품가공,220102,HACCP품질관리관,220102_L5,HACCP품질관리관 전략 기획 및 전사 거버넌스 총괄,5,Attitude(태도),전략적 윤리 리더십
22,식품가공,220103,건강기능식품개발,220103_L1,건강기능식품개발 기초 입문 및 업무 환경 지원,1,Knowledge(지식),건강기능식품개발 개론
22,식품가공,220103,건강기능식품개발,220103_L1,건강기능식품개발 기초 입문 및 업무 환경 지원,1,Knowledge(지식),표준 작업 지침서
22,식품가공,220103,건강기능식품개발,220103_L1,건강기능식품개발 기초 입문 및 업무 환경 지원,1,Knowledge(지식),기초 법령/규정
22,식품가공,220103,건강기능식품개발,220103_L1,건강기능식품개발 기초 입문 및 업무 환경 지원,1,Skill(기술/도구),기초 전산 툴 조작
22,식품가공,220103,건강기능식품개발,220103_L1,건강기능식품개발 기초 입문 및 업무 환경 지원,1,Skill(기술/도구),문서 서식 작성
22,식품가공,220103,건강기능식품개발,220103_L1,건강기능식품개발 기초 입문 및 업무 환경 지원,1,Skill(기술/도구),자료 검색 및 분류
22,식품가공,220103,건강기능식품개발,220103_L1,건강기능식품개발 기초 입문 및 업무 환경 지원,1,Attitude(태도),규정 준수 의식
22,식품가공,220103,건강기능식품개발,220103_L1,건강기능식품개발 기초 입문 및 업무 환경 지원,1,Attitude(태도),성실한 업무 지원 태도
22,식품가공,220103,건강기능식품개발,220103_L2,건강기능식품개발 초급 실무 및 정형 과업 수행,2,Knowledge(지식),건강기능식품개발 실무 프로세스
22,식품가공,220103,건강기능식품개발,220103_L2,건강기능식품개발 초급 실무 및 정형 과업 수행,2,Knowledge(지식),단위 업무 품질 기준
22,식품가공,220103,건강기능식품개발,220103_L2,건강기능식품개발 초급 실무 및 정형 과업 수행,2,Knowledge(지식),데이터 검증 기법
22,식품가공,220103,건강기능식품개발,220103_L2,건강기능식품개발 초급 실무 및 정형 과업 수행,2,Skill(기술/도구),실무 도구/SW 조작
22,식품가공,220103,건강기능식품개발,220103_L2,건강기능식품개발 초급 실무 및 정형 과업 수행,2,Skill(기술/도구),데이터 정제 및 가공
22,식품가공,220103,건강기능식품개발,220103_L2,건강기능식품개발 초급 실무 및 정형 과업 수행,2,Skill(기술/도구),단위 결과물 산출
22,식품가공,220103,건강기능식품개발,220103_L2,건강기능식품개발 초급 실무 및 정형 과업 수행,2,Attitude(태도),정확성과 꼼꼼함
22,식품가공,220103,건강기능식품개발,220103_L2,건강기능식품개발 초급 실무 및 정형 과업 수행,2,Attitude(태도),기한 준수 책임감
22,식품가공,220103,건강기능식품개발,220103_L3,건강기능식품개발 중급 독립 실무 및 문제해결 엔지니어링,3,Knowledge(지식),심화 모델링/설계 이론
22,식품가공,220103,건강기능식품개발,220103_L3,건강기능식품개발 중급 독립 실무 및 문제해결 엔지니어링,3,Knowledge(지식),성능 지표(KPI) 분석법
22,식품가공,220103,건강기능식품개발,220103_L3,건강기능식품개발 중급 독립 실무 및 문제해결 엔지니어링,3,Knowledge(지식),이슈 해결 방법론
22,식품가공,220103,건강기능식품개발,220103_L3,건강기능식품개발 중급 독립 실무 및 문제해결 엔지니어링,3,Skill(기술/도구),고급 도구/코드/기기 활용
22,식품가공,220103,건강기능식품개발,220103_L3,건강기능식품개발 중급 독립 실무 및 문제해결 엔지니어링,3,Skill(기술/도구),원인 분석 및 조치
22,식품가공,220103,건강기능식품개발,220103_L3,건강기능식품개발 중급 독립 실무 및 문제해결 엔지니어링,3,Skill(기술/도구),성과 분석 리포팅
22,식품가공,220103,건강기능식품개발,220103_L3,건강기능식품개발 중급 독립 실무 및 문제해결 엔지니어링,3,Attitude(태도),분석적 사고력
22,식품가공,220103,건강기능식품개발,220103_L3,건강기능식품개발 중급 독립 실무 및 문제해결 엔지니어링,3,Attitude(태도),타 부서와의 원활한 협업 소통
22,식품가공,220103,건강기능식품개발,220103_L4,건강기능식품개발 고급 전문화 및 프로젝트/팀 리딩,4,Knowledge(지식),신기술 융합 아키텍처
22,식품가공,220103,건강기능식품개발,220103_L4,건강기능식품개발 고급 전문화 및 프로젝트/팀 리딩,4,Knowledge(지식),프로젝트 관리론(PMBOK/Agile)
22,식품가공,220103,건강기능식품개발,220103_L4,건강기능식품개발 고급 전문화 및 프로젝트/팀 리딩,4,Knowledge(지식),품질보증(QA) 거버넌스
22,식품가공,220103,건강기능식품개발,220103_L4,건강기능식품개발 고급 전문화 및 프로젝트/팀 리딩,4,Skill(기술/도구),전체 시스템 아키텍처 설계
22,식품가공,220103,건강기능식품개발,220103_L4,건강기능식품개발 고급 전문화 및 프로젝트/팀 리딩,4,Skill(기술/도구),애자일 스프린트 리딩
22,식품가공,220103,건강기능식품개발,220103_L4,건강기능식품개발 고급 전문화 및 프로젝트/팀 리딩,4,Skill(기술/도구),신기술 PoC 검증
22,식품가공,220103,건강기능식품개발,220103_L4,건강기능식품개발 고급 전문화 및 프로젝트/팀 리딩,4,Attitude(태도),혁신 지향 리더십
22,식품가공,220103,건강기능식품개발,220103_L4,건강기능식품개발 고급 전문화 및 프로젝트/팀 리딩,4,Attitude(태도),동료 성장 멘토링 마인드
22,식품가공,220103,건강기능식품개발,220103_L5,건강기능식품개발 전략 기획 및 전사 거버넌스 총괄,5,Knowledge(지식),경영 전략 및 자본 예산 배분
22,식품가공,220103,건강기능식품개발,220103_L5,건강기능식품개발 전략 기획 및 전사 거버넌스 총괄,5,Knowledge(지식),국내외 규제 컴플라이언스
22,식품가공,220103,건강기능식품개발,220103_L5,건강기능식품개발 전략 기획 및 전사 거버넌스 총괄,5,Knowledge(지식),엔터프라이즈 거버넌스
22,식품가공,220103,건강기능식품개발,220103_L5,건강기능식품개발 전략 기획 및 전사 거버넌스 총괄,5,Skill(기술/도구),전사 로드맵 수립
22,식품가공,220103,건강기능식품개발,220103_L5,건강기능식품개발 전략 기획 및 전사 거버넌스 총괄,5,Skill(기술/도구),투자 대비 성과(ROI) 모델링
22,식품가공,220103,건강기능식품개발,220103_L5,건강기능식품개발 전략 기획 및 전사 거버넌스 총괄,5,Skill(기술/도구),최고 의사결정 전략 제언
22,식품가공,220103,건강기능식품개발,220103_L5,건강기능식품개발 전략 기획 및 전사 거버넌스 총괄,5,Attitude(태도),거시적 통찰력
22,식품가공,220103,건강기능식품개발,220103_L5,건강기능식품개발 전략 기획 및 전사 거버넌스 총괄,5,Attitude(태도),전략적 윤리 리더십
22,식품가공,220104,축산육가공제조,220104_L1,축산육가공제조 기초 입문 및 업무 환경 지원,1,Knowledge(지식),축산육가공제조 개론
22,식품가공,220104,축산육가공제조,220104_L1,축산육가공제조 기초 입문 및 업무 환경 지원,1,Knowledge(지식),표준 작업 지침서
22,식품가공,220104,축산육가공제조,220104_L1,축산육가공제조 기초 입문 및 업무 환경 지원,1,Knowledge(지식),기초 법령/규정
22,식품가공,220104,축산육가공제조,220104_L1,축산육가공제조 기초 입문 및 업무 환경 지원,1,Skill(기술/도구),기초 전산 툴 조작
22,식품가공,220104,축산육가공제조,220104_L1,축산육가공제조 기초 입문 및 업무 환경 지원,1,Skill(기술/도구),문서 서식 작성
22,식품가공,220104,축산육가공제조,220104_L1,축산육가공제조 기초 입문 및 업무 환경 지원,1,Skill(기술/도구),자료 검색 및 분류
22,식품가공,220104,축산육가공제조,220104_L1,축산육가공제조 기초 입문 및 업무 환경 지원,1,Attitude(태도),규정 준수 의식
22,식품가공,220104,축산육가공제조,220104_L1,축산육가공제조 기초 입문 및 업무 환경 지원,1,Attitude(태도),성실한 업무 지원 태도
22,식품가공,220104,축산육가공제조,220104_L2,축산육가공제조 초급 실무 및 정형 과업 수행,2,Knowledge(지식),축산육가공제조 실무 프로세스
22,식품가공,220104,축산육가공제조,220104_L2,축산육가공제조 초급 실무 및 정형 과업 수행,2,Knowledge(지식),단위 업무 품질 기준
22,식품가공,220104,축산육가공제조,220104_L2,축산육가공제조 초급 실무 및 정형 과업 수행,2,Knowledge(지식),데이터 검증 기법
22,식품가공,220104,축산육가공제조,220104_L2,축산육가공제조 초급 실무 및 정형 과업 수행,2,Skill(기술/도구),실무 도구/SW 조작
22,식품가공,220104,축산육가공제조,220104_L2,축산육가공제조 초급 실무 및 정형 과업 수행,2,Skill(기술/도구),데이터 정제 및 가공
22,식품가공,220104,축산육가공제조,220104_L2,축산육가공제조 초급 실무 및 정형 과업 수행,2,Skill(기술/도구),단위 결과물 산출
22,식품가공,220104,축산육가공제조,220104_L2,축산육가공제조 초급 실무 및 정형 과업 수행,2,Attitude(태도),정확성과 꼼꼼함
22,식품가공,220104,축산육가공제조,220104_L2,축산육가공제조 초급 실무 및 정형 과업 수행,2,Attitude(태도),기한 준수 책임감
22,식품가공,220104,축산육가공제조,220104_L3,축산육가공제조 중급 독립 실무 및 문제해결 엔지니어링,3,Knowledge(지식),심화 모델링/설계 이론
22,식품가공,220104,축산육가공제조,220104_L3,축산육가공제조 중급 독립 실무 및 문제해결 엔지니어링,3,Knowledge(지식),성능 지표(KPI) 분석법
22,식품가공,220104,축산육가공제조,220104_L3,축산육가공제조 중급 독립 실무 및 문제해결 엔지니어링,3,Knowledge(지식),이슈 해결 방법론
22,식품가공,220104,축산육가공제조,220104_L3,축산육가공제조 중급 독립 실무 및 문제해결 엔지니어링,3,Skill(기술/도구),고급 도구/코드/기기 활용
22,식품가공,220104,축산육가공제조,220104_L3,축산육가공제조 중급 독립 실무 및 문제해결 엔지니어링,3,Skill(기술/도구),원인 분석 및 조치
22,식품가공,220104,축산육가공제조,220104_L3,축산육가공제조 중급 독립 실무 및 문제해결 엔지니어링,3,Skill(기술/도구),성과 분석 리포팅
22,식품가공,220104,축산육가공제조,220104_L3,축산육가공제조 중급 독립 실무 및 문제해결 엔지니어링,3,Attitude(태도),분석적 사고력
22,식품가공,220104,축산육가공제조,220104_L3,축산육가공제조 중급 독립 실무 및 문제해결 엔지니어링,3,Attitude(태도),타 부서와의 원활한 협업 소통
22,식품가공,220104,축산육가공제조,220104_L4,축산육가공제조 고급 전문화 및 프로젝트/팀 리딩,4,Knowledge(지식),신기술 융합 아키텍처
22,식품가공,220104,축산육가공제조,220104_L4,축산육가공제조 고급 전문화 및 프로젝트/팀 리딩,4,Knowledge(지식),프로젝트 관리론(PMBOK/Agile)
22,식품가공,220104,축산육가공제조,220104_L4,축산육가공제조 고급 전문화 및 프로젝트/팀 리딩,4,Knowledge(지식),품질보증(QA) 거버넌스
22,식품가공,220104,축산육가공제조,220104_L4,축산육가공제조 고급 전문화 및 프로젝트/팀 리딩,4,Skill(기술/도구),전체 시스템 아키텍처 설계
22,식품가공,220104,축산육가공제조,220104_L4,축산육가공제조 고급 전문화 및 프로젝트/팀 리딩,4,Skill(기술/도구),애자일 스프린트 리딩
22,식품가공,220104,축산육가공제조,220104_L4,축산육가공제조 고급 전문화 및 프로젝트/팀 리딩,4,Skill(기술/도구),신기술 PoC 검증
22,식품가공,220104,축산육가공제조,220104_L4,축산육가공제조 고급 전문화 및 프로젝트/팀 리딩,4,Attitude(태도),혁신 지향 리더십
22,식품가공,220104,축산육가공제조,220104_L4,축산육가공제조 고급 전문화 및 프로젝트/팀 리딩,4,Attitude(태도),동료 성장 멘토링 마인드
22,식품가공,220104,축산육가공제조,220104_L5,축산육가공제조 전략 기획 및 전사 거버넌스 총괄,5,Knowledge(지식),경영 전략 및 자본 예산 배분
22,식품가공,220104,축산육가공제조,220104_L5,축산육가공제조 전략 기획 및 전사 거버넌스 총괄,5,Knowledge(지식),국내외 규제 컴플라이언스
22,식품가공,220104,축산육가공제조,220104_L5,축산육가공제조 전략 기획 및 전사 거버넌스 총괄,5,Knowledge(지식),엔터프라이즈 거버넌스
22,식품가공,220104,축산육가공제조,220104_L5,축산육가공제조 전략 기획 및 전사 거버넌스 총괄,5,Skill(기술/도구),전사 로드맵 수립
22,식품가공,220104,축산육가공제조,220104_L5,축산육가공제조 전략 기획 및 전사 거버넌스 총괄,5,Skill(기술/도구),투자 대비 성과(ROI) 모델링
22,식품가공,220104,축산육가공제조,220104_L5,축산육가공제조 전략 기획 및 전사 거버넌스 총괄,5,Skill(기술/도구),최고 의사결정 전략 제언
22,식품가공,220104,축산육가공제조,220104_L5,축산육가공제조 전략 기획 및 전사 거버넌스 총괄,5,Attitude(태도),거시적 통찰력
22,식품가공,220104,축산육가공제조,220104_L5,축산육가공제조 전략 기획 및 전사 거버넌스 총괄,5,Attitude(태도),전략적 윤리 리더십
22,식품가공,220105,수산가공공정,220105_L1,수산가공공정 기초 입문 및 업무 환경 지원,1,Knowledge(지식),수산가공공정 개론
22,식품가공,220105,수산가공공정,220105_L1,수산가공공정 기초 입문 및 업무 환경 지원,1,Knowledge(지식),표준 작업 지침서
22,식품가공,220105,수산가공공정,220105_L1,수산가공공정 기초 입문 및 업무 환경 지원,1,Knowledge(지식),기초 법령/규정
22,식품가공,220105,수산가공공정,220105_L1,수산가공공정 기초 입문 및 업무 환경 지원,1,Skill(기술/도구),기초 전산 툴 조작
22,식품가공,220105,수산가공공정,220105_L1,수산가공공정 기초 입문 및 업무 환경 지원,1,Skill(기술/도구),문서 서식 작성
22,식품가공,220105,수산가공공정,220105_L1,수산가공공정 기초 입문 및 업무 환경 지원,1,Skill(기술/도구),자료 검색 및 분류
22,식품가공,220105,수산가공공정,220105_L1,수산가공공정 기초 입문 및 업무 환경 지원,1,Attitude(태도),규정 준수 의식
22,식품가공,220105,수산가공공정,220105_L1,수산가공공정 기초 입문 및 업무 환경 지원,1,Attitude(태도),성실한 업무 지원 태도
22,식품가공,220105,수산가공공정,220105_L2,수산가공공정 초급 실무 및 정형 과업 수행,2,Knowledge(지식),수산가공공정 실무 프로세스
22,식품가공,220105,수산가공공정,220105_L2,수산가공공정 초급 실무 및 정형 과업 수행,2,Knowledge(지식),단위 업무 품질 기준
22,식품가공,220105,수산가공공정,220105_L2,수산가공공정 초급 실무 및 정형 과업 수행,2,Knowledge(지식),데이터 검증 기법
22,식품가공,220105,수산가공공정,220105_L2,수산가공공정 초급 실무 및 정형 과업 수행,2,Skill(기술/도구),실무 도구/SW 조작
22,식품가공,220105,수산가공공정,220105_L2,수산가공공정 초급 실무 및 정형 과업 수행,2,Skill(기술/도구),데이터 정제 및 가공
22,식품가공,220105,수산가공공정,220105_L2,수산가공공정 초급 실무 및 정형 과업 수행,2,Skill(기술/도구),단위 결과물 산출
22,식품가공,220105,수산가공공정,220105_L2,수산가공공정 초급 실무 및 정형 과업 수행,2,Attitude(태도),정확성과 꼼꼼함
22,식품가공,220105,수산가공공정,220105_L2,수산가공공정 초급 실무 및 정형 과업 수행,2,Attitude(태도),기한 준수 책임감
22,식품가공,220105,수산가공공정,220105_L3,수산가공공정 중급 독립 실무 및 문제해결 엔지니어링,3,Knowledge(지식),심화 모델링/설계 이론
22,식품가공,220105,수산가공공정,220105_L3,수산가공공정 중급 독립 실무 및 문제해결 엔지니어링,3,Knowledge(지식),성능 지표(KPI) 분석법
22,식품가공,220105,수산가공공정,220105_L3,수산가공공정 중급 독립 실무 및 문제해결 엔지니어링,3,Knowledge(지식),이슈 해결 방법론
22,식품가공,220105,수산가공공정,220105_L3,수산가공공정 중급 독립 실무 및 문제해결 엔지니어링,3,Skill(기술/도구),고급 도구/코드/기기 활용
22,식품가공,220105,수산가공공정,220105_L3,수산가공공정 중급 독립 실무 및 문제해결 엔지니어링,3,Skill(기술/도구),원인 분석 및 조치
22,식품가공,220105,수산가공공정,220105_L3,수산가공공정 중급 독립 실무 및 문제해결 엔지니어링,3,Skill(기술/도구),성과 분석 리포팅
22,식품가공,220105,수산가공공정,220105_L3,수산가공공정 중급 독립 실무 및 문제해결 엔지니어링,3,Attitude(태도),분석적 사고력
22,식품가공,220105,수산가공공정,220105_L3,수산가공공정 중급 독립 실무 및 문제해결 엔지니어링,3,Attitude(태도),타 부서와의 원활한 협업 소통
22,식품가공,220105,수산가공공정,220105_L4,수산가공공정 고급 전문화 및 프로젝트/팀 리딩,4,Knowledge(지식),신기술 융합 아키텍처
22,식품가공,220105,수산가공공정,220105_L4,수산가공공정 고급 전문화 및 프로젝트/팀 리딩,4,Knowledge(지식),프로젝트 관리론(PMBOK/Agile)
22,식품가공,220105,수산가공공정,220105_L4,수산가공공정 고급 전문화 및 프로젝트/팀 리딩,4,Knowledge(지식),품질보증(QA) 거버넌스
22,식품가공,220105,수산가공공정,220105_L4,수산가공공정 고급 전문화 및 프로젝트/팀 리딩,4,Skill(기술/도구),전체 시스템 아키텍처 설계
22,식품가공,220105,수산가공공정,220105_L4,수산가공공정 고급 전문화 및 프로젝트/팀 리딩,4,Skill(기술/도구),애자일 스프린트 리딩
22,식품가공,220105,수산가공공정,220105_L4,수산가공공정 고급 전문화 및 프로젝트/팀 리딩,4,Skill(기술/도구),신기술 PoC 검증
22,식품가공,220105,수산가공공정,220105_L4,수산가공공정 고급 전문화 및 프로젝트/팀 리딩,4,Attitude(태도),혁신 지향 리더십
22,식품가공,220105,수산가공공정,220105_L4,수산가공공정 고급 전문화 및 프로젝트/팀 리딩,4,Attitude(태도),동료 성장 멘토링 마인드
22,식품가공,220105,수산가공공정,220105_L5,수산가공공정 전략 기획 및 전사 거버넌스 총괄,5,Knowledge(지식),경영 전략 및 자본 예산 배분
22,식품가공,220105,수산가공공정,220105_L5,수산가공공정 전략 기획 및 전사 거버넌스 총괄,5,Knowledge(지식),국내외 규제 컴플라이언스
22,식품가공,220105,수산가공공정,220105_L5,수산가공공정 전략 기획 및 전사 거버넌스 총괄,5,Knowledge(지식),엔터프라이즈 거버넌스
22,식품가공,220105,수산가공공정,220105_L5,수산가공공정 전략 기획 및 전사 거버넌스 총괄,5,Skill(기술/도구),전사 로드맵 수립
22,식품가공,220105,수산가공공정,220105_L5,수산가공공정 전략 기획 및 전사 거버넌스 총괄,5,Skill(기술/도구),투자 대비 성과(ROI) 모델링
22,식품가공,220105,수산가공공정,220105_L5,수산가공공정 전략 기획 및 전사 거버넌스 총괄,5,Skill(기술/도구),최고 의사결정 전략 제언
22,식품가공,220105,수산가공공정,220105_L5,수산가공공정 전략 기획 및 전사 거버넌스 총괄,5,Attitude(태도),거시적 통찰력
22,식품가공,220105,수산가공공정,220105_L5,수산가공공정 전략 기획 및 전사 거버넌스 총괄,5,Attitude(태도),전략적 윤리 리더십
22,식품가공,220106,주류발효공정,220106_L1,주류발효공정 기초 입문 및 업무 환경 지원,1,Knowledge(지식),주류발효공정 개론
22,식품가공,220106,주류발효공정,220106_L1,주류발효공정 기초 입문 및 업무 환경 지원,1,Knowledge(지식),표준 작업 지침서
22,식품가공,220106,주류발효공정,220106_L1,주류발효공정 기초 입문 및 업무 환경 지원,1,Knowledge(지식),기초 법령/규정
22,식품가공,220106,주류발효공정,220106_L1,주류발효공정 기초 입문 및 업무 환경 지원,1,Skill(기술/도구),기초 전산 툴 조작
22,식품가공,220106,주류발효공정,220106_L1,주류발효공정 기초 입문 및 업무 환경 지원,1,Skill(기술/도구),문서 서식 작성
22,식품가공,220106,주류발효공정,220106_L1,주류발효공정 기초 입문 및 업무 환경 지원,1,Skill(기술/도구),자료 검색 및 분류
22,식품가공,220106,주류발효공정,220106_L1,주류발효공정 기초 입문 및 업무 환경 지원,1,Attitude(태도),규정 준수 의식
22,식품가공,220106,주류발효공정,220106_L1,주류발효공정 기초 입문 및 업무 환경 지원,1,Attitude(태도),성실한 업무 지원 태도
22,식품가공,220106,주류발효공정,220106_L2,주류발효공정 초급 실무 및 정형 과업 수행,2,Knowledge(지식),주류발효공정 실무 프로세스
22,식품가공,220106,주류발효공정,220106_L2,주류발효공정 초급 실무 및 정형 과업 수행,2,Knowledge(지식),단위 업무 품질 기준
22,식품가공,220106,주류발효공정,220106_L2,주류발효공정 초급 실무 및 정형 과업 수행,2,Knowledge(지식),데이터 검증 기법
22,식품가공,220106,주류발효공정,220106_L2,주류발효공정 초급 실무 및 정형 과업 수행,2,Skill(기술/도구),실무 도구/SW 조작
22,식품가공,220106,주류발효공정,220106_L2,주류발효공정 초급 실무 및 정형 과업 수행,2,Skill(기술/도구),데이터 정제 및 가공
22,식품가공,220106,주류발효공정,220106_L2,주류발효공정 초급 실무 및 정형 과업 수행,2,Skill(기술/도구),단위 결과물 산출
22,식품가공,220106,주류발효공정,220106_L2,주류발효공정 초급 실무 및 정형 과업 수행,2,Attitude(태도),정확성과 꼼꼼함
22,식품가공,220106,주류발효공정,220106_L2,주류발효공정 초급 실무 및 정형 과업 수행,2,Attitude(태도),기한 준수 책임감
22,식품가공,220106,주류발효공정,220106_L3,주류발효공정 중급 독립 실무 및 문제해결 엔지니어링,3,Knowledge(지식),심화 모델링/설계 이론
22,식품가공,220106,주류발효공정,220106_L3,주류발효공정 중급 독립 실무 및 문제해결 엔지니어링,3,Knowledge(지식),성능 지표(KPI) 분석법
22,식품가공,220106,주류발효공정,220106_L3,주류발효공정 중급 독립 실무 및 문제해결 엔지니어링,3,Knowledge(지식),이슈 해결 방법론
22,식품가공,220106,주류발효공정,220106_L3,주류발효공정 중급 독립 실무 및 문제해결 엔지니어링,3,Skill(기술/도구),고급 도구/코드/기기 활용
22,식품가공,220106,주류발효공정,220106_L3,주류발효공정 중급 독립 실무 및 문제해결 엔지니어링,3,Skill(기술/도구),원인 분석 및 조치
22,식품가공,220106,주류발효공정,220106_L3,주류발효공정 중급 독립 실무 및 문제해결 엔지니어링,3,Skill(기술/도구),성과 분석 리포팅
22,식품가공,220106,주류발효공정,220106_L3,주류발효공정 중급 독립 실무 및 문제해결 엔지니어링,3,Attitude(태도),분석적 사고력
22,식품가공,220106,주류발효공정,220106_L3,주류발효공정 중급 독립 실무 및 문제해결 엔지니어링,3,Attitude(태도),타 부서와의 원활한 협업 소통
22,식품가공,220106,주류발효공정,220106_L4,주류발효공정 고급 전문화 및 프로젝트/팀 리딩,4,Knowledge(지식),신기술 융합 아키텍처
22,식품가공,220106,주류발효공정,220106_L4,주류발효공정 고급 전문화 및 프로젝트/팀 리딩,4,Knowledge(지식),프로젝트 관리론(PMBOK/Agile)
22,식품가공,220106,주류발효공정,220106_L4,주류발효공정 고급 전문화 및 프로젝트/팀 리딩,4,Knowledge(지식),품질보증(QA) 거버넌스
22,식품가공,220106,주류발효공정,220106_L4,주류발효공정 고급 전문화 및 프로젝트/팀 리딩,4,Skill(기술/도구),전체 시스템 아키텍처 설계
22,식품가공,220106,주류발효공정,220106_L4,주류발효공정 고급 전문화 및 프로젝트/팀 리딩,4,Skill(기술/도구),애자일 스프린트 리딩
22,식품가공,220106,주류발효공정,220106_L4,주류발효공정 고급 전문화 및 프로젝트/팀 리딩,4,Skill(기술/도구),신기술 PoC 검증
22,식품가공,220106,주류발효공정,220106_L4,주류발효공정 고급 전문화 및 프로젝트/팀 리딩,4,Attitude(태도),혁신 지향 리더십
22,식품가공,220106,주류발효공정,220106_L4,주류발효공정 고급 전문화 및 프로젝트/팀 리딩,4,Attitude(태도),동료 성장 멘토링 마인드
22,식품가공,220106,주류발효공정,220106_L5,주류발효공정 전략 기획 및 전사 거버넌스 총괄,5,Knowledge(지식),경영 전략 및 자본 예산 배분
22,식품가공,220106,주류발효공정,220106_L5,주류발효공정 전략 기획 및 전사 거버넌스 총괄,5,Knowledge(지식),국내외 규제 컴플라이언스
22,식품가공,220106,주류발효공정,220106_L5,주류발효공정 전략 기획 및 전사 거버넌스 총괄,5,Knowledge(지식),엔터프라이즈 거버넌스
22,식품가공,220106,주류발효공정,220106_L5,주류발효공정 전략 기획 및 전사 거버넌스 총괄,5,Skill(기술/도구),전사 로드맵 수립
22,식품가공,220106,주류발효공정,220106_L5,주류발효공정 전략 기획 및 전사 거버넌스 총괄,5,Skill(기술/도구),투자 대비 성과(ROI) 모델링
22,식품가공,220106,주류발효공정,220106_L5,주류발효공정 전략 기획 및 전사 거버넌스 총괄,5,Skill(기술/도구),최고 의사결정 전략 제언
22,식품가공,220106,주류발효공정,220106_L5,주류발효공정 전략 기획 및 전사 거버넌스 총괄,5,Attitude(태도),거시적 통찰력
22,식품가공,220106,주류발효공정,220106_L5,주류발효공정 전략 기획 및 전사 거버넌스 총괄,5,Attitude(태도),전략적 윤리 리더십
22,식품가공,220107,식품유통기한설정,220107_L1,식품유통기한설정 기초 입문 및 업무 환경 지원,1,Knowledge(지식),식품유통기한설정 개론
22,식품가공,220107,식품유통기한설정,220107_L1,식품유통기한설정 기초 입문 및 업무 환경 지원,1,Knowledge(지식),표준 작업 지침서
22,식품가공,220107,식품유통기한설정,220107_L1,식품유통기한설정 기초 입문 및 업무 환경 지원,1,Knowledge(지식),기초 법령/규정
22,식품가공,220107,식품유통기한설정,220107_L1,식품유통기한설정 기초 입문 및 업무 환경 지원,1,Skill(기술/도구),기초 전산 툴 조작
22,식품가공,220107,식품유통기한설정,220107_L1,식품유통기한설정 기초 입문 및 업무 환경 지원,1,Skill(기술/도구),문서 서식 작성
22,식품가공,220107,식품유통기한설정,220107_L1,식품유통기한설정 기초 입문 및 업무 환경 지원,1,Skill(기술/도구),자료 검색 및 분류
22,식품가공,220107,식품유통기한설정,220107_L1,식품유통기한설정 기초 입문 및 업무 환경 지원,1,Attitude(태도),규정 준수 의식
22,식품가공,220107,식품유통기한설정,220107_L1,식품유통기한설정 기초 입문 및 업무 환경 지원,1,Attitude(태도),성실한 업무 지원 태도
22,식품가공,220107,식품유통기한설정,220107_L2,식품유통기한설정 초급 실무 및 정형 과업 수행,2,Knowledge(지식),식품유통기한설정 실무 프로세스
22,식품가공,220107,식품유통기한설정,220107_L2,식품유통기한설정 초급 실무 및 정형 과업 수행,2,Knowledge(지식),단위 업무 품질 기준
22,식품가공,220107,식품유통기한설정,220107_L2,식품유통기한설정 초급 실무 및 정형 과업 수행,2,Knowledge(지식),데이터 검증 기법
22,식품가공,220107,식품유통기한설정,220107_L2,식품유통기한설정 초급 실무 및 정형 과업 수행,2,Skill(기술/도구),실무 도구/SW 조작
22,식품가공,220107,식품유통기한설정,220107_L2,식품유통기한설정 초급 실무 및 정형 과업 수행,2,Skill(기술/도구),데이터 정제 및 가공
22,식품가공,220107,식품유통기한설정,220107_L2,식품유통기한설정 초급 실무 및 정형 과업 수행,2,Skill(기술/도구),단위 결과물 산출
22,식품가공,220107,식품유통기한설정,220107_L2,식품유통기한설정 초급 실무 및 정형 과업 수행,2,Attitude(태도),정확성과 꼼꼼함
22,식품가공,220107,식품유통기한설정,220107_L2,식품유통기한설정 초급 실무 및 정형 과업 수행,2,Attitude(태도),기한 준수 책임감
22,식품가공,220107,식품유통기한설정,220107_L3,식품유통기한설정 중급 독립 실무 및 문제해결 엔지니어링,3,Knowledge(지식),심화 모델링/설계 이론
22,식품가공,220107,식품유통기한설정,220107_L3,식품유통기한설정 중급 독립 실무 및 문제해결 엔지니어링,3,Knowledge(지식),성능 지표(KPI) 분석법
22,식품가공,220107,식품유통기한설정,220107_L3,식품유통기한설정 중급 독립 실무 및 문제해결 엔지니어링,3,Knowledge(지식),이슈 해결 방법론
22,식품가공,220107,식품유통기한설정,220107_L3,식품유통기한설정 중급 독립 실무 및 문제해결 엔지니어링,3,Skill(기술/도구),고급 도구/코드/기기 활용
22,식품가공,220107,식품유통기한설정,220107_L3,식품유통기한설정 중급 독립 실무 및 문제해결 엔지니어링,3,Skill(기술/도구),원인 분석 및 조치
22,식품가공,220107,식품유통기한설정,220107_L3,식품유통기한설정 중급 독립 실무 및 문제해결 엔지니어링,3,Skill(기술/도구),성과 분석 리포팅
22,식품가공,220107,식품유통기한설정,220107_L3,식품유통기한설정 중급 독립 실무 및 문제해결 엔지니어링,3,Attitude(태도),분석적 사고력
22,식품가공,220107,식품유통기한설정,220107_L3,식품유통기한설정 중급 독립 실무 및 문제해결 엔지니어링,3,Attitude(태도),타 부서와의 원활한 협업 소통
22,식품가공,220107,식품유통기한설정,220107_L4,식품유통기한설정 고급 전문화 및 프로젝트/팀 리딩,4,Knowledge(지식),신기술 융합 아키텍처
22,식품가공,220107,식품유통기한설정,220107_L4,식품유통기한설정 고급 전문화 및 프로젝트/팀 리딩,4,Knowledge(지식),프로젝트 관리론(PMBOK/Agile)
22,식품가공,220107,식품유통기한설정,220107_L4,식품유통기한설정 고급 전문화 및 프로젝트/팀 리딩,4,Knowledge(지식),품질보증(QA) 거버넌스
22,식품가공,220107,식품유통기한설정,220107_L4,식품유통기한설정 고급 전문화 및 프로젝트/팀 리딩,4,Skill(기술/도구),전체 시스템 아키텍처 설계
22,식품가공,220107,식품유통기한설정,220107_L4,식품유통기한설정 고급 전문화 및 프로젝트/팀 리딩,4,Skill(기술/도구),애자일 스프린트 리딩
22,식품가공,220107,식품유통기한설정,220107_L4,식품유통기한설정 고급 전문화 및 프로젝트/팀 리딩,4,Skill(기술/도구),신기술 PoC 검증
22,식품가공,220107,식품유통기한설정,220107_L4,식품유통기한설정 고급 전문화 및 프로젝트/팀 리딩,4,Attitude(태도),혁신 지향 리더십
22,식품가공,220107,식품유통기한설정,220107_L4,식품유통기한설정 고급 전문화 및 프로젝트/팀 리딩,4,Attitude(태도),동료 성장 멘토링 마인드
22,식품가공,220107,식품유통기한설정,220107_L5,식품유통기한설정 전략 기획 및 전사 거버넌스 총괄,5,Knowledge(지식),경영 전략 및 자본 예산 배분
22,식품가공,220107,식품유통기한설정,220107_L5,식품유통기한설정 전략 기획 및 전사 거버넌스 총괄,5,Knowledge(지식),국내외 규제 컴플라이언스
22,식품가공,220107,식품유통기한설정,220107_L5,식품유통기한설정 전략 기획 및 전사 거버넌스 총괄,5,Knowledge(지식),엔터프라이즈 거버넌스
22,식품가공,220107,식품유통기한설정,220107_L5,식품유통기한설정 전략 기획 및 전사 거버넌스 총괄,5,Skill(기술/도구),전사 로드맵 수립
22,식품가공,220107,식품유통기한설정,220107_L5,식품유통기한설정 전략 기획 및 전사 거버넌스 총괄,5,Skill(기술/도구),투자 대비 성과(ROI) 모델링
22,식품가공,220107,식품유통기한설정,220107_L5,식품유통기한설정 전략 기획 및 전사 거버넌스 총괄,5,Skill(기술/도구),최고 의사결정 전략 제언
22,식품가공,220107,식품유통기한설정,220107_L5,식품유통기한설정 전략 기획 및 전사 거버넌스 총괄,5,Attitude(태도),거시적 통찰력
22,식품가공,220107,식품유통기한설정,220107_L5,식품유통기한설정 전략 기획 및 전사 거버넌스 총괄,5,Attitude(태도),전략적 윤리 리더십
23,인쇄·목재·가구·공예,230101,친환경스마트패키징설계,230101_L1,친환경스마트패키징설계 기초 입문 및 업무 환경 지원,1,Knowledge(지식),친환경스마트패키징설계 개론
23,인쇄·목재·가구·공예,230101,친환경스마트패키징설계,230101_L1,친환경스마트패키징설계 기초 입문 및 업무 환경 지원,1,Knowledge(지식),표준 작업 지침서
23,인쇄·목재·가구·공예,230101,친환경스마트패키징설계,230101_L1,친환경스마트패키징설계 기초 입문 및 업무 환경 지원,1,Knowledge(지식),기초 법령/규정
23,인쇄·목재·가구·공예,230101,친환경스마트패키징설계,230101_L1,친환경스마트패키징설계 기초 입문 및 업무 환경 지원,1,Skill(기술/도구),기초 전산 툴 조작
23,인쇄·목재·가구·공예,230101,친환경스마트패키징설계,230101_L1,친환경스마트패키징설계 기초 입문 및 업무 환경 지원,1,Skill(기술/도구),문서 서식 작성
23,인쇄·목재·가구·공예,230101,친환경스마트패키징설계,230101_L1,친환경스마트패키징설계 기초 입문 및 업무 환경 지원,1,Skill(기술/도구),자료 검색 및 분류
23,인쇄·목재·가구·공예,230101,친환경스마트패키징설계,230101_L1,친환경스마트패키징설계 기초 입문 및 업무 환경 지원,1,Attitude(태도),규정 준수 의식
23,인쇄·목재·가구·공예,230101,친환경스마트패키징설계,230101_L1,친환경스마트패키징설계 기초 입문 및 업무 환경 지원,1,Attitude(태도),성실한 업무 지원 태도
23,인쇄·목재·가구·공예,230101,친환경스마트패키징설계,230101_L2,친환경스마트패키징설계 초급 실무 및 정형 과업 수행,2,Knowledge(지식),친환경스마트패키징설계 실무 프로세스
23,인쇄·목재·가구·공예,230101,친환경스마트패키징설계,230101_L2,친환경스마트패키징설계 초급 실무 및 정형 과업 수행,2,Knowledge(지식),단위 업무 품질 기준
23,인쇄·목재·가구·공예,230101,친환경스마트패키징설계,230101_L2,친환경스마트패키징설계 초급 실무 및 정형 과업 수행,2,Knowledge(지식),데이터 검증 기법
23,인쇄·목재·가구·공예,230101,친환경스마트패키징설계,230101_L2,친환경스마트패키징설계 초급 실무 및 정형 과업 수행,2,Skill(기술/도구),실무 도구/SW 조작
23,인쇄·목재·가구·공예,230101,친환경스마트패키징설계,230101_L2,친환경스마트패키징설계 초급 실무 및 정형 과업 수행,2,Skill(기술/도구),데이터 정제 및 가공
23,인쇄·목재·가구·공예,230101,친환경스마트패키징설계,230101_L2,친환경스마트패키징설계 초급 실무 및 정형 과업 수행,2,Skill(기술/도구),단위 결과물 산출
23,인쇄·목재·가구·공예,230101,친환경스마트패키징설계,230101_L2,친환경스마트패키징설계 초급 실무 및 정형 과업 수행,2,Attitude(태도),정확성과 꼼꼼함
23,인쇄·목재·가구·공예,230101,친환경스마트패키징설계,230101_L2,친환경스마트패키징설계 초급 실무 및 정형 과업 수행,2,Attitude(태도),기한 준수 책임감
23,인쇄·목재·가구·공예,230101,친환경스마트패키징설계,230101_L3,친환경스마트패키징설계 중급 독립 실무 및 문제해결 엔지니어링,3,Knowledge(지식),심화 모델링/설계 이론
23,인쇄·목재·가구·공예,230101,친환경스마트패키징설계,230101_L3,친환경스마트패키징설계 중급 독립 실무 및 문제해결 엔지니어링,3,Knowledge(지식),성능 지표(KPI) 분석법
23,인쇄·목재·가구·공예,230101,친환경스마트패키징설계,230101_L3,친환경스마트패키징설계 중급 독립 실무 및 문제해결 엔지니어링,3,Knowledge(지식),이슈 해결 방법론
23,인쇄·목재·가구·공예,230101,친환경스마트패키징설계,230101_L3,친환경스마트패키징설계 중급 독립 실무 및 문제해결 엔지니어링,3,Skill(기술/도구),고급 도구/코드/기기 활용
23,인쇄·목재·가구·공예,230101,친환경스마트패키징설계,230101_L3,친환경스마트패키징설계 중급 독립 실무 및 문제해결 엔지니어링,3,Skill(기술/도구),원인 분석 및 조치
23,인쇄·목재·가구·공예,230101,친환경스마트패키징설계,230101_L3,친환경스마트패키징설계 중급 독립 실무 및 문제해결 엔지니어링,3,Skill(기술/도구),성과 분석 리포팅
23,인쇄·목재·가구·공예,230101,친환경스마트패키징설계,230101_L3,친환경스마트패키징설계 중급 독립 실무 및 문제해결 엔지니어링,3,Attitude(태도),분석적 사고력
23,인쇄·목재·가구·공예,230101,친환경스마트패키징설계,230101_L3,친환경스마트패키징설계 중급 독립 실무 및 문제해결 엔지니어링,3,Attitude(태도),타 부서와의 원활한 협업 소통
23,인쇄·목재·가구·공예,230101,친환경스마트패키징설계,230101_L4,친환경스마트패키징설계 고급 전문화 및 프로젝트/팀 리딩,4,Knowledge(지식),신기술 융합 아키텍처
23,인쇄·목재·가구·공예,230101,친환경스마트패키징설계,230101_L4,친환경스마트패키징설계 고급 전문화 및 프로젝트/팀 리딩,4,Knowledge(지식),프로젝트 관리론(PMBOK/Agile)
23,인쇄·목재·가구·공예,230101,친환경스마트패키징설계,230101_L4,친환경스마트패키징설계 고급 전문화 및 프로젝트/팀 리딩,4,Knowledge(지식),품질보증(QA) 거버넌스
23,인쇄·목재·가구·공예,230101,친환경스마트패키징설계,230101_L4,친환경스마트패키징설계 고급 전문화 및 프로젝트/팀 리딩,4,Skill(기술/도구),전체 시스템 아키텍처 설계
23,인쇄·목재·가구·공예,230101,친환경스마트패키징설계,230101_L4,친환경스마트패키징설계 고급 전문화 및 프로젝트/팀 리딩,4,Skill(기술/도구),애자일 스프린트 리딩
23,인쇄·목재·가구·공예,230101,친환경스마트패키징설계,230101_L4,친환경스마트패키징설계 고급 전문화 및 프로젝트/팀 리딩,4,Skill(기술/도구),신기술 PoC 검증
23,인쇄·목재·가구·공예,230101,친환경스마트패키징설계,230101_L4,친환경스마트패키징설계 고급 전문화 및 프로젝트/팀 리딩,4,Attitude(태도),혁신 지향 리더십
23,인쇄·목재·가구·공예,230101,친환경스마트패키징설계,230101_L4,친환경스마트패키징설계 고급 전문화 및 프로젝트/팀 리딩,4,Attitude(태도),동료 성장 멘토링 마인드
23,인쇄·목재·가구·공예,230101,친환경스마트패키징설계,230101_L5,친환경스마트패키징설계 전략 기획 및 전사 거버넌스 총괄,5,Knowledge(지식),경영 전략 및 자본 예산 배분
23,인쇄·목재·가구·공예,230101,친환경스마트패키징설계,230101_L5,친환경스마트패키징설계 전략 기획 및 전사 거버넌스 총괄,5,Knowledge(지식),국내외 규제 컴플라이언스
23,인쇄·목재·가구·공예,230101,친환경스마트패키징설계,230101_L5,친환경스마트패키징설계 전략 기획 및 전사 거버넌스 총괄,5,Knowledge(지식),엔터프라이즈 거버넌스
23,인쇄·목재·가구·공예,230101,친환경스마트패키징설계,230101_L5,친환경스마트패키징설계 전략 기획 및 전사 거버넌스 총괄,5,Skill(기술/도구),전사 로드맵 수립
23,인쇄·목재·가구·공예,230101,친환경스마트패키징설계,230101_L5,친환경스마트패키징설계 전략 기획 및 전사 거버넌스 총괄,5,Skill(기술/도구),투자 대비 성과(ROI) 모델링
23,인쇄·목재·가구·공예,230101,친환경스마트패키징설계,230101_L5,친환경스마트패키징설계 전략 기획 및 전사 거버넌스 총괄,5,Skill(기술/도구),최고 의사결정 전략 제언
23,인쇄·목재·가구·공예,230101,친환경스마트패키징설계,230101_L5,친환경스마트패키징설계 전략 기획 및 전사 거버넌스 총괄,5,Attitude(태도),거시적 통찰력
23,인쇄·목재·가구·공예,230101,친환경스마트패키징설계,230101_L5,친환경스마트패키징설계 전략 기획 및 전사 거버넌스 총괄,5,Attitude(태도),전략적 윤리 리더십
23,인쇄·목재·가구·공예,230102,디지털인쇄색채관리(CMS),230102_L1,디지털인쇄색채관리(CMS) 기초 입문 및 업무 환경 지원,1,Knowledge(지식),디지털인쇄색채관리(CMS) 개론
23,인쇄·목재·가구·공예,230102,디지털인쇄색채관리(CMS),230102_L1,디지털인쇄색채관리(CMS) 기초 입문 및 업무 환경 지원,1,Knowledge(지식),표준 작업 지침서
23,인쇄·목재·가구·공예,230102,디지털인쇄색채관리(CMS),230102_L1,디지털인쇄색채관리(CMS) 기초 입문 및 업무 환경 지원,1,Knowledge(지식),기초 법령/규정
23,인쇄·목재·가구·공예,230102,디지털인쇄색채관리(CMS),230102_L1,디지털인쇄색채관리(CMS) 기초 입문 및 업무 환경 지원,1,Skill(기술/도구),기초 전산 툴 조작
23,인쇄·목재·가구·공예,230102,디지털인쇄색채관리(CMS),230102_L1,디지털인쇄색채관리(CMS) 기초 입문 및 업무 환경 지원,1,Skill(기술/도구),문서 서식 작성
23,인쇄·목재·가구·공예,230102,디지털인쇄색채관리(CMS),230102_L1,디지털인쇄색채관리(CMS) 기초 입문 및 업무 환경 지원,1,Skill(기술/도구),자료 검색 및 분류
23,인쇄·목재·가구·공예,230102,디지털인쇄색채관리(CMS),230102_L1,디지털인쇄색채관리(CMS) 기초 입문 및 업무 환경 지원,1,Attitude(태도),규정 준수 의식
23,인쇄·목재·가구·공예,230102,디지털인쇄색채관리(CMS),230102_L1,디지털인쇄색채관리(CMS) 기초 입문 및 업무 환경 지원,1,Attitude(태도),성실한 업무 지원 태도
23,인쇄·목재·가구·공예,230102,디지털인쇄색채관리(CMS),230102_L2,디지털인쇄색채관리(CMS) 초급 실무 및 정형 과업 수행,2,Knowledge(지식),디지털인쇄색채관리(CMS) 실무 프로세스
23,인쇄·목재·가구·공예,230102,디지털인쇄색채관리(CMS),230102_L2,디지털인쇄색채관리(CMS) 초급 실무 및 정형 과업 수행,2,Knowledge(지식),단위 업무 품질 기준
23,인쇄·목재·가구·공예,230102,디지털인쇄색채관리(CMS),230102_L2,디지털인쇄색채관리(CMS) 초급 실무 및 정형 과업 수행,2,Knowledge(지식),데이터 검증 기법
23,인쇄·목재·가구·공예,230102,디지털인쇄색채관리(CMS),230102_L2,디지털인쇄색채관리(CMS) 초급 실무 및 정형 과업 수행,2,Skill(기술/도구),실무 도구/SW 조작
23,인쇄·목재·가구·공예,230102,디지털인쇄색채관리(CMS),230102_L2,디지털인쇄색채관리(CMS) 초급 실무 및 정형 과업 수행,2,Skill(기술/도구),데이터 정제 및 가공
23,인쇄·목재·가구·공예,230102,디지털인쇄색채관리(CMS),230102_L2,디지털인쇄색채관리(CMS) 초급 실무 및 정형 과업 수행,2,Skill(기술/도구),단위 결과물 산출
23,인쇄·목재·가구·공예,230102,디지털인쇄색채관리(CMS),230102_L2,디지털인쇄색채관리(CMS) 초급 실무 및 정형 과업 수행,2,Attitude(태도),정확성과 꼼꼼함
23,인쇄·목재·가구·공예,230102,디지털인쇄색채관리(CMS),230102_L2,디지털인쇄색채관리(CMS) 초급 실무 및 정형 과업 수행,2,Attitude(태도),기한 준수 책임감
23,인쇄·목재·가구·공예,230102,디지털인쇄색채관리(CMS),230102_L3,디지털인쇄색채관리(CMS) 중급 독립 실무 및 문제해결 엔지니어링,3,Knowledge(지식),심화 모델링/설계 이론
23,인쇄·목재·가구·공예,230102,디지털인쇄색채관리(CMS),230102_L3,디지털인쇄색채관리(CMS) 중급 독립 실무 및 문제해결 엔지니어링,3,Knowledge(지식),성능 지표(KPI) 분석법
23,인쇄·목재·가구·공예,230102,디지털인쇄색채관리(CMS),230102_L3,디지털인쇄색채관리(CMS) 중급 독립 실무 및 문제해결 엔지니어링,3,Knowledge(지식),이슈 해결 방법론
23,인쇄·목재·가구·공예,230102,디지털인쇄색채관리(CMS),230102_L3,디지털인쇄색채관리(CMS) 중급 독립 실무 및 문제해결 엔지니어링,3,Skill(기술/도구),고급 도구/코드/기기 활용
23,인쇄·목재·가구·공예,230102,디지털인쇄색채관리(CMS),230102_L3,디지털인쇄색채관리(CMS) 중급 독립 실무 및 문제해결 엔지니어링,3,Skill(기술/도구),원인 분석 및 조치
23,인쇄·목재·가구·공예,230102,디지털인쇄색채관리(CMS),230102_L3,디지털인쇄색채관리(CMS) 중급 독립 실무 및 문제해결 엔지니어링,3,Skill(기술/도구),성과 분석 리포팅
23,인쇄·목재·가구·공예,230102,디지털인쇄색채관리(CMS),230102_L3,디지털인쇄색채관리(CMS) 중급 독립 실무 및 문제해결 엔지니어링,3,Attitude(태도),분석적 사고력
23,인쇄·목재·가구·공예,230102,디지털인쇄색채관리(CMS),230102_L3,디지털인쇄색채관리(CMS) 중급 독립 실무 및 문제해결 엔지니어링,3,Attitude(태도),타 부서와의 원활한 협업 소통
23,인쇄·목재·가구·공예,230102,디지털인쇄색채관리(CMS),230102_L4,디지털인쇄색채관리(CMS) 고급 전문화 및 프로젝트/팀 리딩,4,Knowledge(지식),신기술 융합 아키텍처
23,인쇄·목재·가구·공예,230102,디지털인쇄색채관리(CMS),230102_L4,디지털인쇄색채관리(CMS) 고급 전문화 및 프로젝트/팀 리딩,4,Knowledge(지식),프로젝트 관리론(PMBOK/Agile)
23,인쇄·목재·가구·공예,230102,디지털인쇄색채관리(CMS),230102_L4,디지털인쇄색채관리(CMS) 고급 전문화 및 프로젝트/팀 리딩,4,Knowledge(지식),품질보증(QA) 거버넌스
23,인쇄·목재·가구·공예,230102,디지털인쇄색채관리(CMS),230102_L4,디지털인쇄색채관리(CMS) 고급 전문화 및 프로젝트/팀 리딩,4,Skill(기술/도구),전체 시스템 아키텍처 설계
23,인쇄·목재·가구·공예,230102,디지털인쇄색채관리(CMS),230102_L4,디지털인쇄색채관리(CMS) 고급 전문화 및 프로젝트/팀 리딩,4,Skill(기술/도구),애자일 스프린트 리딩
23,인쇄·목재·가구·공예,230102,디지털인쇄색채관리(CMS),230102_L4,디지털인쇄색채관리(CMS) 고급 전문화 및 프로젝트/팀 리딩,4,Skill(기술/도구),신기술 PoC 검증
23,인쇄·목재·가구·공예,230102,디지털인쇄색채관리(CMS),230102_L4,디지털인쇄색채관리(CMS) 고급 전문화 및 프로젝트/팀 리딩,4,Attitude(태도),혁신 지향 리더십
23,인쇄·목재·가구·공예,230102,디지털인쇄색채관리(CMS),230102_L4,디지털인쇄색채관리(CMS) 고급 전문화 및 프로젝트/팀 리딩,4,Attitude(태도),동료 성장 멘토링 마인드
23,인쇄·목재·가구·공예,230102,디지털인쇄색채관리(CMS),230102_L5,디지털인쇄색채관리(CMS) 전략 기획 및 전사 거버넌스 총괄,5,Knowledge(지식),경영 전략 및 자본 예산 배분
23,인쇄·목재·가구·공예,230102,디지털인쇄색채관리(CMS),230102_L5,디지털인쇄색채관리(CMS) 전략 기획 및 전사 거버넌스 총괄,5,Knowledge(지식),국내외 규제 컴플라이언스
23,인쇄·목재·가구·공예,230102,디지털인쇄색채관리(CMS),230102_L5,디지털인쇄색채관리(CMS) 전략 기획 및 전사 거버넌스 총괄,5,Knowledge(지식),엔터프라이즈 거버넌스
23,인쇄·목재·가구·공예,230102,디지털인쇄색채관리(CMS),230102_L5,디지털인쇄색채관리(CMS) 전략 기획 및 전사 거버넌스 총괄,5,Skill(기술/도구),전사 로드맵 수립
23,인쇄·목재·가구·공예,230102,디지털인쇄색채관리(CMS),230102_L5,디지털인쇄색채관리(CMS) 전략 기획 및 전사 거버넌스 총괄,5,Skill(기술/도구),투자 대비 성과(ROI) 모델링
23,인쇄·목재·가구·공예,230102,디지털인쇄색채관리(CMS),230102_L5,디지털인쇄색채관리(CMS) 전략 기획 및 전사 거버넌스 총괄,5,Skill(기술/도구),최고 의사결정 전략 제언
23,인쇄·목재·가구·공예,230102,디지털인쇄색채관리(CMS),230102_L5,디지털인쇄색채관리(CMS) 전략 기획 및 전사 거버넌스 총괄,5,Attitude(태도),거시적 통찰력
23,인쇄·목재·가구·공예,230102,디지털인쇄색채관리(CMS),230102_L5,디지털인쇄색채관리(CMS) 전략 기획 및 전사 거버넌스 총괄,5,Attitude(태도),전략적 윤리 리더십
23,인쇄·목재·가구·공예,230103,특수인쇄가공,230103_L1,특수인쇄가공 기초 입문 및 업무 환경 지원,1,Knowledge(지식),특수인쇄가공 개론
23,인쇄·목재·가구·공예,230103,특수인쇄가공,230103_L1,특수인쇄가공 기초 입문 및 업무 환경 지원,1,Knowledge(지식),표준 작업 지침서
23,인쇄·목재·가구·공예,230103,특수인쇄가공,230103_L1,특수인쇄가공 기초 입문 및 업무 환경 지원,1,Knowledge(지식),기초 법령/규정
23,인쇄·목재·가구·공예,230103,특수인쇄가공,230103_L1,특수인쇄가공 기초 입문 및 업무 환경 지원,1,Skill(기술/도구),기초 전산 툴 조작
23,인쇄·목재·가구·공예,230103,특수인쇄가공,230103_L1,특수인쇄가공 기초 입문 및 업무 환경 지원,1,Skill(기술/도구),문서 서식 작성
23,인쇄·목재·가구·공예,230103,특수인쇄가공,230103_L1,특수인쇄가공 기초 입문 및 업무 환경 지원,1,Skill(기술/도구),자료 검색 및 분류
23,인쇄·목재·가구·공예,230103,특수인쇄가공,230103_L1,특수인쇄가공 기초 입문 및 업무 환경 지원,1,Attitude(태도),규정 준수 의식
23,인쇄·목재·가구·공예,230103,특수인쇄가공,230103_L1,특수인쇄가공 기초 입문 및 업무 환경 지원,1,Attitude(태도),성실한 업무 지원 태도
23,인쇄·목재·가구·공예,230103,특수인쇄가공,230103_L2,특수인쇄가공 초급 실무 및 정형 과업 수행,2,Knowledge(지식),특수인쇄가공 실무 프로세스
23,인쇄·목재·가구·공예,230103,특수인쇄가공,230103_L2,특수인쇄가공 초급 실무 및 정형 과업 수행,2,Knowledge(지식),단위 업무 품질 기준
23,인쇄·목재·가구·공예,230103,특수인쇄가공,230103_L2,특수인쇄가공 초급 실무 및 정형 과업 수행,2,Knowledge(지식),데이터 검증 기법
23,인쇄·목재·가구·공예,230103,특수인쇄가공,230103_L2,특수인쇄가공 초급 실무 및 정형 과업 수행,2,Skill(기술/도구),실무 도구/SW 조작
23,인쇄·목재·가구·공예,230103,특수인쇄가공,230103_L2,특수인쇄가공 초급 실무 및 정형 과업 수행,2,Skill(기술/도구),데이터 정제 및 가공
23,인쇄·목재·가구·공예,230103,특수인쇄가공,230103_L2,특수인쇄가공 초급 실무 및 정형 과업 수행,2,Skill(기술/도구),단위 결과물 산출
23,인쇄·목재·가구·공예,230103,특수인쇄가공,230103_L2,특수인쇄가공 초급 실무 및 정형 과업 수행,2,Attitude(태도),정확성과 꼼꼼함
23,인쇄·목재·가구·공예,230103,특수인쇄가공,230103_L2,특수인쇄가공 초급 실무 및 정형 과업 수행,2,Attitude(태도),기한 준수 책임감
23,인쇄·목재·가구·공예,230103,특수인쇄가공,230103_L3,특수인쇄가공 중급 독립 실무 및 문제해결 엔지니어링,3,Knowledge(지식),심화 모델링/설계 이론
23,인쇄·목재·가구·공예,230103,특수인쇄가공,230103_L3,특수인쇄가공 중급 독립 실무 및 문제해결 엔지니어링,3,Knowledge(지식),성능 지표(KPI) 분석법
23,인쇄·목재·가구·공예,230103,특수인쇄가공,230103_L3,특수인쇄가공 중급 독립 실무 및 문제해결 엔지니어링,3,Knowledge(지식),이슈 해결 방법론
23,인쇄·목재·가구·공예,230103,특수인쇄가공,230103_L3,특수인쇄가공 중급 독립 실무 및 문제해결 엔지니어링,3,Skill(기술/도구),고급 도구/코드/기기 활용
23,인쇄·목재·가구·공예,230103,특수인쇄가공,230103_L3,특수인쇄가공 중급 독립 실무 및 문제해결 엔지니어링,3,Skill(기술/도구),원인 분석 및 조치
23,인쇄·목재·가구·공예,230103,특수인쇄가공,230103_L3,특수인쇄가공 중급 독립 실무 및 문제해결 엔지니어링,3,Skill(기술/도구),성과 분석 리포팅
23,인쇄·목재·가구·공예,230103,특수인쇄가공,230103_L3,특수인쇄가공 중급 독립 실무 및 문제해결 엔지니어링,3,Attitude(태도),분석적 사고력
23,인쇄·목재·가구·공예,230103,특수인쇄가공,230103_L3,특수인쇄가공 중급 독립 실무 및 문제해결 엔지니어링,3,Attitude(태도),타 부서와의 원활한 협업 소통
23,인쇄·목재·가구·공예,230103,특수인쇄가공,230103_L4,특수인쇄가공 고급 전문화 및 프로젝트/팀 리딩,4,Knowledge(지식),신기술 융합 아키텍처
23,인쇄·목재·가구·공예,230103,특수인쇄가공,230103_L4,특수인쇄가공 고급 전문화 및 프로젝트/팀 리딩,4,Knowledge(지식),프로젝트 관리론(PMBOK/Agile)
23,인쇄·목재·가구·공예,230103,특수인쇄가공,230103_L4,특수인쇄가공 고급 전문화 및 프로젝트/팀 리딩,4,Knowledge(지식),품질보증(QA) 거버넌스
23,인쇄·목재·가구·공예,230103,특수인쇄가공,230103_L4,특수인쇄가공 고급 전문화 및 프로젝트/팀 리딩,4,Skill(기술/도구),전체 시스템 아키텍처 설계
23,인쇄·목재·가구·공예,230103,특수인쇄가공,230103_L4,특수인쇄가공 고급 전문화 및 프로젝트/팀 리딩,4,Skill(기술/도구),애자일 스프린트 리딩
23,인쇄·목재·가구·공예,230103,특수인쇄가공,230103_L4,특수인쇄가공 고급 전문화 및 프로젝트/팀 리딩,4,Skill(기술/도구),신기술 PoC 검증
23,인쇄·목재·가구·공예,230103,특수인쇄가공,230103_L4,특수인쇄가공 고급 전문화 및 프로젝트/팀 리딩,4,Attitude(태도),혁신 지향 리더십
23,인쇄·목재·가구·공예,230103,특수인쇄가공,230103_L4,특수인쇄가공 고급 전문화 및 프로젝트/팀 리딩,4,Attitude(태도),동료 성장 멘토링 마인드
23,인쇄·목재·가구·공예,230103,특수인쇄가공,230103_L5,특수인쇄가공 전략 기획 및 전사 거버넌스 총괄,5,Knowledge(지식),경영 전략 및 자본 예산 배분
23,인쇄·목재·가구·공예,230103,특수인쇄가공,230103_L5,특수인쇄가공 전략 기획 및 전사 거버넌스 총괄,5,Knowledge(지식),국내외 규제 컴플라이언스
23,인쇄·목재·가구·공예,230103,특수인쇄가공,230103_L5,특수인쇄가공 전략 기획 및 전사 거버넌스 총괄,5,Knowledge(지식),엔터프라이즈 거버넌스
23,인쇄·목재·가구·공예,230103,특수인쇄가공,230103_L5,특수인쇄가공 전략 기획 및 전사 거버넌스 총괄,5,Skill(기술/도구),전사 로드맵 수립
23,인쇄·목재·가구·공예,230103,특수인쇄가공,230103_L5,특수인쇄가공 전략 기획 및 전사 거버넌스 총괄,5,Skill(기술/도구),투자 대비 성과(ROI) 모델링
23,인쇄·목재·가구·공예,230103,특수인쇄가공,230103_L5,특수인쇄가공 전략 기획 및 전사 거버넌스 총괄,5,Skill(기술/도구),최고 의사결정 전략 제언
23,인쇄·목재·가구·공예,230103,특수인쇄가공,230103_L5,특수인쇄가공 전략 기획 및 전사 거버넌스 총괄,5,Attitude(태도),거시적 통찰력
23,인쇄·목재·가구·공예,230103,특수인쇄가공,230103_L5,특수인쇄가공 전략 기획 및 전사 거버넌스 총괄,5,Attitude(태도),전략적 윤리 리더십
23,인쇄·목재·가구·공예,230104,지기구조CAD설계,230104_L1,지기구조CAD설계 기초 입문 및 업무 환경 지원,1,Knowledge(지식),지기구조CAD설계 개론
23,인쇄·목재·가구·공예,230104,지기구조CAD설계,230104_L1,지기구조CAD설계 기초 입문 및 업무 환경 지원,1,Knowledge(지식),표준 작업 지침서
23,인쇄·목재·가구·공예,230104,지기구조CAD설계,230104_L1,지기구조CAD설계 기초 입문 및 업무 환경 지원,1,Knowledge(지식),기초 법령/규정
23,인쇄·목재·가구·공예,230104,지기구조CAD설계,230104_L1,지기구조CAD설계 기초 입문 및 업무 환경 지원,1,Skill(기술/도구),기초 전산 툴 조작
23,인쇄·목재·가구·공예,230104,지기구조CAD설계,230104_L1,지기구조CAD설계 기초 입문 및 업무 환경 지원,1,Skill(기술/도구),문서 서식 작성
23,인쇄·목재·가구·공예,230104,지기구조CAD설계,230104_L1,지기구조CAD설계 기초 입문 및 업무 환경 지원,1,Skill(기술/도구),자료 검색 및 분류
23,인쇄·목재·가구·공예,230104,지기구조CAD설계,230104_L1,지기구조CAD설계 기초 입문 및 업무 환경 지원,1,Attitude(태도),규정 준수 의식
23,인쇄·목재·가구·공예,230104,지기구조CAD설계,230104_L1,지기구조CAD설계 기초 입문 및 업무 환경 지원,1,Attitude(태도),성실한 업무 지원 태도
23,인쇄·목재·가구·공예,230104,지기구조CAD설계,230104_L2,지기구조CAD설계 초급 실무 및 정형 과업 수행,2,Knowledge(지식),지기구조CAD설계 실무 프로세스
23,인쇄·목재·가구·공예,230104,지기구조CAD설계,230104_L2,지기구조CAD설계 초급 실무 및 정형 과업 수행,2,Knowledge(지식),단위 업무 품질 기준
23,인쇄·목재·가구·공예,230104,지기구조CAD설계,230104_L2,지기구조CAD설계 초급 실무 및 정형 과업 수행,2,Knowledge(지식),데이터 검증 기법
23,인쇄·목재·가구·공예,230104,지기구조CAD설계,230104_L2,지기구조CAD설계 초급 실무 및 정형 과업 수행,2,Skill(기술/도구),실무 도구/SW 조작
23,인쇄·목재·가구·공예,230104,지기구조CAD설계,230104_L2,지기구조CAD설계 초급 실무 및 정형 과업 수행,2,Skill(기술/도구),데이터 정제 및 가공
23,인쇄·목재·가구·공예,230104,지기구조CAD설계,230104_L2,지기구조CAD설계 초급 실무 및 정형 과업 수행,2,Skill(기술/도구),단위 결과물 산출
23,인쇄·목재·가구·공예,230104,지기구조CAD설계,230104_L2,지기구조CAD설계 초급 실무 및 정형 과업 수행,2,Attitude(태도),정확성과 꼼꼼함
23,인쇄·목재·가구·공예,230104,지기구조CAD설계,230104_L2,지기구조CAD설계 초급 실무 및 정형 과업 수행,2,Attitude(태도),기한 준수 책임감
23,인쇄·목재·가구·공예,230104,지기구조CAD설계,230104_L3,지기구조CAD설계 중급 독립 실무 및 문제해결 엔지니어링,3,Knowledge(지식),심화 모델링/설계 이론
23,인쇄·목재·가구·공예,230104,지기구조CAD설계,230104_L3,지기구조CAD설계 중급 독립 실무 및 문제해결 엔지니어링,3,Knowledge(지식),성능 지표(KPI) 분석법
23,인쇄·목재·가구·공예,230104,지기구조CAD설계,230104_L3,지기구조CAD설계 중급 독립 실무 및 문제해결 엔지니어링,3,Knowledge(지식),이슈 해결 방법론
23,인쇄·목재·가구·공예,230104,지기구조CAD설계,230104_L3,지기구조CAD설계 중급 독립 실무 및 문제해결 엔지니어링,3,Skill(기술/도구),고급 도구/코드/기기 활용
23,인쇄·목재·가구·공예,230104,지기구조CAD설계,230104_L3,지기구조CAD설계 중급 독립 실무 및 문제해결 엔지니어링,3,Skill(기술/도구),원인 분석 및 조치
23,인쇄·목재·가구·공예,230104,지기구조CAD설계,230104_L3,지기구조CAD설계 중급 독립 실무 및 문제해결 엔지니어링,3,Skill(기술/도구),성과 분석 리포팅
23,인쇄·목재·가구·공예,230104,지기구조CAD설계,230104_L3,지기구조CAD설계 중급 독립 실무 및 문제해결 엔지니어링,3,Attitude(태도),분석적 사고력
23,인쇄·목재·가구·공예,230104,지기구조CAD설계,230104_L3,지기구조CAD설계 중급 독립 실무 및 문제해결 엔지니어링,3,Attitude(태도),타 부서와의 원활한 협업 소통
23,인쇄·목재·가구·공예,230104,지기구조CAD설계,230104_L4,지기구조CAD설계 고급 전문화 및 프로젝트/팀 리딩,4,Knowledge(지식),신기술 융합 아키텍처
23,인쇄·목재·가구·공예,230104,지기구조CAD설계,230104_L4,지기구조CAD설계 고급 전문화 및 프로젝트/팀 리딩,4,Knowledge(지식),프로젝트 관리론(PMBOK/Agile)
23,인쇄·목재·가구·공예,230104,지기구조CAD설계,230104_L4,지기구조CAD설계 고급 전문화 및 프로젝트/팀 리딩,4,Knowledge(지식),품질보증(QA) 거버넌스
23,인쇄·목재·가구·공예,230104,지기구조CAD설계,230104_L4,지기구조CAD설계 고급 전문화 및 프로젝트/팀 리딩,4,Skill(기술/도구),전체 시스템 아키텍처 설계
23,인쇄·목재·가구·공예,230104,지기구조CAD설계,230104_L4,지기구조CAD설계 고급 전문화 및 프로젝트/팀 리딩,4,Skill(기술/도구),애자일 스프린트 리딩
23,인쇄·목재·가구·공예,230104,지기구조CAD설계,230104_L4,지기구조CAD설계 고급 전문화 및 프로젝트/팀 리딩,4,Skill(기술/도구),신기술 PoC 검증
23,인쇄·목재·가구·공예,230104,지기구조CAD설계,230104_L4,지기구조CAD설계 고급 전문화 및 프로젝트/팀 리딩,4,Attitude(태도),혁신 지향 리더십
23,인쇄·목재·가구·공예,230104,지기구조CAD설계,230104_L4,지기구조CAD설계 고급 전문화 및 프로젝트/팀 리딩,4,Attitude(태도),동료 성장 멘토링 마인드
23,인쇄·목재·가구·공예,230104,지기구조CAD설계,230104_L5,지기구조CAD설계 전략 기획 및 전사 거버넌스 총괄,5,Knowledge(지식),경영 전략 및 자본 예산 배분
23,인쇄·목재·가구·공예,230104,지기구조CAD설계,230104_L5,지기구조CAD설계 전략 기획 및 전사 거버넌스 총괄,5,Knowledge(지식),국내외 규제 컴플라이언스
23,인쇄·목재·가구·공예,230104,지기구조CAD설계,230104_L5,지기구조CAD설계 전략 기획 및 전사 거버넌스 총괄,5,Knowledge(지식),엔터프라이즈 거버넌스
23,인쇄·목재·가구·공예,230104,지기구조CAD설계,230104_L5,지기구조CAD설계 전략 기획 및 전사 거버넌스 총괄,5,Skill(기술/도구),전사 로드맵 수립
23,인쇄·목재·가구·공예,230104,지기구조CAD설계,230104_L5,지기구조CAD설계 전략 기획 및 전사 거버넌스 총괄,5,Skill(기술/도구),투자 대비 성과(ROI) 모델링
23,인쇄·목재·가구·공예,230104,지기구조CAD설계,230104_L5,지기구조CAD설계 전략 기획 및 전사 거버넌스 총괄,5,Skill(기술/도구),최고 의사결정 전략 제언
23,인쇄·목재·가구·공예,230104,지기구조CAD설계,230104_L5,지기구조CAD설계 전략 기획 및 전사 거버넌스 총괄,5,Attitude(태도),거시적 통찰력
23,인쇄·목재·가구·공예,230104,지기구조CAD설계,230104_L5,지기구조CAD설계 전략 기획 및 전사 거버넌스 총괄,5,Attitude(태도),전략적 윤리 리더십
23,인쇄·목재·가구·공예,230205,가구설계제작(3D CAD),230205_L1,가구설계제작(3D CAD) 기초 입문 및 업무 환경 지원,1,Knowledge(지식),가구설계제작(3D CAD) 개론
23,인쇄·목재·가구·공예,230205,가구설계제작(3D CAD),230205_L1,가구설계제작(3D CAD) 기초 입문 및 업무 환경 지원,1,Knowledge(지식),표준 작업 지침서
23,인쇄·목재·가구·공예,230205,가구설계제작(3D CAD),230205_L1,가구설계제작(3D CAD) 기초 입문 및 업무 환경 지원,1,Knowledge(지식),기초 법령/규정
23,인쇄·목재·가구·공예,230205,가구설계제작(3D CAD),230205_L1,가구설계제작(3D CAD) 기초 입문 및 업무 환경 지원,1,Skill(기술/도구),기초 전산 툴 조작
23,인쇄·목재·가구·공예,230205,가구설계제작(3D CAD),230205_L1,가구설계제작(3D CAD) 기초 입문 및 업무 환경 지원,1,Skill(기술/도구),문서 서식 작성
23,인쇄·목재·가구·공예,230205,가구설계제작(3D CAD),230205_L1,가구설계제작(3D CAD) 기초 입문 및 업무 환경 지원,1,Skill(기술/도구),자료 검색 및 분류
23,인쇄·목재·가구·공예,230205,가구설계제작(3D CAD),230205_L1,가구설계제작(3D CAD) 기초 입문 및 업무 환경 지원,1,Attitude(태도),규정 준수 의식
23,인쇄·목재·가구·공예,230205,가구설계제작(3D CAD),230205_L1,가구설계제작(3D CAD) 기초 입문 및 업무 환경 지원,1,Attitude(태도),성실한 업무 지원 태도
23,인쇄·목재·가구·공예,230205,가구설계제작(3D CAD),230205_L2,가구설계제작(3D CAD) 초급 실무 및 정형 과업 수행,2,Knowledge(지식),가구설계제작(3D CAD) 실무 프로세스
23,인쇄·목재·가구·공예,230205,가구설계제작(3D CAD),230205_L2,가구설계제작(3D CAD) 초급 실무 및 정형 과업 수행,2,Knowledge(지식),단위 업무 품질 기준
23,인쇄·목재·가구·공예,230205,가구설계제작(3D CAD),230205_L2,가구설계제작(3D CAD) 초급 실무 및 정형 과업 수행,2,Knowledge(지식),데이터 검증 기법
23,인쇄·목재·가구·공예,230205,가구설계제작(3D CAD),230205_L2,가구설계제작(3D CAD) 초급 실무 및 정형 과업 수행,2,Skill(기술/도구),실무 도구/SW 조작
23,인쇄·목재·가구·공예,230205,가구설계제작(3D CAD),230205_L2,가구설계제작(3D CAD) 초급 실무 및 정형 과업 수행,2,Skill(기술/도구),데이터 정제 및 가공
23,인쇄·목재·가구·공예,230205,가구설계제작(3D CAD),230205_L2,가구설계제작(3D CAD) 초급 실무 및 정형 과업 수행,2,Skill(기술/도구),단위 결과물 산출
23,인쇄·목재·가구·공예,230205,가구설계제작(3D CAD),230205_L2,가구설계제작(3D CAD) 초급 실무 및 정형 과업 수행,2,Attitude(태도),정확성과 꼼꼼함
23,인쇄·목재·가구·공예,230205,가구설계제작(3D CAD),230205_L2,가구설계제작(3D CAD) 초급 실무 및 정형 과업 수행,2,Attitude(태도),기한 준수 책임감
23,인쇄·목재·가구·공예,230205,가구설계제작(3D CAD),230205_L3,가구설계제작(3D CAD) 중급 독립 실무 및 문제해결 엔지니어링,3,Knowledge(지식),심화 모델링/설계 이론
23,인쇄·목재·가구·공예,230205,가구설계제작(3D CAD),230205_L3,가구설계제작(3D CAD) 중급 독립 실무 및 문제해결 엔지니어링,3,Knowledge(지식),성능 지표(KPI) 분석법
23,인쇄·목재·가구·공예,230205,가구설계제작(3D CAD),230205_L3,가구설계제작(3D CAD) 중급 독립 실무 및 문제해결 엔지니어링,3,Knowledge(지식),이슈 해결 방법론
23,인쇄·목재·가구·공예,230205,가구설계제작(3D CAD),230205_L3,가구설계제작(3D CAD) 중급 독립 실무 및 문제해결 엔지니어링,3,Skill(기술/도구),고급 도구/코드/기기 활용
23,인쇄·목재·가구·공예,230205,가구설계제작(3D CAD),230205_L3,가구설계제작(3D CAD) 중급 독립 실무 및 문제해결 엔지니어링,3,Skill(기술/도구),원인 분석 및 조치
23,인쇄·목재·가구·공예,230205,가구설계제작(3D CAD),230205_L3,가구설계제작(3D CAD) 중급 독립 실무 및 문제해결 엔지니어링,3,Skill(기술/도구),성과 분석 리포팅
23,인쇄·목재·가구·공예,230205,가구설계제작(3D CAD),230205_L3,가구설계제작(3D CAD) 중급 독립 실무 및 문제해결 엔지니어링,3,Attitude(태도),분석적 사고력
23,인쇄·목재·가구·공예,230205,가구설계제작(3D CAD),230205_L3,가구설계제작(3D CAD) 중급 독립 실무 및 문제해결 엔지니어링,3,Attitude(태도),타 부서와의 원활한 협업 소통
23,인쇄·목재·가구·공예,230205,가구설계제작(3D CAD),230205_L4,가구설계제작(3D CAD) 고급 전문화 및 프로젝트/팀 리딩,4,Knowledge(지식),신기술 융합 아키텍처
23,인쇄·목재·가구·공예,230205,가구설계제작(3D CAD),230205_L4,가구설계제작(3D CAD) 고급 전문화 및 프로젝트/팀 리딩,4,Knowledge(지식),프로젝트 관리론(PMBOK/Agile)
23,인쇄·목재·가구·공예,230205,가구설계제작(3D CAD),230205_L4,가구설계제작(3D CAD) 고급 전문화 및 프로젝트/팀 리딩,4,Knowledge(지식),품질보증(QA) 거버넌스
23,인쇄·목재·가구·공예,230205,가구설계제작(3D CAD),230205_L4,가구설계제작(3D CAD) 고급 전문화 및 프로젝트/팀 리딩,4,Skill(기술/도구),전체 시스템 아키텍처 설계
23,인쇄·목재·가구·공예,230205,가구설계제작(3D CAD),230205_L4,가구설계제작(3D CAD) 고급 전문화 및 프로젝트/팀 리딩,4,Skill(기술/도구),애자일 스프린트 리딩
23,인쇄·목재·가구·공예,230205,가구설계제작(3D CAD),230205_L4,가구설계제작(3D CAD) 고급 전문화 및 프로젝트/팀 리딩,4,Skill(기술/도구),신기술 PoC 검증
23,인쇄·목재·가구·공예,230205,가구설계제작(3D CAD),230205_L4,가구설계제작(3D CAD) 고급 전문화 및 프로젝트/팀 리딩,4,Attitude(태도),혁신 지향 리더십
23,인쇄·목재·가구·공예,230205,가구설계제작(3D CAD),230205_L4,가구설계제작(3D CAD) 고급 전문화 및 프로젝트/팀 리딩,4,Attitude(태도),동료 성장 멘토링 마인드
23,인쇄·목재·가구·공예,230205,가구설계제작(3D CAD),230205_L5,가구설계제작(3D CAD) 전략 기획 및 전사 거버넌스 총괄,5,Knowledge(지식),경영 전략 및 자본 예산 배분
23,인쇄·목재·가구·공예,230205,가구설계제작(3D CAD),230205_L5,가구설계제작(3D CAD) 전략 기획 및 전사 거버넌스 총괄,5,Knowledge(지식),국내외 규제 컴플라이언스
23,인쇄·목재·가구·공예,230205,가구설계제작(3D CAD),230205_L5,가구설계제작(3D CAD) 전략 기획 및 전사 거버넌스 총괄,5,Knowledge(지식),엔터프라이즈 거버넌스
23,인쇄·목재·가구·공예,230205,가구설계제작(3D CAD),230205_L5,가구설계제작(3D CAD) 전략 기획 및 전사 거버넌스 총괄,5,Skill(기술/도구),전사 로드맵 수립
23,인쇄·목재·가구·공예,230205,가구설계제작(3D CAD),230205_L5,가구설계제작(3D CAD) 전략 기획 및 전사 거버넌스 총괄,5,Skill(기술/도구),투자 대비 성과(ROI) 모델링
23,인쇄·목재·가구·공예,230205,가구설계제작(3D CAD),230205_L5,가구설계제작(3D CAD) 전략 기획 및 전사 거버넌스 총괄,5,Skill(기술/도구),최고 의사결정 전략 제언
23,인쇄·목재·가구·공예,230205,가구설계제작(3D CAD),230205_L5,가구설계제작(3D CAD) 전략 기획 및 전사 거버넌스 총괄,5,Attitude(태도),거시적 통찰력
23,인쇄·목재·가구·공예,230205,가구설계제작(3D CAD),230205_L5,가구설계제작(3D CAD) 전략 기획 및 전사 거버넌스 총괄,5,Attitude(태도),전략적 윤리 리더십
23,인쇄·목재·가구·공예,230206,목공예가공,230206_L1,목공예가공 기초 입문 및 업무 환경 지원,1,Knowledge(지식),목공예가공 개론
23,인쇄·목재·가구·공예,230206,목공예가공,230206_L1,목공예가공 기초 입문 및 업무 환경 지원,1,Knowledge(지식),표준 작업 지침서
23,인쇄·목재·가구·공예,230206,목공예가공,230206_L1,목공예가공 기초 입문 및 업무 환경 지원,1,Knowledge(지식),기초 법령/규정
23,인쇄·목재·가구·공예,230206,목공예가공,230206_L1,목공예가공 기초 입문 및 업무 환경 지원,1,Skill(기술/도구),기초 전산 툴 조작
23,인쇄·목재·가구·공예,230206,목공예가공,230206_L1,목공예가공 기초 입문 및 업무 환경 지원,1,Skill(기술/도구),문서 서식 작성
23,인쇄·목재·가구·공예,230206,목공예가공,230206_L1,목공예가공 기초 입문 및 업무 환경 지원,1,Skill(기술/도구),자료 검색 및 분류
23,인쇄·목재·가구·공예,230206,목공예가공,230206_L1,목공예가공 기초 입문 및 업무 환경 지원,1,Attitude(태도),규정 준수 의식
23,인쇄·목재·가구·공예,230206,목공예가공,230206_L1,목공예가공 기초 입문 및 업무 환경 지원,1,Attitude(태도),성실한 업무 지원 태도
23,인쇄·목재·가구·공예,230206,목공예가공,230206_L2,목공예가공 초급 실무 및 정형 과업 수행,2,Knowledge(지식),목공예가공 실무 프로세스
23,인쇄·목재·가구·공예,230206,목공예가공,230206_L2,목공예가공 초급 실무 및 정형 과업 수행,2,Knowledge(지식),단위 업무 품질 기준
23,인쇄·목재·가구·공예,230206,목공예가공,230206_L2,목공예가공 초급 실무 및 정형 과업 수행,2,Knowledge(지식),데이터 검증 기법
23,인쇄·목재·가구·공예,230206,목공예가공,230206_L2,목공예가공 초급 실무 및 정형 과업 수행,2,Skill(기술/도구),실무 도구/SW 조작
23,인쇄·목재·가구·공예,230206,목공예가공,230206_L2,목공예가공 초급 실무 및 정형 과업 수행,2,Skill(기술/도구),데이터 정제 및 가공
23,인쇄·목재·가구·공예,230206,목공예가공,230206_L2,목공예가공 초급 실무 및 정형 과업 수행,2,Skill(기술/도구),단위 결과물 산출
23,인쇄·목재·가구·공예,230206,목공예가공,230206_L2,목공예가공 초급 실무 및 정형 과업 수행,2,Attitude(태도),정확성과 꼼꼼함
23,인쇄·목재·가구·공예,230206,목공예가공,230206_L2,목공예가공 초급 실무 및 정형 과업 수행,2,Attitude(태도),기한 준수 책임감
23,인쇄·목재·가구·공예,230206,목공예가공,230206_L3,목공예가공 중급 독립 실무 및 문제해결 엔지니어링,3,Knowledge(지식),심화 모델링/설계 이론
23,인쇄·목재·가구·공예,230206,목공예가공,230206_L3,목공예가공 중급 독립 실무 및 문제해결 엔지니어링,3,Knowledge(지식),성능 지표(KPI) 분석법
23,인쇄·목재·가구·공예,230206,목공예가공,230206_L3,목공예가공 중급 독립 실무 및 문제해결 엔지니어링,3,Knowledge(지식),이슈 해결 방법론
23,인쇄·목재·가구·공예,230206,목공예가공,230206_L3,목공예가공 중급 독립 실무 및 문제해결 엔지니어링,3,Skill(기술/도구),고급 도구/코드/기기 활용
23,인쇄·목재·가구·공예,230206,목공예가공,230206_L3,목공예가공 중급 독립 실무 및 문제해결 엔지니어링,3,Skill(기술/도구),원인 분석 및 조치
23,인쇄·목재·가구·공예,230206,목공예가공,230206_L3,목공예가공 중급 독립 실무 및 문제해결 엔지니어링,3,Skill(기술/도구),성과 분석 리포팅
23,인쇄·목재·가구·공예,230206,목공예가공,230206_L3,목공예가공 중급 독립 실무 및 문제해결 엔지니어링,3,Attitude(태도),분석적 사고력
23,인쇄·목재·가구·공예,230206,목공예가공,230206_L3,목공예가공 중급 독립 실무 및 문제해결 엔지니어링,3,Attitude(태도),타 부서와의 원활한 협업 소통
23,인쇄·목재·가구·공예,230206,목공예가공,230206_L4,목공예가공 고급 전문화 및 프로젝트/팀 리딩,4,Knowledge(지식),신기술 융합 아키텍처
23,인쇄·목재·가구·공예,230206,목공예가공,230206_L4,목공예가공 고급 전문화 및 프로젝트/팀 리딩,4,Knowledge(지식),프로젝트 관리론(PMBOK/Agile)
23,인쇄·목재·가구·공예,230206,목공예가공,230206_L4,목공예가공 고급 전문화 및 프로젝트/팀 리딩,4,Knowledge(지식),품질보증(QA) 거버넌스
23,인쇄·목재·가구·공예,230206,목공예가공,230206_L4,목공예가공 고급 전문화 및 프로젝트/팀 리딩,4,Skill(기술/도구),전체 시스템 아키텍처 설계
23,인쇄·목재·가구·공예,230206,목공예가공,230206_L4,목공예가공 고급 전문화 및 프로젝트/팀 리딩,4,Skill(기술/도구),애자일 스프린트 리딩
23,인쇄·목재·가구·공예,230206,목공예가공,230206_L4,목공예가공 고급 전문화 및 프로젝트/팀 리딩,4,Skill(기술/도구),신기술 PoC 검증
23,인쇄·목재·가구·공예,230206,목공예가공,230206_L4,목공예가공 고급 전문화 및 프로젝트/팀 리딩,4,Attitude(태도),혁신 지향 리더십
23,인쇄·목재·가구·공예,230206,목공예가공,230206_L4,목공예가공 고급 전문화 및 프로젝트/팀 리딩,4,Attitude(태도),동료 성장 멘토링 마인드
23,인쇄·목재·가구·공예,230206,목공예가공,230206_L5,목공예가공 전략 기획 및 전사 거버넌스 총괄,5,Knowledge(지식),경영 전략 및 자본 예산 배분
23,인쇄·목재·가구·공예,230206,목공예가공,230206_L5,목공예가공 전략 기획 및 전사 거버넌스 총괄,5,Knowledge(지식),국내외 규제 컴플라이언스
23,인쇄·목재·가구·공예,230206,목공예가공,230206_L5,목공예가공 전략 기획 및 전사 거버넌스 총괄,5,Knowledge(지식),엔터프라이즈 거버넌스
23,인쇄·목재·가구·공예,230206,목공예가공,230206_L5,목공예가공 전략 기획 및 전사 거버넌스 총괄,5,Skill(기술/도구),전사 로드맵 수립
23,인쇄·목재·가구·공예,230206,목공예가공,230206_L5,목공예가공 전략 기획 및 전사 거버넌스 총괄,5,Skill(기술/도구),투자 대비 성과(ROI) 모델링
23,인쇄·목재·가구·공예,230206,목공예가공,230206_L5,목공예가공 전략 기획 및 전사 거버넌스 총괄,5,Skill(기술/도구),최고 의사결정 전략 제언
23,인쇄·목재·가구·공예,230206,목공예가공,230206_L5,목공예가공 전략 기획 및 전사 거버넌스 총괄,5,Attitude(태도),거시적 통찰력
23,인쇄·목재·가구·공예,230206,목공예가공,230206_L5,목공예가공 전략 기획 및 전사 거버넌스 총괄,5,Attitude(태도),전략적 윤리 리더십
23,인쇄·목재·가구·공예,230207,귀금속주얼리디자인,230207_L1,귀금속주얼리디자인 기초 입문 및 업무 환경 지원,1,Knowledge(지식),귀금속주얼리디자인 개론
23,인쇄·목재·가구·공예,230207,귀금속주얼리디자인,230207_L1,귀금속주얼리디자인 기초 입문 및 업무 환경 지원,1,Knowledge(지식),표준 작업 지침서
23,인쇄·목재·가구·공예,230207,귀금속주얼리디자인,230207_L1,귀금속주얼리디자인 기초 입문 및 업무 환경 지원,1,Knowledge(지식),기초 법령/규정
23,인쇄·목재·가구·공예,230207,귀금속주얼리디자인,230207_L1,귀금속주얼리디자인 기초 입문 및 업무 환경 지원,1,Skill(기술/도구),기초 전산 툴 조작
23,인쇄·목재·가구·공예,230207,귀금속주얼리디자인,230207_L1,귀금속주얼리디자인 기초 입문 및 업무 환경 지원,1,Skill(기술/도구),문서 서식 작성
23,인쇄·목재·가구·공예,230207,귀금속주얼리디자인,230207_L1,귀금속주얼리디자인 기초 입문 및 업무 환경 지원,1,Skill(기술/도구),자료 검색 및 분류
23,인쇄·목재·가구·공예,230207,귀금속주얼리디자인,230207_L1,귀금속주얼리디자인 기초 입문 및 업무 환경 지원,1,Attitude(태도),규정 준수 의식
23,인쇄·목재·가구·공예,230207,귀금속주얼리디자인,230207_L1,귀금속주얼리디자인 기초 입문 및 업무 환경 지원,1,Attitude(태도),성실한 업무 지원 태도
23,인쇄·목재·가구·공예,230207,귀금속주얼리디자인,230207_L2,귀금속주얼리디자인 초급 실무 및 정형 과업 수행,2,Knowledge(지식),귀금속주얼리디자인 실무 프로세스
23,인쇄·목재·가구·공예,230207,귀금속주얼리디자인,230207_L2,귀금속주얼리디자인 초급 실무 및 정형 과업 수행,2,Knowledge(지식),단위 업무 품질 기준
23,인쇄·목재·가구·공예,230207,귀금속주얼리디자인,230207_L2,귀금속주얼리디자인 초급 실무 및 정형 과업 수행,2,Knowledge(지식),데이터 검증 기법
23,인쇄·목재·가구·공예,230207,귀금속주얼리디자인,230207_L2,귀금속주얼리디자인 초급 실무 및 정형 과업 수행,2,Skill(기술/도구),실무 도구/SW 조작
23,인쇄·목재·가구·공예,230207,귀금속주얼리디자인,230207_L2,귀금속주얼리디자인 초급 실무 및 정형 과업 수행,2,Skill(기술/도구),데이터 정제 및 가공
23,인쇄·목재·가구·공예,230207,귀금속주얼리디자인,230207_L2,귀금속주얼리디자인 초급 실무 및 정형 과업 수행,2,Skill(기술/도구),단위 결과물 산출
23,인쇄·목재·가구·공예,230207,귀금속주얼리디자인,230207_L2,귀금속주얼리디자인 초급 실무 및 정형 과업 수행,2,Attitude(태도),정확성과 꼼꼼함
23,인쇄·목재·가구·공예,230207,귀금속주얼리디자인,230207_L2,귀금속주얼리디자인 초급 실무 및 정형 과업 수행,2,Attitude(태도),기한 준수 책임감
23,인쇄·목재·가구·공예,230207,귀금속주얼리디자인,230207_L3,귀금속주얼리디자인 중급 독립 실무 및 문제해결 엔지니어링,3,Knowledge(지식),심화 모델링/설계 이론
23,인쇄·목재·가구·공예,230207,귀금속주얼리디자인,230207_L3,귀금속주얼리디자인 중급 독립 실무 및 문제해결 엔지니어링,3,Knowledge(지식),성능 지표(KPI) 분석법
23,인쇄·목재·가구·공예,230207,귀금속주얼리디자인,230207_L3,귀금속주얼리디자인 중급 독립 실무 및 문제해결 엔지니어링,3,Knowledge(지식),이슈 해결 방법론
23,인쇄·목재·가구·공예,230207,귀금속주얼리디자인,230207_L3,귀금속주얼리디자인 중급 독립 실무 및 문제해결 엔지니어링,3,Skill(기술/도구),고급 도구/코드/기기 활용
23,인쇄·목재·가구·공예,230207,귀금속주얼리디자인,230207_L3,귀금속주얼리디자인 중급 독립 실무 및 문제해결 엔지니어링,3,Skill(기술/도구),원인 분석 및 조치
23,인쇄·목재·가구·공예,230207,귀금속주얼리디자인,230207_L3,귀금속주얼리디자인 중급 독립 실무 및 문제해결 엔지니어링,3,Skill(기술/도구),성과 분석 리포팅
23,인쇄·목재·가구·공예,230207,귀금속주얼리디자인,230207_L3,귀금속주얼리디자인 중급 독립 실무 및 문제해결 엔지니어링,3,Attitude(태도),분석적 사고력
23,인쇄·목재·가구·공예,230207,귀금속주얼리디자인,230207_L3,귀금속주얼리디자인 중급 독립 실무 및 문제해결 엔지니어링,3,Attitude(태도),타 부서와의 원활한 협업 소통
23,인쇄·목재·가구·공예,230207,귀금속주얼리디자인,230207_L4,귀금속주얼리디자인 고급 전문화 및 프로젝트/팀 리딩,4,Knowledge(지식),신기술 융합 아키텍처
23,인쇄·목재·가구·공예,230207,귀금속주얼리디자인,230207_L4,귀금속주얼리디자인 고급 전문화 및 프로젝트/팀 리딩,4,Knowledge(지식),프로젝트 관리론(PMBOK/Agile)
23,인쇄·목재·가구·공예,230207,귀금속주얼리디자인,230207_L4,귀금속주얼리디자인 고급 전문화 및 프로젝트/팀 리딩,4,Knowledge(지식),품질보증(QA) 거버넌스
23,인쇄·목재·가구·공예,230207,귀금속주얼리디자인,230207_L4,귀금속주얼리디자인 고급 전문화 및 프로젝트/팀 리딩,4,Skill(기술/도구),전체 시스템 아키텍처 설계
23,인쇄·목재·가구·공예,230207,귀금속주얼리디자인,230207_L4,귀금속주얼리디자인 고급 전문화 및 프로젝트/팀 리딩,4,Skill(기술/도구),애자일 스프린트 리딩
23,인쇄·목재·가구·공예,230207,귀금속주얼리디자인,230207_L4,귀금속주얼리디자인 고급 전문화 및 프로젝트/팀 리딩,4,Skill(기술/도구),신기술 PoC 검증
23,인쇄·목재·가구·공예,230207,귀금속주얼리디자인,230207_L4,귀금속주얼리디자인 고급 전문화 및 프로젝트/팀 리딩,4,Attitude(태도),혁신 지향 리더십
23,인쇄·목재·가구·공예,230207,귀금속주얼리디자인,230207_L4,귀금속주얼리디자인 고급 전문화 및 프로젝트/팀 리딩,4,Attitude(태도),동료 성장 멘토링 마인드
23,인쇄·목재·가구·공예,230207,귀금속주얼리디자인,230207_L5,귀금속주얼리디자인 전략 기획 및 전사 거버넌스 총괄,5,Knowledge(지식),경영 전략 및 자본 예산 배분
23,인쇄·목재·가구·공예,230207,귀금속주얼리디자인,230207_L5,귀금속주얼리디자인 전략 기획 및 전사 거버넌스 총괄,5,Knowledge(지식),국내외 규제 컴플라이언스
23,인쇄·목재·가구·공예,230207,귀금속주얼리디자인,230207_L5,귀금속주얼리디자인 전략 기획 및 전사 거버넌스 총괄,5,Knowledge(지식),엔터프라이즈 거버넌스
23,인쇄·목재·가구·공예,230207,귀금속주얼리디자인,230207_L5,귀금속주얼리디자인 전략 기획 및 전사 거버넌스 총괄,5,Skill(기술/도구),전사 로드맵 수립
23,인쇄·목재·가구·공예,230207,귀금속주얼리디자인,230207_L5,귀금속주얼리디자인 전략 기획 및 전사 거버넌스 총괄,5,Skill(기술/도구),투자 대비 성과(ROI) 모델링
23,인쇄·목재·가구·공예,230207,귀금속주얼리디자인,230207_L5,귀금속주얼리디자인 전략 기획 및 전사 거버넌스 총괄,5,Skill(기술/도구),최고 의사결정 전략 제언
23,인쇄·목재·가구·공예,230207,귀금속주얼리디자인,230207_L5,귀금속주얼리디자인 전략 기획 및 전사 거버넌스 총괄,5,Attitude(태도),거시적 통찰력
23,인쇄·목재·가구·공예,230207,귀금속주얼리디자인,230207_L5,귀금속주얼리디자인 전략 기획 및 전사 거버넌스 총괄,5,Attitude(태도),전략적 윤리 리더십
23,인쇄·목재·가구·공예,230208,도자공예제작,230208_L1,도자공예제작 기초 입문 및 업무 환경 지원,1,Knowledge(지식),도자공예제작 개론
23,인쇄·목재·가구·공예,230208,도자공예제작,230208_L1,도자공예제작 기초 입문 및 업무 환경 지원,1,Knowledge(지식),표준 작업 지침서
23,인쇄·목재·가구·공예,230208,도자공예제작,230208_L1,도자공예제작 기초 입문 및 업무 환경 지원,1,Knowledge(지식),기초 법령/규정
23,인쇄·목재·가구·공예,230208,도자공예제작,230208_L1,도자공예제작 기초 입문 및 업무 환경 지원,1,Skill(기술/도구),기초 전산 툴 조작
23,인쇄·목재·가구·공예,230208,도자공예제작,230208_L1,도자공예제작 기초 입문 및 업무 환경 지원,1,Skill(기술/도구),문서 서식 작성
23,인쇄·목재·가구·공예,230208,도자공예제작,230208_L1,도자공예제작 기초 입문 및 업무 환경 지원,1,Skill(기술/도구),자료 검색 및 분류
23,인쇄·목재·가구·공예,230208,도자공예제작,230208_L1,도자공예제작 기초 입문 및 업무 환경 지원,1,Attitude(태도),규정 준수 의식
23,인쇄·목재·가구·공예,230208,도자공예제작,230208_L1,도자공예제작 기초 입문 및 업무 환경 지원,1,Attitude(태도),성실한 업무 지원 태도
23,인쇄·목재·가구·공예,230208,도자공예제작,230208_L2,도자공예제작 초급 실무 및 정형 과업 수행,2,Knowledge(지식),도자공예제작 실무 프로세스
23,인쇄·목재·가구·공예,230208,도자공예제작,230208_L2,도자공예제작 초급 실무 및 정형 과업 수행,2,Knowledge(지식),단위 업무 품질 기준
23,인쇄·목재·가구·공예,230208,도자공예제작,230208_L2,도자공예제작 초급 실무 및 정형 과업 수행,2,Knowledge(지식),데이터 검증 기법
23,인쇄·목재·가구·공예,230208,도자공예제작,230208_L2,도자공예제작 초급 실무 및 정형 과업 수행,2,Skill(기술/도구),실무 도구/SW 조작
23,인쇄·목재·가구·공예,230208,도자공예제작,230208_L2,도자공예제작 초급 실무 및 정형 과업 수행,2,Skill(기술/도구),데이터 정제 및 가공
23,인쇄·목재·가구·공예,230208,도자공예제작,230208_L2,도자공예제작 초급 실무 및 정형 과업 수행,2,Skill(기술/도구),단위 결과물 산출
23,인쇄·목재·가구·공예,230208,도자공예제작,230208_L2,도자공예제작 초급 실무 및 정형 과업 수행,2,Attitude(태도),정확성과 꼼꼼함
23,인쇄·목재·가구·공예,230208,도자공예제작,230208_L2,도자공예제작 초급 실무 및 정형 과업 수행,2,Attitude(태도),기한 준수 책임감
23,인쇄·목재·가구·공예,230208,도자공예제작,230208_L3,도자공예제작 중급 독립 실무 및 문제해결 엔지니어링,3,Knowledge(지식),심화 모델링/설계 이론
23,인쇄·목재·가구·공예,230208,도자공예제작,230208_L3,도자공예제작 중급 독립 실무 및 문제해결 엔지니어링,3,Knowledge(지식),성능 지표(KPI) 분석법
23,인쇄·목재·가구·공예,230208,도자공예제작,230208_L3,도자공예제작 중급 독립 실무 및 문제해결 엔지니어링,3,Knowledge(지식),이슈 해결 방법론
23,인쇄·목재·가구·공예,230208,도자공예제작,230208_L3,도자공예제작 중급 독립 실무 및 문제해결 엔지니어링,3,Skill(기술/도구),고급 도구/코드/기기 활용
23,인쇄·목재·가구·공예,230208,도자공예제작,230208_L3,도자공예제작 중급 독립 실무 및 문제해결 엔지니어링,3,Skill(기술/도구),원인 분석 및 조치
23,인쇄·목재·가구·공예,230208,도자공예제작,230208_L3,도자공예제작 중급 독립 실무 및 문제해결 엔지니어링,3,Skill(기술/도구),성과 분석 리포팅
23,인쇄·목재·가구·공예,230208,도자공예제작,230208_L3,도자공예제작 중급 독립 실무 및 문제해결 엔지니어링,3,Attitude(태도),분석적 사고력
23,인쇄·목재·가구·공예,230208,도자공예제작,230208_L3,도자공예제작 중급 독립 실무 및 문제해결 엔지니어링,3,Attitude(태도),타 부서와의 원활한 협업 소통
23,인쇄·목재·가구·공예,230208,도자공예제작,230208_L4,도자공예제작 고급 전문화 및 프로젝트/팀 리딩,4,Knowledge(지식),신기술 융합 아키텍처
23,인쇄·목재·가구·공예,230208,도자공예제작,230208_L4,도자공예제작 고급 전문화 및 프로젝트/팀 리딩,4,Knowledge(지식),프로젝트 관리론(PMBOK/Agile)
23,인쇄·목재·가구·공예,230208,도자공예제작,230208_L4,도자공예제작 고급 전문화 및 프로젝트/팀 리딩,4,Knowledge(지식),품질보증(QA) 거버넌스
23,인쇄·목재·가구·공예,230208,도자공예제작,230208_L4,도자공예제작 고급 전문화 및 프로젝트/팀 리딩,4,Skill(기술/도구),전체 시스템 아키텍처 설계
23,인쇄·목재·가구·공예,230208,도자공예제작,230208_L4,도자공예제작 고급 전문화 및 프로젝트/팀 리딩,4,Skill(기술/도구),애자일 스프린트 리딩
23,인쇄·목재·가구·공예,230208,도자공예제작,230208_L4,도자공예제작 고급 전문화 및 프로젝트/팀 리딩,4,Skill(기술/도구),신기술 PoC 검증
23,인쇄·목재·가구·공예,230208,도자공예제작,230208_L4,도자공예제작 고급 전문화 및 프로젝트/팀 리딩,4,Attitude(태도),혁신 지향 리더십
23,인쇄·목재·가구·공예,230208,도자공예제작,230208_L4,도자공예제작 고급 전문화 및 프로젝트/팀 리딩,4,Attitude(태도),동료 성장 멘토링 마인드
23,인쇄·목재·가구·공예,230208,도자공예제작,230208_L5,도자공예제작 전략 기획 및 전사 거버넌스 총괄,5,Knowledge(지식),경영 전략 및 자본 예산 배분
23,인쇄·목재·가구·공예,230208,도자공예제작,230208_L5,도자공예제작 전략 기획 및 전사 거버넌스 총괄,5,Knowledge(지식),국내외 규제 컴플라이언스
23,인쇄·목재·가구·공예,230208,도자공예제작,230208_L5,도자공예제작 전략 기획 및 전사 거버넌스 총괄,5,Knowledge(지식),엔터프라이즈 거버넌스
23,인쇄·목재·가구·공예,230208,도자공예제작,230208_L5,도자공예제작 전략 기획 및 전사 거버넌스 총괄,5,Skill(기술/도구),전사 로드맵 수립
23,인쇄·목재·가구·공예,230208,도자공예제작,230208_L5,도자공예제작 전략 기획 및 전사 거버넌스 총괄,5,Skill(기술/도구),투자 대비 성과(ROI) 모델링
23,인쇄·목재·가구·공예,230208,도자공예제작,230208_L5,도자공예제작 전략 기획 및 전사 거버넌스 총괄,5,Skill(기술/도구),최고 의사결정 전략 제언
23,인쇄·목재·가구·공예,230208,도자공예제작,230208_L5,도자공예제작 전략 기획 및 전사 거버넌스 총괄,5,Attitude(태도),거시적 통찰력
23,인쇄·목재·가구·공예,230208,도자공예제작,230208_L5,도자공예제작 전략 기획 및 전사 거버넌스 총괄,5,Attitude(태도),전략적 윤리 리더십
24,환경·에너지·안전,240101,산업안전보건관리자,240101_L1,산업안전보건관리자 기초 입문 및 업무 환경 지원,1,Knowledge(지식),산업안전보건관리자 개론
24,환경·에너지·안전,240101,산업안전보건관리자,240101_L1,산업안전보건관리자 기초 입문 및 업무 환경 지원,1,Knowledge(지식),표준 작업 지침서
24,환경·에너지·안전,240101,산업안전보건관리자,240101_L1,산업안전보건관리자 기초 입문 및 업무 환경 지원,1,Knowledge(지식),기초 법령/규정
24,환경·에너지·안전,240101,산업안전보건관리자,240101_L1,산업안전보건관리자 기초 입문 및 업무 환경 지원,1,Skill(기술/도구),기초 전산 툴 조작
24,환경·에너지·안전,240101,산업안전보건관리자,240101_L1,산업안전보건관리자 기초 입문 및 업무 환경 지원,1,Skill(기술/도구),문서 서식 작성
24,환경·에너지·안전,240101,산업안전보건관리자,240101_L1,산업안전보건관리자 기초 입문 및 업무 환경 지원,1,Skill(기술/도구),자료 검색 및 분류
24,환경·에너지·안전,240101,산업안전보건관리자,240101_L1,산업안전보건관리자 기초 입문 및 업무 환경 지원,1,Attitude(태도),규정 준수 의식
24,환경·에너지·안전,240101,산업안전보건관리자,240101_L1,산업안전보건관리자 기초 입문 및 업무 환경 지원,1,Attitude(태도),성실한 업무 지원 태도
24,환경·에너지·안전,240101,산업안전보건관리자,240101_L2,산업안전보건관리자 초급 실무 및 정형 과업 수행,2,Knowledge(지식),산업안전보건관리자 실무 프로세스
24,환경·에너지·안전,240101,산업안전보건관리자,240101_L2,산업안전보건관리자 초급 실무 및 정형 과업 수행,2,Knowledge(지식),단위 업무 품질 기준
24,환경·에너지·안전,240101,산업안전보건관리자,240101_L2,산업안전보건관리자 초급 실무 및 정형 과업 수행,2,Knowledge(지식),데이터 검증 기법
24,환경·에너지·안전,240101,산업안전보건관리자,240101_L2,산업안전보건관리자 초급 실무 및 정형 과업 수행,2,Skill(기술/도구),실무 도구/SW 조작
24,환경·에너지·안전,240101,산업안전보건관리자,240101_L2,산업안전보건관리자 초급 실무 및 정형 과업 수행,2,Skill(기술/도구),데이터 정제 및 가공
24,환경·에너지·안전,240101,산업안전보건관리자,240101_L2,산업안전보건관리자 초급 실무 및 정형 과업 수행,2,Skill(기술/도구),단위 결과물 산출
24,환경·에너지·안전,240101,산업안전보건관리자,240101_L2,산업안전보건관리자 초급 실무 및 정형 과업 수행,2,Attitude(태도),정확성과 꼼꼼함
24,환경·에너지·안전,240101,산업안전보건관리자,240101_L2,산업안전보건관리자 초급 실무 및 정형 과업 수행,2,Attitude(태도),기한 준수 책임감
24,환경·에너지·안전,240101,산업안전보건관리자,240101_L3,산업안전보건관리자 중급 독립 실무 및 문제해결 엔지니어링,3,Knowledge(지식),심화 모델링/설계 이론
24,환경·에너지·안전,240101,산업안전보건관리자,240101_L3,산업안전보건관리자 중급 독립 실무 및 문제해결 엔지니어링,3,Knowledge(지식),성능 지표(KPI) 분석법
24,환경·에너지·안전,240101,산업안전보건관리자,240101_L3,산업안전보건관리자 중급 독립 실무 및 문제해결 엔지니어링,3,Knowledge(지식),이슈 해결 방법론
24,환경·에너지·안전,240101,산업안전보건관리자,240101_L3,산업안전보건관리자 중급 독립 실무 및 문제해결 엔지니어링,3,Skill(기술/도구),고급 도구/코드/기기 활용
24,환경·에너지·안전,240101,산업안전보건관리자,240101_L3,산업안전보건관리자 중급 독립 실무 및 문제해결 엔지니어링,3,Skill(기술/도구),원인 분석 및 조치
24,환경·에너지·안전,240101,산업안전보건관리자,240101_L3,산업안전보건관리자 중급 독립 실무 및 문제해결 엔지니어링,3,Skill(기술/도구),성과 분석 리포팅
24,환경·에너지·안전,240101,산업안전보건관리자,240101_L3,산업안전보건관리자 중급 독립 실무 및 문제해결 엔지니어링,3,Attitude(태도),분석적 사고력
24,환경·에너지·안전,240101,산업안전보건관리자,240101_L3,산업안전보건관리자 중급 독립 실무 및 문제해결 엔지니어링,3,Attitude(태도),타 부서와의 원활한 협업 소통
24,환경·에너지·안전,240101,산업안전보건관리자,240101_L4,산업안전보건관리자 고급 전문화 및 프로젝트/팀 리딩,4,Knowledge(지식),신기술 융합 아키텍처
24,환경·에너지·안전,240101,산업안전보건관리자,240101_L4,산업안전보건관리자 고급 전문화 및 프로젝트/팀 리딩,4,Knowledge(지식),프로젝트 관리론(PMBOK/Agile)
24,환경·에너지·안전,240101,산업안전보건관리자,240101_L4,산업안전보건관리자 고급 전문화 및 프로젝트/팀 리딩,4,Knowledge(지식),품질보증(QA) 거버넌스
24,환경·에너지·안전,240101,산업안전보건관리자,240101_L4,산업안전보건관리자 고급 전문화 및 프로젝트/팀 리딩,4,Skill(기술/도구),전체 시스템 아키텍처 설계
24,환경·에너지·안전,240101,산업안전보건관리자,240101_L4,산업안전보건관리자 고급 전문화 및 프로젝트/팀 리딩,4,Skill(기술/도구),애자일 스프린트 리딩
24,환경·에너지·안전,240101,산업안전보건관리자,240101_L4,산업안전보건관리자 고급 전문화 및 프로젝트/팀 리딩,4,Skill(기술/도구),신기술 PoC 검증
24,환경·에너지·안전,240101,산업안전보건관리자,240101_L4,산업안전보건관리자 고급 전문화 및 프로젝트/팀 리딩,4,Attitude(태도),혁신 지향 리더십
24,환경·에너지·안전,240101,산업안전보건관리자,240101_L4,산업안전보건관리자 고급 전문화 및 프로젝트/팀 리딩,4,Attitude(태도),동료 성장 멘토링 마인드
24,환경·에너지·안전,240101,산업안전보건관리자,240101_L5,산업안전보건관리자 전략 기획 및 전사 거버넌스 총괄,5,Knowledge(지식),경영 전략 및 자본 예산 배분
24,환경·에너지·안전,240101,산업안전보건관리자,240101_L5,산업안전보건관리자 전략 기획 및 전사 거버넌스 총괄,5,Knowledge(지식),국내외 규제 컴플라이언스
24,환경·에너지·안전,240101,산업안전보건관리자,240101_L5,산업안전보건관리자 전략 기획 및 전사 거버넌스 총괄,5,Knowledge(지식),엔터프라이즈 거버넌스
24,환경·에너지·안전,240101,산업안전보건관리자,240101_L5,산업안전보건관리자 전략 기획 및 전사 거버넌스 총괄,5,Skill(기술/도구),전사 로드맵 수립
24,환경·에너지·안전,240101,산업안전보건관리자,240101_L5,산업안전보건관리자 전략 기획 및 전사 거버넌스 총괄,5,Skill(기술/도구),투자 대비 성과(ROI) 모델링
24,환경·에너지·안전,240101,산업안전보건관리자,240101_L5,산업안전보건관리자 전략 기획 및 전사 거버넌스 총괄,5,Skill(기술/도구),최고 의사결정 전략 제언
24,환경·에너지·안전,240101,산업안전보건관리자,240101_L5,산업안전보건관리자 전략 기획 및 전사 거버넌스 총괄,5,Attitude(태도),거시적 통찰력
24,환경·에너지·안전,240101,산업안전보건관리자,240101_L5,산업안전보건관리자 전략 기획 및 전사 거버넌스 총괄,5,Attitude(태도),전략적 윤리 리더십
24,환경·에너지·안전,240102,중대재해예방체계구축,240102_L1,중대재해예방체계구축 기초 입문 및 업무 환경 지원,1,Knowledge(지식),중대재해예방체계구축 개론
24,환경·에너지·안전,240102,중대재해예방체계구축,240102_L1,중대재해예방체계구축 기초 입문 및 업무 환경 지원,1,Knowledge(지식),표준 작업 지침서
24,환경·에너지·안전,240102,중대재해예방체계구축,240102_L1,중대재해예방체계구축 기초 입문 및 업무 환경 지원,1,Knowledge(지식),기초 법령/규정
24,환경·에너지·안전,240102,중대재해예방체계구축,240102_L1,중대재해예방체계구축 기초 입문 및 업무 환경 지원,1,Skill(기술/도구),기초 전산 툴 조작
24,환경·에너지·안전,240102,중대재해예방체계구축,240102_L1,중대재해예방체계구축 기초 입문 및 업무 환경 지원,1,Skill(기술/도구),문서 서식 작성
24,환경·에너지·안전,240102,중대재해예방체계구축,240102_L1,중대재해예방체계구축 기초 입문 및 업무 환경 지원,1,Skill(기술/도구),자료 검색 및 분류
24,환경·에너지·안전,240102,중대재해예방체계구축,240102_L1,중대재해예방체계구축 기초 입문 및 업무 환경 지원,1,Attitude(태도),규정 준수 의식
24,환경·에너지·안전,240102,중대재해예방체계구축,240102_L1,중대재해예방체계구축 기초 입문 및 업무 환경 지원,1,Attitude(태도),성실한 업무 지원 태도
24,환경·에너지·안전,240102,중대재해예방체계구축,240102_L2,중대재해예방체계구축 초급 실무 및 정형 과업 수행,2,Knowledge(지식),중대재해예방체계구축 실무 프로세스
24,환경·에너지·안전,240102,중대재해예방체계구축,240102_L2,중대재해예방체계구축 초급 실무 및 정형 과업 수행,2,Knowledge(지식),단위 업무 품질 기준
24,환경·에너지·안전,240102,중대재해예방체계구축,240102_L2,중대재해예방체계구축 초급 실무 및 정형 과업 수행,2,Knowledge(지식),데이터 검증 기법
24,환경·에너지·안전,240102,중대재해예방체계구축,240102_L2,중대재해예방체계구축 초급 실무 및 정형 과업 수행,2,Skill(기술/도구),실무 도구/SW 조작
24,환경·에너지·안전,240102,중대재해예방체계구축,240102_L2,중대재해예방체계구축 초급 실무 및 정형 과업 수행,2,Skill(기술/도구),데이터 정제 및 가공
24,환경·에너지·안전,240102,중대재해예방체계구축,240102_L2,중대재해예방체계구축 초급 실무 및 정형 과업 수행,2,Skill(기술/도구),단위 결과물 산출
24,환경·에너지·안전,240102,중대재해예방체계구축,240102_L2,중대재해예방체계구축 초급 실무 및 정형 과업 수행,2,Attitude(태도),정확성과 꼼꼼함
24,환경·에너지·안전,240102,중대재해예방체계구축,240102_L2,중대재해예방체계구축 초급 실무 및 정형 과업 수행,2,Attitude(태도),기한 준수 책임감
24,환경·에너지·안전,240102,중대재해예방체계구축,240102_L3,중대재해예방체계구축 중급 독립 실무 및 문제해결 엔지니어링,3,Knowledge(지식),심화 모델링/설계 이론
24,환경·에너지·안전,240102,중대재해예방체계구축,240102_L3,중대재해예방체계구축 중급 독립 실무 및 문제해결 엔지니어링,3,Knowledge(지식),성능 지표(KPI) 분석법
24,환경·에너지·안전,240102,중대재해예방체계구축,240102_L3,중대재해예방체계구축 중급 독립 실무 및 문제해결 엔지니어링,3,Knowledge(지식),이슈 해결 방법론
24,환경·에너지·안전,240102,중대재해예방체계구축,240102_L3,중대재해예방체계구축 중급 독립 실무 및 문제해결 엔지니어링,3,Skill(기술/도구),고급 도구/코드/기기 활용
24,환경·에너지·안전,240102,중대재해예방체계구축,240102_L3,중대재해예방체계구축 중급 독립 실무 및 문제해결 엔지니어링,3,Skill(기술/도구),원인 분석 및 조치
24,환경·에너지·안전,240102,중대재해예방체계구축,240102_L3,중대재해예방체계구축 중급 독립 실무 및 문제해결 엔지니어링,3,Skill(기술/도구),성과 분석 리포팅
24,환경·에너지·안전,240102,중대재해예방체계구축,240102_L3,중대재해예방체계구축 중급 독립 실무 및 문제해결 엔지니어링,3,Attitude(태도),분석적 사고력
24,환경·에너지·안전,240102,중대재해예방체계구축,240102_L3,중대재해예방체계구축 중급 독립 실무 및 문제해결 엔지니어링,3,Attitude(태도),타 부서와의 원활한 협업 소통
24,환경·에너지·안전,240102,중대재해예방체계구축,240102_L4,중대재해예방체계구축 고급 전문화 및 프로젝트/팀 리딩,4,Knowledge(지식),신기술 융합 아키텍처
24,환경·에너지·안전,240102,중대재해예방체계구축,240102_L4,중대재해예방체계구축 고급 전문화 및 프로젝트/팀 리딩,4,Knowledge(지식),프로젝트 관리론(PMBOK/Agile)
24,환경·에너지·안전,240102,중대재해예방체계구축,240102_L4,중대재해예방체계구축 고급 전문화 및 프로젝트/팀 리딩,4,Knowledge(지식),품질보증(QA) 거버넌스
24,환경·에너지·안전,240102,중대재해예방체계구축,240102_L4,중대재해예방체계구축 고급 전문화 및 프로젝트/팀 리딩,4,Skill(기술/도구),전체 시스템 아키텍처 설계
24,환경·에너지·안전,240102,중대재해예방체계구축,240102_L4,중대재해예방체계구축 고급 전문화 및 프로젝트/팀 리딩,4,Skill(기술/도구),애자일 스프린트 리딩
24,환경·에너지·안전,240102,중대재해예방체계구축,240102_L4,중대재해예방체계구축 고급 전문화 및 프로젝트/팀 리딩,4,Skill(기술/도구),신기술 PoC 검증
24,환경·에너지·안전,240102,중대재해예방체계구축,240102_L4,중대재해예방체계구축 고급 전문화 및 프로젝트/팀 리딩,4,Attitude(태도),혁신 지향 리더십
24,환경·에너지·안전,240102,중대재해예방체계구축,240102_L4,중대재해예방체계구축 고급 전문화 및 프로젝트/팀 리딩,4,Attitude(태도),동료 성장 멘토링 마인드
24,환경·에너지·안전,240102,중대재해예방체계구축,240102_L5,중대재해예방체계구축 전략 기획 및 전사 거버넌스 총괄,5,Knowledge(지식),경영 전략 및 자본 예산 배분
24,환경·에너지·안전,240102,중대재해예방체계구축,240102_L5,중대재해예방체계구축 전략 기획 및 전사 거버넌스 총괄,5,Knowledge(지식),국내외 규제 컴플라이언스
24,환경·에너지·안전,240102,중대재해예방체계구축,240102_L5,중대재해예방체계구축 전략 기획 및 전사 거버넌스 총괄,5,Knowledge(지식),엔터프라이즈 거버넌스
24,환경·에너지·안전,240102,중대재해예방체계구축,240102_L5,중대재해예방체계구축 전략 기획 및 전사 거버넌스 총괄,5,Skill(기술/도구),전사 로드맵 수립
24,환경·에너지·안전,240102,중대재해예방체계구축,240102_L5,중대재해예방체계구축 전략 기획 및 전사 거버넌스 총괄,5,Skill(기술/도구),투자 대비 성과(ROI) 모델링
24,환경·에너지·안전,240102,중대재해예방체계구축,240102_L5,중대재해예방체계구축 전략 기획 및 전사 거버넌스 총괄,5,Skill(기술/도구),최고 의사결정 전략 제언
24,환경·에너지·안전,240102,중대재해예방체계구축,240102_L5,중대재해예방체계구축 전략 기획 및 전사 거버넌스 총괄,5,Attitude(태도),거시적 통찰력
24,환경·에너지·안전,240102,중대재해예방체계구축,240102_L5,중대재해예방체계구축 전략 기획 및 전사 거버넌스 총괄,5,Attitude(태도),전략적 윤리 리더십
24,환경·에너지·안전,240103,사업장위험성평가(KRAS),240103_L1,사업장위험성평가(KRAS) 기초 입문 및 업무 환경 지원,1,Knowledge(지식),사업장위험성평가(KRAS) 개론
24,환경·에너지·안전,240103,사업장위험성평가(KRAS),240103_L1,사업장위험성평가(KRAS) 기초 입문 및 업무 환경 지원,1,Knowledge(지식),표준 작업 지침서
24,환경·에너지·안전,240103,사업장위험성평가(KRAS),240103_L1,사업장위험성평가(KRAS) 기초 입문 및 업무 환경 지원,1,Knowledge(지식),기초 법령/규정
24,환경·에너지·안전,240103,사업장위험성평가(KRAS),240103_L1,사업장위험성평가(KRAS) 기초 입문 및 업무 환경 지원,1,Skill(기술/도구),기초 전산 툴 조작
24,환경·에너지·안전,240103,사업장위험성평가(KRAS),240103_L1,사업장위험성평가(KRAS) 기초 입문 및 업무 환경 지원,1,Skill(기술/도구),문서 서식 작성
24,환경·에너지·안전,240103,사업장위험성평가(KRAS),240103_L1,사업장위험성평가(KRAS) 기초 입문 및 업무 환경 지원,1,Skill(기술/도구),자료 검색 및 분류
24,환경·에너지·안전,240103,사업장위험성평가(KRAS),240103_L1,사업장위험성평가(KRAS) 기초 입문 및 업무 환경 지원,1,Attitude(태도),규정 준수 의식
24,환경·에너지·안전,240103,사업장위험성평가(KRAS),240103_L1,사업장위험성평가(KRAS) 기초 입문 및 업무 환경 지원,1,Attitude(태도),성실한 업무 지원 태도
24,환경·에너지·안전,240103,사업장위험성평가(KRAS),240103_L2,사업장위험성평가(KRAS) 초급 실무 및 정형 과업 수행,2,Knowledge(지식),사업장위험성평가(KRAS) 실무 프로세스
24,환경·에너지·안전,240103,사업장위험성평가(KRAS),240103_L2,사업장위험성평가(KRAS) 초급 실무 및 정형 과업 수행,2,Knowledge(지식),단위 업무 품질 기준
24,환경·에너지·안전,240103,사업장위험성평가(KRAS),240103_L2,사업장위험성평가(KRAS) 초급 실무 및 정형 과업 수행,2,Knowledge(지식),데이터 검증 기법
24,환경·에너지·안전,240103,사업장위험성평가(KRAS),240103_L2,사업장위험성평가(KRAS) 초급 실무 및 정형 과업 수행,2,Skill(기술/도구),실무 도구/SW 조작
24,환경·에너지·안전,240103,사업장위험성평가(KRAS),240103_L2,사업장위험성평가(KRAS) 초급 실무 및 정형 과업 수행,2,Skill(기술/도구),데이터 정제 및 가공
24,환경·에너지·안전,240103,사업장위험성평가(KRAS),240103_L2,사업장위험성평가(KRAS) 초급 실무 및 정형 과업 수행,2,Skill(기술/도구),단위 결과물 산출
24,환경·에너지·안전,240103,사업장위험성평가(KRAS),240103_L2,사업장위험성평가(KRAS) 초급 실무 및 정형 과업 수행,2,Attitude(태도),정확성과 꼼꼼함
24,환경·에너지·안전,240103,사업장위험성평가(KRAS),240103_L2,사업장위험성평가(KRAS) 초급 실무 및 정형 과업 수행,2,Attitude(태도),기한 준수 책임감
24,환경·에너지·안전,240103,사업장위험성평가(KRAS),240103_L3,사업장위험성평가(KRAS) 중급 독립 실무 및 문제해결 엔지니어링,3,Knowledge(지식),심화 모델링/설계 이론
24,환경·에너지·안전,240103,사업장위험성평가(KRAS),240103_L3,사업장위험성평가(KRAS) 중급 독립 실무 및 문제해결 엔지니어링,3,Knowledge(지식),성능 지표(KPI) 분석법
24,환경·에너지·안전,240103,사업장위험성평가(KRAS),240103_L3,사업장위험성평가(KRAS) 중급 독립 실무 및 문제해결 엔지니어링,3,Knowledge(지식),이슈 해결 방법론
24,환경·에너지·안전,240103,사업장위험성평가(KRAS),240103_L3,사업장위험성평가(KRAS) 중급 독립 실무 및 문제해결 엔지니어링,3,Skill(기술/도구),고급 도구/코드/기기 활용
24,환경·에너지·안전,240103,사업장위험성평가(KRAS),240103_L3,사업장위험성평가(KRAS) 중급 독립 실무 및 문제해결 엔지니어링,3,Skill(기술/도구),원인 분석 및 조치
24,환경·에너지·안전,240103,사업장위험성평가(KRAS),240103_L3,사업장위험성평가(KRAS) 중급 독립 실무 및 문제해결 엔지니어링,3,Skill(기술/도구),성과 분석 리포팅
24,환경·에너지·안전,240103,사업장위험성평가(KRAS),240103_L3,사업장위험성평가(KRAS) 중급 독립 실무 및 문제해결 엔지니어링,3,Attitude(태도),분석적 사고력
24,환경·에너지·안전,240103,사업장위험성평가(KRAS),240103_L3,사업장위험성평가(KRAS) 중급 독립 실무 및 문제해결 엔지니어링,3,Attitude(태도),타 부서와의 원활한 협업 소통
24,환경·에너지·안전,240103,사업장위험성평가(KRAS),240103_L4,사업장위험성평가(KRAS) 고급 전문화 및 프로젝트/팀 리딩,4,Knowledge(지식),신기술 융합 아키텍처
24,환경·에너지·안전,240103,사업장위험성평가(KRAS),240103_L4,사업장위험성평가(KRAS) 고급 전문화 및 프로젝트/팀 리딩,4,Knowledge(지식),프로젝트 관리론(PMBOK/Agile)
24,환경·에너지·안전,240103,사업장위험성평가(KRAS),240103_L4,사업장위험성평가(KRAS) 고급 전문화 및 프로젝트/팀 리딩,4,Knowledge(지식),품질보증(QA) 거버넌스
24,환경·에너지·안전,240103,사업장위험성평가(KRAS),240103_L4,사업장위험성평가(KRAS) 고급 전문화 및 프로젝트/팀 리딩,4,Skill(기술/도구),전체 시스템 아키텍처 설계
24,환경·에너지·안전,240103,사업장위험성평가(KRAS),240103_L4,사업장위험성평가(KRAS) 고급 전문화 및 프로젝트/팀 리딩,4,Skill(기술/도구),애자일 스프린트 리딩
24,환경·에너지·안전,240103,사업장위험성평가(KRAS),240103_L4,사업장위험성평가(KRAS) 고급 전문화 및 프로젝트/팀 리딩,4,Skill(기술/도구),신기술 PoC 검증
24,환경·에너지·안전,240103,사업장위험성평가(KRAS),240103_L4,사업장위험성평가(KRAS) 고급 전문화 및 프로젝트/팀 리딩,4,Attitude(태도),혁신 지향 리더십
24,환경·에너지·안전,240103,사업장위험성평가(KRAS),240103_L4,사업장위험성평가(KRAS) 고급 전문화 및 프로젝트/팀 리딩,4,Attitude(태도),동료 성장 멘토링 마인드
24,환경·에너지·안전,240103,사업장위험성평가(KRAS),240103_L5,사업장위험성평가(KRAS) 전략 기획 및 전사 거버넌스 총괄,5,Knowledge(지식),경영 전략 및 자본 예산 배분
24,환경·에너지·안전,240103,사업장위험성평가(KRAS),240103_L5,사업장위험성평가(KRAS) 전략 기획 및 전사 거버넌스 총괄,5,Knowledge(지식),국내외 규제 컴플라이언스
24,환경·에너지·안전,240103,사업장위험성평가(KRAS),240103_L5,사업장위험성평가(KRAS) 전략 기획 및 전사 거버넌스 총괄,5,Knowledge(지식),엔터프라이즈 거버넌스
24,환경·에너지·안전,240103,사업장위험성평가(KRAS),240103_L5,사업장위험성평가(KRAS) 전략 기획 및 전사 거버넌스 총괄,5,Skill(기술/도구),전사 로드맵 수립
24,환경·에너지·안전,240103,사업장위험성평가(KRAS),240103_L5,사업장위험성평가(KRAS) 전략 기획 및 전사 거버넌스 총괄,5,Skill(기술/도구),투자 대비 성과(ROI) 모델링
24,환경·에너지·안전,240103,사업장위험성평가(KRAS),240103_L5,사업장위험성평가(KRAS) 전략 기획 및 전사 거버넌스 총괄,5,Skill(기술/도구),최고 의사결정 전략 제언
24,환경·에너지·안전,240103,사업장위험성평가(KRAS),240103_L5,사업장위험성평가(KRAS) 전략 기획 및 전사 거버넌스 총괄,5,Attitude(태도),거시적 통찰력
24,환경·에너지·안전,240103,사업장위험성평가(KRAS),240103_L5,사업장위험성평가(KRAS) 전략 기획 및 전사 거버넌스 총괄,5,Attitude(태도),전략적 윤리 리더십
24,환경·에너지·안전,240104,산업위생관리(유해인자측정),240104_L1,산업위생관리(유해인자측정) 기초 입문 및 업무 환경 지원,1,Knowledge(지식),산업위생관리(유해인자측정) 개론
24,환경·에너지·안전,240104,산업위생관리(유해인자측정),240104_L1,산업위생관리(유해인자측정) 기초 입문 및 업무 환경 지원,1,Knowledge(지식),표준 작업 지침서
24,환경·에너지·안전,240104,산업위생관리(유해인자측정),240104_L1,산업위생관리(유해인자측정) 기초 입문 및 업무 환경 지원,1,Knowledge(지식),기초 법령/규정
24,환경·에너지·안전,240104,산업위생관리(유해인자측정),240104_L1,산업위생관리(유해인자측정) 기초 입문 및 업무 환경 지원,1,Skill(기술/도구),기초 전산 툴 조작
24,환경·에너지·안전,240104,산업위생관리(유해인자측정),240104_L1,산업위생관리(유해인자측정) 기초 입문 및 업무 환경 지원,1,Skill(기술/도구),문서 서식 작성
24,환경·에너지·안전,240104,산업위생관리(유해인자측정),240104_L1,산업위생관리(유해인자측정) 기초 입문 및 업무 환경 지원,1,Skill(기술/도구),자료 검색 및 분류
24,환경·에너지·안전,240104,산업위생관리(유해인자측정),240104_L1,산업위생관리(유해인자측정) 기초 입문 및 업무 환경 지원,1,Attitude(태도),규정 준수 의식
24,환경·에너지·안전,240104,산업위생관리(유해인자측정),240104_L1,산업위생관리(유해인자측정) 기초 입문 및 업무 환경 지원,1,Attitude(태도),성실한 업무 지원 태도
24,환경·에너지·안전,240104,산업위생관리(유해인자측정),240104_L2,산업위생관리(유해인자측정) 초급 실무 및 정형 과업 수행,2,Knowledge(지식),산업위생관리(유해인자측정) 실무 프로세스
24,환경·에너지·안전,240104,산업위생관리(유해인자측정),240104_L2,산업위생관리(유해인자측정) 초급 실무 및 정형 과업 수행,2,Knowledge(지식),단위 업무 품질 기준
24,환경·에너지·안전,240104,산업위생관리(유해인자측정),240104_L2,산업위생관리(유해인자측정) 초급 실무 및 정형 과업 수행,2,Knowledge(지식),데이터 검증 기법
24,환경·에너지·안전,240104,산업위생관리(유해인자측정),240104_L2,산업위생관리(유해인자측정) 초급 실무 및 정형 과업 수행,2,Skill(기술/도구),실무 도구/SW 조작
24,환경·에너지·안전,240104,산업위생관리(유해인자측정),240104_L2,산업위생관리(유해인자측정) 초급 실무 및 정형 과업 수행,2,Skill(기술/도구),데이터 정제 및 가공
24,환경·에너지·안전,240104,산업위생관리(유해인자측정),240104_L2,산업위생관리(유해인자측정) 초급 실무 및 정형 과업 수행,2,Skill(기술/도구),단위 결과물 산출
24,환경·에너지·안전,240104,산업위생관리(유해인자측정),240104_L2,산업위생관리(유해인자측정) 초급 실무 및 정형 과업 수행,2,Attitude(태도),정확성과 꼼꼼함
24,환경·에너지·안전,240104,산업위생관리(유해인자측정),240104_L2,산업위생관리(유해인자측정) 초급 실무 및 정형 과업 수행,2,Attitude(태도),기한 준수 책임감
24,환경·에너지·안전,240104,산업위생관리(유해인자측정),240104_L3,산업위생관리(유해인자측정) 중급 독립 실무 및 문제해결 엔지니어링,3,Knowledge(지식),심화 모델링/설계 이론
24,환경·에너지·안전,240104,산업위생관리(유해인자측정),240104_L3,산업위생관리(유해인자측정) 중급 독립 실무 및 문제해결 엔지니어링,3,Knowledge(지식),성능 지표(KPI) 분석법
24,환경·에너지·안전,240104,산업위생관리(유해인자측정),240104_L3,산업위생관리(유해인자측정) 중급 독립 실무 및 문제해결 엔지니어링,3,Knowledge(지식),이슈 해결 방법론
24,환경·에너지·안전,240104,산업위생관리(유해인자측정),240104_L3,산업위생관리(유해인자측정) 중급 독립 실무 및 문제해결 엔지니어링,3,Skill(기술/도구),고급 도구/코드/기기 활용
24,환경·에너지·안전,240104,산업위생관리(유해인자측정),240104_L3,산업위생관리(유해인자측정) 중급 독립 실무 및 문제해결 엔지니어링,3,Skill(기술/도구),원인 분석 및 조치
24,환경·에너지·안전,240104,산업위생관리(유해인자측정),240104_L3,산업위생관리(유해인자측정) 중급 독립 실무 및 문제해결 엔지니어링,3,Skill(기술/도구),성과 분석 리포팅
24,환경·에너지·안전,240104,산업위생관리(유해인자측정),240104_L3,산업위생관리(유해인자측정) 중급 독립 실무 및 문제해결 엔지니어링,3,Attitude(태도),분석적 사고력
24,환경·에너지·안전,240104,산업위생관리(유해인자측정),240104_L3,산업위생관리(유해인자측정) 중급 독립 실무 및 문제해결 엔지니어링,3,Attitude(태도),타 부서와의 원활한 협업 소통
24,환경·에너지·안전,240104,산업위생관리(유해인자측정),240104_L4,산업위생관리(유해인자측정) 고급 전문화 및 프로젝트/팀 리딩,4,Knowledge(지식),신기술 융합 아키텍처
24,환경·에너지·안전,240104,산업위생관리(유해인자측정),240104_L4,산업위생관리(유해인자측정) 고급 전문화 및 프로젝트/팀 리딩,4,Knowledge(지식),프로젝트 관리론(PMBOK/Agile)
24,환경·에너지·안전,240104,산업위생관리(유해인자측정),240104_L4,산업위생관리(유해인자측정) 고급 전문화 및 프로젝트/팀 리딩,4,Knowledge(지식),품질보증(QA) 거버넌스
24,환경·에너지·안전,240104,산업위생관리(유해인자측정),240104_L4,산업위생관리(유해인자측정) 고급 전문화 및 프로젝트/팀 리딩,4,Skill(기술/도구),전체 시스템 아키텍처 설계
24,환경·에너지·안전,240104,산업위생관리(유해인자측정),240104_L4,산업위생관리(유해인자측정) 고급 전문화 및 프로젝트/팀 리딩,4,Skill(기술/도구),애자일 스프린트 리딩
24,환경·에너지·안전,240104,산업위생관리(유해인자측정),240104_L4,산업위생관리(유해인자측정) 고급 전문화 및 프로젝트/팀 리딩,4,Skill(기술/도구),신기술 PoC 검증
24,환경·에너지·안전,240104,산업위생관리(유해인자측정),240104_L4,산업위생관리(유해인자측정) 고급 전문화 및 프로젝트/팀 리딩,4,Attitude(태도),혁신 지향 리더십
24,환경·에너지·안전,240104,산업위생관리(유해인자측정),240104_L4,산업위생관리(유해인자측정) 고급 전문화 및 프로젝트/팀 리딩,4,Attitude(태도),동료 성장 멘토링 마인드
24,환경·에너지·안전,240104,산업위생관리(유해인자측정),240104_L5,산업위생관리(유해인자측정) 전략 기획 및 전사 거버넌스 총괄,5,Knowledge(지식),경영 전략 및 자본 예산 배분
24,환경·에너지·안전,240104,산업위생관리(유해인자측정),240104_L5,산업위생관리(유해인자측정) 전략 기획 및 전사 거버넌스 총괄,5,Knowledge(지식),국내외 규제 컴플라이언스
24,환경·에너지·안전,240104,산업위생관리(유해인자측정),240104_L5,산업위생관리(유해인자측정) 전략 기획 및 전사 거버넌스 총괄,5,Knowledge(지식),엔터프라이즈 거버넌스
24,환경·에너지·안전,240104,산업위생관리(유해인자측정),240104_L5,산업위생관리(유해인자측정) 전략 기획 및 전사 거버넌스 총괄,5,Skill(기술/도구),전사 로드맵 수립
24,환경·에너지·안전,240104,산업위생관리(유해인자측정),240104_L5,산업위생관리(유해인자측정) 전략 기획 및 전사 거버넌스 총괄,5,Skill(기술/도구),투자 대비 성과(ROI) 모델링
24,환경·에너지·안전,240104,산업위생관리(유해인자측정),240104_L5,산업위생관리(유해인자측정) 전략 기획 및 전사 거버넌스 총괄,5,Skill(기술/도구),최고 의사결정 전략 제언
24,환경·에너지·안전,240104,산업위생관리(유해인자측정),240104_L5,산업위생관리(유해인자측정) 전략 기획 및 전사 거버넌스 총괄,5,Attitude(태도),거시적 통찰력
24,환경·에너지·안전,240104,산업위생관리(유해인자측정),240104_L5,산업위생관리(유해인자측정) 전략 기획 및 전사 거버넌스 총괄,5,Attitude(태도),전략적 윤리 리더십
24,환경·에너지·안전,240105,인간공학작업환경평가,240105_L1,인간공학작업환경평가 기초 입문 및 업무 환경 지원,1,Knowledge(지식),인간공학작업환경평가 개론
24,환경·에너지·안전,240105,인간공학작업환경평가,240105_L1,인간공학작업환경평가 기초 입문 및 업무 환경 지원,1,Knowledge(지식),표준 작업 지침서
24,환경·에너지·안전,240105,인간공학작업환경평가,240105_L1,인간공학작업환경평가 기초 입문 및 업무 환경 지원,1,Knowledge(지식),기초 법령/규정
24,환경·에너지·안전,240105,인간공학작업환경평가,240105_L1,인간공학작업환경평가 기초 입문 및 업무 환경 지원,1,Skill(기술/도구),기초 전산 툴 조작
24,환경·에너지·안전,240105,인간공학작업환경평가,240105_L1,인간공학작업환경평가 기초 입문 및 업무 환경 지원,1,Skill(기술/도구),문서 서식 작성
24,환경·에너지·안전,240105,인간공학작업환경평가,240105_L1,인간공학작업환경평가 기초 입문 및 업무 환경 지원,1,Skill(기술/도구),자료 검색 및 분류
24,환경·에너지·안전,240105,인간공학작업환경평가,240105_L1,인간공학작업환경평가 기초 입문 및 업무 환경 지원,1,Attitude(태도),규정 준수 의식
24,환경·에너지·안전,240105,인간공학작업환경평가,240105_L1,인간공학작업환경평가 기초 입문 및 업무 환경 지원,1,Attitude(태도),성실한 업무 지원 태도
24,환경·에너지·안전,240105,인간공학작업환경평가,240105_L2,인간공학작업환경평가 초급 실무 및 정형 과업 수행,2,Knowledge(지식),인간공학작업환경평가 실무 프로세스
24,환경·에너지·안전,240105,인간공학작업환경평가,240105_L2,인간공학작업환경평가 초급 실무 및 정형 과업 수행,2,Knowledge(지식),단위 업무 품질 기준
24,환경·에너지·안전,240105,인간공학작업환경평가,240105_L2,인간공학작업환경평가 초급 실무 및 정형 과업 수행,2,Knowledge(지식),데이터 검증 기법
24,환경·에너지·안전,240105,인간공학작업환경평가,240105_L2,인간공학작업환경평가 초급 실무 및 정형 과업 수행,2,Skill(기술/도구),실무 도구/SW 조작
24,환경·에너지·안전,240105,인간공학작업환경평가,240105_L2,인간공학작업환경평가 초급 실무 및 정형 과업 수행,2,Skill(기술/도구),데이터 정제 및 가공
24,환경·에너지·안전,240105,인간공학작업환경평가,240105_L2,인간공학작업환경평가 초급 실무 및 정형 과업 수행,2,Skill(기술/도구),단위 결과물 산출
24,환경·에너지·안전,240105,인간공학작업환경평가,240105_L2,인간공학작업환경평가 초급 실무 및 정형 과업 수행,2,Attitude(태도),정확성과 꼼꼼함
24,환경·에너지·안전,240105,인간공학작업환경평가,240105_L2,인간공학작업환경평가 초급 실무 및 정형 과업 수행,2,Attitude(태도),기한 준수 책임감
24,환경·에너지·안전,240105,인간공학작업환경평가,240105_L3,인간공학작업환경평가 중급 독립 실무 및 문제해결 엔지니어링,3,Knowledge(지식),심화 모델링/설계 이론
24,환경·에너지·안전,240105,인간공학작업환경평가,240105_L3,인간공학작업환경평가 중급 독립 실무 및 문제해결 엔지니어링,3,Knowledge(지식),성능 지표(KPI) 분석법
24,환경·에너지·안전,240105,인간공학작업환경평가,240105_L3,인간공학작업환경평가 중급 독립 실무 및 문제해결 엔지니어링,3,Knowledge(지식),이슈 해결 방법론
24,환경·에너지·안전,240105,인간공학작업환경평가,240105_L3,인간공학작업환경평가 중급 독립 실무 및 문제해결 엔지니어링,3,Skill(기술/도구),고급 도구/코드/기기 활용
24,환경·에너지·안전,240105,인간공학작업환경평가,240105_L3,인간공학작업환경평가 중급 독립 실무 및 문제해결 엔지니어링,3,Skill(기술/도구),원인 분석 및 조치
24,환경·에너지·안전,240105,인간공학작업환경평가,240105_L3,인간공학작업환경평가 중급 독립 실무 및 문제해결 엔지니어링,3,Skill(기술/도구),성과 분석 리포팅
24,환경·에너지·안전,240105,인간공학작업환경평가,240105_L3,인간공학작업환경평가 중급 독립 실무 및 문제해결 엔지니어링,3,Attitude(태도),분석적 사고력
24,환경·에너지·안전,240105,인간공학작업환경평가,240105_L3,인간공학작업환경평가 중급 독립 실무 및 문제해결 엔지니어링,3,Attitude(태도),타 부서와의 원활한 협업 소통
24,환경·에너지·안전,240105,인간공학작업환경평가,240105_L4,인간공학작업환경평가 고급 전문화 및 프로젝트/팀 리딩,4,Knowledge(지식),신기술 융합 아키텍처
24,환경·에너지·안전,240105,인간공학작업환경평가,240105_L4,인간공학작업환경평가 고급 전문화 및 프로젝트/팀 리딩,4,Knowledge(지식),프로젝트 관리론(PMBOK/Agile)
24,환경·에너지·안전,240105,인간공학작업환경평가,240105_L4,인간공학작업환경평가 고급 전문화 및 프로젝트/팀 리딩,4,Knowledge(지식),품질보증(QA) 거버넌스
24,환경·에너지·안전,240105,인간공학작업환경평가,240105_L4,인간공학작업환경평가 고급 전문화 및 프로젝트/팀 리딩,4,Skill(기술/도구),전체 시스템 아키텍처 설계
24,환경·에너지·안전,240105,인간공학작업환경평가,240105_L4,인간공학작업환경평가 고급 전문화 및 프로젝트/팀 리딩,4,Skill(기술/도구),애자일 스프린트 리딩
24,환경·에너지·안전,240105,인간공학작업환경평가,240105_L4,인간공학작업환경평가 고급 전문화 및 프로젝트/팀 리딩,4,Skill(기술/도구),신기술 PoC 검증
24,환경·에너지·안전,240105,인간공학작업환경평가,240105_L4,인간공학작업환경평가 고급 전문화 및 프로젝트/팀 리딩,4,Attitude(태도),혁신 지향 리더십
24,환경·에너지·안전,240105,인간공학작업환경평가,240105_L4,인간공학작업환경평가 고급 전문화 및 프로젝트/팀 리딩,4,Attitude(태도),동료 성장 멘토링 마인드
24,환경·에너지·안전,240105,인간공학작업환경평가,240105_L5,인간공학작업환경평가 전략 기획 및 전사 거버넌스 총괄,5,Knowledge(지식),경영 전략 및 자본 예산 배분
24,환경·에너지·안전,240105,인간공학작업환경평가,240105_L5,인간공학작업환경평가 전략 기획 및 전사 거버넌스 총괄,5,Knowledge(지식),국내외 규제 컴플라이언스
24,환경·에너지·안전,240105,인간공학작업환경평가,240105_L5,인간공학작업환경평가 전략 기획 및 전사 거버넌스 총괄,5,Knowledge(지식),엔터프라이즈 거버넌스
24,환경·에너지·안전,240105,인간공학작업환경평가,240105_L5,인간공학작업환경평가 전략 기획 및 전사 거버넌스 총괄,5,Skill(기술/도구),전사 로드맵 수립
24,환경·에너지·안전,240105,인간공학작업환경평가,240105_L5,인간공학작업환경평가 전략 기획 및 전사 거버넌스 총괄,5,Skill(기술/도구),투자 대비 성과(ROI) 모델링
24,환경·에너지·안전,240105,인간공학작업환경평가,240105_L5,인간공학작업환경평가 전략 기획 및 전사 거버넌스 총괄,5,Skill(기술/도구),최고 의사결정 전략 제언
24,환경·에너지·안전,240105,인간공학작업환경평가,240105_L5,인간공학작업환경평가 전략 기획 및 전사 거버넌스 총괄,5,Attitude(태도),거시적 통찰력
24,환경·에너지·안전,240105,인간공학작업환경평가,240105_L5,인간공학작업환경평가 전략 기획 및 전사 거버넌스 총괄,5,Attitude(태도),전략적 윤리 리더십
24,환경·에너지·안전,240106,화학물질안전관리,240106_L1,화학물질안전관리 기초 입문 및 업무 환경 지원,1,Knowledge(지식),화학물질안전관리 개론
24,환경·에너지·안전,240106,화학물질안전관리,240106_L1,화학물질안전관리 기초 입문 및 업무 환경 지원,1,Knowledge(지식),표준 작업 지침서
24,환경·에너지·안전,240106,화학물질안전관리,240106_L1,화학물질안전관리 기초 입문 및 업무 환경 지원,1,Knowledge(지식),기초 법령/규정
24,환경·에너지·안전,240106,화학물질안전관리,240106_L1,화학물질안전관리 기초 입문 및 업무 환경 지원,1,Skill(기술/도구),기초 전산 툴 조작
24,환경·에너지·안전,240106,화학물질안전관리,240106_L1,화학물질안전관리 기초 입문 및 업무 환경 지원,1,Skill(기술/도구),문서 서식 작성
24,환경·에너지·안전,240106,화학물질안전관리,240106_L1,화학물질안전관리 기초 입문 및 업무 환경 지원,1,Skill(기술/도구),자료 검색 및 분류
24,환경·에너지·안전,240106,화학물질안전관리,240106_L1,화학물질안전관리 기초 입문 및 업무 환경 지원,1,Attitude(태도),규정 준수 의식
24,환경·에너지·안전,240106,화학물질안전관리,240106_L1,화학물질안전관리 기초 입문 및 업무 환경 지원,1,Attitude(태도),성실한 업무 지원 태도
24,환경·에너지·안전,240106,화학물질안전관리,240106_L2,화학물질안전관리 초급 실무 및 정형 과업 수행,2,Knowledge(지식),화학물질안전관리 실무 프로세스
24,환경·에너지·안전,240106,화학물질안전관리,240106_L2,화학물질안전관리 초급 실무 및 정형 과업 수행,2,Knowledge(지식),단위 업무 품질 기준
24,환경·에너지·안전,240106,화학물질안전관리,240106_L2,화학물질안전관리 초급 실무 및 정형 과업 수행,2,Knowledge(지식),데이터 검증 기법
24,환경·에너지·안전,240106,화학물질안전관리,240106_L2,화학물질안전관리 초급 실무 및 정형 과업 수행,2,Skill(기술/도구),실무 도구/SW 조작
24,환경·에너지·안전,240106,화학물질안전관리,240106_L2,화학물질안전관리 초급 실무 및 정형 과업 수행,2,Skill(기술/도구),데이터 정제 및 가공
24,환경·에너지·안전,240106,화학물질안전관리,240106_L2,화학물질안전관리 초급 실무 및 정형 과업 수행,2,Skill(기술/도구),단위 결과물 산출
24,환경·에너지·안전,240106,화학물질안전관리,240106_L2,화학물질안전관리 초급 실무 및 정형 과업 수행,2,Attitude(태도),정확성과 꼼꼼함
24,환경·에너지·안전,240106,화학물질안전관리,240106_L2,화학물질안전관리 초급 실무 및 정형 과업 수행,2,Attitude(태도),기한 준수 책임감
24,환경·에너지·안전,240106,화학물질안전관리,240106_L3,화학물질안전관리 중급 독립 실무 및 문제해결 엔지니어링,3,Knowledge(지식),심화 모델링/설계 이론
24,환경·에너지·안전,240106,화학물질안전관리,240106_L3,화학물질안전관리 중급 독립 실무 및 문제해결 엔지니어링,3,Knowledge(지식),성능 지표(KPI) 분석법
24,환경·에너지·안전,240106,화학물질안전관리,240106_L3,화학물질안전관리 중급 독립 실무 및 문제해결 엔지니어링,3,Knowledge(지식),이슈 해결 방법론
24,환경·에너지·안전,240106,화학물질안전관리,240106_L3,화학물질안전관리 중급 독립 실무 및 문제해결 엔지니어링,3,Skill(기술/도구),고급 도구/코드/기기 활용
24,환경·에너지·안전,240106,화학물질안전관리,240106_L3,화학물질안전관리 중급 독립 실무 및 문제해결 엔지니어링,3,Skill(기술/도구),원인 분석 및 조치
24,환경·에너지·안전,240106,화학물질안전관리,240106_L3,화학물질안전관리 중급 독립 실무 및 문제해결 엔지니어링,3,Skill(기술/도구),성과 분석 리포팅
24,환경·에너지·안전,240106,화학물질안전관리,240106_L3,화학물질안전관리 중급 독립 실무 및 문제해결 엔지니어링,3,Attitude(태도),분석적 사고력
24,환경·에너지·안전,240106,화학물질안전관리,240106_L3,화학물질안전관리 중급 독립 실무 및 문제해결 엔지니어링,3,Attitude(태도),타 부서와의 원활한 협업 소통
24,환경·에너지·안전,240106,화학물질안전관리,240106_L4,화학물질안전관리 고급 전문화 및 프로젝트/팀 리딩,4,Knowledge(지식),신기술 융합 아키텍처
24,환경·에너지·안전,240106,화학물질안전관리,240106_L4,화학물질안전관리 고급 전문화 및 프로젝트/팀 리딩,4,Knowledge(지식),프로젝트 관리론(PMBOK/Agile)
24,환경·에너지·안전,240106,화학물질안전관리,240106_L4,화학물질안전관리 고급 전문화 및 프로젝트/팀 리딩,4,Knowledge(지식),품질보증(QA) 거버넌스
24,환경·에너지·안전,240106,화학물질안전관리,240106_L4,화학물질안전관리 고급 전문화 및 프로젝트/팀 리딩,4,Skill(기술/도구),전체 시스템 아키텍처 설계
24,환경·에너지·안전,240106,화학물질안전관리,240106_L4,화학물질안전관리 고급 전문화 및 프로젝트/팀 리딩,4,Skill(기술/도구),애자일 스프린트 리딩
24,환경·에너지·안전,240106,화학물질안전관리,240106_L4,화학물질안전관리 고급 전문화 및 프로젝트/팀 리딩,4,Skill(기술/도구),신기술 PoC 검증
24,환경·에너지·안전,240106,화학물질안전관리,240106_L4,화학물질안전관리 고급 전문화 및 프로젝트/팀 리딩,4,Attitude(태도),혁신 지향 리더십
24,환경·에너지·안전,240106,화학물질안전관리,240106_L4,화학물질안전관리 고급 전문화 및 프로젝트/팀 리딩,4,Attitude(태도),동료 성장 멘토링 마인드
24,환경·에너지·안전,240106,화학물질안전관리,240106_L5,화학물질안전관리 전략 기획 및 전사 거버넌스 총괄,5,Knowledge(지식),경영 전략 및 자본 예산 배분
24,환경·에너지·안전,240106,화학물질안전관리,240106_L5,화학물질안전관리 전략 기획 및 전사 거버넌스 총괄,5,Knowledge(지식),국내외 규제 컴플라이언스
24,환경·에너지·안전,240106,화학물질안전관리,240106_L5,화학물질안전관리 전략 기획 및 전사 거버넌스 총괄,5,Knowledge(지식),엔터프라이즈 거버넌스
24,환경·에너지·안전,240106,화학물질안전관리,240106_L5,화학물질안전관리 전략 기획 및 전사 거버넌스 총괄,5,Skill(기술/도구),전사 로드맵 수립
24,환경·에너지·안전,240106,화학물질안전관리,240106_L5,화학물질안전관리 전략 기획 및 전사 거버넌스 총괄,5,Skill(기술/도구),투자 대비 성과(ROI) 모델링
24,환경·에너지·안전,240106,화학물질안전관리,240106_L5,화학물질안전관리 전략 기획 및 전사 거버넌스 총괄,5,Skill(기술/도구),최고 의사결정 전략 제언
24,환경·에너지·안전,240106,화학물질안전관리,240106_L5,화학물질안전관리 전략 기획 및 전사 거버넌스 총괄,5,Attitude(태도),거시적 통찰력
24,환경·에너지·안전,240106,화학물질안전관리,240106_L5,화학물질안전관리 전략 기획 및 전사 거버넌스 총괄,5,Attitude(태도),전략적 윤리 리더십
24,환경·에너지·안전,240207,탄소중립온실가스관리,240207_L1,탄소중립온실가스관리 기초 입문 및 업무 환경 지원,1,Knowledge(지식),탄소중립온실가스관리 개론
24,환경·에너지·안전,240207,탄소중립온실가스관리,240207_L1,탄소중립온실가스관리 기초 입문 및 업무 환경 지원,1,Knowledge(지식),표준 작업 지침서
24,환경·에너지·안전,240207,탄소중립온실가스관리,240207_L1,탄소중립온실가스관리 기초 입문 및 업무 환경 지원,1,Knowledge(지식),기초 법령/규정
24,환경·에너지·안전,240207,탄소중립온실가스관리,240207_L1,탄소중립온실가스관리 기초 입문 및 업무 환경 지원,1,Skill(기술/도구),기초 전산 툴 조작
24,환경·에너지·안전,240207,탄소중립온실가스관리,240207_L1,탄소중립온실가스관리 기초 입문 및 업무 환경 지원,1,Skill(기술/도구),문서 서식 작성
24,환경·에너지·안전,240207,탄소중립온실가스관리,240207_L1,탄소중립온실가스관리 기초 입문 및 업무 환경 지원,1,Skill(기술/도구),자료 검색 및 분류
24,환경·에너지·안전,240207,탄소중립온실가스관리,240207_L1,탄소중립온실가스관리 기초 입문 및 업무 환경 지원,1,Attitude(태도),규정 준수 의식
24,환경·에너지·안전,240207,탄소중립온실가스관리,240207_L1,탄소중립온실가스관리 기초 입문 및 업무 환경 지원,1,Attitude(태도),성실한 업무 지원 태도
24,환경·에너지·안전,240207,탄소중립온실가스관리,240207_L2,탄소중립온실가스관리 초급 실무 및 정형 과업 수행,2,Knowledge(지식),탄소중립온실가스관리 실무 프로세스
24,환경·에너지·안전,240207,탄소중립온실가스관리,240207_L2,탄소중립온실가스관리 초급 실무 및 정형 과업 수행,2,Knowledge(지식),단위 업무 품질 기준
24,환경·에너지·안전,240207,탄소중립온실가스관리,240207_L2,탄소중립온실가스관리 초급 실무 및 정형 과업 수행,2,Knowledge(지식),데이터 검증 기법
24,환경·에너지·안전,240207,탄소중립온실가스관리,240207_L2,탄소중립온실가스관리 초급 실무 및 정형 과업 수행,2,Skill(기술/도구),실무 도구/SW 조작
24,환경·에너지·안전,240207,탄소중립온실가스관리,240207_L2,탄소중립온실가스관리 초급 실무 및 정형 과업 수행,2,Skill(기술/도구),데이터 정제 및 가공
24,환경·에너지·안전,240207,탄소중립온실가스관리,240207_L2,탄소중립온실가스관리 초급 실무 및 정형 과업 수행,2,Skill(기술/도구),단위 결과물 산출
24,환경·에너지·안전,240207,탄소중립온실가스관리,240207_L2,탄소중립온실가스관리 초급 실무 및 정형 과업 수행,2,Attitude(태도),정확성과 꼼꼼함
24,환경·에너지·안전,240207,탄소중립온실가스관리,240207_L2,탄소중립온실가스관리 초급 실무 및 정형 과업 수행,2,Attitude(태도),기한 준수 책임감
24,환경·에너지·안전,240207,탄소중립온실가스관리,240207_L3,탄소중립온실가스관리 중급 독립 실무 및 문제해결 엔지니어링,3,Knowledge(지식),심화 모델링/설계 이론
24,환경·에너지·안전,240207,탄소중립온실가스관리,240207_L3,탄소중립온실가스관리 중급 독립 실무 및 문제해결 엔지니어링,3,Knowledge(지식),성능 지표(KPI) 분석법
24,환경·에너지·안전,240207,탄소중립온실가스관리,240207_L3,탄소중립온실가스관리 중급 독립 실무 및 문제해결 엔지니어링,3,Knowledge(지식),이슈 해결 방법론
24,환경·에너지·안전,240207,탄소중립온실가스관리,240207_L3,탄소중립온실가스관리 중급 독립 실무 및 문제해결 엔지니어링,3,Skill(기술/도구),고급 도구/코드/기기 활용
24,환경·에너지·안전,240207,탄소중립온실가스관리,240207_L3,탄소중립온실가스관리 중급 독립 실무 및 문제해결 엔지니어링,3,Skill(기술/도구),원인 분석 및 조치
24,환경·에너지·안전,240207,탄소중립온실가스관리,240207_L3,탄소중립온실가스관리 중급 독립 실무 및 문제해결 엔지니어링,3,Skill(기술/도구),성과 분석 리포팅
24,환경·에너지·안전,240207,탄소중립온실가스관리,240207_L3,탄소중립온실가스관리 중급 독립 실무 및 문제해결 엔지니어링,3,Attitude(태도),분석적 사고력
24,환경·에너지·안전,240207,탄소중립온실가스관리,240207_L3,탄소중립온실가스관리 중급 독립 실무 및 문제해결 엔지니어링,3,Attitude(태도),타 부서와의 원활한 협업 소통
24,환경·에너지·안전,240207,탄소중립온실가스관리,240207_L4,탄소중립온실가스관리 고급 전문화 및 프로젝트/팀 리딩,4,Knowledge(지식),신기술 융합 아키텍처
24,환경·에너지·안전,240207,탄소중립온실가스관리,240207_L4,탄소중립온실가스관리 고급 전문화 및 프로젝트/팀 리딩,4,Knowledge(지식),프로젝트 관리론(PMBOK/Agile)
24,환경·에너지·안전,240207,탄소중립온실가스관리,240207_L4,탄소중립온실가스관리 고급 전문화 및 프로젝트/팀 리딩,4,Knowledge(지식),품질보증(QA) 거버넌스
24,환경·에너지·안전,240207,탄소중립온실가스관리,240207_L4,탄소중립온실가스관리 고급 전문화 및 프로젝트/팀 리딩,4,Skill(기술/도구),전체 시스템 아키텍처 설계
24,환경·에너지·안전,240207,탄소중립온실가스관리,240207_L4,탄소중립온실가스관리 고급 전문화 및 프로젝트/팀 리딩,4,Skill(기술/도구),애자일 스프린트 리딩
24,환경·에너지·안전,240207,탄소중립온실가스관리,240207_L4,탄소중립온실가스관리 고급 전문화 및 프로젝트/팀 리딩,4,Skill(기술/도구),신기술 PoC 검증
24,환경·에너지·안전,240207,탄소중립온실가스관리,240207_L4,탄소중립온실가스관리 고급 전문화 및 프로젝트/팀 리딩,4,Attitude(태도),혁신 지향 리더십
24,환경·에너지·안전,240207,탄소중립온실가스관리,240207_L4,탄소중립온실가스관리 고급 전문화 및 프로젝트/팀 리딩,4,Attitude(태도),동료 성장 멘토링 마인드
24,환경·에너지·안전,240207,탄소중립온실가스관리,240207_L5,탄소중립온실가스관리 전략 기획 및 전사 거버넌스 총괄,5,Knowledge(지식),경영 전략 및 자본 예산 배분
24,환경·에너지·안전,240207,탄소중립온실가스관리,240207_L5,탄소중립온실가스관리 전략 기획 및 전사 거버넌스 총괄,5,Knowledge(지식),국내외 규제 컴플라이언스
24,환경·에너지·안전,240207,탄소중립온실가스관리,240207_L5,탄소중립온실가스관리 전략 기획 및 전사 거버넌스 총괄,5,Knowledge(지식),엔터프라이즈 거버넌스
24,환경·에너지·안전,240207,탄소중립온실가스관리,240207_L5,탄소중립온실가스관리 전략 기획 및 전사 거버넌스 총괄,5,Skill(기술/도구),전사 로드맵 수립
24,환경·에너지·안전,240207,탄소중립온실가스관리,240207_L5,탄소중립온실가스관리 전략 기획 및 전사 거버넌스 총괄,5,Skill(기술/도구),투자 대비 성과(ROI) 모델링
24,환경·에너지·안전,240207,탄소중립온실가스관리,240207_L5,탄소중립온실가스관리 전략 기획 및 전사 거버넌스 총괄,5,Skill(기술/도구),최고 의사결정 전략 제언
24,환경·에너지·안전,240207,탄소중립온실가스관리,240207_L5,탄소중립온실가스관리 전략 기획 및 전사 거버넌스 총괄,5,Attitude(태도),거시적 통찰력
24,환경·에너지·안전,240207,탄소중립온실가스관리,240207_L5,탄소중립온실가스관리 전략 기획 및 전사 거버넌스 총괄,5,Attitude(태도),전략적 윤리 리더십
24,환경·에너지·안전,240208,ESG지속가능경영컨설팅,240208_L1,ESG지속가능경영컨설팅 기초 입문 및 업무 환경 지원,1,Knowledge(지식),ESG지속가능경영컨설팅 개론
24,환경·에너지·안전,240208,ESG지속가능경영컨설팅,240208_L1,ESG지속가능경영컨설팅 기초 입문 및 업무 환경 지원,1,Knowledge(지식),표준 작업 지침서
24,환경·에너지·안전,240208,ESG지속가능경영컨설팅,240208_L1,ESG지속가능경영컨설팅 기초 입문 및 업무 환경 지원,1,Knowledge(지식),기초 법령/규정
24,환경·에너지·안전,240208,ESG지속가능경영컨설팅,240208_L1,ESG지속가능경영컨설팅 기초 입문 및 업무 환경 지원,1,Skill(기술/도구),기초 전산 툴 조작
24,환경·에너지·안전,240208,ESG지속가능경영컨설팅,240208_L1,ESG지속가능경영컨설팅 기초 입문 및 업무 환경 지원,1,Skill(기술/도구),문서 서식 작성
24,환경·에너지·안전,240208,ESG지속가능경영컨설팅,240208_L1,ESG지속가능경영컨설팅 기초 입문 및 업무 환경 지원,1,Skill(기술/도구),자료 검색 및 분류
24,환경·에너지·안전,240208,ESG지속가능경영컨설팅,240208_L1,ESG지속가능경영컨설팅 기초 입문 및 업무 환경 지원,1,Attitude(태도),규정 준수 의식
24,환경·에너지·안전,240208,ESG지속가능경영컨설팅,240208_L1,ESG지속가능경영컨설팅 기초 입문 및 업무 환경 지원,1,Attitude(태도),성실한 업무 지원 태도
24,환경·에너지·안전,240208,ESG지속가능경영컨설팅,240208_L2,ESG지속가능경영컨설팅 초급 실무 및 정형 과업 수행,2,Knowledge(지식),ESG지속가능경영컨설팅 실무 프로세스
24,환경·에너지·안전,240208,ESG지속가능경영컨설팅,240208_L2,ESG지속가능경영컨설팅 초급 실무 및 정형 과업 수행,2,Knowledge(지식),단위 업무 품질 기준
24,환경·에너지·안전,240208,ESG지속가능경영컨설팅,240208_L2,ESG지속가능경영컨설팅 초급 실무 및 정형 과업 수행,2,Knowledge(지식),데이터 검증 기법
24,환경·에너지·안전,240208,ESG지속가능경영컨설팅,240208_L2,ESG지속가능경영컨설팅 초급 실무 및 정형 과업 수행,2,Skill(기술/도구),실무 도구/SW 조작
24,환경·에너지·안전,240208,ESG지속가능경영컨설팅,240208_L2,ESG지속가능경영컨설팅 초급 실무 및 정형 과업 수행,2,Skill(기술/도구),데이터 정제 및 가공
24,환경·에너지·안전,240208,ESG지속가능경영컨설팅,240208_L2,ESG지속가능경영컨설팅 초급 실무 및 정형 과업 수행,2,Skill(기술/도구),단위 결과물 산출
24,환경·에너지·안전,240208,ESG지속가능경영컨설팅,240208_L2,ESG지속가능경영컨설팅 초급 실무 및 정형 과업 수행,2,Attitude(태도),정확성과 꼼꼼함
24,환경·에너지·안전,240208,ESG지속가능경영컨설팅,240208_L2,ESG지속가능경영컨설팅 초급 실무 및 정형 과업 수행,2,Attitude(태도),기한 준수 책임감
24,환경·에너지·안전,240208,ESG지속가능경영컨설팅,240208_L3,ESG지속가능경영컨설팅 중급 독립 실무 및 문제해결 엔지니어링,3,Knowledge(지식),심화 모델링/설계 이론
24,환경·에너지·안전,240208,ESG지속가능경영컨설팅,240208_L3,ESG지속가능경영컨설팅 중급 독립 실무 및 문제해결 엔지니어링,3,Knowledge(지식),성능 지표(KPI) 분석법
24,환경·에너지·안전,240208,ESG지속가능경영컨설팅,240208_L3,ESG지속가능경영컨설팅 중급 독립 실무 및 문제해결 엔지니어링,3,Knowledge(지식),이슈 해결 방법론
24,환경·에너지·안전,240208,ESG지속가능경영컨설팅,240208_L3,ESG지속가능경영컨설팅 중급 독립 실무 및 문제해결 엔지니어링,3,Skill(기술/도구),고급 도구/코드/기기 활용
24,환경·에너지·안전,240208,ESG지속가능경영컨설팅,240208_L3,ESG지속가능경영컨설팅 중급 독립 실무 및 문제해결 엔지니어링,3,Skill(기술/도구),원인 분석 및 조치
24,환경·에너지·안전,240208,ESG지속가능경영컨설팅,240208_L3,ESG지속가능경영컨설팅 중급 독립 실무 및 문제해결 엔지니어링,3,Skill(기술/도구),성과 분석 리포팅
24,환경·에너지·안전,240208,ESG지속가능경영컨설팅,240208_L3,ESG지속가능경영컨설팅 중급 독립 실무 및 문제해결 엔지니어링,3,Attitude(태도),분석적 사고력
24,환경·에너지·안전,240208,ESG지속가능경영컨설팅,240208_L3,ESG지속가능경영컨설팅 중급 독립 실무 및 문제해결 엔지니어링,3,Attitude(태도),타 부서와의 원활한 협업 소통
24,환경·에너지·안전,240208,ESG지속가능경영컨설팅,240208_L4,ESG지속가능경영컨설팅 고급 전문화 및 프로젝트/팀 리딩,4,Knowledge(지식),신기술 융합 아키텍처
24,환경·에너지·안전,240208,ESG지속가능경영컨설팅,240208_L4,ESG지속가능경영컨설팅 고급 전문화 및 프로젝트/팀 리딩,4,Knowledge(지식),프로젝트 관리론(PMBOK/Agile)
24,환경·에너지·안전,240208,ESG지속가능경영컨설팅,240208_L4,ESG지속가능경영컨설팅 고급 전문화 및 프로젝트/팀 리딩,4,Knowledge(지식),품질보증(QA) 거버넌스
24,환경·에너지·안전,240208,ESG지속가능경영컨설팅,240208_L4,ESG지속가능경영컨설팅 고급 전문화 및 프로젝트/팀 리딩,4,Skill(기술/도구),전체 시스템 아키텍처 설계
24,환경·에너지·안전,240208,ESG지속가능경영컨설팅,240208_L4,ESG지속가능경영컨설팅 고급 전문화 및 프로젝트/팀 리딩,4,Skill(기술/도구),애자일 스프린트 리딩
24,환경·에너지·안전,240208,ESG지속가능경영컨설팅,240208_L4,ESG지속가능경영컨설팅 고급 전문화 및 프로젝트/팀 리딩,4,Skill(기술/도구),신기술 PoC 검증
24,환경·에너지·안전,240208,ESG지속가능경영컨설팅,240208_L4,ESG지속가능경영컨설팅 고급 전문화 및 프로젝트/팀 리딩,4,Attitude(태도),혁신 지향 리더십
24,환경·에너지·안전,240208,ESG지속가능경영컨설팅,240208_L4,ESG지속가능경영컨설팅 고급 전문화 및 프로젝트/팀 리딩,4,Attitude(태도),동료 성장 멘토링 마인드
24,환경·에너지·안전,240208,ESG지속가능경영컨설팅,240208_L5,ESG지속가능경영컨설팅 전략 기획 및 전사 거버넌스 총괄,5,Knowledge(지식),경영 전략 및 자본 예산 배분
24,환경·에너지·안전,240208,ESG지속가능경영컨설팅,240208_L5,ESG지속가능경영컨설팅 전략 기획 및 전사 거버넌스 총괄,5,Knowledge(지식),국내외 규제 컴플라이언스
24,환경·에너지·안전,240208,ESG지속가능경영컨설팅,240208_L5,ESG지속가능경영컨설팅 전략 기획 및 전사 거버넌스 총괄,5,Knowledge(지식),엔터프라이즈 거버넌스
24,환경·에너지·안전,240208,ESG지속가능경영컨설팅,240208_L5,ESG지속가능경영컨설팅 전략 기획 및 전사 거버넌스 총괄,5,Skill(기술/도구),전사 로드맵 수립
24,환경·에너지·안전,240208,ESG지속가능경영컨설팅,240208_L5,ESG지속가능경영컨설팅 전략 기획 및 전사 거버넌스 총괄,5,Skill(기술/도구),투자 대비 성과(ROI) 모델링
24,환경·에너지·안전,240208,ESG지속가능경영컨설팅,240208_L5,ESG지속가능경영컨설팅 전략 기획 및 전사 거버넌스 총괄,5,Skill(기술/도구),최고 의사결정 전략 제언
24,환경·에너지·안전,240208,ESG지속가능경영컨설팅,240208_L5,ESG지속가능경영컨설팅 전략 기획 및 전사 거버넌스 총괄,5,Attitude(태도),거시적 통찰력
24,환경·에너지·안전,240208,ESG지속가능경영컨설팅,240208_L5,ESG지속가능경영컨설팅 전략 기획 및 전사 거버넌스 총괄,5,Attitude(태도),전략적 윤리 리더십
24,환경·에너지·안전,240209,대기오염방지시설설계,240209_L1,대기오염방지시설설계 기초 입문 및 업무 환경 지원,1,Knowledge(지식),대기오염방지시설설계 개론
24,환경·에너지·안전,240209,대기오염방지시설설계,240209_L1,대기오염방지시설설계 기초 입문 및 업무 환경 지원,1,Knowledge(지식),표준 작업 지침서
24,환경·에너지·안전,240209,대기오염방지시설설계,240209_L1,대기오염방지시설설계 기초 입문 및 업무 환경 지원,1,Knowledge(지식),기초 법령/규정
24,환경·에너지·안전,240209,대기오염방지시설설계,240209_L1,대기오염방지시설설계 기초 입문 및 업무 환경 지원,1,Skill(기술/도구),기초 전산 툴 조작
24,환경·에너지·안전,240209,대기오염방지시설설계,240209_L1,대기오염방지시설설계 기초 입문 및 업무 환경 지원,1,Skill(기술/도구),문서 서식 작성
24,환경·에너지·안전,240209,대기오염방지시설설계,240209_L1,대기오염방지시설설계 기초 입문 및 업무 환경 지원,1,Skill(기술/도구),자료 검색 및 분류
24,환경·에너지·안전,240209,대기오염방지시설설계,240209_L1,대기오염방지시설설계 기초 입문 및 업무 환경 지원,1,Attitude(태도),규정 준수 의식
24,환경·에너지·안전,240209,대기오염방지시설설계,240209_L1,대기오염방지시설설계 기초 입문 및 업무 환경 지원,1,Attitude(태도),성실한 업무 지원 태도
24,환경·에너지·안전,240209,대기오염방지시설설계,240209_L2,대기오염방지시설설계 초급 실무 및 정형 과업 수행,2,Knowledge(지식),대기오염방지시설설계 실무 프로세스
24,환경·에너지·안전,240209,대기오염방지시설설계,240209_L2,대기오염방지시설설계 초급 실무 및 정형 과업 수행,2,Knowledge(지식),단위 업무 품질 기준
24,환경·에너지·안전,240209,대기오염방지시설설계,240209_L2,대기오염방지시설설계 초급 실무 및 정형 과업 수행,2,Knowledge(지식),데이터 검증 기법
24,환경·에너지·안전,240209,대기오염방지시설설계,240209_L2,대기오염방지시설설계 초급 실무 및 정형 과업 수행,2,Skill(기술/도구),실무 도구/SW 조작
24,환경·에너지·안전,240209,대기오염방지시설설계,240209_L2,대기오염방지시설설계 초급 실무 및 정형 과업 수행,2,Skill(기술/도구),데이터 정제 및 가공
24,환경·에너지·안전,240209,대기오염방지시설설계,240209_L2,대기오염방지시설설계 초급 실무 및 정형 과업 수행,2,Skill(기술/도구),단위 결과물 산출
24,환경·에너지·안전,240209,대기오염방지시설설계,240209_L2,대기오염방지시설설계 초급 실무 및 정형 과업 수행,2,Attitude(태도),정확성과 꼼꼼함
24,환경·에너지·안전,240209,대기오염방지시설설계,240209_L2,대기오염방지시설설계 초급 실무 및 정형 과업 수행,2,Attitude(태도),기한 준수 책임감
24,환경·에너지·안전,240209,대기오염방지시설설계,240209_L3,대기오염방지시설설계 중급 독립 실무 및 문제해결 엔지니어링,3,Knowledge(지식),심화 모델링/설계 이론
24,환경·에너지·안전,240209,대기오염방지시설설계,240209_L3,대기오염방지시설설계 중급 독립 실무 및 문제해결 엔지니어링,3,Knowledge(지식),성능 지표(KPI) 분석법
24,환경·에너지·안전,240209,대기오염방지시설설계,240209_L3,대기오염방지시설설계 중급 독립 실무 및 문제해결 엔지니어링,3,Knowledge(지식),이슈 해결 방법론
24,환경·에너지·안전,240209,대기오염방지시설설계,240209_L3,대기오염방지시설설계 중급 독립 실무 및 문제해결 엔지니어링,3,Skill(기술/도구),고급 도구/코드/기기 활용
24,환경·에너지·안전,240209,대기오염방지시설설계,240209_L3,대기오염방지시설설계 중급 독립 실무 및 문제해결 엔지니어링,3,Skill(기술/도구),원인 분석 및 조치
24,환경·에너지·안전,240209,대기오염방지시설설계,240209_L3,대기오염방지시설설계 중급 독립 실무 및 문제해결 엔지니어링,3,Skill(기술/도구),성과 분석 리포팅
24,환경·에너지·안전,240209,대기오염방지시설설계,240209_L3,대기오염방지시설설계 중급 독립 실무 및 문제해결 엔지니어링,3,Attitude(태도),분석적 사고력
24,환경·에너지·안전,240209,대기오염방지시설설계,240209_L3,대기오염방지시설설계 중급 독립 실무 및 문제해결 엔지니어링,3,Attitude(태도),타 부서와의 원활한 협업 소통
24,환경·에너지·안전,240209,대기오염방지시설설계,240209_L4,대기오염방지시설설계 고급 전문화 및 프로젝트/팀 리딩,4,Knowledge(지식),신기술 융합 아키텍처
24,환경·에너지·안전,240209,대기오염방지시설설계,240209_L4,대기오염방지시설설계 고급 전문화 및 프로젝트/팀 리딩,4,Knowledge(지식),프로젝트 관리론(PMBOK/Agile)
24,환경·에너지·안전,240209,대기오염방지시설설계,240209_L4,대기오염방지시설설계 고급 전문화 및 프로젝트/팀 리딩,4,Knowledge(지식),품질보증(QA) 거버넌스
24,환경·에너지·안전,240209,대기오염방지시설설계,240209_L4,대기오염방지시설설계 고급 전문화 및 프로젝트/팀 리딩,4,Skill(기술/도구),전체 시스템 아키텍처 설계
24,환경·에너지·안전,240209,대기오염방지시설설계,240209_L4,대기오염방지시설설계 고급 전문화 및 프로젝트/팀 리딩,4,Skill(기술/도구),애자일 스프린트 리딩
24,환경·에너지·안전,240209,대기오염방지시설설계,240209_L4,대기오염방지시설설계 고급 전문화 및 프로젝트/팀 리딩,4,Skill(기술/도구),신기술 PoC 검증
24,환경·에너지·안전,240209,대기오염방지시설설계,240209_L4,대기오염방지시설설계 고급 전문화 및 프로젝트/팀 리딩,4,Attitude(태도),혁신 지향 리더십
24,환경·에너지·안전,240209,대기오염방지시설설계,240209_L4,대기오염방지시설설계 고급 전문화 및 프로젝트/팀 리딩,4,Attitude(태도),동료 성장 멘토링 마인드
24,환경·에너지·안전,240209,대기오염방지시설설계,240209_L5,대기오염방지시설설계 전략 기획 및 전사 거버넌스 총괄,5,Knowledge(지식),경영 전략 및 자본 예산 배분
24,환경·에너지·안전,240209,대기오염방지시설설계,240209_L5,대기오염방지시설설계 전략 기획 및 전사 거버넌스 총괄,5,Knowledge(지식),국내외 규제 컴플라이언스
24,환경·에너지·안전,240209,대기오염방지시설설계,240209_L5,대기오염방지시설설계 전략 기획 및 전사 거버넌스 총괄,5,Knowledge(지식),엔터프라이즈 거버넌스
24,환경·에너지·안전,240209,대기오염방지시설설계,240209_L5,대기오염방지시설설계 전략 기획 및 전사 거버넌스 총괄,5,Skill(기술/도구),전사 로드맵 수립
24,환경·에너지·안전,240209,대기오염방지시설설계,240209_L5,대기오염방지시설설계 전략 기획 및 전사 거버넌스 총괄,5,Skill(기술/도구),투자 대비 성과(ROI) 모델링
24,환경·에너지·안전,240209,대기오염방지시설설계,240209_L5,대기오염방지시설설계 전략 기획 및 전사 거버넌스 총괄,5,Skill(기술/도구),최고 의사결정 전략 제언
24,환경·에너지·안전,240209,대기오염방지시설설계,240209_L5,대기오염방지시설설계 전략 기획 및 전사 거버넌스 총괄,5,Attitude(태도),거시적 통찰력
24,환경·에너지·안전,240209,대기오염방지시설설계,240209_L5,대기오염방지시설설계 전략 기획 및 전사 거버넌스 총괄,5,Attitude(태도),전략적 윤리 리더십
24,환경·에너지·안전,240210,수질오염정화공정,240210_L1,수질오염정화공정 기초 입문 및 업무 환경 지원,1,Knowledge(지식),수질오염정화공정 개론
24,환경·에너지·안전,240210,수질오염정화공정,240210_L1,수질오염정화공정 기초 입문 및 업무 환경 지원,1,Knowledge(지식),표준 작업 지침서
24,환경·에너지·안전,240210,수질오염정화공정,240210_L1,수질오염정화공정 기초 입문 및 업무 환경 지원,1,Knowledge(지식),기초 법령/규정
24,환경·에너지·안전,240210,수질오염정화공정,240210_L1,수질오염정화공정 기초 입문 및 업무 환경 지원,1,Skill(기술/도구),기초 전산 툴 조작
24,환경·에너지·안전,240210,수질오염정화공정,240210_L1,수질오염정화공정 기초 입문 및 업무 환경 지원,1,Skill(기술/도구),문서 서식 작성
24,환경·에너지·안전,240210,수질오염정화공정,240210_L1,수질오염정화공정 기초 입문 및 업무 환경 지원,1,Skill(기술/도구),자료 검색 및 분류
24,환경·에너지·안전,240210,수질오염정화공정,240210_L1,수질오염정화공정 기초 입문 및 업무 환경 지원,1,Attitude(태도),규정 준수 의식
24,환경·에너지·안전,240210,수질오염정화공정,240210_L1,수질오염정화공정 기초 입문 및 업무 환경 지원,1,Attitude(태도),성실한 업무 지원 태도
24,환경·에너지·안전,240210,수질오염정화공정,240210_L2,수질오염정화공정 초급 실무 및 정형 과업 수행,2,Knowledge(지식),수질오염정화공정 실무 프로세스
24,환경·에너지·안전,240210,수질오염정화공정,240210_L2,수질오염정화공정 초급 실무 및 정형 과업 수행,2,Knowledge(지식),단위 업무 품질 기준
24,환경·에너지·안전,240210,수질오염정화공정,240210_L2,수질오염정화공정 초급 실무 및 정형 과업 수행,2,Knowledge(지식),데이터 검증 기법
24,환경·에너지·안전,240210,수질오염정화공정,240210_L2,수질오염정화공정 초급 실무 및 정형 과업 수행,2,Skill(기술/도구),실무 도구/SW 조작
24,환경·에너지·안전,240210,수질오염정화공정,240210_L2,수질오염정화공정 초급 실무 및 정형 과업 수행,2,Skill(기술/도구),데이터 정제 및 가공
24,환경·에너지·안전,240210,수질오염정화공정,240210_L2,수질오염정화공정 초급 실무 및 정형 과업 수행,2,Skill(기술/도구),단위 결과물 산출
24,환경·에너지·안전,240210,수질오염정화공정,240210_L2,수질오염정화공정 초급 실무 및 정형 과업 수행,2,Attitude(태도),정확성과 꼼꼼함
24,환경·에너지·안전,240210,수질오염정화공정,240210_L2,수질오염정화공정 초급 실무 및 정형 과업 수행,2,Attitude(태도),기한 준수 책임감
24,환경·에너지·안전,240210,수질오염정화공정,240210_L3,수질오염정화공정 중급 독립 실무 및 문제해결 엔지니어링,3,Knowledge(지식),심화 모델링/설계 이론
24,환경·에너지·안전,240210,수질오염정화공정,240210_L3,수질오염정화공정 중급 독립 실무 및 문제해결 엔지니어링,3,Knowledge(지식),성능 지표(KPI) 분석법
24,환경·에너지·안전,240210,수질오염정화공정,240210_L3,수질오염정화공정 중급 독립 실무 및 문제해결 엔지니어링,3,Knowledge(지식),이슈 해결 방법론
24,환경·에너지·안전,240210,수질오염정화공정,240210_L3,수질오염정화공정 중급 독립 실무 및 문제해결 엔지니어링,3,Skill(기술/도구),고급 도구/코드/기기 활용
24,환경·에너지·안전,240210,수질오염정화공정,240210_L3,수질오염정화공정 중급 독립 실무 및 문제해결 엔지니어링,3,Skill(기술/도구),원인 분석 및 조치
24,환경·에너지·안전,240210,수질오염정화공정,240210_L3,수질오염정화공정 중급 독립 실무 및 문제해결 엔지니어링,3,Skill(기술/도구),성과 분석 리포팅
24,환경·에너지·안전,240210,수질오염정화공정,240210_L3,수질오염정화공정 중급 독립 실무 및 문제해결 엔지니어링,3,Attitude(태도),분석적 사고력
24,환경·에너지·안전,240210,수질오염정화공정,240210_L3,수질오염정화공정 중급 독립 실무 및 문제해결 엔지니어링,3,Attitude(태도),타 부서와의 원활한 협업 소통
24,환경·에너지·안전,240210,수질오염정화공정,240210_L4,수질오염정화공정 고급 전문화 및 프로젝트/팀 리딩,4,Knowledge(지식),신기술 융합 아키텍처
24,환경·에너지·안전,240210,수질오염정화공정,240210_L4,수질오염정화공정 고급 전문화 및 프로젝트/팀 리딩,4,Knowledge(지식),프로젝트 관리론(PMBOK/Agile)
24,환경·에너지·안전,240210,수질오염정화공정,240210_L4,수질오염정화공정 고급 전문화 및 프로젝트/팀 리딩,4,Knowledge(지식),품질보증(QA) 거버넌스
24,환경·에너지·안전,240210,수질오염정화공정,240210_L4,수질오염정화공정 고급 전문화 및 프로젝트/팀 리딩,4,Skill(기술/도구),전체 시스템 아키텍처 설계
24,환경·에너지·안전,240210,수질오염정화공정,240210_L4,수질오염정화공정 고급 전문화 및 프로젝트/팀 리딩,4,Skill(기술/도구),애자일 스프린트 리딩
24,환경·에너지·안전,240210,수질오염정화공정,240210_L4,수질오염정화공정 고급 전문화 및 프로젝트/팀 리딩,4,Skill(기술/도구),신기술 PoC 검증
24,환경·에너지·안전,240210,수질오염정화공정,240210_L4,수질오염정화공정 고급 전문화 및 프로젝트/팀 리딩,4,Attitude(태도),혁신 지향 리더십
24,환경·에너지·안전,240210,수질오염정화공정,240210_L4,수질오염정화공정 고급 전문화 및 프로젝트/팀 리딩,4,Attitude(태도),동료 성장 멘토링 마인드
24,환경·에너지·안전,240210,수질오염정화공정,240210_L5,수질오염정화공정 전략 기획 및 전사 거버넌스 총괄,5,Knowledge(지식),경영 전략 및 자본 예산 배분
24,환경·에너지·안전,240210,수질오염정화공정,240210_L5,수질오염정화공정 전략 기획 및 전사 거버넌스 총괄,5,Knowledge(지식),국내외 규제 컴플라이언스
24,환경·에너지·안전,240210,수질오염정화공정,240210_L5,수질오염정화공정 전략 기획 및 전사 거버넌스 총괄,5,Knowledge(지식),엔터프라이즈 거버넌스
24,환경·에너지·안전,240210,수질오염정화공정,240210_L5,수질오염정화공정 전략 기획 및 전사 거버넌스 총괄,5,Skill(기술/도구),전사 로드맵 수립
24,환경·에너지·안전,240210,수질오염정화공정,240210_L5,수질오염정화공정 전략 기획 및 전사 거버넌스 총괄,5,Skill(기술/도구),투자 대비 성과(ROI) 모델링
24,환경·에너지·안전,240210,수질오염정화공정,240210_L5,수질오염정화공정 전략 기획 및 전사 거버넌스 총괄,5,Skill(기술/도구),최고 의사결정 전략 제언
24,환경·에너지·안전,240210,수질오염정화공정,240210_L5,수질오염정화공정 전략 기획 및 전사 거버넌스 총괄,5,Attitude(태도),거시적 통찰력
24,환경·에너지·안전,240210,수질오염정화공정,240210_L5,수질오염정화공정 전략 기획 및 전사 거버넌스 총괄,5,Attitude(태도),전략적 윤리 리더십
24,환경·에너지·안전,240211,폐기물자원순환설계,240211_L1,폐기물자원순환설계 기초 입문 및 업무 환경 지원,1,Knowledge(지식),폐기물자원순환설계 개론
24,환경·에너지·안전,240211,폐기물자원순환설계,240211_L1,폐기물자원순환설계 기초 입문 및 업무 환경 지원,1,Knowledge(지식),표준 작업 지침서
24,환경·에너지·안전,240211,폐기물자원순환설계,240211_L1,폐기물자원순환설계 기초 입문 및 업무 환경 지원,1,Knowledge(지식),기초 법령/규정
24,환경·에너지·안전,240211,폐기물자원순환설계,240211_L1,폐기물자원순환설계 기초 입문 및 업무 환경 지원,1,Skill(기술/도구),기초 전산 툴 조작
24,환경·에너지·안전,240211,폐기물자원순환설계,240211_L1,폐기물자원순환설계 기초 입문 및 업무 환경 지원,1,Skill(기술/도구),문서 서식 작성
24,환경·에너지·안전,240211,폐기물자원순환설계,240211_L1,폐기물자원순환설계 기초 입문 및 업무 환경 지원,1,Skill(기술/도구),자료 검색 및 분류
24,환경·에너지·안전,240211,폐기물자원순환설계,240211_L1,폐기물자원순환설계 기초 입문 및 업무 환경 지원,1,Attitude(태도),규정 준수 의식
24,환경·에너지·안전,240211,폐기물자원순환설계,240211_L1,폐기물자원순환설계 기초 입문 및 업무 환경 지원,1,Attitude(태도),성실한 업무 지원 태도
24,환경·에너지·안전,240211,폐기물자원순환설계,240211_L2,폐기물자원순환설계 초급 실무 및 정형 과업 수행,2,Knowledge(지식),폐기물자원순환설계 실무 프로세스
24,환경·에너지·안전,240211,폐기물자원순환설계,240211_L2,폐기물자원순환설계 초급 실무 및 정형 과업 수행,2,Knowledge(지식),단위 업무 품질 기준
24,환경·에너지·안전,240211,폐기물자원순환설계,240211_L2,폐기물자원순환설계 초급 실무 및 정형 과업 수행,2,Knowledge(지식),데이터 검증 기법
24,환경·에너지·안전,240211,폐기물자원순환설계,240211_L2,폐기물자원순환설계 초급 실무 및 정형 과업 수행,2,Skill(기술/도구),실무 도구/SW 조작
24,환경·에너지·안전,240211,폐기물자원순환설계,240211_L2,폐기물자원순환설계 초급 실무 및 정형 과업 수행,2,Skill(기술/도구),데이터 정제 및 가공
24,환경·에너지·안전,240211,폐기물자원순환설계,240211_L2,폐기물자원순환설계 초급 실무 및 정형 과업 수행,2,Skill(기술/도구),단위 결과물 산출
24,환경·에너지·안전,240211,폐기물자원순환설계,240211_L2,폐기물자원순환설계 초급 실무 및 정형 과업 수행,2,Attitude(태도),정확성과 꼼꼼함
24,환경·에너지·안전,240211,폐기물자원순환설계,240211_L2,폐기물자원순환설계 초급 실무 및 정형 과업 수행,2,Attitude(태도),기한 준수 책임감
24,환경·에너지·안전,240211,폐기물자원순환설계,240211_L3,폐기물자원순환설계 중급 독립 실무 및 문제해결 엔지니어링,3,Knowledge(지식),심화 모델링/설계 이론
24,환경·에너지·안전,240211,폐기물자원순환설계,240211_L3,폐기물자원순환설계 중급 독립 실무 및 문제해결 엔지니어링,3,Knowledge(지식),성능 지표(KPI) 분석법
24,환경·에너지·안전,240211,폐기물자원순환설계,240211_L3,폐기물자원순환설계 중급 독립 실무 및 문제해결 엔지니어링,3,Knowledge(지식),이슈 해결 방법론
24,환경·에너지·안전,240211,폐기물자원순환설계,240211_L3,폐기물자원순환설계 중급 독립 실무 및 문제해결 엔지니어링,3,Skill(기술/도구),고급 도구/코드/기기 활용
24,환경·에너지·안전,240211,폐기물자원순환설계,240211_L3,폐기물자원순환설계 중급 독립 실무 및 문제해결 엔지니어링,3,Skill(기술/도구),원인 분석 및 조치
24,환경·에너지·안전,240211,폐기물자원순환설계,240211_L3,폐기물자원순환설계 중급 독립 실무 및 문제해결 엔지니어링,3,Skill(기술/도구),성과 분석 리포팅
24,환경·에너지·안전,240211,폐기물자원순환설계,240211_L3,폐기물자원순환설계 중급 독립 실무 및 문제해결 엔지니어링,3,Attitude(태도),분석적 사고력
24,환경·에너지·안전,240211,폐기물자원순환설계,240211_L3,폐기물자원순환설계 중급 독립 실무 및 문제해결 엔지니어링,3,Attitude(태도),타 부서와의 원활한 협업 소통
24,환경·에너지·안전,240211,폐기물자원순환설계,240211_L4,폐기물자원순환설계 고급 전문화 및 프로젝트/팀 리딩,4,Knowledge(지식),신기술 융합 아키텍처
24,환경·에너지·안전,240211,폐기물자원순환설계,240211_L4,폐기물자원순환설계 고급 전문화 및 프로젝트/팀 리딩,4,Knowledge(지식),프로젝트 관리론(PMBOK/Agile)
24,환경·에너지·안전,240211,폐기물자원순환설계,240211_L4,폐기물자원순환설계 고급 전문화 및 프로젝트/팀 리딩,4,Knowledge(지식),품질보증(QA) 거버넌스
24,환경·에너지·안전,240211,폐기물자원순환설계,240211_L4,폐기물자원순환설계 고급 전문화 및 프로젝트/팀 리딩,4,Skill(기술/도구),전체 시스템 아키텍처 설계
24,환경·에너지·안전,240211,폐기물자원순환설계,240211_L4,폐기물자원순환설계 고급 전문화 및 프로젝트/팀 리딩,4,Skill(기술/도구),애자일 스프린트 리딩
24,환경·에너지·안전,240211,폐기물자원순환설계,240211_L4,폐기물자원순환설계 고급 전문화 및 프로젝트/팀 리딩,4,Skill(기술/도구),신기술 PoC 검증
24,환경·에너지·안전,240211,폐기물자원순환설계,240211_L4,폐기물자원순환설계 고급 전문화 및 프로젝트/팀 리딩,4,Attitude(태도),혁신 지향 리더십
24,환경·에너지·안전,240211,폐기물자원순환설계,240211_L4,폐기물자원순환설계 고급 전문화 및 프로젝트/팀 리딩,4,Attitude(태도),동료 성장 멘토링 마인드
24,환경·에너지·안전,240211,폐기물자원순환설계,240211_L5,폐기물자원순환설계 전략 기획 및 전사 거버넌스 총괄,5,Knowledge(지식),경영 전략 및 자본 예산 배분
24,환경·에너지·안전,240211,폐기물자원순환설계,240211_L5,폐기물자원순환설계 전략 기획 및 전사 거버넌스 총괄,5,Knowledge(지식),국내외 규제 컴플라이언스
24,환경·에너지·안전,240211,폐기물자원순환설계,240211_L5,폐기물자원순환설계 전략 기획 및 전사 거버넌스 총괄,5,Knowledge(지식),엔터프라이즈 거버넌스
24,환경·에너지·안전,240211,폐기물자원순환설계,240211_L5,폐기물자원순환설계 전략 기획 및 전사 거버넌스 총괄,5,Skill(기술/도구),전사 로드맵 수립
24,환경·에너지·안전,240211,폐기물자원순환설계,240211_L5,폐기물자원순환설계 전략 기획 및 전사 거버넌스 총괄,5,Skill(기술/도구),투자 대비 성과(ROI) 모델링
24,환경·에너지·안전,240211,폐기물자원순환설계,240211_L5,폐기물자원순환설계 전략 기획 및 전사 거버넌스 총괄,5,Skill(기술/도구),최고 의사결정 전략 제언
24,환경·에너지·안전,240211,폐기물자원순환설계,240211_L5,폐기물자원순환설계 전략 기획 및 전사 거버넌스 총괄,5,Attitude(태도),거시적 통찰력
24,환경·에너지·안전,240211,폐기물자원순환설계,240211_L5,폐기물자원순환설계 전략 기획 및 전사 거버넌스 총괄,5,Attitude(태도),전략적 윤리 리더십
24,환경·에너지·안전,240212,소음진동방지엔지니어,240212_L1,소음진동방지엔지니어 기초 입문 및 업무 환경 지원,1,Knowledge(지식),소음진동방지엔지니어 개론
24,환경·에너지·안전,240212,소음진동방지엔지니어,240212_L1,소음진동방지엔지니어 기초 입문 및 업무 환경 지원,1,Knowledge(지식),표준 작업 지침서
24,환경·에너지·안전,240212,소음진동방지엔지니어,240212_L1,소음진동방지엔지니어 기초 입문 및 업무 환경 지원,1,Knowledge(지식),기초 법령/규정
24,환경·에너지·안전,240212,소음진동방지엔지니어,240212_L1,소음진동방지엔지니어 기초 입문 및 업무 환경 지원,1,Skill(기술/도구),기초 전산 툴 조작
24,환경·에너지·안전,240212,소음진동방지엔지니어,240212_L1,소음진동방지엔지니어 기초 입문 및 업무 환경 지원,1,Skill(기술/도구),문서 서식 작성
24,환경·에너지·안전,240212,소음진동방지엔지니어,240212_L1,소음진동방지엔지니어 기초 입문 및 업무 환경 지원,1,Skill(기술/도구),자료 검색 및 분류
24,환경·에너지·안전,240212,소음진동방지엔지니어,240212_L1,소음진동방지엔지니어 기초 입문 및 업무 환경 지원,1,Attitude(태도),규정 준수 의식
24,환경·에너지·안전,240212,소음진동방지엔지니어,240212_L1,소음진동방지엔지니어 기초 입문 및 업무 환경 지원,1,Attitude(태도),성실한 업무 지원 태도
24,환경·에너지·안전,240212,소음진동방지엔지니어,240212_L2,소음진동방지엔지니어 초급 실무 및 정형 과업 수행,2,Knowledge(지식),소음진동방지엔지니어 실무 프로세스
24,환경·에너지·안전,240212,소음진동방지엔지니어,240212_L2,소음진동방지엔지니어 초급 실무 및 정형 과업 수행,2,Knowledge(지식),단위 업무 품질 기준
24,환경·에너지·안전,240212,소음진동방지엔지니어,240212_L2,소음진동방지엔지니어 초급 실무 및 정형 과업 수행,2,Knowledge(지식),데이터 검증 기법
24,환경·에너지·안전,240212,소음진동방지엔지니어,240212_L2,소음진동방지엔지니어 초급 실무 및 정형 과업 수행,2,Skill(기술/도구),실무 도구/SW 조작
24,환경·에너지·안전,240212,소음진동방지엔지니어,240212_L2,소음진동방지엔지니어 초급 실무 및 정형 과업 수행,2,Skill(기술/도구),데이터 정제 및 가공
24,환경·에너지·안전,240212,소음진동방지엔지니어,240212_L2,소음진동방지엔지니어 초급 실무 및 정형 과업 수행,2,Skill(기술/도구),단위 결과물 산출
24,환경·에너지·안전,240212,소음진동방지엔지니어,240212_L2,소음진동방지엔지니어 초급 실무 및 정형 과업 수행,2,Attitude(태도),정확성과 꼼꼼함
24,환경·에너지·안전,240212,소음진동방지엔지니어,240212_L2,소음진동방지엔지니어 초급 실무 및 정형 과업 수행,2,Attitude(태도),기한 준수 책임감
24,환경·에너지·안전,240212,소음진동방지엔지니어,240212_L3,소음진동방지엔지니어 중급 독립 실무 및 문제해결 엔지니어링,3,Knowledge(지식),심화 모델링/설계 이론
24,환경·에너지·안전,240212,소음진동방지엔지니어,240212_L3,소음진동방지엔지니어 중급 독립 실무 및 문제해결 엔지니어링,3,Knowledge(지식),성능 지표(KPI) 분석법
24,환경·에너지·안전,240212,소음진동방지엔지니어,240212_L3,소음진동방지엔지니어 중급 독립 실무 및 문제해결 엔지니어링,3,Knowledge(지식),이슈 해결 방법론
24,환경·에너지·안전,240212,소음진동방지엔지니어,240212_L3,소음진동방지엔지니어 중급 독립 실무 및 문제해결 엔지니어링,3,Skill(기술/도구),고급 도구/코드/기기 활용
24,환경·에너지·안전,240212,소음진동방지엔지니어,240212_L3,소음진동방지엔지니어 중급 독립 실무 및 문제해결 엔지니어링,3,Skill(기술/도구),원인 분석 및 조치
24,환경·에너지·안전,240212,소음진동방지엔지니어,240212_L3,소음진동방지엔지니어 중급 독립 실무 및 문제해결 엔지니어링,3,Skill(기술/도구),성과 분석 리포팅
24,환경·에너지·안전,240212,소음진동방지엔지니어,240212_L3,소음진동방지엔지니어 중급 독립 실무 및 문제해결 엔지니어링,3,Attitude(태도),분석적 사고력
24,환경·에너지·안전,240212,소음진동방지엔지니어,240212_L3,소음진동방지엔지니어 중급 독립 실무 및 문제해결 엔지니어링,3,Attitude(태도),타 부서와의 원활한 협업 소통
24,환경·에너지·안전,240212,소음진동방지엔지니어,240212_L4,소음진동방지엔지니어 고급 전문화 및 프로젝트/팀 리딩,4,Knowledge(지식),신기술 융합 아키텍처
24,환경·에너지·안전,240212,소음진동방지엔지니어,240212_L4,소음진동방지엔지니어 고급 전문화 및 프로젝트/팀 리딩,4,Knowledge(지식),프로젝트 관리론(PMBOK/Agile)
24,환경·에너지·안전,240212,소음진동방지엔지니어,240212_L4,소음진동방지엔지니어 고급 전문화 및 프로젝트/팀 리딩,4,Knowledge(지식),품질보증(QA) 거버넌스
24,환경·에너지·안전,240212,소음진동방지엔지니어,240212_L4,소음진동방지엔지니어 고급 전문화 및 프로젝트/팀 리딩,4,Skill(기술/도구),전체 시스템 아키텍처 설계
24,환경·에너지·안전,240212,소음진동방지엔지니어,240212_L4,소음진동방지엔지니어 고급 전문화 및 프로젝트/팀 리딩,4,Skill(기술/도구),애자일 스프린트 리딩
24,환경·에너지·안전,240212,소음진동방지엔지니어,240212_L4,소음진동방지엔지니어 고급 전문화 및 프로젝트/팀 리딩,4,Skill(기술/도구),신기술 PoC 검증
24,환경·에너지·안전,240212,소음진동방지엔지니어,240212_L4,소음진동방지엔지니어 고급 전문화 및 프로젝트/팀 리딩,4,Attitude(태도),혁신 지향 리더십
24,환경·에너지·안전,240212,소음진동방지엔지니어,240212_L4,소음진동방지엔지니어 고급 전문화 및 프로젝트/팀 리딩,4,Attitude(태도),동료 성장 멘토링 마인드
24,환경·에너지·안전,240212,소음진동방지엔지니어,240212_L5,소음진동방지엔지니어 전략 기획 및 전사 거버넌스 총괄,5,Knowledge(지식),경영 전략 및 자본 예산 배분
24,환경·에너지·안전,240212,소음진동방지엔지니어,240212_L5,소음진동방지엔지니어 전략 기획 및 전사 거버넌스 총괄,5,Knowledge(지식),국내외 규제 컴플라이언스
24,환경·에너지·안전,240212,소음진동방지엔지니어,240212_L5,소음진동방지엔지니어 전략 기획 및 전사 거버넌스 총괄,5,Knowledge(지식),엔터프라이즈 거버넌스
24,환경·에너지·안전,240212,소음진동방지엔지니어,240212_L5,소음진동방지엔지니어 전략 기획 및 전사 거버넌스 총괄,5,Skill(기술/도구),전사 로드맵 수립
24,환경·에너지·안전,240212,소음진동방지엔지니어,240212_L5,소음진동방지엔지니어 전략 기획 및 전사 거버넌스 총괄,5,Skill(기술/도구),투자 대비 성과(ROI) 모델링
24,환경·에너지·안전,240212,소음진동방지엔지니어,240212_L5,소음진동방지엔지니어 전략 기획 및 전사 거버넌스 총괄,5,Skill(기술/도구),최고 의사결정 전략 제언
24,환경·에너지·안전,240212,소음진동방지엔지니어,240212_L5,소음진동방지엔지니어 전략 기획 및 전사 거버넌스 총괄,5,Attitude(태도),거시적 통찰력
24,환경·에너지·안전,240212,소음진동방지엔지니어,240212_L5,소음진동방지엔지니어 전략 기획 및 전사 거버넌스 총괄,5,Attitude(태도),전략적 윤리 리더십
